NP,CLAVE,NOMBRE
1,6011500001,ESPECIALIDAD EN CIENCIAS DE LA EDUCACIÓN
2,6011500002,ESPECIALIDAD EN EDUCACIÓN
3,6012000001,ESPECIALIDAD EN HABILIDADES DOCENTES
4,6011100002,ESPECIALIDAD EN DESARROLLO DE HABILIDADES DOCENTES
5,6011100003,ESPECIALIDAD EN DIDÁCTICA
6,6011100004,ESPECIALIDAD EN DISEÑO CURRICULAR
7,6011100005,ESPECIALIDAD EN DISEÑO DE EXPERIENCIAS DE APRENDIZAJE
8,6011100006,ESPECIALIDAD EN ENSEÑANZA Y APRENDIZAJES ESCOLARES
9,6011100007,ESPECIALIDAD EN ESTRATEGIAS DE APRENDIZAJE
10,6011100008,ESPECIALIDAD EN ESTRATEGIAS DIDÁCTICAS
11,6011100009,ESPECIALIDAD EN METODOLOGÍA DE LA ENSEÑANZA
12,6012604010,ESPECIALIDAD EN METODOLOGÍA DE LA ENSEÑANZA DE LAS MATEMÁTICAS
13,6011100011,ESPECIALIDAD EN PEDAGOGÍA MONTESSORI
14,6011100012,ESPECIALIDAD EN PEDAGOGÍA SISTEMÁTICA
15,6011200004,ESPECIALIDAD EN CALIDAD EDUCATIVA
16,6011500005,ESPECIALIDAD EN EDUCACIÓN BASADA EN COMPETENCIAS
17,6011200005,ESPECIALIDAD EN INVESTIGACIÓN EDUCATIVA
18,6011200006,ESPECIALIDAD EN METODOLOGÍA PARA LA INVESTIGACIÓN EDUCATIVA
19,6011200007,ESPECIALIDAD EN PLANEACIÓN EDUCATIVA
20,6011200008,ESPECIALIDAD EN POLÍTICA Y GESTIÓN EDUCATIVA
21,6011300001,ESPECIALIDAD EN ORIENTACIÓN EDUCATIVA
22,6011300002,ESPECIALIDAD EN ORIENTACIÓN PSICOPEDAGÓGICA
23,6011400001,ESPECIALIDAD EN EDUCACIÓN Y NUEVAS TECNOLOGÍAS
24,6011400002,ESPECIALIDAD EN TECNOLOGÍA EDUCATIVA
25,6011400003,ESPECIALIDAD EN TECNOLOGÍAS INFORMÁTICAS APLICADAS A LA EDUCACIÓN
26,6012000012,ESPECIALIDAD EN DOCENCIA
27,6012000013,ESPECIALIDAD EN FORMACIÓN DOCENTE
28,6012500001,ESPECIALIDAD EN FORMACIÓN DOCENTE EN LA EDUCACIÓN NORMAL
29,6012300001,ESPECIALIDAD EN ENSEÑANZA DE LA EDUCACIÓN BÁSICA
30,6012604002,ESPECIALIDAD EN DIDÁCTICA DE LAS MATEMÁTICAS
31,6012500003,ESPECIALIDAD EN DOCENCIA SUPERIOR
32,6012500004,ESPECIALIDAD EN DOCENCIA UNIVERSITARIA
33,6011000002,ESPECIALIDAD EN EDUCACIÓN HUMANISTA
34,6012500005,ESPECIALIDAD EN EDUCACIÓN SUPERIOR
35,6012500006,ESPECIALIDAD EN ENSEÑANZA UNIVERSITARIA
36,6012602001,ESPECIALIDAD EN EDUCACIÓN ARTÍSTICA
37,6021100001,ESPECIALIDAD EN APRECIACIÓN DE LAS ARTES
38,6021000001,ESPECIALIDAD EN HISTORIA DEL ARTE
39,6021100002,ESPECIALIDAD EN RESTAURACIÓN DE SITIOS Y MONUMENTOS
40,6021400001,ESPECIALIDAD EN ANIMACIÓN Y POSTPRODUCCIÓN DIGITAL
41,6021500001,ESPECIALIDAD EN ANIMACIÓN Y DISEÑO DIGITAL
42,6021500002,ESPECIALIDAD EN COMUNICACIÓN GRÁFICA
43,6021500003,ESPECIALIDAD EN COMUNICACIÓN VISUAL
44,6021600001,ESPECIALIDAD EN DISEÑO DE ESPACIOS COMERCIALES
45,6021500004,ESPECIALIDAD EN DISEÑO DIGITAL
46,6021500005,ESPECIALIDAD EN DISEÑO EDITORIAL
47,6021500006,ESPECIALIDAD EN DISEÑO PUBLICITARIO
48,6021400003,ESPECIALIDAD EN ILUSTRACIÓN
49,6021400004,ESPECIALIDAD EN PRODUCCIÓN Y POSTPRODUCCIÓN DE ANIMACIÓN 3D
50,6021400005,ESPECIALIDAD EN VISUALIZACIÓN CREATIVA
51,6021500011,ESPECIALIDAD EN DISEÑO
52,6021600002,ESPECIALIDAD EN DISEÑO DEL CALZADO
53,6021600003,ESPECIALIDAD EN DISEÑO DE INTERIORES
54,6021600004,ESPECIALIDAD EN DISEÑO DEL MUEBLE
55,6021600005,ESPECIALIDAD EN DISEÑO TEXTIL
56,6022200001,ESPECIALIDAD EN TRADUCCIÓN E INTERPRETACIÓN
57,6022100001,ESPECIALIDAD EN TEOLOGÍA ESPIRITUAL
58,6012604005,ESPECIALIDAD EN ENSEÑANZA DEL ESPAÑOL
59,6012603010,ESPECIALIDAD EN LA ENSEÑANZA DEL ALEMÁN COMO LENGUA EXTRANJERA
60,6022200003,ESPECIALIDAD EN TRADUCCIÓN TÉCNICA
61,6012604006,ESPECIALIDAD EN LA ENSEÑANZA DE LA LENGUA Y LA LITERATURA
62,6022400001,ESPECIALIDAD EN LINGÜÍSTICA APLICADA A LA ADQUISICIÓN DE UNA PRIMERA
63,6022300001,ESPECIALIDAD EN LITERATURA INGLESA Y NORTEAMERICANA
64,6022300002,ESPECIALIDAD EN LITERATURA MEXICANA DEL SIGLO XX
65,6022500001,ESPECIALIDAD EN HISTORIA ANTIGUA DE LA HUASTECA
66,6021000002,ESPECIALIDAD EN HISTORIA DEL ARTE MEXICANO
67,6022500002,ESPECIALIDAD EN HISTORIOGRAFÍA
68,6021100003,ESPECIALIDAD EN MUSEOGRAFÍA
69,6031200001,ESPECIALIDAD EN ANTROPOLOGÍA Y ÉTICA
70,6022600001,ESPECIALIDAD EN BIOÉTICA
71,6022600002,ESPECIALIDAD EN CONSEJERÍA EN FILOSOFÍA EXISTENCIAL
72,6022600003,ESPECIALIDAD EN VALORES
73,6042100001,ESPECIALIDAD EN DESARROLLO DEL CAPITAL HUMANO
74,6031100001,ESPECIALIDAD EN ANÁLISIS EXISTENCIAL Y LOGOTERAPIA
75,6031100002,ESPECIALIDAD EN ATENCIÓN PSICOLÓGICA A MIGRANTES
76,6031100003,ESPECIALIDAD EN COACH EN PROGRAMACIÓN NEUROLINGÜÍSTICA
77,6031100004,ESPECIALIDAD EN DESARROLLO GRUPAL
78,6031100007,ESPECIALIDAD EN ENFOQUE GESTALT
79,6031100008,ESPECIALIDAD EN INSTRUMENTOS DE EVALUACIÓN DIAGNOSTICA
80,6031500001,ESPECIALIDAD EN POSGRADO EN ASESORÍA Y ORIENTACIÓN FAMILIAR
81,6031100009,ESPECIALIDAD EN PSICOANÁLISIS
82,6031100010,ESPECIALIDAD EN PSICOLOGÍA
83,6031100011,ESPECIALIDAD EN PSICOLOGÍA CLÍNICA
84,6031100012,ESPECIALIDAD EN PSICOLOGÍA COMUNITARIA
85,6031100013,ESPECIALIDAD EN PSICOLOGÍA CRIMINAL
86,6031100014,ESPECIALIDAD EN PSICOLOGÍA DE LA SALUD
87,6031100015,ESPECIALIDAD EN PSICOLOGÍA DEL TRABAJO
88,6031100016,ESPECIALIDAD EN PSICOLOGÍA EDUCATIVA
89,6031100017,ESPECIALIDAD EN PSICOLOGÍA EN ATENCIÓN INTEGRAL DE LA SALUD
90,6031100018,ESPECIALIDAD EN PSICOTERAPIA BREVE SISTEMÁTICA
91,6031100019,ESPECIALIDAD EN PSICOTERAPIA CLÍNICA Y HOSPITALARIA
92,6031100020,ESPECIALIDAD EN PSICOTERAPIA DE PAREJA Y FAMILIA
93,6031100021,ESPECIALIDAD EN PSICOTERAPIA ERICKSONIANA
94,6031100022,ESPECIALIDAD EN PSICOTERAPIA FAMILIAR
95,6031100023,ESPECIALIDAD EN PSICOTERAPIA GESTALT
96,6031100024,ESPECIALIDAD EN PSICOTERAPIA PARA NIÑOS Y ADOLESCENTES
97,6031100025,ESPECIALIDAD EN PSICOTERAPIA PARA NIÑOS Y ADOLESCENTES CON ENFOQUE GESTALT
98,6031100026,ESPECIALIDAD EN PSICOTERAPIA PSICOANALÍTICA
99,6031100027,ESPECIALIDAD EN SENSIBILIZACIÓN Y MANEJO DE GRUPOS EN LA EDUCACIÓN SEXUAL
100,6031100028,ESPECIALIDAD EN SEXOLOGÍA CLÍNICA
101,6031100029,ESPECIALIDAD EN SEXOLOGÍA EDUCATIVA
102,6031100030,ESPECIALIDAD EN SEXOLOGÍA EDUCATIVA HUMANISTA
103,6031100031,ESPECIALIDAD EN TERAPIA DE FAMILIA Y DE PAREJA
104,6031100032,ESPECIALIDAD EN TERAPIA DE FAMILIA Y TERAPIA BREVE
105,6031100033,ESPECIALIDAD EN TERAPIA FAMILIAR
106,6031100034,ESPECIALIDAD EN TERAPIA PSICOSEXUAL
107,6031100035,ESPECIALIDAD EN TERAPIAS PSICOSOCIALES
108,6031200002,ESPECIALIDAD EN CIENCIAS ANTROPOLÓGICAS
109,6031200003,ESPECIALIDAD EN CIENCIAS EN DESARROLLO RURAL
110,6031000001,ESPECIALIDAD EN DESARROLLO HUMANO
111,6031100066,ESPECIALIDAD EN ENFOQUE CENTRADO EN LA PERSONA
112,6031200004,ESPECIALIDAD EN ESTUDIOS DE GENERO
113,6011100024,ESPECIALIDAD EN ESTUDIOS DE GENERO EN EDUCACIÓN
114,6011100025,ESPECIALIDAD EN ESTUDIOS DE GENERO Y EDUCACIÓN
115,6031200005,ESPECIALIDAD EN ESTUDIOS DE LA MUJER
116,6031100067,ESPECIALIDAD EN ORIENTACIÓN Y DESARROLLO HUMANO
117,6031200006,ESPECIALIDAD EN PROCESOS CULTURALES LECTO-ESCRITORES
118,6042100004,ESPECIALIDAD EN PROSPECTIVA
119,6031200007,ESPECIALIDAD EN SOCIOLOGÍA DE LA EDUCACIÓN SUPERIOR
120,6031300003,ESPECIALIDAD EN ANÁLISIS POLÍTICO
121,6031300004,ESPECIALIDAD EN CIENCIAS POLÍTICAS
122,6032100001,ESPECIALIDAD EN COMUNICACIÓN SOCIAL Y POLÍTICA
123,6033100002,ESPECIALIDAD EN DERECHOS HUMANOS
124,6031300005,ESPECIALIDAD EN ESTUDIOS DIPLOMÁTICOS
125,6031300007,"ESPECIALIDAD EN POLÍTICA EXTERIOR, DIPLOMACIA Y COMERCIO INTERNACIONAL"
126,6031300008,ESPECIALIDAD EN POLÍTICA Y GESTIÓN ENERGÉTICA Y MEDIO AMBIENTAL
127,6031400001,ESPECIALIDAD EN ECONOMÍA FINANCIERA
128,6031500006,ESPECIALIDAD EN ADICCIONES
129,6031500007,ESPECIALIDAD EN EDUCACIÓN PERINATAL
130,6031500008,ESPECIALIDAD EN EDUCADOR DE LA CALLE
131,6011100026,ESPECIALIDAD EN GENERO EN EDUCACIÓN
132,6031500009,ESPECIALIDAD EN GERONTOLOGÍA
133,6031500010,ESPECIALIDAD EN POSGRADO EN INTERVENCIÓN ECOSISTÉMICA EN VIOLENCIA FAMILIAR
134,6031500011,ESPECIALIDAD EN PREVENCIÓN DE ADICCIONES
135,6031500012,ESPECIALIDAD EN PROBLEMAS DE FARMACODEPENDENCIA
136,6031500013,ESPECIALIDAD EN TRABAJO SOCIAL EN MODELOS DE INTERVENCIÓN CON ADULTOS MAYORES
137,6031500014,ESPECIALIDAD EN TRABAJO SOCIAL EN MODELOS DE INTERVENCIÓN CON JÓVENES
138,6031500015,ESPECIALIDAD EN TRABAJO SOCIAL EN MODELOS DE INTERVENCIÓN CON MUJERES
139,6032100003,ESPECIALIDAD EN COMUNICACIÓN INTERPERSONAL
140,6032100004,ESPECIALIDAD EN COMUNICACIÓN ORGANIZACIONAL
141,6032100005,ESPECIALIDAD EN COMUNICACIÓN ORGANIZACIONAL Y RELACIONES PÚBLICAS
142,6042000001,ESPECIALIDAD EN ADMINISTRACIÓN
143,6041100001,ESPECIALIDAD EN NEGOCIOS
144,6041200002,ESPECIALIDAD EN COMERCIALIZACIÓN ESTRATÉGICA
145,6041100003,ESPECIALIDAD EN COMERCIO ELECTRÓNICO
146,6041100005,ESPECIALIDAD EN COMERCIO EXTERIOR Y ADUANAS
147,6041100006,ESPECIALIDAD EN COMERCIO INTERNACIONAL
148,6041100007,ESPECIALIDAD EN COMERCIO Y FINANZAS INTERNACIONALES
149,6041100008,ESPECIALIDAD EN CONSULTOR EN NEGOCIOS
150,6041200003,ESPECIALIDAD EN DIRECCIÓN ESTRATÉGICA DE MARCAS
151,6041100010,ESPECIALIDAD EN EMPRESAS Y NEGOCIOS
152,6033100004,ESPECIALIDAD EN ESTRUCTURA JURÍDICO ECONÓMICA DE LA INVERSIÓN EXTRANJERA
153,6041100011,ESPECIALIDAD EN NEGOCIOS AGROPECUARIOS
154,6041100012,ESPECIALIDAD EN NEGOCIOS INTERNACIONALES
155,6041100013,ESPECIALIDAD EN PERICIA Y VALUACIÓN DE BIENES RURALES
156,6042100008,ESPECIALIDAD EN PLANEACIÓN ESTRATÉGICA
157,6042100009,ESPECIALIDAD EN PLANEACIÓN ESTRATÉGICA DE NEGOCIOS
158,6041100014,ESPECIALIDAD EN VALUACIÓN
159,6041100015,ESPECIALIDAD EN VALUACIÓN CON ORIENTACIÓN EN INMUEBLES
160,6041100016,ESPECIALIDAD EN VALUACIÓN CON ORIENTACIÓN EN INMUEBLES AGROPECUARIOS
161,6041100017,ESPECIALIDAD EN VALUACIÓN CON ORIENTACIÓN EN MAQUINARIA Y EQUIPO
162,6041100018,ESPECIALIDAD EN VALUACIÓN DE BIENES INMUEBLES
163,6041100019,ESPECIALIDAD EN VALUACIÓN INMOBILIARIA
164,6041100020,ESPECIALIDAD LA PERICIA Y LA VALUACIÓN DE BIENES MUEBLES
165,6041200006,ESPECIALIDAD EN ALTA DIRECCIÓN DE MERCADOTECNIA
166,6041200007,ESPECIALIDAD EN CREATIVIDAD Y ESTRATEGIAS PUBLICITARIAS
167,6041200008,ESPECIALIDAD EN INVESTIGACIÓN DE MERCADOS
168,6041200010,ESPECIALIDAD EN MERCADOTECNIA
169,6041200011,ESPECIALIDAD EN MERCADOTECNIA ESTRATÉGICA
170,6041200012,ESPECIALIDAD EN MERCADOTECNIA INTERNACIONAL
171,6041200013,ESPECIALIDAD EN MERCADOTECNIA RADICAL
172,6041200014,ESPECIALIDAD EN MERCADOTECNIA Y PUBLICIDAD
173,6041200015,ESPECIALIDAD EN MERCAELECTRÓNICA
174,6041200016,ESPECIALIDAD EN PUBLICIDAD
175,6041200017,ESPECIALIDAD EN PUBLICIDAD EN MEDIOS INTERACTIVOS
176,6041200018,ESPECIALIDAD EN PUBLICIDAD ESTRATÉGICA
177,6041200019,ESPECIALIDAD EN RELACIONES PÚBLICAS
178,6041300002,ESPECIALIDAD EN ADMINISTRACIÓN FINANCIERA
179,6041300003,ESPECIALIDAD EN DIRECCIÓN FINANCIERA
180,6041300004,ESPECIALIDAD EN FINANZAS
181,6041300006,ESPECIALIDAD EN FINANZAS CORPORATIVAS
182,6041300007,ESPECIALIDAD EN FINANZAS CORPORATIVAS Y BURSÁTILES
183,6041300008,ESPECIALIDAD EN FINANZAS EN ALTA DIRECCIÓN
184,6041300009,ESPECIALIDAD EN FINANZAS PÚBLICAS
185,6041300011,ESPECIALIDAD EN PROYECTOS DE INVERSIÓN
186,6041400001,ESPECIALIDAD EN ADMINISTRACIÓN FISCAL
187,6041400002,ESPECIALIDAD EN ADMINISTRACIÓN TRIBUTARIA
188,6041400004,ESPECIALIDAD EN AUDITORÍA FINANCIERA
189,6041400005,ESPECIALIDAD EN AUDITORÍA Y FINANZAS
190,6041400006,ESPECIALIDAD EN CONTADURÍA Y NORMAS DE INFORMACIÓN FINANCIERA
191,6041400007,ESPECIALIDAD EN CONTRIBUCIONES FISCALES
192,6041400008,ESPECIALIDAD EN ESTRATEGIAS FISCALES
193,6041400009,ESPECIALIDAD EN FISCAL
194,6041400010,ESPECIALIDAD EN IMPUESTOS
195,6041400011,ESPECIALIDAD EN IMPUESTOS INTERNACIONALES
196,6041400012,ESPECIALIDAD EN MATERIA TRIBUTARIA
197,6041400013,ESPECIALIDAD EN OBLIGACIONES TRIBUTARIAS
198,6041400014,ESPECIALIDAD EN PLANEACIÓN FISCAL
199,6042500003,ESPECIALIDAD EN ADMINISTRACIÓN DE INSTITUCIONES EDUCATIVAS
200,6011200016,ESPECIALIDAD EN ADMINISTRACIÓN EDUCATIVA
201,6042500004,ESPECIALIDAD EN ADMINISTRACIÓN ESCOLAR
202,6042500006,ESPECIALIDAD EN GESTIÓN DE INSTITUCIONES EDUCATIVAS
203,6011200017,ESPECIALIDAD EN GESTIÓN EDUCATIVA
204,6042500007,ESPECIALIDAD EN GESTIÓN ESCOLAR
205,6042100011,ESPECIALIDAD EN ADMINISTRACIÓN DE EMPRESAS PEQUEÑAS Y MEDIANAS
206,6042100013,ESPECIALIDAD EN ADMINISTRACIÓN DE LA PEQUEÑA Y MEDIANA EMPRESA
207,6042100014,ESPECIALIDAD EN ADMINISTRACIÓN DE NEGOCIOS
208,6042100015,ESPECIALIDAD EN ADMINISTRACIÓN DE PEQUEÑAS EMPRESAS
209,6042100016,ESPECIALIDAD EN ADMINISTRACIÓN DE PROYECTOS
210,6042100017,ESPECIALIDAD EN ADMINISTRACIÓN DE RECURSOS HUMANOS
211,6041300020,ESPECIALIDAD EN ADMINISTRACIÓN DE RIESGOS
212,6041300021,ESPECIALIDAD EN ADMINISTRACIÓN DE RIESGOS FINANCIEROS
213,6041100044,ESPECIALIDAD EN ADMINISTRACIÓN DEL COMERCIO EXTERIOR
214,6042400001,ESPECIALIDAD EN ADMINISTRACIÓN Y CONTROL DE CALIDAD
215,6042100019,ESPECIALIDAD EN ADMINISTRACIÓN Y EVALUACIÓN DE PROYECTOS
216,6042100020,"ESPECIALIDAD EN ADMINISTRACIÓN, CAPACITACIÓN Y DESARROLLO DE RECURSOS HUMANOS"
217,6042100021,ESPECIALIDAD EN ALTA DIRECCIÓN
218,6042100022,ESPECIALIDAD EN ASEGURAMIENTO DE LA CALIDAD
219,6042100023,ESPECIALIDAD EN CREACIÓN DE MICROEMPRESAS
220,6042100024,ESPECIALIDAD EN DESARROLLO ORGANIZACIONAL
221,6042100026,ESPECIALIDAD EN DIRECCIÓN
222,6042100027,ESPECIALIDAD EN DIRECCIÓN DE RECURSOS HUMANOS
223,6042100028,ESPECIALIDAD EN DIRECCIÓN DE SISTEMAS DE CALIDAD
224,6042100029,ESPECIALIDAD EN DIRECCIÓN EMPRESARIAL
225,6042100030,ESPECIALIDAD EN DIRECCIÓN Y ADMINISTRACIÓN DEL CAPITAL HUMANO
226,6042100031,ESPECIALIDAD EN FACTOR HUMANO
227,6042100032,ESPECIALIDAD EN GERENCIA DE PROYECTOS
228,6042100033,ESPECIALIDAD EN GERENCIA INTERNACIONAL
229,6042100034,ESPECIALIDAD EN GESTIÓN DE LA CALIDAD
230,6042100035,ESPECIALIDAD EN GESTIÓN DE LA CALIDAD TOTAL
231,6042100036,ESPECIALIDAD EN GESTIÓN DE RECURSOS HUMANOS
232,6042100037,ESPECIALIDAD EN GESTIÓN DEL CAMBIO E INNOVACIÓN
233,6042100038,ESPECIALIDAD EN GESTIÓN DEL CAPITAL HUMANO
234,6042100039,ESPECIALIDAD EN GESTIÓN EMPRESARIAL
235,6042100040,ESPECIALIDAD EN GESTIÓN Y DESARROLLO DE RECURSOS HUMANOS
236,6101600003,ESPECIALIDAD EN GRUPOS Y CONVENCIONES
237,6042100041,ESPECIALIDAD EN HABILIDADES DIRECTIVAS
238,6042100042,ESPECIALIDAD EN ISO 14001
239,6042100043,ESPECIALIDAD EN LIDERAZGO Y DESARROLLO EJECUTIVO
240,6042100045,ESPECIALIDAD EN PERFECCIONAMIENTO DE COMPETENCIAS GERENCIALES
241,6042100046,ESPECIALIDAD EN RECURSOS HUMANOS
242,6042100047,ESPECIALIDAD EN RELACIONES LABORALES
243,6042300002,ESPECIALIDAD EN ADMINISTRACIÓN PÚBLICA
244,6042300003,ESPECIALIDAD EN ADMINISTRACIÓN PÚBLICA ESTATAL Y MUNICIPAL
245,6042300004,ESPECIALIDAD EN GERENCIA PÚBLICA EN POLÍTICA SOCIAL
246,6042300005,ESPECIALIDAD EN GOBIERNO Y ADMINISTRACIÓN PÚBLICA
247,6042400004,ESPECIALIDAD EN ADMINISTRACIÓN DE LA TECNOLOGÍA
248,6042400005,ESPECIALIDAD EN ADMINISTRACIÓN DE LA CONSTRUCCIÓN
249,6042400006,ESPECIALIDAD EN ADMINISTRACIÓN DE OBRA
250,6042400007,ESPECIALIDAD EN ADMINISTRACIÓN DE PROYECTOS Y OBRAS
251,6042400008,ESPECIALIDAD EN ADMINISTRACIÓN DE TECNOLOGÍA
252,6042400009,ESPECIALIDAD EN ADMINISTRACIÓN Y CONTROL DE OBRAS
253,6042400010,ESPECIALIDAD EN DIRECCIÓN DE OPERACIONES
254,6042400011,ESPECIALIDAD EN DIRECCIÓN RESPONSABLE DE OBRA
255,6041300022,ESPECIALIDAD EN INGENIERÍA FINANCIERA
256,6042400012,ESPECIALIDAD EN INGENIERÍA Y GESTIÓN DE PROYECTOS
257,6042100073,ESPECIALIDAD EN PLANEACIÓN Y CONTROL DE MEDIOS
258,6042500012,ESPECIALIDAD EN ADMINISTRACIÓN AGROPECUARIA
259,6042500013,ESPECIALIDAD EN ADMINISTRACIÓN DE HOSPITALES
260,6042500014,ESPECIALIDAD EN ADMINISTRACIÓN EN SERVICIOS DE ENFERMERÍA ÁREA RECURSOS HUMANOS
261,6042500015,ESPECIALIDAD EN ADMINISTRACIÓN Y DOCENCIA DE ENFERMERÍA
262,6042500016,ESPECIALIDAD EN EL ÁREA DE ADMINISTRACIÓN Y DOCENCIA EN ENFERMERÍA
263,6042200002,ESPECIALIDAD EN ADMINISTRACIÓN EN EMPRESAS TURÍSTICAS
264,6042200003,ESPECIALIDAD EN ADMINISTRACIÓN HOTELERA
265,6042200004,ESPECIALIDAD EN DIRECCIÓN DE ORGANIZACIONES TURÍSTICAS
266,6042200005,ESPECIALIDAD EN RECREACIÓN LABORAL
267,6101600005,ESPECIALIDAD EN RECREACIÓN TURÍSTICA
268,6072100001,ESPECIALIDAD EN ALIMENTACIÓN MASIVA
269,6101500001,ESPECIALIDAD EN ARTES CULINARIAS Y TENDENCIAS EUROPEAS
270,6101500002,ESPECIALIDAD EN GASTRONOMÍA
271,6101500003,ESPECIALIDAD EN INNOVACIÓN TECNOLÓGICA EN LA INDUSTRIA GASTRONÓMICA
272,6101500004,ESPECIALIDAD EN SOMMELIER
273,6033100005,ESPECIALIDAD DEL SISTEMA ACUSATORIO ADVERSARIAL (JUICIOS ORALES)
274,6033100006,ESPECIALIDAD EN ADMINISTRACIÓN DE JUSTICIA
275,6033100007,ESPECIALIDAD EN ADMINISTRACIÓN Y PROCURACIÓN DE JUSTICIA
276,6033100008,ESPECIALIDAD EN AMPARO
277,6033100009,ESPECIALIDAD EN CIENCIAS PENALES
278,6033100010,ESPECIALIDAD EN DERECHO
279,6033100011,ESPECIALIDAD EN DERECHO ADMINISTRATIVO
280,6033100012,ESPECIALIDAD EN DERECHO CIVIL
281,6033100013,ESPECIALIDAD EN DERECHO CIVIL Y MERCANTIL
282,6033100014,ESPECIALIDAD EN DERECHO CONSTITUCIONAL Y ADMINISTRATIVO
283,6033100015,ESPECIALIDAD EN DERECHO CONSTITUCIONAL Y AMPARO
284,6033100017,ESPECIALIDAD EN DERECHO CORPORATIVO
285,6033100018,ESPECIALIDAD EN DERECHO CORPORATIVO INTERNACIONAL
286,6033100019,ESPECIALIDAD EN DERECHO DE AMPARO
287,6033100020,ESPECIALIDAD EN DERECHO DE EMPRESA
288,6033100021,ESPECIALIDAD EN DERECHO DE LA PROPIEDAD INDUSTRIAL E INTELECTUAL
289,6033100022,ESPECIALIDAD EN DERECHO DE LA PROPIEDAD INTELECTUAL
290,6033100023,ESPECIALIDAD EN DERECHO DEL TRABAJO
291,6033100024,ESPECIALIDAD EN DERECHO FAMILIAR
292,6033100025,ESPECIALIDAD EN DERECHO FINANCIERO
293,6033100026,ESPECIALIDAD EN DERECHO FISCAL
294,6033100027,ESPECIALIDAD EN DERECHO INTERNACIONAL
295,6033100028,ESPECIALIDAD EN DERECHO LABORAL
296,6033100029,ESPECIALIDAD EN DERECHO MERCANTIL
297,6033100030,ESPECIALIDAD EN DERECHO NOTARIAL
298,6033100031,ESPECIALIDAD EN DERECHO PENAL
299,6033100032,ESPECIALIDAD EN DERECHO PENAL SUSTANTIVO
300,6033100033,ESPECIALIDAD EN DERECHO PENAL Y CRIMINOLOGÍA
301,6033100034,ESPECIALIDAD EN DERECHO PRIVADO
302,6033100035,ESPECIALIDAD EN DERECHO PROCESAL
303,6033100036,ESPECIALIDAD EN DERECHO PROCESAL ELECTORAL
304,6033100037,ESPECIALIDAD EN DERECHO PROCESAL PENAL
305,6033100038,"ESPECIALIDAD EN DERECHO PROCESAL, CIVIL Y MERCANTIL"
306,6033100039,ESPECIALIDAD EN DERECHO PÚBLICO
307,6033100040,ESPECIALIDAD EN DERECHO TRIBUTARIO
308,6033100041,ESPECIALIDAD EN DERECHO Y PSICOLOGÍA DE LA FAMILIA
309,6033100042,ESPECIALIDAD EN EL SISTEMA DE JUSTICIA PARA ADOLESCENTES
310,6033200001,ESPECIALIDAD EN GRAFOSCOPÍA
311,6033200002,"ESPECIALIDAD EN GRAFOSCOPÍA, DOCUMENTOSCOPÍA Y DACTILOSCOPIA"
312,6033100043,ESPECIALIDAD EN IMPARTICIÓN Y ADMINISTRACIÓN DE JUSTICIA
313,6033100044,ESPECIALIDAD EN INSTITUCIONES DE DERECHO ADMINISTRATIVO
314,6033100045,ESPECIALIDAD EN INSTITUCIONES DE DERECHO FINANCIERO
315,6033100046,ESPECIALIDAD EN INSTITUCIONES DE DERECHO MERCANTIL
316,6033100047,ESPECIALIDAD EN NOTARIA PÚBLICA
317,6033100048,ESPECIALIDAD EN PREVENCIÓN DEL DELITO Y DERECHOS HUMANOS
318,6033100049,ESPECIALIDAD EN PROCURACIÓN DE JUSTICIA
319,6033100050,ESPECIALIDAD EN RELACIONES JURÍDICO LABORALES
320,6033100051,ESPECIALIDAD EN SISTEMA ACUSATORIO ADVERSARIAL
321,6033100052,ESPECIALIDAD EN SISTEMA INTEGRAL DE JUSTICIA PARA ADOLESCENTES
322,6033100053,ESPECIALIDAD EN SISTEMAS PENITENCIARIOS Y MENORES INFRACTORES
323,6033100054,PROGRAMA ÚNICO DE ESPECIALIDADES EN DERECHO
324,6033200003,ESPECIALIDAD EN CRIMINALÍSTICA
325,6033200004,ESPECIALIDAD EN CRIMINOLOGÍA
326,6091319004,ESPECIALIDAD EN ALERGIA E INMUNOLOGÍA CLÍNICA PEDIÁTRICA
327,6051100001,ESPECIALIDAD EN BIOLOGÍA DE LA REPRODUCCIÓN HUMANA
328,6095300001,ESPECIALIDAD EN BIOQUÍMICA CLÍNICA
329,6095300002,ESPECIALIDAD EN CLÍNICA QUÍMICA
330,6051100002,ESPECIALIDAD EN GENÉTICA
331,6051300001,"ESPECIALIDAD EN CIENCIAS DEL AMBIENTE, GESTIÓN Y SUSTENTABILIDAD"
332,6071600001,ESPECIALIDAD EN DESARROLLO SUSTENTABLE
333,6051300002,ESPECIALIDAD EN DIAGNÓSTICO Y GESTIÓN AMBIENTAL
334,6051300003,ESPECIALIDAD EN ECOTECNOLOGÍA PARA EL DESARROLLO SUSTENTABLE
335,6051300004,ESPECIALIDAD EN EVALUACIÓN DE IMPACTO AMBIENTAL
336,6051300005,ESPECIALIDAD EN GESTIÓN AMBIENTAL
337,6052200001,ESPECIALIDAD EN INSTRUMENTACIÓN ANALÍTICA
338,6052200002,ESPECIALIDAD EN QUÍMICA APLICADA
339,6052300003,"ESPECIALIDAD EN CARTOGRAFÍA AUTOMATIZADA, TELEDETECCIÓN Y SISTEMAS DE INFORMACIÓN GEOGRÁFICA"
340,6052300004,ESPECIALIDAD EN GEOTECNIA
341,6053200002,ESPECIALIDAD EN ESTADÍSTICA
342,6053200003,ESPECIALIDAD EN ESTADÍSTICA APLICADA
343,6053200004,ESPECIALIDAD EN MÉTODOS ESTADÍSTICOS
344,6011400008,ESPECIALIDAD EN COMPUTACIÓN Y EDUCACIÓN
345,6062200004,ESPECIALIDAD EN INFORMÁTICA ADMINISTRATIVA
346,6061300002,ESPECIALIDAD EN INGENIERÍA DE SOFTWARE
347,6062200005,ESPECIALIDAD EN SEGURIDAD INFORMÁTICA
348,6061300003,ESPECIALIDAD EN SEGURIDAD INFORMÁTICA Y TECNOLOGÍA DE LA INFORMACIÓN
349,6061300004,ESPECIALIDAD EN SISTEMAS COMPUTACIONALES
350,6061300005,ESPECIALIDAD EN SISTEMAS DE INFORMACIÓN
351,6071500001,ESPECIALIDAD EN CONTROL DE CALIDAD
352,6071500003,ESPECIALIDAD EN CALIDAD Y PRODUCTIVIDAD
353,6071100002,ESPECIALIDAD EN INGENIERÍA MECÁNICA
354,6071300001,ESPECIALIDAD EN INGENIERÍA MECATRÓNICA
355,6071300002,ESPECIALIDAD EN MECÁNICA ELECTRÓNICA
356,6071300003,ESPECIALIDAD EN MECATRÓNICA
357,6071100003,ESPECIALIDAD EN TECNOLOGÍA DE LA SOLDADURA INDUSTRIAL
358,6071200001,ESPECIALIDAD EN INGENIERÍA TÉRMICA
359,6071200002,ESPECIALIDAD EN INSTALACIONES ELÉCTRICAS
360,6071200003,ESPECIALIDAD EN PROTECCIÓN DE SISTEMAS ELÉCTRICOS DE POTENCIA
361,6071200004,ESPECIALIDAD EN TERMOFLUIDOS
362,6071300004,ESPECIALIDAD EN AUTOMATIZACIÓN INDUSTRIAL
363,6071300005,ESPECIALIDAD EN AUTOMATIZACIÓN Y CONTROL
364,6071300006,ESPECIALIDAD EN DISEÑO DE CIRCUITOS INTEGRADOS
365,6062300001,ESPECIALIDAD EN EL USO DE TECNOLOGÍAS DE LA INFORMACIÓN Y LA COMUNICACIÓN
366,6062100003,ESPECIALIDAD EN ELECTRÓNICA Y REDES DE COMUNICACIÓN
367,6062200008,ESPECIALIDAD EN GESTIÓN INFORMÁTICA
368,6071300007,ESPECIALIDAD EN MICROSCOPÍA ELECTRÓNICA APLICADA A LAS CIENCIAS BIOLÓGICAS
369,6062100004,ESPECIALIDAD EN REDES DE COMPUTADORAS
370,6061300016,ESPECIALIDAD EN REDES DE CÓMPUTO Y SISTEMAS DISTRIBUIDOS
371,6062100005,ESPECIALIDAD EN REDES Y CONECTIVIDAD
372,6071300008,ESPECIALIDAD EN ROBÓTICA
373,6071300009,ESPECIALIDAD EN ROBÓTICA Y AUTOMATIZACIÓN
374,6061300014,ESPECIALIDAD EN SEGURIDAD DE CÓMPUTO
375,6071300010,ESPECIALIDAD EN SISTEMAS INMERSOS
376,6062200012,ESPECIALIDAD EN TECNOLOGÍAS DE INFORMACIÓN
377,6062200013,ESPECIALIDAD EN TECNOLOGÍAS DE INFORMACIÓN APLICADAS A LOS NEGOCIOS
378,6062200014,ESPECIALIDAD EN TECNOLOGÍAS DE LA INFORMACIÓN
379,6062100006,ESPECIALIDAD EN TECNOLOGÍAS DIGITALES DE LA COMUNICACIÓN
380,6062100007,ESPECIALIDAD EN TELECOMUNICACIONES
381,6062100009,ESPECIALIDAD EN TELECOMUNICACIONES Y CONTROL
382,6051200002,ESPECIALIDAD EN BIOTECNOLOGÍA
383,6051200003,ESPECIALIDAD EN BIOTECNOLOGÍA AMBIENTAL
384,6071700001,ESPECIALIDAD EN DIRECCIÓN INDUSTRIAL
385,6061300020,ESPECIALIDAD EN INGENIERÍA DE SISTEMAS
386,6072000002,ESPECIALIDAD EN MANUFACTURA ESBELTA
387,6072000003,ESPECIALIDAD EN MANUFACTURA Y LOGÍSTICA
388,6071700002,ESPECIALIDAD EN OPTIMIZACIÓN DE SISTEMAS PRODUCTIVOS
389,6042100076,ESPECIALIDAD EN PLANEACIÓN Y GESTIÓN ESTRATÉGICA
390,6071700003,ESPECIALIDAD EN SISTEMAS DE CALIDAD
391,6072000004,ESPECIALIDAD EN SISTEMAS DE MANUFACTURA
392,6072000005,ESPECIALIDAD EN SISTEMAS DE MANUFACTURA AVANZADA
393,6071700004,ESPECIALIDAD EN SISTEMAS PARA EL ASEGURAMIENTO DE LA CALIDAD
394,6072100002,ESPECIALIDAD EN TECNOLOGÍA E INOCUIDAD DE LOS ALIMENTOS
395,6072100003,ESPECIALIDAD EN VITICULTURA Y ENOLOGÍA
396,6073100003,ESPECIALIDAD EN ARQUITECTURA DEL PAISAJE
397,6073100004,ESPECIALIDAD EN CUBIERTAS LIGERAS
398,6073100005,ESPECIALIDAD EN DISEÑO ARQUITECTÓNICO
399,6073100006,ESPECIALIDAD EN DISEÑO DE ESTRUCTURAS DE CONCRETO
400,6073100007,ESPECIALIDAD EN DISEÑO URBANO
401,6073100008,ESPECIALIDAD EN RESIDENCIA EN OBRAS DE RESTAURACIÓN DE MONUMENTOS
402,6073100009,ESPECIALIDAD EN URBANISMO Y DISEÑO DE VIVIENDA URBANA
403,6073100010,ESPECIALIDAD EN URBANISMO Y VIVIENDA
404,6073100011,ESPECIALIDAD EN VIVIENDA
405,6073200002,ESPECIALIDAD EN CONSTRUCCIÓN
406,6073200003,ESPECIALIDAD EN COSTOS DE LA CONSTRUCCIÓN
407,6073200004,ESPECIALIDAD EN ECONOMÍA DE LA CONSTRUCCIÓN
408,6073200005,ESPECIALIDAD EN PUENTES
409,6041100047,ESPECIALIDAD EN VALUACIÓN CON ORIENTACIÓN EN NEGOCIOS EN MARCHA
410,6081100001,ESPECIALIDAD EN NUTRICIÓN VEGETAL
411,6081100002,ESPECIALIDAD EN PRODUCCIÓN ANIMAL
412,6081100003,ESPECIALIDAD EN PRODUCCIÓN DE OVINOS Y CAPRINOS
413,6081100004,ESPECIALIDAD EN PRODUCCIÓN OVINA
414,6081100005,ESPECIALIDAD EN PRODUCCIÓN PORCINA
415,6081100006,ESPECIALIDAD EN REPRODUCCIÓN BOVINA
416,6082100002,ESPECIALIDAD EN SANIDAD ANIMAL
417,6081200001,ESPECIALIDAD EN FLORICULTURA
418,6081200002,ESPECIALIDAD EN INGENIERÍA DE INVERNADEROS
419,6082100003,ESPECIALIDAD EN CIENCIAS DE LA PRODUCCIÓN Y DE LA SALUD ANIMAL
420,6082100004,ESPECIALIDAD EN DIAGNÓSTICO VETERINARIO
421,6082100005,ESPECIALIDAD EN MEDICINA Y CIRUGÍA EN PERROS Y GATOS
422,6082100006,ESPECIALIDAD EN MEDICINA Y CIRUGÍA VETERINARIA
423,6094300003,ESPECIALIDAD EN PODIATRÍA
424,6091319001,ESPECIALIDAD EN ALERGIA E INMUNOLOGÍA CLÍNICA
425,6091319002,ESPECIALIDAD EN ALERGIA E INMUNOLOGÍA PEDIÁTRICA
426,6091319003,ESPECIALIDAD EN ALERGIAS E INMUNOLOGÍA CLÍNICA
427,6091301001,ESPECIALIDAD EN ANESTESIA CARDIOVASCULAR
428,6091301002,ESPECIALIDAD EN ANESTESIA CARDIOVASCULAR PEDIÁTRICA
429,6091301003,ESPECIALIDAD EN ANESTESIA PEDIÁTRICA
430,6091301004,ESPECIALIDAD EN ANESTESIOLOGÍA
431,6091301005,ESPECIALIDAD EN ANESTESIOLOGÍA PEDIÁTRICA
432,6091301006,ESPECIALIDAD Y RESIDENCIA EN ANESTESIOLOGÍA
433,6091302001,ESPECIALIDAD EN ANGIOLOGÍA Y CIRUGÍA VASCULAR
434,6091303001,ESPECIALIDAD EN FONIATRÍA PEDIÁTRICA
435,6091304001,ESPECIALIDAD EN CARDIOLOGÍA
436,6091304002,ESPECIALIDAD EN CARDIOLOGÍA CLÍNICA
437,6091304003,ESPECIALIDAD EN CARDIOLOGÍA GERIÁTRICA
438,6091304004,ESPECIALIDAD EN CARDIOLOGÍA HEMODINÁMICA
439,6091304005,ESPECIALIDAD EN CARDIOLOGÍA INTERVENCIONISTA PEDIÁTRICA
440,6091304006,ESPECIALIDAD EN CARDIOLOGÍA NUCLEAR
441,6091304007,ESPECIALIDAD EN CARDIOLOGÍA PEDIÁTRICA
442,6091304008,ESPECIALIDAD EN ECOCARDIOGRAFÍA
443,6091304009,ESPECIALIDAD EN ECOCARDIOGRAFÍA PEDIÁTRICA
444,6091322001,ESPECIALIDAD EN REHABILITACIÓN CARDIACA
445,6091304010,ESPECIALIDAD Y RESIDENCIA EN CARDIOLOGÍA
446,6091305001,ESPECIALIDAD EN CIRUGÍA
447,6091305002,ESPECIALIDAD EN CIRUGÍA GENERAL
448,6091305003,ESPECIALIDAD Y RESIDENCIA EN CIRUGÍA GENERAL
449,6091306001,ESPECIALIDAD EN CIRUGÍA CARDIOTORÁCICA
450,6091306002,ESPECIALIDAD EN CIRUGÍA CARDIOTORÁCICA PEDIÁTRICA
451,6091337001,ESPECIALIDAD EN CIRUGÍA DE COLUMNA
452,6091305006,ESPECIALIDAD EN CIRUGÍA LAPAROSCOPIA
453,6091336001,ESPECIALIDAD EN CIRUGÍA ONCOLÓGICA
454,6091308001,ESPECIALIDAD EN CIRUGÍA PEDIÁTRICA
455,6091309002,ESPECIALIDAD EN CIRUGÍA PLÁSTICA Y RECONSTRUCTIVA
456,6091307001,ESPECIALIDAD EN NEUROCIRUGÍA
457,6091307002,ESPECIALIDAD EN NEUROCIRUGÍA PEDIÁTRICA
458,6091308002,ESPECIALIDAD Y RESIDENCIA EN CIRUGÍA PEDIÁTRICA
459,6091309003,ESPECIALIDAD Y RESIDENCIA EN CIRUGÍA PLÁSTICA Y RECONSTRUCTIVA
460,6091302002,ESPECIALIDAD Y RESIDENCIA EN CIRUGÍA VASCULAR
461,6091310001,ESPECIALIDAD EN DERMATOLOGÍA
462,6091310002,ESPECIALIDAD EN DERMATOLOGÍA PEDIÁTRICA
463,6091310003,ESPECIALIDAD EN RECURSOS AUXILIARES PARA EL DIAGNÓSTICO Y TRATAMIENTO EN DERMATOLOGÍA PEDIÁTRICA
464,6091310004,ESPECIALIDAD Y RESIDENCIA EN DERMATOLOGÍA
465,6091311001,ESPECIALIDAD EN ENDOCRINOLOGÍA
466,6091311002,ESPECIALIDAD EN ENDOCRINOLOGÍA CLÍNICA
467,6091311003,ESPECIALIDAD EN ENDOCRINOLOGÍA PEDIÁTRICA
468,6091342004,ESPECIALIDAD Y RESIDENCIA EN ENDOSCOPIA
469,6091342002,ESPECIALIDAD EN ENDOSCOPIA GINECOLÓGICA
470,6091313004,ESPECIALIDAD EN GASTROENTEROLOGÍA
471,6091313005,ESPECIALIDAD EN GASTROENTEROLOGÍA PEDIÁTRICA
472,6091313006,ESPECIALIDAD EN GASTROENTEROLOGÍA Y ENDOSCOPIA DIGESTIVA
473,6091313007,ESPECIALIDAD Y RESIDENCIA EN GASTROENTEROLOGÍA
474,6091314001,ESPECIALIDAD EN GENÉTICA MÉDICA
475,6091315001,ESPECIALIDAD EN GERIATRÍA
476,6091315002,ESPECIALIDAD EN GERIATRÍA CLÍNICA
477,6091315003,ESPECIALIDAD EN GERIATRÍA Y GERONTOLOGÍA
478,6091316001,ESPECIALIDAD EN GINECO-OBSTETRICIA
479,6091316002,ESPECIALIDAD EN GINECOLOGÍA Y OBSTETRICIA
480,6091316003,ESPECIALIDAD EN MEDICINA CRITICA EN OBSTETRICIA
481,6091316004,ESPECIALIDAD EN MEDICINA MATERNO-FETAL
482,6091316005,ESPECIALIDAD EN PERINATOLOGÍA
483,6091316006,ESPECIALIDAD Y RESIDENCIA EN GINECO OBSTETRICIA
484,6091317001,ESPECIALIDAD EN HEMATOLOGÍA
485,6091317002,ESPECIALIDAD EN HEMATOLOGÍA CLÍNICA
486,6091317003,ESPECIALIDAD EN HEMATOLOGÍA PEDIÁTRICA
487,6091317004,ESPECIALIDAD EN HEMATOPATOLOGÍA
488,6091317005,ESPECIALIDAD EN INMUHEMATOLOGÍA DIAGNOSTICA
489,6091317006,ESPECIALIDAD EN LABORATORIO DE HEMATOLOGÍA
490,6094300001,ESPECIALIDAD EN ACUPUNTURA HUMANA
491,6094300002,ESPECIALIDAD EN ACUPUNTURA Y FITOTERAPIA
492,6091200001,ESPECIALIDAD EN HOMEOPATÍA
493,6091200002,ESPECIALIDAD EN MEDICINA HOMEOPÁTICA
494,6091200003,ESPECIALIDAD EN TERAPÉUTICA HOMEOPÁTICA
495,6091335006,ESPECIALIDAD EN FUNCIÓN VISUAL
496,6091318001,ESPECIALIDAD EN INFECTOLOGÍA
497,6091318002,ESPECIALIDAD EN INFECTOLOGÍA PEDIÁTRICA
498,6091318003,ESPECIALIDAD EN RESIDENCIA EN INFECTOLOGÍA
499,6091321001,ESPECIALIDAD EN MEDICINA CRITICA
500,6091321002,ESPECIALIDAD EN MEDICINA CRITICA PEDIÁTRICA
501,6091323001,ESPECIALIDAD EN MEDICINA DE URGENCIAS
502,6091321003,ESPECIALIDAD EN MEDICINA DEL ENFERMO EN ESTADO CRÍTICO
503,6091321004,ESPECIALIDAD EN MEDICINA DEL ENFERMO PEDIÁTRICO EN ESTADO CRÍTICO
504,6091321005,ESPECIALIDAD EN MEDICINA DEL PACIENTE EN ESTADO CRÍTICO
505,6091100001,ESPECIALIDAD EN MEDICINA INTEGRADA
506,6091327002,ESPECIALIDAD EN MEDICINA INTERNA
507,6091323002,ESPECIALIDAD EN URGENCIAS MÉDICAS
508,6091323003,ESPECIALIDAD EN URGENCIAS MÉDICO QUIRÚRGICAS
509,6091323004,ESPECIALIDAD EN URGENCIAS PEDIÁTRICAS
510,6091321006,ESPECIALIDAD Y RESIDENCIA EN MEDICINA DEL ENFERMO CRÍTICO
511,6091327001,ESPECIALIDAD Y RESIDENCIA EN MEDICINA INTERNA
512,6091304015,ESPECIALIDAD EN FISIOLOGÍA CARDIOPULMONAR
513,6091324001,ESPECIALIDAD EN MEDICINA DE LA ACTIVIDAD FÍSICA Y EL DEPORTE
514,6091324002,ESPECIALIDAD EN MEDICINA DEL DEPORTE
515,6091320001,ESPECIALIDAD EN MEDICINA AEROESPACIAL
516,6091325001,ESPECIALIDAD EN MEDICINA DEL TRABAJO
517,6091326001,ESPECIALIDAD EN MEDICINA FAMILIAR
518,6091326002,ESPECIALIDAD EN MEDICINA FAMILIAR COMUNITARIA
519,6091328001,ESPECIALIDAD EN MEDICINA FORENSE
520,6091328002,ESPECIALIDAD EN MEDICINA LEGAL
521,6091332001,ESPECIALIDAD EN NEUMOLOGÍA
522,6091332002,ESPECIALIDAD EN NEUMOLOGÍA PEDIÁTRICA
523,6091332003,ESPECIALIDAD EN NEUMOLOGÍA Y MEDICINA CRITICA
524,6091334001,ESPECIALIDAD EN NEUROLOGÍA
525,6091334002,ESPECIALIDAD EN NEUROLOGÍA PEDIÁTRICA
526,6091335001,ESPECIALIDAD EN OFTALMOLOGÍA
527,6091335002,ESPECIALIDAD EN OFTALMOLOGÍA PEDIÁTRICA
528,6091335003,ESPECIALIDAD EN RETINA MÉDICA Y QUIRÚRGICA
529,6091335004,ESPECIALIDAD MÉDICA EN OFTALMOLOGÍA
530,6091335005,ESPECIALIDAD Y RESIDENCIA EN OFTALMOLOGÍA
531,6091336005,ESPECIALIDAD EN ONCOLOGÍA MÉDICA
532,6091336006,ESPECIALIDAD EN ONCOLOGÍA MÉDICA Y RADIOTERAPIA
533,6091336007,ESPECIALIDAD EN ONCOLOGÍA PEDIÁTRICA
534,6091336008,ESPECIALIDAD EN ONCOLOGÍA QUIRÚRGICA
535,6091337002,ESPECIALIDAD EN ORTOPEDIA
536,6091337003,ESPECIALIDAD EN ORTOPEDIA PEDIÁTRICA
537,6091337004,ESPECIALIDAD EN ORTOPEDIA Y TRAUMATOLOGÍA
538,6091337005,ESPECIALIDAD EN TRAUMATOLOGÍA Y ORTOPEDIA
539,6091337006,ESPECIALIDAD Y RESIDENCIA EN ORTOPEDIA
540,6091338001,ESPECIALIDAD EN OTORRINOLARINGOLOGÍA
541,6091338002,ESPECIALIDAD EN OTORRINOLARINGOLOGÍA PEDIÁTRICA
542,6091338003,ESPECIALIDAD EN OTORRINOLARINGOLOGÍA Y CIRUGÍA DE CABEZA Y CUELLO
543,6091338004,ESPECIALIDAD Y RESIDENCIA EN OTORRINOLARINGOLOGÍA
544,6091340003,ESPECIALIDAD EN CALIDAD INTEGRAL EN LA ATENCIÓN PEDIÁTRICA
545,6091340004,ESPECIALIDAD EN NEONATOLOGÍA
546,6091322002,ESPECIALIDAD EN REHABILITACIÓN PEDIÁTRICA
547,6091340005,ESPECIALIDAD Y RESIDENCIA EN PEDIATRÍA
548,6091316009,SUBESPECIALIDAD EN NEONATOLOGÍA
549,6091329001,ESPECIALIDAD EN ANATOMÍA PATOLÓGICA
550,6091339001,ESPECIALIDAD EN PATOLOGÍA CLÍNICA
551,6091339002,ESPECIALIDAD EN PATOLOGÍA PEDIÁTRICA
552,6091329002,ESPECIALIDAD Y RESIDENCIA EN ANATOMÍA PATOLÓGICA
553,6091339003,ESPECIALIDAD Y RESIDENCIA EN PATOLOGÍA CLÍNICA
554,6091312001,ESPECIALIDAD EN COLOPROCTOLOGÍA
555,6091341001,ESPECIALIDAD EN PSIQUIATRÍA
556,6091341002,ESPECIALIDAD EN PSIQUIATRÍA INFANTIL Y DE LA ADOLESCENCIA
557,6091341003,ESPECIALIDAD EN PSIQUIATRÍA MÉDICA
558,6091341004,ESPECIALIDAD Y RESIDENCIA EN PSIQUIATRÍA
559,6091342005,ESPECIALIDAD EN IMAGENOLOGÍA Y RADIODIAGNÓSTICO
560,6091330001,ESPECIALIDAD EN MEDICINA NUCLEAR
561,6091336013,ESPECIALIDAD EN RADIO-ONCOLOGÍA
562,6091336014,ESPECIALIDAD EN RADIO-ONCOLOGÍA PEDIÁTRICA
563,6091342006,ESPECIALIDAD EN RADIODIAGNÓSTICO
564,6091342007,ESPECIALIDAD EN RADIOLOGÍA
565,6091342010,ESPECIALIDAD EN RADIOLOGÍA (RADIODIAGNÓSTICO)
566,6091342013,ESPECIALIDAD EN RADIOLOGÍA E IMAGEN
567,6091342014,ESPECIALIDAD EN RADIOLOGÍA E IMAGINOLOGÍA
568,6091342008,ESPECIALIDAD EN RADIOLOGÍA PEDIÁTRICA
569,6091342015,ESPECIALIDAD Y RESIDENCIA EN RADIOLOGÍA E IMAGEN
570,6091343001,ESPECIALIDAD EN REUMATOLOGÍA
571,6091343002,ESPECIALIDAD EN REUMATOLOGÍA E INMUNOLOGÍA CLÍNICA
572,6091343003,ESPECIALIDAD EN REUMATOLOGÍA PEDIÁTRICA
573,6091344001,ESPECIALIDAD EN UROLOGÍA
574,6091344002,ESPECIALIDAD EN UROLOGÍA GINECOLÓGICA
575,6091344003,ESPECIALIDAD EN UROLOGÍA PEDIÁTRICA TERAPÉUTICA
576,6091344004,ESPECIALIDAD Y RESIDENCIA EN UROLOGÍA
577,6092100001,ESPECIALIDAD EN ENFERMERÍA
578,6092203001,"ESPECIALIDAD EN ENFERMERÍA CON ÉNFASIS EN ENFERMERÍA EN URGENCIAS Y EMERGENCIAS, ENFERMERÍA GERONTOLÓGICA Y GERIATRÍA"
579,6092208002,ESPECIALIDAD EN ENFERMERÍA DE LA CULTURA FÍSICA
580,6092202001,ESPECIALIDAD EN ENFERMERÍA DEL ADULTO EN ESTADO CRÍTICO
581,6092203002,ESPECIALIDAD EN ENFERMERÍA DEL ANCIANO
582,6092201001,ESPECIALIDAD EN ENFERMERÍA EN CARDIOVASCULAR
583,6092202002,ESPECIALIDAD EN ENFERMERÍA EN CUIDADOS INTENSIVOS
584,6092202003,ESPECIALIDAD EN ENFERMERÍA EN MEDICINA INTERNA Y TERAPIA INTENSIVA
585,6092204001,ESPECIALIDAD EN ENFERMERÍA EN SALUD FAMILIAR
586,6092208003,ESPECIALIDAD EN ENFERMERÍA EN SALUD MENTAL
587,6092204002,ESPECIALIDAD EN ENFERMERÍA EN SALUD PÚBLICA
588,6092204003,"ESPECIALIDAD EN ENFERMERÍA EN SALUD PÚBLICA, OBSTETRICIA Y NEONATAL Y PEDIATRÍA"
589,6092203003,ESPECIALIDAD EN ENFERMERÍA GERIÁTRICA
590,6092206001,ESPECIALIDAD EN ENFERMERÍA INFANTIL
591,6092207002,ESPECIALIDAD EN ENFERMERÍA MÉDICO QUIRÚRGICA
592,6092205001,ESPECIALIDAD EN ENFERMERÍA ONCOLÓGICA
593,6092206002,ESPECIALIDAD EN ENFERMERÍA PEDIÁTRICA
594,6092206003,ESPECIALIDAD EN ENFERMERÍA PERINATAL
595,6092207003,ESPECIALIDAD EN ENFERMERÍA QUIRÚRGICA
596,6093206001,ESPECIALIDAD DENTAL EN ODONTOLOGÍA RECONSTRUCTIVA
597,6093201001,ESPECIALIDAD EN CIRUGÍA BUCAL
598,6093201002,ESPECIALIDAD EN CIRUGÍA MAXILOFACIAL
599,6093201003,ESPECIALIDAD EN CIRUGÍA ORAL Y MAXILOFACIAL
600,6093202001,ESPECIALIDAD EN ENDODONCIA
601,6093205001,ESPECIALIDAD EN ENDOPERIODONCIA
602,6093205002,ESPECIALIDAD EN ENDOPERIODONTOLOGÍA
603,6093203001,ESPECIALIDAD EN ESTOMATOLOGÍA DEL NIÑO Y DEL ADOLESCENTE
604,6093100001,ESPECIALIDAD EN ESTOMATOLOGÍA EN ATENCIÓN PRIMARIA
605,6093203002,ESPECIALIDAD EN ESTOMATOLOGÍA PEDIÁTRICA
606,6093203003,ESPECIALIDAD EN ODONTOLOGÍA INFANTIL
607,6093207001,ESPECIALIDAD EN ODONTOLOGÍA LEGAL Y FORENSE
608,6093203004,ESPECIALIDAD EN ODONTOLOGÍA PEDIÁTRICA
609,6093206002,ESPECIALIDAD EN ODONTOLOGÍA RESTAURADORA
610,6093203005,ESPECIALIDAD EN ODONTOPEDIATRÍA
611,6093203006,ESPECIALIDAD EN ORTO-ODONTOPEDIATRÍA
612,6093204001,ESPECIALIDAD EN ORTODONCIA
613,6093204002,ESPECIALIDAD EN ORTODONCIA Y ORTOPEDIA DENTOFACIAL
614,6093204003,ESPECIALIDAD EN ORTODONCIA Y ORTOPEDIA DENTOMAXILOFACIAL
615,6093204004,ESPECIALIDAD EN ORTODONCIA Y ORTOPEDIA MAXILAR
616,6093204005,ESPECIALIDAD EN ORTODONCIA Y ORTOPEDIA MAXILOFACIAL
617,6093205003,ESPECIALIDAD EN PARODONCIA
618,6093207002,ESPECIALIDAD EN PATOLOGÍA Y MEDICINA BUCAL
619,6093205004,ESPECIALIDAD EN PERIODONCIA
620,6093206003,ESPECIALIDAD EN PROSTODONCIA
621,6093206004,ESPECIALIDAD EN PROSTODONCIA E IMPLANTOLOGÍA
622,6093206005,ESPECIALIDAD EN PRÓTESIS BUCAL
623,6093206006,ESPECIALIDAD EN PRÓTESIS BUCAL FIJA Y REMOVIBLE
624,6093206007,ESPECIALIDAD EN PRÓTESIS PARCIAL FIJA REMOVIBLE Y OCLUSIÓN
625,6093206008,ESPECIALIDAD EN REHABILITACIÓN BUCAL
626,6093206009,ESPECIALIDAD EN REHABILITACIÓN ORAL
627,6093201004,ESPECIALIDAD Y RESIDENCIA EN CIRUGÍA ORAL Y MAXILOFACIAL
628,6093202002,ESPECIALIDAD Y RESIDENCIA EN ENDODONCIA
629,6093203007,ESPECIALIDAD Y RESIDENCIA EN ODONTOPEDIATRÍA
630,6093207003,PROGRAMA ÚNICO DE ESPECIALIDADES EN ODONTOLÓGICAS
631,6011100023,ESPECIALIDAD EN COGNICIÓN Y LENGUAJE
632,6091322003,ESPECIALIDAD EN MEDICINA DE REHABILITACIÓN
633,6091322004,ESPECIALIDAD EN MEDICINA FÍSICA Y REHABILITACIÓN
634,6094200001,ESPECIALIDAD EN NUTRICIÓN CLÍNICA Y GERIÁTRICA
635,6094200002,ESPECIALIDAD EN NUTRIOLOGÍA CLÍNICA
636,6094100001,"ESPECIALIDAD EN TERAPIA DE HERIDAS, ESTOMAS Y QUEMADURAS"
637,6091322005,ESPECIALIDAD Y RESIDENCIA EN MEDICINA DE REHABILITACIÓN
638,6095400001,ESPECIALIDAD EN DESARROLLO FARMACÉUTICO
639,6095400002,ESPECIALIDAD EN PROCESOS FARMACÉUTICOS
640,6095600001,ESPECIALIDAD DE SALUD OCUPACIONAL
641,6091345005,ESPECIALIDAD EN CALIDAD DE LA ATENCIÓN CLÍNICA
642,6095600002,ESPECIALIDAD EN EPIDEMIOLOGÍA
643,6091100003,ESPECIALIDAD EN MEDICINA INTEGRAL
644,6095600003,ESPECIALIDAD EN SALUD EN EL TRABAJO Y SU IMPACTO AMBIENTAL
645,6095600005,ESPECIALIDAD EN SALUD PÚBLICA
646,6091100004,ESPECIALIDAD MÉDICA EN MEDICINA INTEGRADA
647,6101300001,ESPECIALIDAD EN ESTÉTICA Y LONGEVIDAD
648,6103100001,ESPECIALIDAD EN SEGURIDAD E HIGIENE INDUSTRIAL
649,6104200001,ESPECIALIDAD DE COMUNICACIONES NAVALES
650,7011500001,MAESTRÍA EN CIENCIAS DE LA EDUCACIÓN
651,7011000001,MAESTRÍA EN CIENCIAS DE LA EDUCACIÓN Y COMUNICACIÓN
652,7011100001,MAESTRÍA EN CIENCIAS DEL APRENDIZAJE
653,7011500002,MAESTRÍA EN CIENCIAS EDUCATIVAS
654,7011500003,MAESTRÍA EN EDUCACIÓN
655,7011000002,MAESTRÍA EN EDUCACIÓN AMBIENTAL
656,7011000003,MAESTRÍA EN EDUCACIÓN AMBIENTAL Y DESARROLLO REGIONAL
657,7011000004,MAESTRÍA EN EDUCACIÓN CON CAMPO EN EDUCACIÓN AMBIENTAL
658,7012000001,MAESTRÍA EN EDUCACIÓN CON OPCIÓN EN CULTURA DE LA LEGALIDAD
659,7011000005,MAESTRÍA EN EDUCACIÓN EMPRENDEDORA
660,7011500004,MAESTRÍA EN INVESTIGACIÓN EN CIENCIAS DE LA EDUCACIÓN
661,7011100003,MAESTRÍA EN CIENCIAS CON ORIENTACIÓN EN: COGNICIÓN Y EDUCACIÓN
662,7011100004,MAESTRÍA EN CIENCIAS DE LA EDUCACIÓN CON ESPECIALIDAD EN DESARROLLO DE HABILIDADES INTELECTUALES
663,7011100005,MAESTRÍA EN CIENCIAS DE LA EDUCACIÓN CON FORMACIÓN EN INTEGRACIÓN EDUCATIVA
664,7012702003,MAESTRÍA EN CIENCIAS DE LA EDUCACIÓN ESPECIAL EN EL ÁREA DE NECESIDADES EDUCATIVAS ESPECIALES
665,7012604002,MAESTRÍA EN CIENCIAS EN MATEMÁTICAS Y SU DIDÁCTICA
666,7012000005,MAESTRÍA EN DESARROLLO DE COMPETENCIAS DIDÁCTICAS
667,7012500001,MAESTRÍA EN DOCENCIA SUPERIOR Y PROCESOS INSTITUCIONALES
668,7011100006,MAESTRÍA EN EDUCACIÓN CAMPO DE DESARROLLO CURRICULAR
669,7011100007,MAESTRÍA EN EDUCACIÓN CAMPO INNOVACIÓN PEDAGÓGICA
670,7011100008,MAESTRÍA EN EDUCACIÓN CON ÁREA TERMINAL EN METODOLOGÍA DE LA DOCENCIA
671,7012000007,MAESTRÍA EN EDUCACIÓN CON CAMPO PRÁCTICA EDUCATIVA
672,7011100009,MAESTRÍA EN EDUCACIÓN CON ESPECIALIDAD EN DESARROLLO CURRICULAR E INSTRUCCIÓN
673,7011100010,MAESTRÍA EN EDUCACIÓN CON ORIENTACIÓN EN DIDÁCTICA CONSTRUCTIVISTA
674,7011100011,MAESTRÍA EN EDUCACIÓN CURRICULAR E INNOVACIÓN
675,7011100012,MAESTRÍA EN EDUCACIÓN EN EL CAMPO DE LA INTERVENCIÓN PEDAGÓGICA Y EL APRENDIZAJE ESCOLAR
676,7011300001,MAESTRÍA EN EDUCACIÓN EN LA ESPECIALIDAD DE PSICOPEDAGOGÍA
677,7011100013,MAESTRÍA EN EDUCACIÓN EN MODELOS EDUCATIVOS
678,7012000008,MAESTRÍA EN ENSEÑANZA
679,7012604003,MAESTRÍA EN ENSEÑANZA DE LAS CIENCIAS
680,7011100015,MAESTRÍA EN ESTRATEGIA EDUCATIVA
681,7011100016,MAESTRÍA EN ESTRATEGIAS DE APRENDIZAJE
682,7011000013,MAESTRÍA EN ESTRATEGIAS PROFESIONALES CON CALIDAD PARA LA PRÁCTICA DEL EJERCICIO DOCENTE
683,7011100017,MAESTRÍA EN ESTRATEGIAS Y TÉCNICAS DE LA ENSEÑANZA APRENDIZAJE
684,7011200002,MAESTRÍA EN GESTIÓN E INNOVACIÓN EDUCATIVA
685,7011200003,MAESTRÍA EN INNOVACIÓN DE LA PRÁCTICA EDUCATIVA
686,7012702004,MAESTRÍA EN INTEGRACIÓN EDUCATIVA
687,7011200004,MAESTRÍA EN LA INVESTIGACIÓN DE LA MATEMÁTICA APLICADA A LA EDUCACIÓN
688,7012300001,MAESTRÍA EN LECTOESCRITURA PARA LA EDUCACIÓN BÁSICA
689,7011100018,MAESTRÍA EN METODOLOGÍA DE LA ENSEÑANZA
690,7012300002,MAESTRÍA EN METODOLOGÍA DE LA ENSEÑANZA PARA LA EDUCACIÓN SECUNDARIA
691,7011000014,MAESTRÍA EN METODOLOGÍA DE LA FORMACIÓN Y DE LA ENSEÑANZA APLICADA
692,7012603001,MAESTRÍA EN METODOLOGÍA EN LA ENSEÑANZA DEL INGLÉS
693,7011400001,MAESTRÍA EN NUEVAS TECNOLOGÍAS PARA EL APRENDIZAJE
694,7011100019,MAESTRÍA EN PEDAGOGÍA
695,7011100020,MAESTRÍA EN PEDAGOGÍA MONTESSORI
696,7011100021,MAESTRÍA EN PEDAGOGÍA SISTEMÁTICA
697,7011100022,MAESTRÍA EN PEDAGOGÍA Y PRÁCTICA DOCENTE
698,7011300002,MAESTRÍA EN PSICOPEDAGOGÍA CON ENFOQUE GESTALT
699,7042500001,MAESTRÍA EN ADMINISTRACIÓN ORGANIZACIONAL Y DESARROLLO EDUCATIVO
700,7011200006,MAESTRÍA EN ANÁLISIS Y DESARROLLO DE LA EDUCACIÓN
701,7012500002,MAESTRÍA EN CALIDAD DE LA EDUCACIÓN SUPERIOR
702,7011200007,MAESTRÍA EN CALIDAD EDUCATIVA
703,7011200008,MAESTRÍA EN CALIDAD EN EDUCACIÓN
704,7012000013,MAESTRÍA EN CIENCIAS DE LA EDUCACIÓN CON FORMACIÓN EN DOCENCIA E INVESTIGACIÓN
705,7011200009,MAESTRÍA EN CIENCIAS EN INVESTIGACIONES EDUCATIVAS
706,7011200010,MAESTRÍA EN DESARROLLO DE LA CALIDAD DE LA EDUCACIÓN
707,7012000014,MAESTRÍA EN DESARROLLO DE LA EDUCACIÓN BÁSICA
708,7011200011,MAESTRÍA EN DESARROLLO EDUCATIVO
709,7011100044,MAESTRÍA EN DESARROLLO PEDAGÓGICO
710,7011200012,MAESTRÍA EN DESARROLLO Y APRENDIZAJES ESCOLARES
711,7011100045,MAESTRÍA EN DESARROLLO Y PLANEACIÓN DE LA EDUCACIÓN
712,7011200013,MAESTRÍA EN DIRECCIÓN Y CALIDAD EDUCATIVA
713,7011200014,MAESTRÍA EN DOCENCIA E INNOVACIÓN EDUCATIVA
714,7011500011,MAESTRÍA EN EDUCACIÓN BASADA EN COMPETENCIAS
715,7011100046,MAESTRÍA EN EDUCACIÓN CAMPO CURRICULUM E INNOVACIÓN EDUCATIVA
716,7011200015,MAESTRÍA EN EDUCACIÓN CAMPO DESARROLLO E INNOVACIÓN EDUCATIVA
717,7011200016,MAESTRÍA EN EDUCACIÓN CAMPO EN HISTORIA DE LA EDUCACIÓN REGIONAL
718,7011200017,MAESTRÍA EN EDUCACIÓN CAMPO INNOVACIÓN EDUCATIVA
719,7011200018,MAESTRÍA EN EDUCACIÓN CON ACENTUACIÓN EN PLANEACIÓN EDUCATIVA Y DESARROLLO CURRICULAR
720,7011200019,MAESTRÍA EN EDUCACIÓN CON ÁREAS TERMINALES EN INNOVACIONES EDUCATIVAS Y EN INVESTIGACIÓN
721,7011200020,MAESTRÍA EN EDUCACIÓN CON OPCIÓN EN DESARROLLO ORGANIZACIONAL
722,7011500012,MAESTRÍA EN EDUCACIÓN EN CIENCIAS
723,7011200021,MAESTRÍA EN EDUCACIÓN EN EL ÁREA DE DOCENCIA E INVESTIGACIÓN
724,7011200022,MAESTRÍA EN EDUCACIÓN EN INVESTIGACIÓN EDUCATIVA
725,7011200023,MAESTRÍA EN EVALUACIÓN
726,7011200024,MAESTRÍA EN EVALUACIÓN EDUCATIVA
727,7011200025,MAESTRÍA EN FORMACIÓN PERMANENTE
728,7011200026,MAESTRÍA EN GESTIÓN DE LA EDUCACIÓN
729,7011200027,MAESTRÍA EN GESTIÓN Y DESARROLLO EDUCATIVO
730,7011200028,MAESTRÍA EN INNOVACIÓN DOCENTE
731,7011200029,MAESTRÍA EN INNOVACIÓN EDUCATIVA
732,7011200030,MAESTRÍA EN INNOVACIÓN EN LA EDUCACIÓN
733,7011200031,MAESTRÍA EN INNOVACIÓN EN LA ESCUELA
734,7011200032,MAESTRÍA EN INNOVACIÓN Y GESTIÓN PEDAGÓGICA
735,7011300004,MAESTRÍA EN INTERVENCIÓN PARA EL DESARROLLO EDUCATIVO
736,7011200033,MAESTRÍA EN INVESTIGACIÓN EDUCATIVA
737,7011200034,MAESTRÍA EN INVESTIGACIÓN Y DESARROLLO DE LA EDUCACIÓN
738,7011100047,MAESTRÍA EN PEDAGOGÍA EN EL ÁREA DE DESARROLLO EDUCATIVO
739,7011100048,MAESTRÍA EN PEDAGOGÍA EN EL ÁREA DE INVESTIGACIÓN EDUCATIVA
740,7011200037,MAESTRÍA EN PLANEACIÓN DE LA EDUCACIÓN SUPERIOR
741,7011200039,MAESTRÍA EN PLANEACIÓN Y DESARROLLO EDUCATIVO
742,7011200040,MAESTRÍA EN PLANEACIÓN Y GESTIÓN EDUCATIVA
743,7011200041,MAESTRÍA EN PROCESOS DE CALIDAD EDUCATIVA
744,7011100049,MAESTRÍA EN PROCESOS EDUCATIVOS
745,7011200042,MAESTRÍA EN SOCIOLINGÜÍSTICA DE LA EDUCACIÓN BÁSICA Y BILINGÜE
746,7011300005,MAESTRÍA EN CIENCIAS DE LA EDUCACIÓN EN EL ÁREA DE PSICOLOGÍA PEDAGÓGICA
747,7011300006,MAESTRÍA EN CIENCIAS DE LA EDUCACIÓN FAMILIAR
748,7011100052,MAESTRÍA EN EDUCACIÓN CAMPO INTERVENCIÓN DIDÁCTICA
749,7011300007,MAESTRÍA EN EDUCACIÓN CAMPO INTERVENCIÓN PEDAGÓGICA
750,7011300008,MAESTRÍA EN EDUCACIÓN CON ACENTUACIÓN EN PSICOLOGÍA EDUCATIVA
751,7011300009,MAESTRÍA EN EDUCACIÓN CON ESPECIALIDAD EN PSICOLOGÍA Y ORIENTACIÓN VOCACIONAL
752,7011300010,MAESTRÍA EN EDUCACIÓN EN LA ESPECIALIDAD DE PSICOPEDAGÓGICA
753,7011300011,MAESTRÍA EN EDUCACIÓN FAMILIAR
754,7011300012,MAESTRÍA EN EDUCACIÓN Y TERAPIA FAMILIAR
755,7011300013,MAESTRÍA EN INTERVENCIÓN EDUCATIVA
756,7011300014,MAESTRÍA EN INTERVENCIÓN PEDAGÓGICA
757,7011300015,MAESTRÍA EN ORIENTACIÓN EDUCATIVA
758,7011300016,MAESTRÍA EN ORIENTACIÓN EDUCATIVA Y ASESORÍA PROFESIONAL
759,7011300017,MAESTRÍA EN ORIENTACIÓN Y CONSEJO EDUCATIV0
760,7031100001,MAESTRÍA EN PSICOLOGÍA EDUCATIVA
761,7011300018,MAESTRÍA EN PSICOPEDAGOGÍA
762,7011300019,MAESTRÍA EN PSICOPEDAGOGÍA CLÍNICA INFANTIL
763,7011300020,MAESTRÍA EN SENSIBILIZACIÓN EDUCATIVA CON ORIENTACIÓN GESTALT
764,7011400002,MAESTRÍA EN COMUNICACIÓN ACADÉMICA
765,7011400003,MAESTRÍA EN COMUNICACIÓN EDUCATIVA
766,7011400004,MAESTRÍA EN COMUNICACIÓN Y TECNOLOGÍAS EDUCATIVAS
767,7011400005,MAESTRÍA EN EDUCACIÓN NUEVAS TECNOLOGÍAS APLICADAS A LA EDUCACIÓN
768,7011400006,MAESTRÍA EN EDUCACIÓN VIRTUAL
769,7011000017,MAESTRÍA EN INGENIERÍA EDUCATIVA
770,7011400007,MAESTRÍA EN TECNOLOGÍA APLICADAS A LA EDUCACIÓN
771,7011400008,MAESTRÍA EN TECNOLOGÍA EDUCATIVA
772,7011400009,MAESTRÍA EN TECNOLOGÍA PARA EL APRENDIZAJE
773,7011400010,MAESTRÍA EN TECNOLOGÍA Y CIENCIAS DE LA EDUCACIÓN
774,7011400011,MAESTRÍA EN TECNOLOGÍAS PARA EL APRENDIZAJE
775,7011400012,MAESTRÍA EN TECNOLOGÍAS Y APRENDIZAJE
776,7012000016,MAESTRÍA EN COMPETENCIAS PROFESIONALES PARA EL EJERCICIO DE LA DOCENCIA
777,7012000017,MAESTRÍA EN DESARROLLO DOCENTE
778,7012000018,MAESTRÍA EN DOCENCIA
779,7012000019,MAESTRÍA EN DOCENCIA Y APRENDIZAJE
780,7012000020,MAESTRÍA EN EDUCACIÓN ÁREA DOCENCIA
781,7012000021,"MAESTRÍA EN EDUCACIÓN, CAMPO FORMACIÓN DOCENTE"
782,7012000022,MAESTRÍA EN EDUCACIÓN CAMPO FORMACIÓN INTERCULTURAL DOCENTE
783,7012000023,MAESTRÍA EN EDUCACIÓN CON ACENTUACIÓN EN DOCENCIA
784,7012000024,MAESTRÍA EN EDUCACIÓN CON CAMPO EN FORMACIÓN DE DOCENTES Y PRÁCTICA PROFESIONAL
785,7012000025,MAESTRÍA EN EDUCACIÓN CON CAMPO EN FORMACIÓN DOCENTE
786,7012000026,MAESTRÍA EN EDUCACIÓN CON ÉNFASIS EN DOCENCIA
787,7012000027,MAESTRÍA EN EDUCACIÓN CON ESPECIALIDAD EN DOCENCIA
788,7011300028,MAESTRÍA EN EDUCACIÓN CON INTERVENCIÓN EN LA PRÁCTICA EDUCATIVA
789,7012000028,MAESTRÍA EN EDUCACIÓN DE CAMPO: FORMACIÓN DOCENTE Y PRÁCTICA
790,7012000029,MAESTRÍA EN EDUCACIÓN ESPECIALIDAD EN DOCENCIA
791,7011000018,MAESTRÍA EN EDUCACIÓN HUMANISTA
792,7012000030,MAESTRÍA EN EDUCACIÓN PRÁCTICA EDUCATIVA
793,7012000031,MAESTRÍA EN EDUCACIÓN: CAMPO PRÁCTICA DOCENTE
794,7012000032,MAESTRÍA EN EDUCACIÓN CAMPO PRÁCTICA DOCENTE E INTEGRACIÓN CULTURAL
795,7012000033,MAESTRÍA EN EDUCACIÓN: CAMPO PRÁCTICA EDUCATIVA
796,7012000034,MAESTRÍA EN FORMACIÓN DOCENTE
797,7012000035,MAESTRÍA EN FORMACIÓN Y PRÁCTICA DOCENTE
798,7012000036,MAESTRÍA EN INNOVACIÓN DE LA PRÁCTICA DOCENTE
799,7012000037,MAESTRÍA EN PRÁCTICA DOCENTE
800,7012100001,MAESTRÍA EN EDUCACIÓN INICIAL Y PREESCOLAR
801,7012100002,MAESTRÍA EN EDUCACIÓN PREESCOLAR
802,7012200003,MAESTRÍA EN EDUCACIÓN CON LÍNEAS DE INFORMACIÓN EN EDUCACIÓN PREESCOLAR Y PRIMARIA
803,7012200004,MAESTRÍA EN EDUCACIÓN PRIMARIA
804,7012300003,MAESTRÍA EN DOCENCIA EN EDUCACIÓN SECUNDARIA
805,7012300004,MAESTRÍA EN EDUCACIÓN BÁSICA
806,7012300005,MAESTRÍA EN EDUCACIÓN MEDIA CON ESPECIALIDAD EN CIENCIAS BIOLÓGICAS
807,7012300006,MAESTRÍA EN EDUCACIÓN MEDIA CON ESPECIALIDAD EN CIENCIAS SOCIALES
808,7012300007,MAESTRÍA EN EDUCACIÓN MEDIA CON ESPECIALIDAD EN FÍSICA Y QUÍMICA
809,7012300008,MAESTRÍA EN EDUCACIÓN MEDIA CON ESPECIALIDAD EN IDIOMAS
810,7012300009,MAESTRÍA EN EDUCACIÓN MEDIA CON ESPECIALIDAD EN LENGUA Y LITERATURA ESPAÑOLAS
811,7012300010,MAESTRÍA EN EDUCACIÓN MEDIA CON ESPECIALIDAD EN MATEMÁTICAS
812,7012300011,MAESTRÍA EN EDUCACIÓN MEDIA CON ESPECIALIDAD EN PEDAGOGÍA
813,7012604011,MAESTRÍA EN ENSEÑANZA DE LAS CIENCIAS NATURALES ESPECIALIDAD QUÍMICA
814,7012300012,MAESTRÍA EN MATEMÁTICAS PARA LA EDUCACIÓN BÁSICA
815,7012604017,MAESTRÍA EN DOCENCIA EN CIENCIAS SOCIALES
816,7012400001,MAESTRÍA EN DOCENCIA PARA LA EDUCACIÓN MEDIA SUPERIOR
817,7012400002,MAESTRÍA EN DOCENCIA PARA LA EDUCACIÓN MEDIA SUPERIOR EN LÍNEA
818,7012400003,MAESTRÍA EN DOCENCIA PARA LA EDUCACIÓN MEDIA SUPERIOR: BIOLOGÍA
819,7012400004,MAESTRÍA EN DOCENCIA PARA LA EDUCACIÓN MEDIA SUPERIOR: CIENCIAS SOCIALES
820,7012400005,MAESTRÍA EN DOCENCIA PARA LA EDUCACIÓN MEDIA SUPERIOR: ESPAÑOL
821,7012400006,MAESTRÍA EN DOCENCIA PARA LA EDUCACIÓN MEDIA SUPERIOR: FILOSOFÍA
822,7012400007,MAESTRÍA EN DOCENCIA PARA LA EDUCACIÓN MEDIA SUPERIOR: FÍSICA
823,7012400008,MAESTRÍA EN DOCENCIA PARA LA EDUCACIÓN MEDIA SUPERIOR: HISTORIA
824,7012400009,MAESTRÍA EN DOCENCIA PARA LA EDUCACIÓN MEDIA SUPERIOR: LETRAS
825,7012400010,MAESTRÍA EN DOCENCIA PARA LA EDUCACIÓN MEDIA SUPERIOR: MATEMÁTICAS
826,7012400011,MAESTRÍA EN DOCENCIA PARA LA EDUCACIÓN MEDIA SUPERIOR: QUÍMICA
827,7012604018,MAESTRÍA EN EDUCACIÓN CON ESPECIALIDAD EN CIENCIAS NATURALES
828,7012604019,MAESTRÍA EN EDUCACIÓN CON ESPECIALIDAD EN CIENCIAS SOCIALES
829,7012604020,MAESTRÍA EN EDUCACIÓN CON ESPECIALIDAD EN ESPAÑOL
830,7012604021,MAESTRÍA EN EDUCACIÓN MATEMÁTICA
831,7012400012,MAESTRÍA EN EDUCACIÓN MEDIA SUPERIOR
832,7012400013,MAESTRÍA EN EDUCACIÓN MEDIA SUPERIOR CAMPO DESARROLLO DOCENTE
833,7012604022,MAESTRÍA EN ENSEÑANZA DE LA LENGUA MATERNA
834,7012604023,MAESTRÍA EN ENSEÑANZA DE LA LENGUA Y LA LITERATURA
835,7012604024,MAESTRÍA EN ENSEÑANZA DE LAS CIENCIAS BIOLÓGICAS
836,7012604025,MAESTRÍA EN ENSEÑANZA DE LAS CIENCIAS ESPECIALIDAD QUÍMICA
837,7012604026,MAESTRÍA EN ENSEÑANZA DE LAS CIENCIAS FÍSICAS
838,7012604027,MAESTRÍA EN ENSEÑANZA DE LAS CIENCIAS QUÍMICAS
839,7012604028,MAESTRÍA EN ENSEÑANZA DE LAS CIENCIAS SOCIALES
840,7012604029,MAESTRÍA EN ENSEÑANZA DE LAS MATEMÁTICAS
841,7012604030,MAESTRÍA EN ENSEÑANZA DE MATEMÁTICAS
842,7012604031,MAESTRÍA EN CIENCIAS EN ENSEÑANZA DE LAS MATEMÁTICAS
843,7012604032,MAESTRÍA EN DIDÁCTICA DE LAS CIENCIAS SOCIALES
844,7012604033,MAESTRÍA EN DIDÁCTICA DE LAS MATEMÁTICAS
845,7012604034,MAESTRÍA EN DIDÁCTICA DEL FRANCÉS
846,7012500004,MAESTRÍA EN DOCENCIA BIOMÉDICA
847,7012500005,MAESTRÍA EN DOCENCIA DE LA EDUCACIÓN MEDIA Y SUPERIOR
848,7012604035,MAESTRÍA EN DOCENCIA DE LAS CIENCIAS CAMPO FORMATIVO DE CIENCIAS NATURALES
849,7012500006,MAESTRÍA EN DOCENCIA E INVESTIGACIÓN JURÍDICAS
850,7012500007,MAESTRÍA EN DOCENCIA EDUCACIÓN MEDIA SUPERIOR Y SUPERIOR
851,7012500008,MAESTRÍA EN DOCENCIA EN CIENCIAS DE LA SALUD
852,7012500009,MAESTRÍA EN DOCENCIA EN EDUCACIÓN SUPERIOR
853,7012500010,MAESTRÍA EN DOCENCIA JURÍDICA
854,7012500011,MAESTRÍA EN DOCENCIA PARA LA EDUCACIÓN MEDIA SUPERIOR Y SUPERIOR
855,7012500012,MAESTRÍA EN DOCENCIA SUPERIOR
856,7012500013,MAESTRÍA EN DOCENCIA UNIVERSITARIA
857,7011400033,MAESTRÍA EN EDUCACIÓN ABIERTA Y A DISTANCIA
858,7012500014,MAESTRÍA EN EDUCACIÓN ÁREA EDUCACIÓN SUPERIOR
859,7012500015,MAESTRÍA EN EDUCACIÓN CON ACENTUACIÓN EN EDUCACIÓN SUPERIOR
860,7012500016,MAESTRÍA EN EDUCACIÓN CON ESPECIALIDAD EN ENSEÑANZA SUPERIOR
861,7012604036,MAESTRÍA EN EDUCACIÓN CON ESPECIALIDAD EN MATEMÁTICAS
862,7012500017,MAESTRÍA EN EDUCACIÓN EN EL ÁREA DE EDUCACIÓN SUPERIOR
863,7012604037,MAESTRÍA EN EDUCACIÓN EN LA ESPECIALIDAD DE MATEMÁTICAS
864,7012702007,MAESTRÍA EN EDUCACIÓN EN LAS ÁREAS DE EDUCACIÓN SUPERIOR Y NECESIDADES EDUCATIVAS ESPECIALES
865,7012000056,MAESTRÍA EN EDUCACIÓN INDÍGENA
866,7012500018,MAESTRÍA EN EDUCACIÓN MEDIA SUPERIOR Y SUPERIOR
867,7012000057,MAESTRÍA EN EDUCACIÓN MEDIA Y UNIVERSITARIA
868,7012500019,MAESTRÍA EN EDUCACIÓN MÉDICA
869,7012500020,MAESTRÍA EN EDUCACIÓN SUPERIOR
870,7012500021,MAESTRÍA EN EDUCACIÓN UNIVERSITARIA
871,7012500022,MAESTRÍA EN ENSEÑANZA SUPERIOR
872,7012500023,MAESTRÍA EN ENSEÑANZA UNIVERSITARIA
873,7012601001,MAESTRÍA EN DESARROLLO DE HABILIDADES DOCENTES EN LA EDUCACIÓN FÍSICA
874,7012601002,MAESTRÍA EN DOCENCIA DE LA EDUCACIÓN FÍSICA
875,7012601003,MAESTRÍA EN DOCENCIA PARA LA CULTURA FÍSICA
876,7012601004,MAESTRÍA EN EDUCACIÓN FÍSICA
877,7011400034,MAESTRÍA EN EDUCACIÓN TECNOLÓGICA
878,7012603003,MAESTRÍA EN DOCENCIA DE INGLÉS
879,7012603004,MAESTRÍA EN DOCENCIA DEL INGLÉS
880,7012603005,MAESTRÍA EN EDUCACIÓN BILINGÜE: EL INGLÉS COMO SEGUNDO IDIOMA
881,7012603006,MAESTRÍA EN ENSEÑANZA DEL IDIOMA INGLÉS Y LINGÜÍSTICA APLICADA
882,7012603007,MAESTRÍA EN ENSEÑANZA DEL INGLÉS
883,7012603008,MAESTRÍA EN ENSEÑANZA DEL INGLÉS COMO LENGUA EXTRANJERA
884,7012603009,MAESTRÍA EN ENSEÑANZA DEL INGLÉS COMO SEGUNDA LENGUA
885,7012603010,MAESTRÍA EN LA ENSEÑANZA DEL IDIOMA INGLÉS
886,7021000001,MAESTRÍA EN ARTES
887,7021100005,MAESTRÍA EN ARTE CONTEMPORÁNEO
888,7021100006,MAESTRÍA EN ARTE MODERNO Y CONTEMPORÁNEO
889,7021400001,"MAESTRÍA EN ARTE, DECODIFICACIÓN Y ANÁLISIS DE LA IMAGEN VISUAL"
890,7021100007,MAESTRÍA EN ARTES PLÁSTICAS
891,7021100008,MAESTRÍA EN ARTES VISUALES
892,7021100009,MAESTRÍA EN ESTÉTICA Y ARTE
893,7021000003,MAESTRÍA EN ESTUDIOS DEL ARTE
894,7042500117,MAESTRÍA EN GESTIÓN Y DESARROLLO CULTURAL
895,7021000004,MAESTRÍA EN HISTORIA DEL ARTE
896,7021000005,MAESTRÍA EN HISTORIA DEL ARTE URBANO
897,7021100010,MAESTRÍA EN MUSEOLOGÍA
898,7073100001,MAESTRÍA EN RESTAURACIÓN DE MONUMENTOS Y SITIOS
899,7021200001,MAESTRÍA EN ARTES ESCÉNICAS
900,7021300001,MAESTRÍA EN CIENCIAS MUSICALES ESPECIALIDAD EN ETNOMUSICOLOGÍA
901,7021300002,MAESTRÍA EN EJECUCIÓN E INTERPRETACIÓN PIANÍSTICA
902,7021300003,MAESTRÍA EN EJECUCIÓN E INTERPRETACIÓN VIOLINISTICA
903,7021300004,MAESTRÍA EN INTERPRETACIÓN DE MÚSICA DE CÁMARA
904,7021300005,MAESTRÍA EN MÚSICA
905,7021400002,MAESTRÍA EN ANIMACIÓN TERCERA DIMENSIÓN Y POSTPRODUCCIÓN
906,7021500001,MAESTRÍA EN COMUNICACIÓN VISUAL
907,7021500002,MAESTRÍA EN COMUNICACIÓN Y DISEÑO GRÁFICO
908,7021500003,MAESTRÍA EN COMUNICACIÓN Y LENGUAJES VISUALES
909,7021400003,MAESTRÍA EN COMUNICACIÓN Y MEDIOS VIRTUALES
910,7021400004,MAESTRÍA EN DISEÑO CREATIVO DIGITAL
911,7021500004,MAESTRÍA EN DISEÑO DIGITAL
912,7021500005,MAESTRÍA EN DISEÑO EDITORIAL
913,7021500006,MAESTRÍA EN DISEÑO GRÁFICO
914,7021500007,MAESTRÍA EN DISEÑO GRÁFICO DIGITAL
915,7021500008,MAESTRÍA EN DISEÑO GRÁFICO ESTRATÉGICO
916,7021500009,MAESTRÍA EN DISEÑO PUBLICITARIO
917,7021500010,MAESTRÍA EN DISEÑO TIPOGRÁFICO
918,7021500011,MAESTRÍA EN DISEÑO Y PRODUCCIÓN EDITORIAL
919,7021400005,MAESTRÍA EN ESTUDIOS CINEMATOGRÁFICOS
920,7021100020,MAESTRÍA EN ESTUDIOS VISUALES
921,7021500013,MAESTRÍA EN MEDIOS
922,7021400006,MAESTRÍA EN MULTIMEDIOS ELECTRÓNICOS
923,7021500014,MAESTRÍA EN PRODUCCIÓN DE MEDIOS INFORMATIVOS
924,7021600002,MAESTRÍA EN CIENCIAS Y ARTES PARA EL DISEÑO
925,7021600003,MAESTRÍA EN CREATIVIDAD PARA EL DISEÑO
926,7021600004,MAESTRÍA EN DISEÑO DE INTERIORES
927,7021400021,MAESTRÍA EN DISEÑO E INNOVACIÓN
928,7021600006,MAESTRÍA EN DISEÑO Y DESARROLLO DE NUEVOS PRODUCTOS
929,7022000001,MAESTRÍA EN HUMANIDADES
930,7022200003,MAESTRÍA EN INTERPRETACIÓN Y TRADUCCIÓN
931,7022000002,MAESTRÍA EN TEORÍA CRITICA
932,7022100001,MAESTRÍA EN CIENCIAS RELIGIOSAS
933,7022100002,MAESTRÍA EN HISTORIA DEL CATOLICISMO EN MÉXICO
934,7022100003,MAESTRÍA EN TEOLOGÍA Y MUNDO CONTEMPORÁNEO
935,7022200004,MAESTRÍA EN LENGUAS MODERNAS Y ESTUDIOS DEL DISCURSO
936,7022200005,MAESTRÍA EN TRADUCCIÓN
937,7022200006,MAESTRÍA EN TRADUCCIÓN E INTERPRETACIÓN INGLÉS-ESPAÑOL
938,7022300001,MAESTRÍA EN APRECIACIÓN Y CREACIÓN LITERARIA
939,7031200004,MAESTRÍA EN CIENCIAS CON ESPECIALIDAD EN CIENCIAS SOCIALES O LENGUA Y LITERATURA O EDUCACIÓN
940,7022300002,MAESTRÍA EN CIENCIAS DEL LENGUAJE
941,7022300003,MAESTRÍA EN CULTURA ESCRITA
942,7022300004,MAESTRÍA EN CULTURA Y LITERATURA CONTEMPORÁNEAS DE HISPANOAMERICANA
943,7012604057,"MAESTRÍA EN ENSEÑANZA DE LAS HUMANIDADES (HISTORIA, LENGUA Y LITERATURA)"
944,7022300005,MAESTRÍA EN ESTUDIOS DE LITERATURA MEXICANA
945,7022300006,MAESTRÍA EN ESTUDIOS LITERARIOS
946,7022300007,MAESTRÍA EN ESTUDIOS LITERARIOS Y MUSICALES
947,7022300008,MAESTRÍA EN LENGUA Y LITERATURA HISPANOAMERICANA
948,7022300010,MAESTRÍA EN LENGUA Y LITERATURAS HISPÁNICAS
949,7022300011,MAESTRÍA EN LETRAS
950,7022300012,MAESTRÍA EN LETRAS IBEROAMERICANAS
951,7022300013,MAESTRÍA EN LETRAS MODERNAS
952,7022400001,MAESTRÍA EN LINGÜÍSTICA
953,7022400002,MAESTRÍA EN LINGÜÍSTICA APLICADA
954,7022400003,MAESTRÍA EN LINGÜÍSTICA HISPÁNICA
955,7022400004,MAESTRÍA EN LINGÜÍSTICA INDOAMERICANA
956,7022300014,MAESTRÍA EN LITERATURA
957,7022300015,MAESTRÍA EN LITERATURA COMPARADA
958,7022300016,MAESTRÍA EN LITERATURA CONTEMPORÁNEA EN MÉXICO Y AMÉRICA LATINA
959,7022300017,MAESTRÍA EN LITERATURA DEL SIGLO XX
960,7022300018,MAESTRÍA EN LITERATURA HISPANOAMERICANA
961,7022300019,MAESTRÍA EN LITERATURA LATINOAMERICANA CONTEMPORÁNEA
962,7022300020,MAESTRÍA EN LITERATURA MEXICANA
963,7022300021,MAESTRÍA EN TEORÍA Y CRITICA LITERARIA LATINOAMERICANA
964,7022500001,MAESTRÍA EN ARQUEOLOGÍA
965,7022500002,MAESTRÍA EN CULTURA VIRREINAL
966,7022500003,MAESTRÍA EN ESTUDIOS DE ASIA Y ÁFRICA
967,7022500004,MAESTRÍA EN ESTUDIOS DE ESTADOS UNIDOS Y CANADÁ
968,7022500005,MAESTRÍA EN ESTUDIOS HISTÓRICOS
969,7022500006,MAESTRÍA EN ESTUDIOS INTERNACIONALES
970,7022500007,MAESTRÍA EN ESTUDIOS LATINOAMERICANOS
971,7022500008,MAESTRÍA EN ESTUDIOS MESOAMERICANOS
972,7022500009,MAESTRÍA EN ESTUDIOS MÉXICO-ESTADOS UNIDOS
973,7022500010,MAESTRÍA EN HISTORIA
974,7022500011,MAESTRÍA EN HISTORIA (ESTUDIOS HISTÓRICOS INTERDISCIPLINARIOS)
975,7022500012,MAESTRÍA EN HISTORIA (INVESTIGACIÓN HISTÓRICA)
976,7022500013,MAESTRÍA EN HISTORIA DE AMÉRICA
977,7022500014,MAESTRÍA EN HISTORIA DE LA SOCIEDAD CONTEMPORÁNEA
978,7022500015,MAESTRÍA EN HISTORIA DE MÉXICO
979,7022500016,MAESTRÍA EN HISTORIA MODERNA Y CONTEMPORÁNEA
980,7022500017,MAESTRÍA EN HISTORIA REGIONAL
981,7022500018,MAESTRÍA EN HISTORIOGRAFÍA
982,7022600002,MAESTRÍA EN BIOÉTICA
983,7022600003,MAESTRÍA EN CIENCIAS CON ESPECIALIDAD EN BIOÉTICA
984,7022600004,MAESTRÍA EN DESARROLLO Y FILOSOFÍA DE LA FAMILIA
985,7022600005,MAESTRÍA EN EDUCACIÓN HOLISTA PARA EL DESARROLLO SUSTENTABLE
986,7022600006,MAESTRÍA EN EDUCACIÓN HOLÍSTICA
987,7022600008,MAESTRÍA EN ESTUDIOS FILOSÓFICOS
988,7022600009,MAESTRÍA EN FILOSOFÍA
989,7022600010,MAESTRÍA EN FILOSOFÍA DE LA CIENCIA
990,7022600011,MAESTRÍA EN FILOSOFÍA DE LA CULTURA
991,7022600012,MAESTRÍA EN FILOSOFÍA E HISTORIA DE LAS IDEAS
992,7022600013,MAESTRÍA EN FILOSOFÍA EXISTENCIAL PARA LA FUNDACIÓN DEL SER
993,7022600014,MAESTRÍA EN FILOSOFÍA SOCIAL
994,7022600015,MAESTRÍA EN FILOSOFÍA Y CRITICA DE LA CULTURA
995,7022600016,MAESTRÍA EN FILOSOFÍA Y MEDIOS DE COMUNICACIÓN
996,7022000006,MAESTRÍA EN HISTORIA DEL PENSAMIENTO
997,7031100005,MAESTRÍA EN CIENCIA DEL COMPORTAMIENTO
998,7031000001,MAESTRÍA EN CIENCIAS SOCIALES
999,7022000008,MAESTRÍA EN CIENCIAS SOCIALES Y HUMANÍSTICA
1000,7022000009,MAESTRÍA EN CIENCIAS Y HUMANIDADES
1001,7031200005,MAESTRÍA EN METODOLOGÍA
1002,7031000002,MAESTRÍA EN METODOLOGÍA DE LA CIENCIA
1003,7031100006,MAESTRÍA EN ANÁLISIS DE GRUPOS E INSTITUCIONES
1004,7031100007,MAESTRÍA EN CIENCIAS CON ESPECIALIDAD EN PSICOLOGÍA CLÍNICA
1005,7031500003,MAESTRÍA EN CIENCIAS Y TÉCNICAS PARA ORIENTACIÓN FAMILIAR
1006,7031100008,MAESTRÍA EN CLÍNICA PSICOANALÍTICA
1007,7031100009,MAESTRÍA EN CLÍNICA Y PSICOTERAPIA PSICOANALÍTICA
1008,7031500004,MAESTRÍA EN CONSEJERÍA FAMILIAR
1009,7031100010,MAESTRÍA EN DESARROLLO TRANGENERACIONAL SISTÉMICO Y CONSTELACIONES FAMILIARES
1010,7031100011,MAESTRÍA EN DISCAPACIDAD Y SEXUALIDAD
1011,7031100012,MAESTRÍA EN EDUCACIÓN DE LA SEXUALIDAD HUMANA
1012,7031100013,MAESTRÍA EN EDUCACIÓN SEXOLÓGICA
1013,7031100014,MAESTRÍA EN EDUCACIÓN Y CONSEJERÍA SEXUAL
1014,7031100015,MAESTRÍA EN ESTUDIOS PSICOANALÍTICOS
1015,7031100016,MAESTRÍA EN EVALUACIÓN Y PSICOTERAPIA INFANTIL
1016,7031100017,MAESTRÍA EN EVALUACIÓN Y TERAPIA INFANTIL
1017,7031100018,MAESTRÍA EN HERRAMIENTAS DEL PENSAMIENTO MULTIMODAL
1018,7031100019,MAESTRÍA EN INSTRUMENTOS DE EVALUACIÓN DIAGNOSTICA
1019,7031100020,MAESTRÍA EN INVESTIGACIÓN EN PSICOLOGÍA APLICADA A LA EDUCACIÓN
1020,7031100021,MAESTRÍA EN INVESTIGACIÓN PSICOANALÍTICA
1021,7031500005,MAESTRÍA EN ORIENTACIÓN FAMILIAR
1022,7031100023,MAESTRÍA EN ORIENTACIÓN PSICOLÓGICA
1023,7031100024,MAESTRÍA EN PROGRAMACIÓN NEUROLINGÜÍSTICA
1024,7031100025,MAESTRÍA EN PROGRAMACIÓN NEUROLINGÜÍSTICA E INTELIGENCIA EMOCIONAL
1025,7031100026,MAESTRÍA EN PSICOANÁLISIS
1026,7031100027,MAESTRÍA EN PSICOANÁLISIS Y CULTURA
1027,7031100028,MAESTRÍA EN PSICOLOGÍA
1028,7031100029,MAESTRÍA EN PSICOLOGÍA APLICADA
1029,7031100030,MAESTRÍA EN PSICOLOGÍA CLÍNICA
1030,7031100031,MAESTRÍA EN PSICOLOGÍA CLÍNICA Y DE LA SALUD
1031,7031100032,MAESTRÍA EN PSICOLOGÍA CLÍNICA Y PSICOTERAPIA
1032,7031100033,MAESTRÍA EN PSICOLOGÍA CON CONCENTRACIÓN EN DESARROLLO ORGANIZACIONAL
1033,7031100034,MAESTRÍA EN PSICOLOGÍA CON CONCENTRACIÓN EN EDUCACIÓN ESPECIAL
1034,7031100035,MAESTRÍA EN PSICOLOGÍA CON CONCENTRACIÓN EN PSICOLOGÍA CLÍNICA
1035,7031100036,MAESTRÍA EN PSICOLOGÍA CON CONCENTRACIÓN EN TERAPIA FAMILIAR
1036,7031100042,MAESTRÍA EN PSICOLOGÍA CRIMINAL
1037,7031100043,MAESTRÍA EN PSICOLOGÍA DE LA SALUD
1038,7031100044,MAESTRÍA EN PSICOLOGÍA DEL ADOLESCENTE
1039,7031100045,MAESTRÍA EN PSICOLOGÍA DEL TRABAJO
1040,7031100046,MAESTRÍA EN PSICOLOGÍA DEL TRABAJO Y GESTIÓN DEL TALENTO HUMANO
1041,7031100047,MAESTRÍA EN PSICOLOGÍA DEL TRABAJO Y LAS ORGANIZACIONES
1042,7031100048,MAESTRÍA EN PSICOLOGÍA EN TERAPIA FAMILIAR
1043,7031100049,MAESTRÍA EN PSICOLOGÍA FAMILIAR
1044,7031100050,MAESTRÍA EN PSICOLOGÍA HUMANISTA
1045,7031100051,MAESTRÍA EN PSICOLOGÍA INFANTIL
1046,7031100052,MAESTRÍA EN PSICOLOGÍA JURÍDICA Y CRIMINOLOGÍA
1047,7031100053,MAESTRÍA EN PSICOLOGÍA LABORAL
1048,7031100054,MAESTRÍA EN PSICOLOGÍA LABORAL Y ORGANIZACIONAL
1049,7031100055,MAESTRÍA EN PSICOLOGÍA ORGANIZACIONAL
1050,7031100056,MAESTRÍA EN PSICOLOGÍA PROFUNDA
1051,7031100057,MAESTRÍA EN PSICOLOGÍA SOCIAL
1052,7031100058,MAESTRÍA EN PSICOLOGÍA SOCIAL DE GRUPOS E INSTITUCIONES
1053,7031100059,MAESTRÍA EN PSICOLOGÍA SOCIAL Y DE LAS ORGANIZACIONES
1054,7031100060,MAESTRÍA EN PSICOLOGÍA Y DESARROLLO COMUNITARIO
1055,7031100061,MAESTRÍA EN PSICOONCOLOGÍA
1056,7011300033,MAESTRÍA EN PSICOPEDAGOGÍA HUMANISTA
1057,7031100062,MAESTRÍA EN PSICOTERAPIA
1058,7031100063,MAESTRÍA EN PSICOTERAPIA ANALÍTICA GRUPAL
1059,7031100064,MAESTRÍA EN PSICOTERAPIA BREVE E HIPNOSIS CLÍNICA
1060,7031100065,MAESTRÍA EN PSICOTERAPIA BREVE SISTÉMICA
1061,7031100066,MAESTRÍA EN PSICOTERAPIA CLÍNICA
1062,7031100067,MAESTRÍA EN PSICOTERAPIA COGNITIVO CONDUCTUAL
1063,7031100068,MAESTRÍA EN PSICOTERAPIA DE GRUPO GESTALT
1064,7031100069,MAESTRÍA EN PSICOTERAPIA DE NIÑOS Y ADOLESCENTES
1065,7031100070,MAESTRÍA EN PSICOTERAPIA DE PAREJA
1066,7031100071,MAESTRÍA EN PSICOTERAPIA DE PAREJA Y FAMILIAR
1067,7031100072,MAESTRÍA EN PSICOTERAPIA EN NIÑOS Y ADOLESCENTES
1068,7031100073,MAESTRÍA EN PSICOTERAPIA ERICKSONIANA
1069,7031100074,MAESTRÍA EN PSICOTERAPIA EXISTENCIAL
1070,7031100075,MAESTRÍA EN PSICOTERAPIA FAMILIAR
1071,7031100076,MAESTRÍA EN PSICOTERAPIA FAMILIAR Y DE PAREJA
1072,7031100077,MAESTRÍA EN PSICOTERAPIA GENERAL
1073,7031100078,MAESTRÍA EN PSICOTERAPIA GESTALT
1074,7031100079,MAESTRÍA EN PSICOTERAPIA GESTALT INFANTIL
1075,7031100080,MAESTRÍA EN PSICOTERAPIA HUMANISTA
1076,7031100081,MAESTRÍA EN PSICOTERAPIA HUMANISTA GESTALT
1077,7031100082,MAESTRÍA EN PSICOTERAPIA HUMANISTA Y EDUCACIÓN PARA LA PAZ
1078,7031100083,MAESTRÍA EN PSICOTERAPIA HUMANÍSTICA
1079,7031100084,MAESTRÍA EN PSICOTERAPIA INFANTIL
1080,7031100085,MAESTRÍA EN PSICOTERAPIA INFANTIL GESTALT
1081,7031100086,MAESTRÍA EN PSICOTERAPIA INFANTIL Y DEL ADOLESCENTE
1082,7031100087,MAESTRÍA EN PSICOTERAPIA PSICOANALÍTICA
1083,7031100088,MAESTRÍA EN PSICOTERAPIA PSICOANALÍTICA DE ADULTOS
1084,7031100089,MAESTRÍA EN PSICOTERAPIA PSICOANALÍTICA DE LA INFANCIA Y ADOLESCENCIA
1085,7031100090,MAESTRÍA EN PSICOTERAPIA PSICOANALÍTICA DE NIÑOS Y ADOLESCENTES
1086,7031100091,MAESTRÍA EN PSICOTERAPIA PSICOANALÍTICA GRUPAL
1087,7031100092,MAESTRÍA EN PSICOTERAPIA PSICOANALÍTICA INDIVIDUAL
1088,7031100093,MAESTRÍA EN PSICOTERAPIA PSICOANALÍTICA INFANTIL
1089,7031100094,MAESTRÍA EN PSICOTERAPIA SISTÉMICA
1090,7031100095,MAESTRÍA EN PSICOTERAPIAS HUMANÍSTICAS
1091,7031100096,MAESTRÍA EN SEXOLOGÍA CLÍNICA
1092,7031100097,MAESTRÍA EN SEXOLOGÍA EDUCATIVA Y SENSIBILIZACIÓN
1093,7031100098,MAESTRÍA EN SEXUALIDAD HUMANA
1094,7031100099,MAESTRÍA EN TANATOLOGÍA
1095,7031100100,MAESTRÍA EN TEORÍA PSICOANALÍTICA
1096,7031100101,MAESTRÍA EN TERAPIA BREVE SISTÉMICA
1097,7031100102,MAESTRÍA EN TERAPIA DE JUEGO APLICADA A PROBLEMAS EMOCIONALES Y CONDUCTA
1098,7031100103,MAESTRÍA EN TERAPIA FAMILIAR
1099,7031100104,MAESTRÍA EN TERAPIA FAMILIAR CON CONSTELACIONES FAMILIARES
1100,7031100105,MAESTRÍA EN TERAPIA FAMILIAR CON ENFOQUE BREVE
1101,7031100106,MAESTRÍA EN TERAPIA FAMILIAR SISTEMÁTICA
1102,7031100107,MAESTRÍA EN TERAPIA FAMILIAR SISTÉMICA
1103,7031100108,MAESTRÍA EN TERAPIA FAMILIAR Y DE PAREJA
1104,7031100109,MAESTRÍA EN TERAPIA GESTALT
1105,7031100110,MAESTRÍA EN TERAPIA INFANTIL
1106,7031500006,MAESTRÍA EN TERAPIAS BREVES
1107,7031100111,MAESTRÍA EN TERAPIAS PSICOSOCIALES
1108,7031100112,MAESTRÍA INTEGRAL EN TERAPIA FAMILIAR
1109,7031200008,MAESTRÍA EN ANÁLISIS REGIONAL
1110,7031200009,MAESTRÍA EN ANTROPOLOGÍA
1111,7031200010,MAESTRÍA EN ANTROPOLOGÍA APLICADA
1112,7031200011,MAESTRÍA EN ANTROPOLOGÍA CULTURAL
1113,7031200012,MAESTRÍA EN ANTROPOLOGÍA FÍSICA
1114,7031200013,MAESTRÍA EN ANTROPOLOGÍA SOCIAL
1115,7031200014,MAESTRÍA EN ANTROPOLOGÍA Y ESTUDIOS DE LA CULTURA
1116,7031200015,MAESTRÍA EN ANTROPOLOGÍA Y ÉTICA
1117,7031100180,MAESTRÍA EN BIOENERGÍA Y DESARROLLO HUMANO
1118,7031200016,MAESTRÍA EN CIENCIAS ANTROPOLÓGICAS
1119,7031200017,MAESTRÍA EN CIENCIAS EN DESARROLLO LOCAL
1120,7031200018,MAESTRÍA EN CIENCIAS EN DESARROLLO RURAL
1121,7031200019,MAESTRÍA EN CIENCIAS EN DESARROLLO RURAL REGIONAL
1122,7031200020,MAESTRÍA EN CIENCIAS EN EL ÁREA DE SOCIOLOGÍA EDUCATIVA
1123,7031200021,MAESTRÍA EN CIENCIAS EN SOCIOLOGÍA RURAL
1124,7031200022,MAESTRÍA EN CIENCIAS ESPECIALIDAD SOCIOLOGÍA EDUCATIVA
1125,7022000011,MAESTRÍA EN CIENCIAS HUMANAS
1126,7031200023,MAESTRÍA EN CIENCIAS SOCIALES APLICADAS A LOS ESTUDIOS REGIONALES
1127,7031200024,MAESTRÍA EN CIENCIAS SOCIALES CON ESPECIALIDAD EN DESARROLLO MUNICIPAL
1128,7031200025,MAESTRÍA EN CIENCIAS SOCIALES CON ORIENTACIÓN EN DESARROLLO SUSTENTABLE
1129,7022000012,MAESTRÍA EN CIENCIAS SOCIALES Y HUMANIDADES
1130,7031200026,MAESTRÍA EN COMUNICACIÓN Y ESTUDIOS DE LA CULTURA
1131,7031200027,MAESTRÍA EN DEMOGRAFÍA
1132,7042100003,MAESTRÍA EN DESARROLLO DEL POTENCIAL HUMANO
1133,7031000005,MAESTRÍA EN DESARROLLO HUMANO
1134,7011300034,MAESTRÍA EN DESARROLLO HUMANO CON ÉNFASIS EN ORIENTACIÓN FAMILIAR Y EDUCATIVA
1135,7031000006,MAESTRÍA EN DESARROLLO HUMANO EN LA DOCENCIA
1136,7042100004,MAESTRÍA EN DESARROLLO HUMANO EN LA ORGANIZACIÓN
1137,7042100005,MAESTRÍA EN DESARROLLO HUMANO EN LAS ORGANIZACIONES
1138,7031100181,MAESTRÍA EN DESARROLLO HUMANO Y ACOMPAÑAMIENTO DE GRUPOS
1139,7042100006,MAESTRÍA EN DESARROLLO HUMANO Y CAPITAL INTELECTUAL
1140,7011100055,MAESTRÍA EN DESARROLLO HUMANO Y EDUCATIVO
1141,7031200028,MAESTRÍA EN DESARROLLO HUMANO Y SOCIAL
1142,7031200029,MAESTRÍA EN DESARROLLO HUMANO Y VALORES
1143,7073100005,MAESTRÍA EN DESARROLLO LOCAL Y TERRITORIO
1144,7031200030,MAESTRÍA EN DESARROLLO REGIONAL
1145,7031200031,MAESTRÍA EN DESARROLLO REGIONAL SUSTENTABLE
1146,7031200032,MAESTRÍA EN DESARROLLO RURAL
1147,7031200033,MAESTRÍA EN DESARROLLO SOCIAL
1148,7011100056,MAESTRÍA EN EDUCACIÓN Y DESARROLLO HUMANO
1149,7031200034,MAESTRÍA EN ESTUDIOS ANTROPOLÓGICOS DE MÉXICO
1150,7031200035,MAESTRÍA EN ESTUDIOS DE GÉNERO
1151,7031200036,MAESTRÍA EN ESTUDIOS DE LA MUJER
1152,7031200037,MAESTRÍA EN ESTUDIOS DE POBLACIÓN
1153,7022000013,MAESTRÍA EN ESTUDIOS HUMANÍSTICOS
1154,7031200038,MAESTRÍA EN ESTUDIOS REGIONALES
1155,7031200039,MAESTRÍA EN ESTUDIOS SOBRE LA REGIÓN
1156,7031200040,MAESTRÍA EN ESTUDIOS SOCIALES
1157,7031200041,MAESTRÍA EN ESTUDIOS SOCIOCULTURALES
1158,7073100006,MAESTRÍA EN ESTUDIOS URBANOS
1159,7073100007,MAESTRÍA EN ESTUDIOS Y GESTIÓN DE LA CIUDAD
1160,7031000007,MAESTRÍA EN FACILITACIÓN DEL DESARROLLO HUMANO
1161,7031200042,MAESTRÍA EN GEOGRAFÍA HUMANA
1162,7031200043,MAESTRÍA EN GESTIÓN Y DESARROLLO SOCIAL
1163,7031500008,MAESTRÍA EN LIDERAZGO JUVENIL
1164,7073100008,MAESTRÍA EN ORDENAMIENTO DEL TERRITORIO
1165,7031100182,MAESTRÍA EN ORIENTACIÓN Y FACILITACIÓN DE GRUPOS CON ENFOQUE HUMANISTA
1166,7031200044,MAESTRÍA EN PENSAMIENTO Y CULTURA EN AMÉRICA LATINA
1167,7073100009,MAESTRÍA EN PLANEACIÓN Y POLÍTICAS METROPOLITANAS
1168,7031200045,MAESTRÍA EN POBLACIÓN Y DESARROLLO
1169,7031200046,"MAESTRÍA EN POBLACIÓN, DESARROLLO Y POLÍTICAS PÚBLICAS"
1170,7031300001,MAESTRÍA EN POLÍTICAS Y GESTIÓN DEL DESARROLLO SOCIAL
1171,7031200047,MAESTRÍA EN PROMOCIÓN Y DESARROLLO CULTURAL
1172,7041000001,MAESTRÍA EN RESPONSABILIDAD SOCIAL
1173,7031200048,MAESTRÍA EN SOCIOLOGÍA
1174,7031200049,MAESTRÍA EN SOCIOLOGÍA DE LA EDUCACIÓN
1175,7031200050,MAESTRÍA EN SOCIOLOGÍA POLÍTICA
1176,7033200001,MAESTRÍA EN VICTIMOLOGÍA
1177,7031100183,MAESTRÍA PARA EL DESARROLLO DEL POTENCIAL HUMANO Y FACILITACIÓN DE GRUPOS
1178,7031300002,MAESTRÍA EN ANÁLISIS POLÍTICO Y MEDIOS DE INFORMACIÓN
1179,7031300003,MAESTRÍA EN ASUNTOS INTERNACIONALES
1180,7031300004,MAESTRÍA EN ASUNTOS POLÍTICOS Y POLÍTICAS PÚBLICAS
1181,7031300005,MAESTRÍA EN CIENCIA POLÍTICA
1182,7031300006,MAESTRÍA EN CIENCIA Y GESTIÓN POLÍTICA
1183,7031300007,MAESTRÍA EN CIENCIAS POLÍTICAS
1184,7031300008,MAESTRÍA EN CIENCIAS POLÍTICAS Y ADMINISTRACIÓN PÚBLICA
1185,7031300009,MAESTRÍA EN CIENCIAS POLÍTICAS Y GESTIÓN PÚBLICA
1186,7031300010,MAESTRÍA EN CIENCIAS POLÍTICAS Y SOCIALES
1187,7031200070,"MAESTRÍA EN CIENCIAS SOCIALES CON ESPECIALIDAD EN DESARROLLO REGIONAL, POLÍTICA Y ETNICIDAD"
1188,7031300011,MAESTRÍA EN COOPERACIÓN INTERNACIONAL PARA EL DESARROLLO
1189,7033100002,MAESTRÍA EN DERECHOS HUMANOS
1190,7031300012,MAESTRÍA EN DERECHOS HUMANOS Y DEMOCRACIA
1191,7031500010,MAESTRÍA EN DERECHOS HUMANOS Y GRUPOS SOCIALMENTE VULNERABLES
1192,7011300036,MAESTRÍA EN EDUCACIÓN PARA LA PAZ
1193,7031300013,MAESTRÍA EN ESTUDIOS DE DESARROLLO GLOBAL
1194,7031300014,MAESTRÍA EN ESTUDIOS EN RELACIONES INTERNACIONALES
1195,7031300015,MAESTRÍA EN ESTUDIOS PARA LA PAZ Y EL DESARROLLO
1196,7031300016,MAESTRÍA EN ESTUDIOS POLÍTICOS Y SOCIALES
1197,7031200071,MAESTRÍA EN ESTUDIOS SOCIOTERRITORIALES
1198,7031300017,MAESTRÍA EN FORMACIÓN POLÍTICA
1199,7042300001,MAESTRÍA EN GESTIÓN Y POLÍTICA PÚBLICA
1200,7042300002,MAESTRÍA EN GESTIÓN Y POLÍTICAS PÚBLICAS
1201,7042300003,MAESTRÍA EN GOBIERNO Y ADMINISTRACIÓN
1202,7031300018,MAESTRÍA EN GOBIERNO Y ASUNTOS PÚBLICOS
1203,7042300004,MAESTRÍA EN GOBIERNO Y GESTIÓN LOCAL
1204,7031300019,MAESTRÍA EN GOBIERNO Y POLÍTICAS PÚBLICAS
1205,7031300020,MAESTRÍA EN GOBIERNO Y POLÍTICAS PÚBLICAS REGIONALES
1206,7042300005,MAESTRÍA EN PLANEACIÓN ESTRATÉGICA MUNICIPAL
1207,7031300021,MAESTRÍA EN POLÍTICA PÚBLICA
1208,7031400002,MAESTRÍA EN POLÍTICA Y GESTIÓN DEL CAMBIO TECNOLÓGICO
1209,7042300006,MAESTRÍA EN POLÍTICA Y GESTIÓN PÚBLICA
1210,7031300022,MAESTRÍA EN POLÍTICA Y GOBIERNO
1211,7031300023,MAESTRÍA EN POLÍTICAS PÚBLICAS
1212,7031300024,MAESTRÍA EN POLÍTICAS PÚBLICAS COMPARADAS
1213,7031300025,MAESTRÍA EN POLÍTICAS PÚBLICAS Y GOBIERNOS LOCALES
1214,7031300026,MAESTRÍA EN RELACIONES INTERNACIONALES
1215,7041100002,MAESTRÍA EN RELACIONES INTERNACIONALES: MEDIO AMBIENTE
1216,7041100003,MAESTRÍA EN RELACIONES Y NEGOCIOS INTERNACIONALES
1217,7031500011,MAESTRÍA EN RESOLUCIÓN DE CONFLICTOS Y MEDIACIÓN
1218,7042000001,MAESTRÍA EN ADMINISTRACIÓN INTEGRAL DEL AMBIENTE
1219,7031400003,MAESTRÍA EN CIENCIAS ECONÓMICAS
1220,7031400004,MAESTRÍA EN CIENCIAS EN ECONOMÍA
1221,7031400005,MAESTRÍA EN CIENCIAS EN ECONOMÍA AGRÍCOLA Y DE LOS RECURSOS NATURALES
1222,7031400006,MAESTRÍA EN CIENCIAS SOCIALES CON ÉNFASIS EN ECONOMÍA
1223,7031400007,MAESTRÍA EN DESARROLLO ECONÓMICO LOCAL
1224,7031400008,MAESTRÍA EN ECONOMÍA
1225,7031400009,MAESTRÍA EN ECONOMÍA APLICADA
1226,7031400010,MAESTRÍA EN ECONOMÍA CON ESPECIALIDAD EN ECONOMÍA INDUSTRIAL
1227,7031400011,MAESTRÍA EN ECONOMÍA DEL SECTOR PÚBLICO
1228,7031400012,MAESTRÍA EN ECONOMÍA EMPRESARIAL
1229,7031400013,MAESTRÍA EN ECONOMÍA FINANCIERA
1230,7031400014,MAESTRÍA EN ECONOMÍA REGIONAL
1231,7031400015,MAESTRÍA EN ECONOMÍA Y DESARROLLO REGIONAL
1232,7031400016,MAESTRÍA EN ECONOMÍA Y GESTIÓN DEL CAMBIO TECNOLÓGICO
1233,7031400017,MAESTRÍA EN ECONOMÍA Y NEGOCIOS
1234,7031400018,MAESTRÍA EN ECONOMÍA Y NEGOCIOS INTERNACIONALES
1235,7031400019,MAESTRÍA EN ECONOMÍA Y POLÍTICA PÚBLICA
1236,7042100010,MAESTRÍA EN PROYECTOS DE DESARROLLO
1237,7031400020,MAESTRÍA EN RELACIONES ECONÓMICAS INTERNACIONALES
1238,7031400021,MAESTRÍA EN TEORÍA ECONÓMICA
1239,7031500018,MAESTRÍA DE FAMILIA Y DE PAREJA
1240,7031500019,MAESTRÍA EN ADICCIONES
1241,7031500020,MAESTRÍA EN CIENCIAS CON ORIENTACIÓN EN TRABAJO SOCIAL
1242,7031500021,MAESTRÍA EN CIENCIAS DE LA FAMILIA
1243,7011300038,MAESTRÍA EN EDUCACIÓN PARA LA FAMILIA
1244,7031500022,MAESTRÍA EN GERONTOLOGÍA
1245,7031500023,MAESTRÍA EN GERONTOLOGÍA SOCIAL
1246,7031500024,MAESTRÍA EN INTERVENCIÓN EN VIOLENCIA
1247,7031500025,MAESTRÍA EN PREVENCIÓN Y ATENCIÓN DE LA VIOLENCIA
1248,7031500026,MAESTRÍA EN RELACIONES FAMILIARES
1249,7031500027,MAESTRÍA EN TRABAJO SOCIAL
1250,7031500028,MAESTRÍA EN TRABAJO SOCIAL CON ORIENTACIÓN EN PROYECTOS SOCIALES
1251,7041200003,MAESTRÍA EN ALTA DIRECCIÓN EN COMUNICACIÓN Y PUBLICIDAD
1252,7032100002,MAESTRÍA EN CIENCIAS DE LA COMUNICACIÓN
1253,7032100003,MAESTRÍA EN CIENCIAS EN COMUNICACIÓN
1254,7032100004,MAESTRÍA EN COMUNICACIÓN
1255,7032100005,"MAESTRÍA EN COMUNICACIÓN CON ÉNFASIS EN COMUNICACIÓN CORPORATIVA, COMUNICACIÓN SOCIAL, DIS"
1256,7032100006,MAESTRÍA EN COMUNICACIÓN CORPORATIVA
1257,7032100007,MAESTRÍA EN COMUNICACIÓN DE LA CIENCIA Y LA CULTURA
1258,7032100008,MAESTRÍA EN COMUNICACIÓN EMPRESARIAL
1259,7032100009,MAESTRÍA EN COMUNICACIÓN ESTRATÉGICA
1260,7032100010,MAESTRÍA EN COMUNICACIÓN ESTRATÉGICA E IMAGEN INSTITUCIONAL
1261,7032100011,MAESTRÍA EN COMUNICACIÓN INSTITUCIONAL
1262,7032100012,MAESTRÍA EN COMUNICACIÓN ORGANIZACIONAL
1263,7032100013,MAESTRÍA EN COMUNICACIÓN PARA LA ACCIÓN POLÍTICA Y SOCIAL
1264,7032100014,MAESTRÍA EN COMUNICACIÓN PERIODÍSTICA Y SUS NUEVAS TECNOLOGÍAS
1265,7032100015,MAESTRÍA EN COMUNICACIÓN POLÍTICA
1266,7032100016,MAESTRÍA EN COMUNICACIÓN POLÍTICA Y MARKETING ELECTORAL
1267,7032100017,MAESTRÍA EN COMUNICACIÓN POLÍTICA Y ORGANIZACIONAL
1268,7032100018,MAESTRÍA EN COMUNICACIÓN PÚBLICA
1269,7032100020,MAESTRÍA EN COMUNICACIÓN SOCIAL Y POLÍTICA
1270,7041200004,MAESTRÍA EN COMUNICACIÓN Y ESTRATEGIAS PUBLICITARIAS
1271,7032100021,MAESTRÍA EN COMUNICACIÓN Y POLÍTICA
1272,7032100022,MAESTRÍA EN COMUNICACIONES CORPORATIVAS
1273,7032100023,MAESTRÍA EN DIRECCIÓN DE LA COMUNICACIÓN
1274,7032100024,MAESTRÍA EN GUIONISMO
1275,7032100025,MAESTRÍA EN PERIODISMO
1276,7032100026,MAESTRÍA EN PERIODISMO ECONÓMICO
1277,7032100027,MAESTRÍA EN PERIODISMO POLÍTICO
1278,7032100028,MAESTRÍA EN RELACIONES INTERINSTITUCIONALES
1279,7021400022,MAESTRÍA EN SEMIÓTICA
1280,7021000008,MAESTRÍA EN TEORÍA Y CRITICA DEL CINE
1281,7032200002,MAESTRÍA EN BIBLIOTECOLOGÍA
1282,7032200003,MAESTRÍA EN BIBLIOTECOLOGÍA Y CIENCIAS DE LA INFORMACIÓN
1283,7032200004,MAESTRÍA EN BIBLIOTECOLOGÍA Y ESTUDIOS DE LA INFORMACIÓN
1284,7032200005,MAESTRÍA EN CIENCIAS DE LA INFORMACIÓN
1285,7042000002,MAESTRÍA EN ADMINISTRACIÓN
1286,7042100013,MAESTRÍA EN ADMINISTRACIÓN CON CONCENTRACIÓN EN CADENA DE SUMINISTROS
1287,7042000003,MAESTRÍA EN ADMINISTRACIÓN CON ENFOQUE ESTRATÉGICO
1288,7041300001,MAESTRÍA EN ADMINISTRACIÓN DE RIESGOS
1289,7042100014,MAESTRÍA EN ADMINISTRACIÓN ESTRATÉGICA
1290,7042100015,MAESTRÍA EN ADMINISTRACIÓN Y GESTIÓN REGIONAL
1291,7042100016,MAESTRÍA EN ADMINISTRACIÓN Y NEGOCIOS
1292,7042000004,MAESTRÍA EN CIENCIAS DE LA ADMINISTRACIÓN
1293,7042100017,MAESTRÍA EN DIRECCIÓN DE OPERACIONES
1294,7042100018,MAESTRÍA EN DIRECCIÓN DE ORGANIZACIONES
1295,7042000005,MAESTRÍA EN DIRECCIÓN INTERNACIONAL
1296,7042100019,MAESTRÍA EN DIRECCIÓN ORGANIZACIONAL
1297,7042000006,MAESTRÍA EN DISEÑO ESTRATÉGICO
1298,7042000007,MAESTRÍA EN DISEÑO ESTRATÉGICO E INNOVACIÓN
1299,7042000008,MAESTRÍA EN EFECTIVIDAD ORGANIZACIONAL
1300,7042000009,MAESTRÍA EN GERENCIA ADMINISTRATIVA CON ESPECIALIDAD EN DIRECCIÓN GENERAL
1301,7042000010,MAESTRÍA EN GESTIÓN EJECUTIVA INTERNACIONAL
1302,7042000011,MAESTRÍA EN LIDERAZGO DESARROLLADOR
1303,7042100020,MAESTRÍA EN PLANEACIÓN ESTRATÉGICA
1304,7042100021,MAESTRÍA EN PLANEACIÓN ESTRATÉGICA Y DIRECCIÓN DE TECNOLOGÍA
1305,7042000012,MAESTRÍA EN PLANEACIÓN Y SISTEMAS
1306,7041000002,MAESTRÍA EN RESPONSABILIDAD SOCIAL CORPORATIVA
1307,7042000013,MBA-MAESTRÍA EN ADMINISTRACIÓN
1308,7042100031,MAESTRÍA EN ADMINISTRACIÓN ÁREA DE POLÍTICAS ADMINISTRATIVAS EN LOS NEGOCIOS
1309,7041100005,MAESTRÍA EN ADMINISTRACIÓN CON ACENTUACIÓN EN COMERCIO INTERNACIONAL
1310,7042100032,MAESTRÍA EN ADMINISTRACIÓN CON ENFOQUE EN ADMINISTRACIÓN DE NEGOCIOS
1311,7041100006,MAESTRÍA EN ADMINISTRACIÓN CON ESPECIALIDAD EN NEGOCIOS INTERNACIONALES
1312,7042100033,MAESTRÍA EN ADMINISTRACIÓN DE NEGOCIOS
1313,7041300003,MAESTRÍA EN ADMINISTRACIÓN DE NEGOCIOS (FINANZAS)
1314,7041200009,MAESTRÍA EN ADMINISTRACIÓN DE NEGOCIOS (MERCADOTECNIA)
1315,7042100034,MAESTRÍA EN ADMINISTRACIÓN DE NEGOCIOS ÁREA CALIDAD Y PRODUCTIVIDAD
1316,7042100035,MAESTRÍA EN ADMINISTRACIÓN DE NEGOCIOS ÁREA DE CALIDAD Y PRODUCCIÓN
1317,7041300004,MAESTRÍA EN ADMINISTRACIÓN DE NEGOCIOS ÁREA FINANZAS
1318,7041200010,MAESTRÍA EN ADMINISTRACIÓN DE NEGOCIOS ÁREA MERCADOTECNIA
1319,7042100036,MAESTRÍA EN ADMINISTRACIÓN DE NEGOCIOS ÁREA RECURSOS HUMANOS
1320,7041300005,MAESTRÍA EN ADMINISTRACIÓN DE NEGOCIOS CON ESPECIALIDAD EN FINANZAS
1321,7041200011,MAESTRÍA EN ADMINISTRACIÓN DE NEGOCIOS CON ESPECIALIDAD EN MERCADOTECNIA
1322,7042100037,MAESTRÍA EN ADMINISTRACIÓN DE NEGOCIOS CON ESPECIALIDAD EN RECURSOS HUMANOS
1323,7042100038,MAESTRÍA EN ADMINISTRACIÓN DE NEGOCIOS ESPECIALIDAD CALIDAD Y PRODUCCIÓN
1324,7041100007,MAESTRÍA EN ADMINISTRACIÓN DE NEGOCIOS INTERNACIONALES
1325,7042100039,MAESTRÍA EN ADMINISTRACIÓN DE NEGOCIOS Y RECURSOS HUMANOS
1326,7042100040,MAESTRÍA EN ADMINISTRACIÓN INTERNACIONAL
1327,7042100041,MAESTRÍA EN ADMINISTRACIÓN Y DESARROLLO DE NEGOCIOS
1328,7042000027,MAESTRÍA EN ADMINISTRACIÓN Y DIRECCIÓN DE NEGOCIOS
1329,7041100008,MAESTRÍA EN ADMINISTRACIÓN Y VENTA DE BIENES RAÍCES
1330,7041100009,MAESTRÍA EN AGRONEGOCIOS
1331,7042100042,MAESTRÍA EN ALTA DIRECCIÓN DE NEGOCIOS
1332,7042100043,MAESTRÍA EN ALTA DIRECCIÓN Y NEGOCIOS INTERNACIONALES
1333,7041100010,MAESTRÍA EN CIENCIAS DE LA VALUACIÓN
1334,7041100011,MAESTRÍA EN CIENCIAS EN AGRONEGOCIOS
1335,7041100012,MAESTRÍA EN CIENCIAS EN COMERCIO EXTERIOR
1336,7041100013,MAESTRÍA EN COMERCIO ELECTRÓNICO
1337,7041100014,MAESTRÍA EN COMERCIO EXTERIOR
1338,7041100015,MAESTRÍA EN COMERCIO EXTERIOR Y ADUANAS
1339,7041100016,MAESTRÍA EN COMERCIO EXTERIOR Y NEGOCIOS INTERNACIONALES
1340,7041100017,MAESTRÍA EN COMERCIO INTERNACIONAL
1341,7041100018,MAESTRÍA EN COMERCIO Y MERCADOS INTERNACIONALES
1342,7042100044,MAESTRÍA EN DESARROLLO EMPRESARIAL
1343,7042100045,MAESTRÍA EN DESARROLLO EMPRESARIAL E INTELIGENCIA EJECUTIVA
1344,7041200012,MAESTRÍA EN DIRECCIÓN COMERCIAL
1345,7042100046,MAESTRÍA EN DIRECCIÓN DE NEGOCIOS
1346,7042100047,MAESTRÍA EN DIRECCIÓN EMPRESARIAL CON ACENTUACIÓN EN EL ÁREA DE ADMINISTRACIÓN DE NEGOCIOS
1347,7041100019,MAESTRÍA EN DIRECCIÓN GLOBAL DE NEGOCIOS
1348,7042100048,MAESTRÍA EN DIRECCIÓN Y NEGOCIOS INTERNACIONALES
1349,7041100020,MAESTRÍA EN GESTIÓN DE NEGOCIOS DE MANUFACTURA
1350,7041100021,MAESTRÍA EN GESTIÓN ESTRATÉGICA DE NEGOCIOS INTERNACIONALES
1351,7041100022,MAESTRÍA EN LOGÍSTICA Y NEGOCIOS INTERNACIONALES
1352,7041100023,MAESTRÍA EN NEGOCIOS
1353,7041100024,MAESTRÍA EN NEGOCIOS INTERNACIONALES
1354,7041100025,MAESTRÍA EN NEGOCIOS Y COMERCIO INTERNACIONAL
1355,7041100026,MAESTRÍA EN NEGOCIOS Y ESTUDIOS ECONÓMICOS
1356,7041400001,MAESTRÍA EN OPERACIÓN ADUANERA
1357,7041100027,MAESTRÍA EN PERITO VALUADOR
1358,7041100029,MAESTRÍA EN VALUACIÓN
1359,7041100030,MAESTRÍA EN VALUACIÓN INMOBILIARIA
1360,7041100031,MAESTRÍA EN VALUACIÓN INMOBILIARIA E INDUSTRIAL
1361,7041100032,MAESTRÍA TECNOLÓGICA EN AGRONEGOCIOS
1362,7041200021,MAESTRÍA EN ADMINISTRACIÓN (MERCADOTECNIA)
1363,7041200022,MAESTRÍA EN ADMINISTRACIÓN ACENTUACIÓN MERCADOTECNIA INTERNACIONAL
1364,7041200023,MAESTRÍA EN ADMINISTRACIÓN ÁREA MERCADOTECNIA
1365,7041200024,MAESTRÍA EN ADMINISTRACIÓN ÁREA PUBLICIDAD
1366,7041200025,MAESTRÍA EN ADMINISTRACIÓN CON ACENTUACIÓN EN MERCADOTECNIA
1367,7041200026,"MAESTRÍA EN ADMINISTRACIÓN CON ACENTUACIÓN EN MERCADOTECNIA, FINANZAS Y CALIDAD"
1368,7041200027,MAESTRÍA EN ADMINISTRACIÓN CON CONCENTRACIÓN EN MERCADOTECNIA
1369,7041200028,MAESTRÍA EN ADMINISTRACIÓN CON ESPECIALIDAD EN COMERCIALIZACIÓN ESTRATÉGICA
1370,7041200029,MAESTRÍA EN ADMINISTRACIÓN CON FORMACIÓN EN MERCADOTECNIA
1371,7041200030,MAESTRÍA EN CIENCIAS EN EL ÁREA DE MERCADOTECNIA SOCIAL Y POLÍTICA
1372,7041200031,MAESTRÍA EN COMERCIALIZACIÓN Y DESARROLLO DE MERCADO
1373,7041200032,MAESTRÍA EN COMUNICACIÓN Y MERCADOTECNIA
1374,7041200033,MAESTRÍA EN COMUNICACIÓN Y MERCADOTECNIA ESTRATÉGICA
1375,7021600021,MAESTRÍA EN DESARROLLO DE PRODUCTOS
1376,7041200034,MAESTRÍA EN DIRECCIÓN DE MERCADOTECNIA
1377,7041200035,MAESTRÍA EN DIRECCIÓN Y MARKETING INTERNACIONAL
1378,7041200036,MAESTRÍA EN DIRECCIÓN Y MERCADOTECNIA
1379,7041200037,MAESTRÍA EN DIRECCIÓN Y PRODUCCIÓN PUBLICITARIA
1380,7042100060,MAESTRÍA EN ESTRATEGIA EMPRESARIAL
1381,7041200038,MAESTRÍA EN GESTIÓN DE LA MERCADOTECNIA
1382,7041200039,MAESTRÍA EN LIDERAZGO Y MERCADOTECNIA EMPRESARIAL
1383,7041100060,MAESTRÍA EN LOGÍSTICA INTERNACIONAL
1384,7041200040,MAESTRÍA EN MARKETING
1385,7041200041,MAESTRÍA EN MARKETING Y NEGOCIOS INTERNACIONALES
1386,7041200042,MAESTRÍA EN MERCADOTECNIA
1387,7041200043,MAESTRÍA EN MERCADOTECNIA ESTRATÉGICA
1388,7041200044,MAESTRÍA EN MERCADOTECNIA GLOBAL
1389,7041200045,MAESTRÍA EN MERCADOTECNIA INTEGRAL
1390,7041200046,MAESTRÍA EN MERCADOTECNIA TURÍSTICA
1391,7041200047,MAESTRÍA EN MERCADOTECNIA Y COMERCIO INTERNACIONAL
1392,7041200048,MAESTRÍA EN MERCADOTECNIA Y DIRECCIÓN COMERCIAL
1393,7041200049,MAESTRÍA EN MERCADOTECNIA Y ESTRATEGIAS COMERCIALES
1394,7041200050,MAESTRÍA EN MERCADOTECNIA Y NEGOCIOS INTERNACIONALES
1395,7041200051,MAESTRÍA EN MERCADOTECNIA Y PUBLICIDAD
1396,7041200052,MAESTRÍA EN MERCADOTECNIA Y VENTAS
1397,7041200053,MAESTRÍA EN PUBLICIDAD
1398,7041200054,MAESTRÍA EN PUBLICIDAD Y COMUNICACIÓN CORPORATIVA
1399,7041200055,MAESTRÍA EN RELACIONES PÚBLICAS
1400,7041300009,ADMINISTRACIÓN FINANCIERA Y DE MERCADO CON GRADO DE MAESTRÍA
1401,7041300010,MAESTRÍA EN ADMINISTRACIÓN (FINANZAS)
1402,7041300011,MAESTRÍA EN ADMINISTRACIÓN ACENTUACIÓN FINANZAS INTERNACIONALES
1403,7041300012,MAESTRÍA EN ADMINISTRACIÓN ÁREA FINANZAS
1404,7041300013,MAESTRÍA EN ADMINISTRACIÓN CON ESPECIALIDAD EN FINANZAS
1405,7041300014,MAESTRÍA EN ADMINISTRACIÓN CON FORMACIÓN EN FINANZAS
1406,7041300015,MAESTRÍA EN ADMINISTRACIÓN FINANCIERA
1407,7041300016,MAESTRÍA EN ADMINISTRACIÓN Y FINANZAS
1408,7041300017,MAESTRÍA EN BANCA Y FINANZAS
1409,7041300018,MAESTRÍA EN BANCA Y MERCADOS FINANCIEROS
1410,7041400002,MAESTRÍA EN CONTRALORÍA
1411,7041300019,MAESTRÍA EN DAÑOS Y AJUSTES
1412,7041300020,MAESTRÍA EN DIRECCIÓN Y FINANZAS
1413,7041300021,MAESTRÍA EN FINANZAS
1414,7041300022,MAESTRÍA EN FINANZAS CORPORATIVAS
1415,7041300023,MAESTRÍA EN FINANZAS CUANTITATIVAS
1416,7041300024,MAESTRÍA EN FINANZAS EMPRESARIALES
1417,7041300025,MAESTRÍA EN FINANZAS ESTRATÉGICAS
1418,7041300026,MAESTRÍA EN FINANZAS PÚBLICAS
1419,7041300027,MAESTRÍA EN FINANZAS Y GESTIÓN
1420,7031400031,MAESTRÍA EN INGENIERÍA ECONÓMICA Y FINANCIERA
1421,7041300028,MAESTRÍA EN PROYECTOS DE INVERSIÓN
1422,7033100006,MAESTRÍA EN ADMINISTRACIÓN CON ESPECIALIDAD EN DERECHO FISCAL
1423,7041400003,MAESTRÍA EN ADMINISTRACIÓN CON ESPECIALIDAD EN ESTUDIOS FISCALES
1424,7041400004,MAESTRÍA EN ADMINISTRACIÓN CON ESPECIALIDAD EN IMPUESTOS
1425,7041400005,MAESTRÍA EN ADMINISTRACIÓN DE IMPUESTOS
1426,7041400006,MAESTRÍA EN ADMINISTRACIÓN FISCAL
1427,7041400007,MAESTRÍA EN ADMINISTRACIÓN TRIBUTARIA
1428,7041400008,MAESTRÍA EN ANÁLISIS TRIBUTARIO
1429,7041400009,MAESTRÍA EN AUDITORÍA
1430,7041400010,MAESTRÍA EN AUDITORÍA GUBERNAMENTAL
1431,7041400012,MAESTRÍA EN AUDITORÍA Y GESTIÓN EMPRESARIAL
1432,7041400013,MAESTRÍA EN CONTABILIDAD ÁREA IMPUESTOS
1433,7041400014,MAESTRÍA EN CONTABILIDAD FISCAL Y FINANCIERA
1434,7041400015,MAESTRÍA EN CONTABILIDAD Y GESTIÓN GUBERNAMENTAL
1435,7041400016,MAESTRÍA EN CONTADURÍA
1436,7041400017,MAESTRÍA EN CONTADURÍA Y ESTRATEGIAS CORPORATIVAS CON ACENTUACIÓN EN AUDITORÍA Y FINANZAS
1437,7041400018,MAESTRÍA EN CONTADURÍA Y ESTRATEGIAS CORPORATIVAS CON ACENTUACIÓN EN OBLIGACIONES TRIBUTARIAS
1438,7041400019,MAESTRÍA EN CONTRIBUCIONES
1439,7041400020,MAESTRÍA EN CONTRIBUCIONES FISCALES
1440,7041400021,MAESTRÍA EN CONTRIBUCIONES Y ESTRATEGIA FISCAL
1441,7041400022,MAESTRÍA EN CONTROL Y FISCALIZACIÓN
1442,7033100007,MAESTRÍA EN DEFENSA ADMINISTRATIVA Y FISCAL
1443,7041400023,MAESTRÍA EN FISCAL
1444,7041400024,MAESTRÍA EN FISCALIZACIÓN DE LA GESTIÓN PÚBLICA
1445,7041400025,MAESTRÍA EN FISCALIZACIÓN Y RENDICIÓN DE CUENTAS
1446,7041400026,MAESTRÍA EN GESTIÓN FISCAL DE INVERSIONES
1447,7041400027,MAESTRÍA EN HACIENDA PÚBLICA
1448,7041400028,MAESTRÍA EN IMPUESTOS
1449,7041400029,MAESTRÍA EN IMPUESTOS CON ENFOQUE ESTRATÉGICO
1450,7041400030,MAESTRÍA EN IMPUESTOS INTERNACIONALES
1451,7041400031,MAESTRÍA EN LEGISLACIÓN FISCAL
1452,7041400033,MAESTRÍA EN POLÍTICA FISCAL Y TRIBUTARIA
1453,7041400034,MAESTRÍA NUEVA VISIÓN DE LA TRIBUTACIÓN Y CONTABILIDAD INTERNACIONAL
1454,7042500002,MAESTRÍA EN ADMINISTRACIÓN DE EDUCACIÓN SUPERIOR
1455,7042500003,MAESTRÍA EN ADMINISTRACIÓN DE INSTITUCIONES EDUCATIVAS
1456,7042500004,MAESTRÍA EN ADMINISTRACIÓN DE ORGANIZACIONES EDUCATIVAS
1457,7011200066,MAESTRÍA EN ADMINISTRACIÓN DE TECNOLOGÍA EDUCATIVA
1458,7011200067,MAESTRÍA EN ADMINISTRACIÓN EDUCATIVA
1459,7042500005,MAESTRÍA EN ADMINISTRACIÓN EN EDUCACIÓN SUPERIOR
1460,7042500006,MAESTRÍA EN ADMINISTRACIÓN ESCOLAR
1461,7042500008,MAESTRÍA EN ADMINISTRACIÓN Y DIRECCIÓN DE CENTROS EDUCATIVOS
1462,7042500009,MAESTRÍA EN ADMINISTRACIÓN Y GESTIÓN DE INSTITUCIONES EDUCATIVAS
1463,7011200068,MAESTRÍA EN ADMINISTRACIÓN Y GESTIÓN EDUCATIVA
1464,7042500010,MAESTRÍA EN CIENCIAS DE LA EDUCACIÓN CON ESPECIALIDAD EN ADMINISTRACIÓN
1465,7042500011,MAESTRÍA EN DIRECCIÓN DE CENTROS EDUCATIVOS
1466,7042500012,MAESTRÍA EN DIRECCIÓN DE ORGANIZACIONES EDUCATIVAS
1467,7042500013,MAESTRÍA EN DIRECCIÓN EDUCATIVA
1468,7042500014,MAESTRÍA EN DIRECCIÓN Y ADMINISTRACIÓN EDUCATIVA
1469,7042500015,MAESTRÍA EN DIRECCIÓN Y GESTIÓN DE INSTITUCIONES EDUCATIVAS
1470,7042500016,MAESTRÍA EN DOCENCIA Y ADMINISTRACIÓN DE LA EDUCACIÓN SUPERIOR
1471,7011200069,MAESTRÍA EN DOCENCIA Y ADMINISTRACIÓN SUPERIOR
1472,7042500017,MAESTRÍA EN DOCENCIA Y GESTIÓN DE INSTITUCIONES EDUCATIVAS
1473,7042500018,MAESTRÍA EN EDUCACIÓN: ÁREA ADMINISTRACIÓN EDUCATIVA Y GESTIÓN
1474,7011200070,MAESTRÍA EN EDUCACIÓN CON ACENTUACIÓN EN ADMINISTRACIÓN EDUCATIVA
1475,7042500019,MAESTRÍA EN EDUCACIÓN CON ÁREA TERMINAL EN ADMINISTRACIÓN DE LA EDUCACIÓN
1476,7011200071,"MAESTRÍA EN EDUCACIÓN CON CAMPOS EN GESTIÓN EDUCATIVA, ORIENTACIÓN EDUCATIVA Y EDUCACIÓN INICIAL"
1477,7011200072,MAESTRÍA EN EDUCACIÓN CON ESPECIALIDAD EN ADMINISTRACIÓN EDUCATIVA
1478,7042500020,MAESTRÍA EN EDUCACIÓN EN DIRECCIÓN Y GESTIÓN DE CENTROS EDUCATIVOS
1479,7011100058,"MAESTRÍA EN EDUCACIÓN INFANTIL CON ESPECIALIDAD EN: PEDAGOGÍA INFANTIL, PSICOPEDAGOGÍA INFANTIL, ADMINISTRACIÓN Y GESTIÓN INFANTIL"
1480,7042500021,MAESTRÍA EN EDUCACIÓN MEDIA Y UNIVERSITARIA Y EN DIRECCIÓN Y ADMINISTRACIÓN EDUCATIVA
1481,7042500022,MAESTRÍA EN EDUCACIÓN Y ADMINISTRACIÓN EN PRIMARIA
1482,7042500023,MAESTRÍA EN EDUCACIÓN Y ADMINISTRACIÓN ESCOLAR
1483,7042500024,MAESTRÍA EN EDUCACIÓN: DIRECCIÓN Y ORGANIZACIÓN DE INSTITUCIONES EDUCATIVAS
1484,7011200073,MAESTRÍA EN EVALUACIÓN INSTITUCIONAL
1485,7042500025,MAESTRÍA EN GESTIÓN DE INSTITUCIONES DE EDUCACIÓN SUPERIOR
1486,7042500026,MAESTRÍA EN GESTIÓN DE INSTITUCIONES EDUCATIVAS
1487,7011200074,MAESTRÍA EN GESTIÓN DE LA EDUCACIÓN SUPERIOR
1488,7042500027,MAESTRÍA EN GESTIÓN DIRECTIVA DE INSTITUCIONES EDUCATIVAS
1489,7011200075,MAESTRÍA EN GESTIÓN EDUCATIVA
1490,7042500028,MAESTRÍA EN GESTIÓN Y ADMINISTRACIÓN DE INSTITUCIONES EDUCATIVAS
1491,7011200076,MAESTRÍA EN GESTIÓN Y ADMINISTRACIÓN EDUCATIVA
1492,7042500029,MAESTRÍA EN GESTIÓN Y DIRECCIÓN DE CENTROS EDUCATIVOS
1493,7011200077,MAESTRÍA EN GESTIÓN Y POLÍTICAS DE LA EDUCACIÓN SUPERIOR
1494,7011300039,MAESTRÍA EN INTERVENCIÓN Y GESTIÓN EDUCATIVA
1495,7042500030,MAESTRÍA EN SUPERVISIÓN EDUCATIVA
1496,7042000032,"MAESTRÍA EN ADMINISTRACIÓN (GESTIÓN, ORGANIZACIÓN, CONTABILIDAD, GERENCIA, ADMINISTRACIÓN FINANCIERA, AUDITORÍA, FISCAL)"
1497,7042100065,MAESTRÍA EN ADMINISTRACIÓN (ORGANIZACIONES)
1498,7042100066,MAESTRÍA EN ADMINISTRACIÓN (RECURSOS HUMANOS)
1499,7042100067,MAESTRÍA EN ADMINISTRACIÓN ACENTUACIÓN DESARROLLO ORGANIZACIONAL
1500,7041300039,MAESTRÍA EN ADMINISTRACIÓN ACENTUACIÓN FINANZAS
1501,7042100068,MAESTRÍA EN ADMINISTRACIÓN ACENTUACIÓN GERENCIA GLOBAL
1502,7042100069,MAESTRÍA EN ADMINISTRACIÓN ÁREA ALTA DIRECCIÓN
1503,7042100070,MAESTRÍA EN ADMINISTRACIÓN ÁREA RECURSOS HUMANOS
1504,7041300040,MAESTRÍA EN ADMINISTRACIÓN CON ACENTUACIÓN EN FINANZAS
1505,7042100071,MAESTRÍA EN ADMINISTRACIÓN CON ACENTUACIÓN EN LIDERAZGO
1506,7042100072,MAESTRÍA EN ADMINISTRACIÓN CON ACENTUACIÓN EN MEDIACIÓN
1507,7042100073,MAESTRÍA EN ADMINISTRACIÓN CON ACENTUACIÓN EN RECURSOS HUMANOS
1508,7042100074,MAESTRÍA EN ADMINISTRACIÓN CON CONCENTRACIÓN EN ALTA DIRECCIÓN
1509,7041300041,MAESTRÍA EN ADMINISTRACIÓN CON CONCENTRACIÓN EN FINANZAS
1510,7042100075,MAESTRÍA EN ADMINISTRACIÓN CON CONCENTRACIÓN EN NEGOCIOS INTERNACIONALES
1511,7042100076,MAESTRÍA EN ADMINISTRACIÓN CON CONCENTRACIÓN EN RECURSOS HUMANOS
1512,7041300042,MAESTRÍA EN ADMINISTRACIÓN CON ESPECIALIDAD EN DERECHO CORPORATIVO Y FINANZAS
1513,7042100077,MAESTRÍA EN ADMINISTRACIÓN CON ESPECIALIDAD EN DIRECCIÓN DEL FACTOR HUMANO
1514,7042100078,MAESTRÍA EN ADMINISTRACIÓN CON ESPECIALIDAD EN NEGOCIOS
1515,7042100079,MAESTRÍA EN ADMINISTRACIÓN CON ESPECIALIDAD EN RECURSOS HUMANOS
1516,7042100080,MAESTRÍA EN ADMINISTRACIÓN CON FORMACIÓN EN ORGANIZACIONES
1517,7042000033,MAESTRÍA EN ADMINISTRACIÓN CON TRES ÉNFASIS
1518,7042100081,MAESTRÍA EN ADMINISTRACIÓN DE CAPITAL HUMANO
1519,7042100082,MAESTRÍA EN ADMINISTRACIÓN DE EMPRESAS
1520,7042100083,MAESTRÍA EN ADMINISTRACIÓN DE EMPRESAS DE SERVICIO
1521,7042100084,MAESTRÍA EN ADMINISTRACIÓN DE ORGANIZACIONES
1522,7042100085,MAESTRÍA EN ADMINISTRACIÓN DE PEQUEÑAS Y MEDIANAS EMPRESAS
1523,7042100086,MAESTRÍA EN ADMINISTRACIÓN DE PERSONAL
1524,7042100087,MAESTRÍA EN ADMINISTRACIÓN DE PERSONAL Y RECURSOS HUMANOS
1525,7042100088,MAESTRÍA EN ADMINISTRACIÓN DE PROYECTOS
1526,7042100089,MAESTRÍA EN ADMINISTRACIÓN DE PYMES
1527,7042100090,MAESTRÍA EN ADMINISTRACIÓN DE RECURSOS HUMANOS
1528,7042100091,MAESTRÍA EN ADMINISTRACIÓN DEL CAPITAL HUMANO
1529,7042100092,MAESTRÍA EN ADMINISTRACIÓN DEL FACTOR HUMANO
1530,7042100093,MAESTRÍA EN ADMINISTRACIÓN EMPRESARIAL
1531,7042100094,"MAESTRÍA EN ADMINISTRACIÓN EN LAS ÁREAS DE RECURSOS HUMANOS, MERCADOTECNIA Y ADMINISTRACIÓN DE EMPRESAS"
1532,7042100095,MAESTRÍA EN ADMINISTRACIÓN ESPECIALIDAD EN ALTA DIRECCIÓN
1533,7042100096,MAESTRÍA EN ADMINISTRACIÓN ORGANIZACIONAL
1534,7042100097,MAESTRÍA EN ADMINISTRACIÓN POR CALIDAD TOTAL
1535,7042100098,MAESTRÍA EN ADMINISTRACIÓN Y ALTA DIRECCIÓN
1536,7042100099,MAESTRÍA EN ADMINISTRACIÓN Y CONSULTORÍA
1537,7042100100,MAESTRÍA EN ADMINISTRACIÓN Y DESARROLLO DE RECURSOS HUMANOS
1538,7042100101,MAESTRÍA EN ADMINISTRACIÓN Y DIRECCIÓN DE EMPRESAS
1539,7042100102,MAESTRÍA EN ADMINISTRACIÓN Y GESTIÓN DE NEGOCIOS
1540,7042100103,MAESTRÍA EN ADMINISTRACIÓN Y LIDERAZGO
1541,7042100104,MAESTRÍA EN ALTA DIRECCIÓN
1542,7042100105,MAESTRÍA EN ALTA DIRECCIÓN EMPRESARIAL
1543,7042100106,MAESTRÍA EN ALTA DIRECCIÓN Y GESTIÓN ORGANIZACIONAL
1544,7042400003,MAESTRÍA EN CIENCIAS DE LA ADMINISTRACIÓN (PRODUCCIÓN Y CALIDAD)
1545,7042100107,MAESTRÍA EN CIENCIAS EN EL ÁREA DE ADMINISTRACIÓN Y HABILIDADES GERENCIALES
1546,7042100108,MAESTRÍA EN CIENCIAS EN PLANIFICACIÓN DE EMPRESAS Y DESARROLLO REGIONAL
1547,7042100110,MAESTRÍA EN CONSULTOR DE PEQUEÑAS Y MEDIANAS EMPRESAS
1548,7042100111,MAESTRÍA EN DESARROLLO DE CAPITAL HUMANO
1549,7042100112,MAESTRÍA EN DESARROLLO DE RECURSOS HUMANOS
1550,7042100113,MAESTRÍA EN DESARROLLO DEL CAPITAL INTELECTUAL Y HUMANO
1551,7042100114,MAESTRÍA EN DESARROLLO ORGANIZACIONAL
1552,7042100115,MAESTRÍA EN DESARROLLO ORGANIZACIONAL Y HUMANO
1553,7042100116,MAESTRÍA EN DESARROLLO Y ADMINISTRACIÓN DEL CAPITAL HUMANO
1554,7042100117,MAESTRÍA EN DESARROLLO Y DIRECCIÓN DEL CAPITAL HUMANO
1555,7042100118,MAESTRÍA EN DIRECCIÓN CORPORATIVA
1556,7042100119,MAESTRÍA EN DIRECCIÓN DE EMPRESAS
1557,7042100120,MAESTRÍA EN DIRECCIÓN DE EMPRESAS FAMILIARES
1558,7042100121,MAESTRÍA EN DIRECCIÓN DE EMPRESAS PARA EJECUTIVOS CON EXPERIENCIA
1559,7042100122,MAESTRÍA EN DIRECCIÓN DE PROYECTOS
1560,7042100123,MAESTRÍA EN DIRECCIÓN EMPRESARIAL
1561,7042100124,MAESTRÍA EN DIRECCIÓN EMPRESARIAL CON ACENTUACIÓN EN EL ÁREA DE INFORMACIÓN FINANCIERA
1562,7042100125,MAESTRÍA EN DIRECCIÓN EMPRESARIAL CON ACENTUACIÓN EN EL ÁREA DE INFORMÁTICA ADMINISTRATIVA
1563,7042100126,MAESTRÍA EN DIRECCIÓN ESTRATÉGICA
1564,7042100127,MAESTRÍA EN DIRECCIÓN ESTRATÉGICA DE CAPITAL HUMANO
1565,7042100128,MAESTRÍA EN DIRECCIÓN ESTRATÉGICA DE EMPRESAS FAMILIARES
1566,7042100129,MAESTRÍA EN DIRECCIÓN ESTRATÉGICA DE LA CALIDAD
1567,7042100130,MAESTRÍA EN DIRECCIÓN ESTRATÉGICA DE NEGOCIOS
1568,7042100131,MAESTRÍA EN DIRECCIÓN ESTRATÉGICA DEL CAPITAL HUMANO
1569,7042100132,MAESTRÍA EN DIRECCIÓN LOGÍSTICA INTEGRAL
1570,7042100133,MAESTRÍA EN DIRECCIÓN Y ESTRATÉGICAS DE RECURSOS HUMANOS
1571,7042100134,MAESTRÍA EN DIRECCIÓN Y GESTIÓN DE INSTITUCIONES
1572,7042100135,MAESTRÍA EN DIRECCIÓN Y GESTIÓN EMPRESARIAL
1573,7042100136,"MAESTRÍA EN DISEÑO, GESTIÓN Y DIRECCIÓN DE PROYECTOS"
1574,7042100138,MAESTRÍA EN ESTUDIOS ORGANIZACIONALES
1575,7042100139,MAESTRÍA EN EXECUTIVE MBA - MAESTRÍA EN DIRECCIÓN DE EMPRESAS
1576,7042100140,MAESTRÍA EN GERENCIA DE PROYECTOS
1577,7042100141,MAESTRÍA EN GERENCIA EMPRESARIAL
1578,7042100142,MAESTRÍA EN GESTIÓN ADMINISTRATIVA
1579,7042100143,MAESTRÍA EN GESTIÓN DE LA CALIDAD
1580,7042100144,MAESTRÍA EN GESTIÓN DE RECURSOS HUMANOS
1581,7041300043,MAESTRÍA EN GESTIÓN DE RIESGO
1582,7042100145,MAESTRÍA EN GESTIÓN DEL FACTOR Y CAPITAL HUMANO
1583,7042100146,MAESTRÍA EN GESTIÓN DIRECTIVA
1584,7042100147,MAESTRÍA EN GESTIÓN EMPRESARIAL
1585,7042100148,MAESTRÍA EN HABILIDADES DIRECTIVAS
1586,7042100149,MAESTRÍA EN HABILIDADES EMPRESARIALES
1587,7042100150,MAESTRÍA EN INGENIERÍA DE GESTIÓN EMPRESARIAL
1588,7042100151,MAESTRÍA EN INNOVACIÓN EMPRESARIAL Y TECNOLÓGICA
1589,7042100152,MAESTRÍA EN INNOVACIÓN Y DIRECCIÓN ESTRATÉGICA
1590,7042100153,MAESTRÍA EN LIDERAZGO ORGANIZACIONAL
1591,7041100062,MAESTRÍA EN LOGÍSTICA
1592,7042100154,MAESTRÍA EN LOGÍSTICA Y RECURSOS HUMANOS
1593,7042000034,MAESTRÍA EN PLANEACIÓN
1594,7042100155,MAESTRÍA EN PLANEACIÓN DE EMPRESAS Y DESARROLLO REGIONAL
1595,7042100156,MAESTRÍA EN PLANIFICACIÓN DE EMPRESAS
1596,7042100157,MAESTRÍA EN PLANIFICACIÓN DE EMPRESAS Y DESARROLLO REGIONAL
1597,7042100158,MAESTRÍA EN PROCESOS DE CAPACITACIÓN Y CERTIFICACIÓN
1598,7042100159,MAESTRÍA EN PROCESOS DE CAPACITACIÓN Y CERTIFICACIÓN CON ACENTUACIÓN EN DISEÑO DE SISTEMAS DE CAPACITACIÓN
1599,7042100160,MAESTRÍA EN PROCESOS DE CAPACITACIÓN Y CERTIFICACIÓN CON ACENTUACIÓN EN EVALUACIÓN DE SISTEMAS Y PROGRAMAS DE CAPACITACIÓN
1600,7042100161,MAESTRÍA EN PROCESOS DE CAPACITACIÓN Y CERTIFICACIÓN CON ACENTUACIÓN EN GESTIÓN DE PROCESOS DE CAPACITACIÓN
1601,7042100162,MAESTRÍA EN RECURSOS HUMANOS
1602,7042100163,MAESTRÍA EN RECURSOS HUMANOS Y GESTIÓN DEL CONOCIMIENTO
1603,7042100164,MAESTRÍA EN RELACIONES INDUSTRIALES
1604,7042100165,MAESTRÍA EN RELACIONES LABORALES
1605,7042100166,MAESTRÍA EN SISTEMAS DE ADMINISTRACIÓN DE LA CALIDAD
1606,7042100167,MAESTRÍA EN TECNOLOGÍAS APLICADAS A LA DIRECCIÓN DE EMPRESAS
1607,7041100063,MAESTRÍA INTERNACIONAL EN GESTIÓN GLOBAL
1608,7042000035,MAESTRÍA  EN PLANEACIÓN
1609,7042300014,MAESTRÍA EN ADMINISTRACIÓN CON FORMACIÓN EN ADMINISTRACIÓN PÚBLICA
1610,7042300015,MAESTRÍA EN ADMINISTRACIÓN MILITAR PARA LA SEGURIDAD INTERIOR Y DEFENSA NACIONAL
1611,7042300016,MAESTRÍA EN ADMINISTRACIÓN MUNICIPAL
1612,7042300017,MAESTRÍA EN ADMINISTRACIÓN NAVAL
1613,7042300018,MAESTRÍA EN ADMINISTRACIÓN PÚBLICA
1614,7042300019,MAESTRÍA EN ADMINISTRACIÓN PÚBLICA ÁREA DE ÉNFASIS EN FINANZAS PÚBLICAS
1615,7042300020,MAESTRÍA EN ADMINISTRACIÓN PÚBLICA ÁREA DE ÉNFASIS EN POLÍTICAS PÚBLICAS
1616,7042300021,MAESTRÍA EN ADMINISTRACIÓN PÚBLICA ESTATAL Y MUNICIPAL
1617,7042300022,MAESTRÍA EN ADMINISTRACIÓN PÚBLICA MUNICIPAL
1618,7042300023,MAESTRÍA EN ADMINISTRACIÓN PÚBLICA Y GOBIERNO
1619,7042300024,MAESTRÍA EN ADMINISTRACIÓN PÚBLICA Y TRANSPARENCIA GUBERNAMENTAL
1620,7042300025,"MAESTRÍA EN ADMINISTRACIÓN PÚBLICA, ESTATAL Y MUNICIPAL"
1621,7042300026,MAESTRÍA EN ADMINISTRACIÓN Y POLÍTICAS PÚBLICAS
1622,7042300027,MAESTRÍA EN ALTA GERENCIA PARA EL DESARROLLO MUNICIPAL
1623,7042000037,MAESTRÍA EN CIENCIAS ADMINISTRATIVAS
1624,7042300028,MAESTRÍA EN DIRECCIÓN DE GOBIERNO Y POLÍTICAS PÚBLICAS
1625,7042300029,MAESTRÍA EN ECONOMÍA Y ADMINISTRACIÓN PÚBLICA
1626,7031300055,MAESTRÍA EN GERENCIA PÚBLICA Y POLÍTICA SOCIAL
1627,7042300030,MAESTRÍA EN GESTIÓN DE SERVICIOS PÚBLICOS EN AMBIENTES VIRTUALES
1628,7042300031,MAESTRÍA EN GESTIÓN PÚBLICA
1629,7042300032,MAESTRÍA EN GESTIÓN PÚBLICA APLICADA
1630,7042300033,MAESTRÍA EN GOBIERNO Y ADMINISTRACIÓN PÚBLICA
1631,7042300034,MAESTRÍA EN GOBIERNO Y ADMINISTRACIÓN PÚBLICA MUNICIPAL Y ESTATAL
1632,7031300056,MAESTRÍA EN POLÍTICAS PÚBLICAS EN GLOBALIZACIÓN
1633,7042300035,TRONCO COMÚN EN LA MAESTRÍA EN ADMINISTRACIÓN PÚBLICA
1634,7042100246,MAESTRÍA EN ADMINISTRACIÓN CON CONCENTRACIÓN EN CALIDAD
1635,7041300044,MAESTRÍA EN ADMINISTRACIÓN CON ESPECIALIDAD EN INGENIERÍA FINANCIERA
1636,7042400004,MAESTRÍA EN ADMINISTRACIÓN CON ESPECIALIDAD EN PRODUCCIÓN Y CALIDAD
1637,7062200003,MAESTRÍA EN ADMINISTRACIÓN CON FORMACIÓN EN TECNOLOGÍAS DE INFORMACIÓN
1638,7042100247,MAESTRÍA EN ADMINISTRACIÓN DE CALIDAD INTEGRAL
1639,7042400005,MAESTRÍA EN ADMINISTRACIÓN DE EMPRESAS CONSTRUCTORAS
1640,7042100248,MAESTRÍA EN ADMINISTRACIÓN DE LA CALIDAD
1641,7042100249,MAESTRÍA EN ADMINISTRACIÓN DE LA CALIDAD TOTAL
1642,7042400006,MAESTRÍA EN ADMINISTRACIÓN DE LA CONSTRUCCIÓN
1643,7042400007,MAESTRÍA EN ADMINISTRACIÓN DE LA EMPRESA CONSTRUCTORA
1644,7042100250,MAESTRÍA EN ADMINISTRACIÓN DE LA EMPRESA INDUSTRIAL
1645,7042400008,MAESTRÍA EN ADMINISTRACIÓN DE LA MANUFACTURA
1646,7042100251,"MAESTRÍA EN ADMINISTRACIÓN DE LA SEGURIDAD E HIGIENE, SALUD OCUPACIONAL Y ECOLOGÍA"
1647,7042400009,MAESTRÍA EN ADMINISTRACIÓN DE LA TRANSFORMACIÓN
1648,7062100001,MAESTRÍA EN ADMINISTRACIÓN DE LAS TELECOMUNICACIONES
1649,7042400010,MAESTRÍA EN ADMINISTRACIÓN DE PROCESOS INDUSTRIALES
1650,7062200004,MAESTRÍA EN ADMINISTRACIÓN DE SERVICIOS DE TECNOLOGÍA DE INFORMACIÓN
1651,7042400011,MAESTRÍA EN ADMINISTRACIÓN DE SISTEMAS DE CALIDAD
1652,7042400012,MAESTRÍA EN ADMINISTRACIÓN DE SISTEMAS DE PRODUCTIVIDAD Y CALIDAD
1653,7062200005,MAESTRÍA EN ADMINISTRACIÓN DE TECNOLOGÍA DE INFORMACIÓN
1654,7062200006,MAESTRÍA EN ADMINISTRACIÓN DE TECNOLOGÍA Y SISTEMAS DE INFORMACIÓN
1655,7062200007,MAESTRÍA EN ADMINISTRACIÓN DE TECNOLOGÍAS DE LA INFORMACIÓN
1656,7042100252,MAESTRÍA EN ADMINISTRACIÓN INDUSTRIAL
1657,7042400013,MAESTRÍA EN ADMINISTRACIÓN INDUSTRIAL Y DE NEGOCIOS CON ORIENTACIÓN F
1658,7042100253,MAESTRÍA EN CALIDAD
1659,7042100254,MAESTRÍA EN CIENCIAS DE LA CALIDAD
1660,7042400014,MAESTRÍA EN CIENCIAS EN ADMINISTRACIÓN INDUSTRIAL
1661,7042100255,MAESTRÍA EN CIENCIAS EN CALIDAD Y PRODUCTIVIDAD
1662,7042400015,MAESTRÍA EN CIENCIAS EN DESARROLLO REGIONAL TECNOLÓGICO
1663,7042400016,MAESTRÍA EN CIENCIAS EN INGENIERÍA EN PLANEACIÓN Y CONSTRUCCIÓN DE OBRA
1664,7042400017,MAESTRÍA EN DIRECCIÓN DE LA PRODUCCIÓN Y LAS OPERACIONES
1665,7042100256,MAESTRÍA EN DIRECCIÓN DE SISTEMAS DE CALIDAD
1666,7042400018,MAESTRÍA EN DIRECCIÓN Y GESTIÓN DE PROYECTOS EN LA CONSTRUCCIÓN
1667,7042100257,MAESTRÍA EN EVALUACIÓN SOCIAL DE PROYECTOS
1668,7042400019,MAESTRÍA EN GERENCIA DE PROYECTOS EN CONSTRUCCIÓN
1669,7042400020,MAESTRÍA EN GERENCIA DE PROYECTOS INMOBILIARIOS
1670,7062200008,MAESTRÍA EN GESTIÓN DE LA TECNOLOGÍA
1671,7062200009,MAESTRÍA EN GESTIÓN DE LA TECNOLOGÍA DE LA INFORMACIÓN
1672,7062200010,MAESTRÍA EN GESTIÓN DE TECNOLOGÍAS DE INFORMACIÓN
1673,7042100258,MAESTRÍA EN GESTIÓN Y DIRECCIÓN DE LA CALIDAD
1674,7042400021,MAESTRÍA EN INGENIERÍA (ANÁLISIS DE DECISIONES)
1675,7042400022,MAESTRÍA EN INGENIERÍA ADMINISTRATIVA
1676,7042400023,MAESTRÍA EN INGENIERÍA ADMINISTRATIVA Y CALIDAD
1677,7042400024,MAESTRÍA EN INGENIERÍA CON ESPECIALIDAD EN ADMINISTRACIÓN DE LA CONSTRUCCIÓN
1678,7071700001,MAESTRÍA EN INGENIERÍA DE PROYECTOS
1679,7042400025,MAESTRÍA EN INGENIERÍA EN ADMINISTRACIÓN DE LA CONSTRUCCIÓN
1680,7042400026,MAESTRÍA EN INGENIERÍA EN LOGÍSTICA Y CALIDAD
1681,7071700002,MAESTRÍA EN SISTEMAS DE CALIDAD
1682,7071700003,MAESTRÍA EN SISTEMAS DE CALIDAD Y PRODUCTIVIDAD
1683,7062200011,MAESTRÍA EN SISTEMAS DE INFORMACIÓN (ADMINISTRACIÓN DE LA TECNOLOGÍA INFORMÁTICA)
1684,7042500045,MAESTRÍA EN ADMINISTRACIÓN DE EMPRESAS AGROPECUARIAS
1685,7102100001,MAESTRÍA EN CIENCIAS DE ADMINISTRACIÓN DE EMPRESAS NAVIERAS Y PORTUARIAS
1686,7042100260,MAESTRÍA PROFESIONAL EN ADMINISTRACIÓN Y MANEJO DE SISTEMAS ZOOTÉCNICOS
1687,7042500048,MAESTRÍA EN ADMINISTRACIÓN DE ESTABLECIMIENTOS DE LA SALUD
1688,7042500050,MAESTRÍA EN ADMINISTRACIÓN DE HOSPITALES
1689,7042500051,MAESTRÍA EN ADMINISTRACIÓN DE HOSPITALES Y SALUD PÚBLICA
1690,7042500052,MAESTRÍA EN ADMINISTRACIÓN DE HOSPITALES Y SERVICIOS DE SALUD
1691,7042500053,MAESTRÍA EN ADMINISTRACIÓN DE INSTITUCIONES DE SALUD
1692,7042500054,MAESTRÍA EN ADMINISTRACIÓN DE LA ATENCIÓN DE ENFERMERÍA
1693,7042500055,MAESTRÍA EN ADMINISTRACIÓN DE LOS SERVICIOS DE SALUD
1694,7042500056,MAESTRÍA EN ADMINISTRACIÓN DE ORGANIZACIONES DE LA SALUD
1695,7042500057,MAESTRÍA EN ADMINISTRACIÓN DE SERVICIOS DE LA SALUD
1696,7042500058,MAESTRÍA EN ADMINISTRACIÓN DE SISTEMAS DE SALUD
1697,7042500059,MAESTRÍA EN CIENCIAS CON ESPECIALIDAD EN ADMINISTRACIÓN DE HOSPITALES Y SERVICIOS DE SALUD
1698,7042500060,MAESTRÍA EN DIRECCIÓN ESTRATÉGICA DE ORGANIZACIONES DE SALUD
1699,7042500061,MAESTRÍA EN DIRECCIÓN Y ADMINISTRACIÓN DE HOSPITALES
1700,7042500062,MAESTRÍA EN GERENCIA DE SERVICIOS DE SALUD
1701,7042500063,MAESTRÍA EN GESTIÓN DE LA SALUD
1702,7042500064,MAESTRÍA EN PLANEACIÓN Y ADMINISTRACIÓN DE SERVICIOS DE SALUD
1703,7042200005,MAESTRÍA EN ADMINISTRACIÓN DE EMPRESAS TURÍSTICAS
1704,7042200006,MAESTRÍA EN ADMINISTRACIÓN E INNOVACIÓN DEL TURISMO
1705,7042200007,MAESTRÍA EN ALTA DIRECCIÓN DE HOTELES Y RESTAURANTES
1706,7042200008,MAESTRÍA EN DESARROLLO SUSTENTABLE Y TURISMO
1707,7042200009,MAESTRÍA EN DIRECCIÓN DE ORGANIZACIONES TURÍSTICAS
1708,7042200010,MAESTRÍA EN DIRECCIÓN ESTRATÉGICA DE EMPRESAS TURÍSTICAS
1709,7042200011,MAESTRÍA EN DIRECCIÓN HOTELERA
1710,7042200012,MAESTRÍA EN DIRECCIÓN Y CONSULTORÍA TURÍSTICA
1711,7042200013,MAESTRÍA EN ESTUDIOS TURÍSTICOS
1712,7042200014,MAESTRÍA EN GESTIÓN DE EMPRESAS TURÍSTICAS
1713,7042200015,MAESTRÍA EN GESTIÓN DEL TURISMO
1714,7101600001,MAESTRÍA EN PLANEACIÓN Y DESARROLLO TURÍSTICO
1715,7042200016,MAESTRÍA EN PLANEACIÓN Y DIRECCIÓN DE EMPRESAS TURÍSTICAS
1716,7042200017,MAESTRÍA EN POLÍTICA Y GESTIÓN TURÍSTICA
1717,7101600002,MAESTRÍA EN RECREACIÓN
1718,7101600003,MAESTRÍA EN TURISMO SUSTENTABLE
1719,7033100011,MAESTRÍA CON ESPECIALIDAD EN DERECHO FISCAL
1720,7033100012,MAESTRÍA EN ADMINISTRACIÓN DE JUSTICIA
1721,7033100013,MAESTRÍA EN ADMINISTRACIÓN DE JUSTICIA LABORAL
1722,7033100014,MAESTRÍA EN AMPARO
1723,7033100015,MAESTRÍA EN ARGUMENTACIÓN JURÍDICA
1724,7033100016,MAESTRÍA EN CALIDAD DE LOS PROCESOS ADMINISTRATIVOS Y PROCURADURÍA DE JUSTICIA
1725,7033100017,MAESTRÍA EN CIENCIAS ESPECIALIDAD EN DERECHO PENAL
1726,7033100018,MAESTRÍA EN CIENCIAS JURÍDICAS
1727,7033100019,MAESTRÍA EN CIENCIAS JURÍDICAS CON ACENTUACIÓN EN DERECHO DEL TRABAJO
1728,7033100020,MAESTRÍA EN CIENCIAS JURÍDICAS CON ACENTUACIÓN EN DERECHO FISCAL
1729,7033100021,MAESTRÍA EN CIENCIAS JURÍDICAS Y SOCIALES
1730,7033100022,MAESTRÍA EN CIENCIAS JURÍDICO PENALES
1731,7033100023,MAESTRÍA EN CIENCIAS PENALES
1732,7033100024,MAESTRÍA EN CIENCIAS PENALES CON ESPECIALIDAD EN CIENCIAS JURÍDICO PENALES
1733,7033100025,MAESTRÍA EN CONSTITUCIONAL Y AMPARO
1734,7033100026,MAESTRÍA EN DERECHO
1735,7033100027,MAESTRÍA EN DERECHO ADMINISTRATIVO
1736,7033100028,MAESTRÍA EN DERECHO ADMINISTRATIVO Y DE LA REGULACIÓN
1737,7033100029,MAESTRÍA EN DERECHO ADMINISTRATIVO Y FISCAL
1738,7033100030,MAESTRÍA EN DERECHO ADUANAL
1739,7033100031,MAESTRÍA EN DERECHO ÁREA CIVIL
1740,7033100032,MAESTRÍA EN DERECHO CIVIL
1741,7033100033,MAESTRÍA EN DERECHO CIVIL Y FAMILIAR
1742,7033100034,MAESTRÍA EN DERECHO CIVIL Y MERCANTIL JUDICIAL
1743,7033100035,MAESTRÍA EN DERECHO COMERCIAL INTERNACIONAL
1744,7033100036,MAESTRÍA EN DERECHO COMERCIAL Y DE LA EMPRESA
1745,7033100037,"MAESTRÍA EN DERECHO CON ÉNFASIS EN CONSTITUCIONAL, FISCAL, PENAL, LABORAL Y CIVIL"
1746,7033100038,MAESTRÍA EN DERECHO CONSTITUCIONAL
1747,7033100039,MAESTRÍA EN DERECHO CONSTITUCIONAL Y ADMINISTRATIVO
1748,7033100040,MAESTRÍA EN DERECHO CONSTITUCIONAL Y AMPARO
1749,7033100041,MAESTRÍA EN DERECHO CONSTITUCIONAL Y DERECHOS HUMANOS
1750,7033100042,MAESTRÍA EN DERECHO CONSTITUCIONAL Y JUICIO DE AMPARO
1751,7033100043,"MAESTRÍA EN DERECHO CONSTITUCIONAL, AMPARO Y DERECHOS HUMANOS"
1752,7033100044,"MAESTRÍA EN DERECHO CONTRACTUAL, NOTARIAL Y REGISTRAL"
1753,7033100045,MAESTRÍA EN DERECHO CORPORATIVO
1754,7033100046,MAESTRÍA EN DERECHO CORPORATIVO E INTERNACIONAL
1755,7033100047,MAESTRÍA EN DERECHO CORPORATIVO INTERNACIONAL
1756,7033100048,MAESTRÍA EN DERECHO CORPORATIVO Y BANCARIO
1757,7033100049,MAESTRÍA EN DERECHO CORPORATIVO Y COMERCIAL
1758,7033100050,MAESTRÍA EN DERECHO DE AMPARO
1759,7033100051,MAESTRÍA EN DERECHO DE EMPRESA
1760,7033100052,MAESTRÍA EN DERECHO DE LA EMPRESA
1761,7033100053,MAESTRÍA EN DERECHO DE LA INFORMACIÓN
1762,7033100054,MAESTRÍA EN DERECHO DE LOS NEGOCIOS INTERNACIONALES
1763,7033100055,MAESTRÍA EN DERECHO DEL COMERCIO INTERNACIONAL
1764,7033100056,MAESTRÍA EN DERECHO DEL TRABAJO
1765,7033100057,MAESTRÍA EN DERECHO DEL TRABAJO Y RELACIONES LABORALES
1766,7033100058,MAESTRÍA EN DERECHO ECONÓMICO
1767,7033100059,MAESTRÍA EN DERECHO ELECTORAL
1768,7033100060,MAESTRÍA EN DERECHO EMPRESARIAL
1769,7033100061,MAESTRÍA EN DERECHO EMPRESARIAL CORPORATIVO
1770,7033100062,MAESTRÍA EN DERECHO EMPRESARIAL Y FISCAL
1771,7033100063,MAESTRÍA EN DERECHO EMPRESARIAL Y NEGOCIOS INTERNACIONALES
1772,7033100064,MAESTRÍA EN DERECHO FAMILIAR
1773,7033100065,MAESTRÍA EN DERECHO FINANCIERO
1774,7033100066,MAESTRÍA EN DERECHO FISCAL
1775,7033100067,MAESTRÍA EN DERECHO FISCAL ADMINISTRATIVO
1776,7033100068,MAESTRÍA EN DERECHO FISCAL E IMPUESTOS
1777,7033100069,MAESTRÍA EN DERECHO FISCAL Y EMPRESARIAL
1778,7033100070,MAESTRÍA EN DERECHO FISCAL Y FEDERALISMO
1779,7033100071,MAESTRÍA EN DERECHO FISCAL Y FINANCIERO
1780,7033100072,MAESTRÍA EN DERECHO INTERNACIONAL
1781,7033100073,MAESTRÍA EN DERECHO JUDICIAL
1782,7033100074,MAESTRÍA EN DERECHO LABORAL
1783,7033100075,MAESTRÍA EN DERECHO MERCANTIL
1784,7033100076,MAESTRÍA EN DERECHO NOTARIAL
1785,7033100077,MAESTRÍA EN DERECHO PENAL
1786,7033100078,MAESTRÍA EN DERECHO PENAL JUDICIAL
1787,7033100079,MAESTRÍA EN DERECHO PENAL Y AMPARO
1788,7033100080,MAESTRÍA EN DERECHO PENAL Y CRIMINALÍSTICA
1789,7033100081,MAESTRÍA EN DERECHO PENAL Y CRIMINOLOGÍA
1790,7033100082,MAESTRÍA EN DERECHO PENAL Y PROCESAL PENAL
1791,7033100083,MAESTRÍA EN DERECHO POLÍTICO Y ADMINISTRACIÓN PÚBLICA
1792,7033100084,MAESTRÍA EN DERECHO POLÍTICO-ELECTORAL
1793,7033100085,MAESTRÍA EN DERECHO PRIVADO
1794,7033100086,MAESTRÍA EN DERECHO PROCESAL
1795,7033100087,MAESTRÍA EN DERECHO PROCESAL CIVIL
1796,7033100088,MAESTRÍA EN DERECHO PROCESAL CONSTITUCIONAL
1797,7033100089,MAESTRÍA EN DERECHO PROCESAL FISCAL Y ADMINISTRATIVO
1798,7033100090,MAESTRÍA EN DERECHO PROCESAL PENAL
1799,7033100091,MAESTRÍA EN DERECHO PROCESAL PENAL Y CRIMINOLOGÍA
1800,7033100092,MAESTRÍA EN DERECHO PÚBLICO
1801,7033100093,MAESTRÍA EN DERECHO Y CIENCIAS PENALES
1802,7033100094,MAESTRÍA EN DERECHO Y POLÍTICA ELECTORAL
1803,7033100095,MAESTRÍA EN DIRECCIÓN EMPRESARIAL CON ACENTUACIÓN EN EL ÁREA DE DERECHO DE NEGOCIOS
1804,7033100096,MAESTRÍA EN FORMACIÓN EN DERECHO CONSTITUCIONAL Y AMPARO
1805,7033100097,MAESTRÍA EN GESTIÓN Y DERECHO AMBIENTAL
1806,7033100098,MAESTRÍA EN IMPARTICIÓN DE JUSTICIA
1807,7033100099,MAESTRÍA EN IMPARTICIÓN DE JUSTICIA PENAL
1808,7033100100,MAESTRÍA EN JUICIO DE AMPARO
1809,7033100101,MAESTRÍA EN JUICIOS ORALES
1810,7033100102,MAESTRÍA EN JURISPRUDENCIA
1811,7033100103,MAESTRÍA EN LEGISLACIÓN EMPRESARIAL
1812,7033100104,MAESTRÍA EN MÉTODOS ALTERNOS DE SOLUCIÓN DE CONTROVERSIAS
1813,7033100105,MAESTRÍA EN PROCESO PENAL ACUSATORIO
1814,7033100106,MAESTRÍA EN PROCESOS JURÍDICOS
1815,7033100107,MAESTRÍA EN PROCURACIÓN DE JUSTICIA
1816,7033100108,MAESTRÍA EN PROCURACIÓN Y ADMINISTRACIÓN DE JUSTICIA
1817,7033100109,MAESTRÍA EN PROTECCIÓN LEGAL Y FISCAL DEL PATRIMONIO
1818,7033200002,MAESTRÍA EN CIENCIAS FORENSES
1819,7033200003,MAESTRÍA EN CIENCIAS PENALES Y CRIMINALÍSTICA
1820,7033200004,MAESTRÍA EN CRIMINALÍSTICA
1821,7033200005,MAESTRÍA EN CRIMINOLOGÍA
1822,7033200006,MAESTRÍA EN CRIMINOLOGÍA Y CIENCIAS FORENSES
1823,7033200007,MAESTRÍA EN CRIMINOLOGÍA Y POLÍTICA CRIMINAL
1824,7033200008,MAESTRÍA EN POLÍTICA CRIMINAL
1825,7033200009,MAESTRÍA EN PREVENCIÓN DEL DELITO Y SISTEMAS PENITENCIARIOS
1826,7095200001,MAESTRÍA EN BIOCIENCIAS
1827,7051100002,MAESTRÍA EN BIOLOGÍA
1828,7051200001,MAESTRÍA EN BIOLOGÍA EXPERIMENTAL
1829,7051100003,MAESTRÍA EN BIOLOGÍA MARINA
1830,7051200002,MAESTRÍA EN BIOLOGÍA MOLECULAR
1831,7095200002,MAESTRÍA EN BIOMEDICINA CLÍNICA
1832,7095200003,MAESTRÍA EN BIOMEDICINA MOLECULAR
1833,7051200003,MAESTRÍA EN BIOQUÍMICA
1834,7051100004,MAESTRÍA EN CIENCIAS (MICROBIOLOGÍA)
1835,7051100005,MAESTRÍA EN CIENCIAS (NEUROBIOLOGÍA)
1836,7051100006,MAESTRÍA EN CIENCIAS (RECURSOS BIÓTICOS)
1837,7095200004,MAESTRÍA EN CIENCIAS BÁSICAS BIOMÉDICAS
1838,7051100007,MAESTRÍA EN CIENCIAS BIOLÓGICAS
1839,7095200005,MAESTRÍA EN CIENCIAS BIOMÉDICAS BÁSICAS
1840,7051200004,MAESTRÍA EN CIENCIAS BIOQUÍMICAS
1841,7051100001,MAESTRÍA EN CIENCIAS CON ESPECIALIDAD EN BIOLOGÍA
1842,7051200005,MAESTRÍA EN CIENCIAS CON ESPECIALIDAD EN BIOLOGÍA MOLECULAR EN INGENIERÍA GENÉRICA
1843,7095200006,MAESTRÍA EN CIENCIAS CON ESPECIALIDAD EN BIOMEDICINA Y BIOTECNOLOGÍA MOLECULAR
1844,7051200006,MAESTRÍA EN CIENCIAS CON ESPECIALIDAD EN FARMACOLOGÍA
1845,7051100008,MAESTRÍA EN CIENCIAS EN BIOLOGÍA CELULAR
1846,7095200007,MAESTRÍA EN CIENCIAS EN BIOMEDICINA MOLECULAR
1847,7051200007,MAESTRÍA EN CIENCIAS EN BIOQUÍMICA
1848,7051100009,MAESTRÍA EN CIENCIAS EN BOTÁNICA
1849,7051200008,MAESTRÍA EN CIENCIAS EN FARMACOLOGÍA
1850,7051200009,MAESTRÍA EN CIENCIAS EN FISIOLOGÍA CELULAR Y MOLECULAR
1851,7051100010,MAESTRÍA EN CIENCIAS EN FISIOLOGÍA VEGETAL
1852,7051100011,MAESTRÍA EN CIENCIAS EN GENÉTICA
1853,7051200010,MAESTRÍA EN CIENCIAS EN GENÉTICA Y BIOLOGÍA MOLECULAR
1854,7051200011,MAESTRÍA EN CIENCIAS EN NEUROBIOLOGÍA CELULAR Y MOLECULAR
1855,7051200012,MAESTRÍA EN CIENCIAS EN NEUROFARMACOLOGÍA Y TERAPÉUTICA EXPERIMENTAL
1856,7051200013,MAESTRÍA EN CIENCIAS EN TOXICOLOGÍA
1857,7051100012,MAESTRÍA EN CIENCIAS FISIOLÓGICAS
1858,7051200014,MAESTRÍA EN CIENCIAS GENÓMICAS
1859,7095200008,MAESTRÍA EN CIENCIAS MÉDICAS Y BIOLÓGICAS
1860,7095200009,MAESTRÍA EN CIENCIAS MÉDICAS Y BIOTECNOLOGÍA
1861,7051200015,MAESTRÍA EN CIENCIAS ORIENTACIÓN GENÓMICA
1862,7051200016,MAESTRÍA EN CIENCIAS QUÍMICO BIOLÓGICAS
1863,7051200017,MAESTRÍA EN CIENCIAS: BIOLOGÍA VEGETAL Y TOXICOLOGÍA
1864,7051200019,MAESTRÍA EN FARMACOLOGÍA CLÍNICA
1865,7051100013,MAESTRÍA EN GENÉTICA HUMANA
1866,7031100187,MAESTRÍA EN NEUROCIENCIA COGNITIVA Y DE LA CONDUCTA HUMANA
1867,7051000001,MAESTRÍA EN NEUROETOLOGÍA
1868,7031100188,MAESTRÍA EN NEUROPSICOLOGÍA
1869,7051100014,MAESTRÍA INSTITUCIONAL EN CIENCIAS BIOLÓGICAS
1870,7051300006,MAESTRÍA EN CIENCIAS: MANEJO DE FAUNA SILVESTRE
1871,7051300007,MAESTRÍA EN CIENCIAS AMBIENTALES
1872,7051300008,MAESTRÍA EN CIENCIAS APLICADAS AL APROVECHAMIENTO DE LOS RECURSOS NATURALES
1873,7051300009,MAESTRÍA EN CIENCIAS CON ESPECIALIDAD EN SISTEMAS AMBIENTALES
1874,7051300010,MAESTRÍA EN CIENCIAS DEL MAR
1875,7051300011,MAESTRÍA EN CIENCIAS DEL MAR Y LIMNOLOGÍA
1876,7051300012,MAESTRÍA EN CIENCIAS EN BIODIVERSIDAD Y CONSERVACIÓN
1877,7051300013,MAESTRÍA EN CIENCIAS EN BIOSISTEMÁTICA Y MANEJO DE RECURSOS NATURALES Y AGRÍCOLAS
1878,7051300014,MAESTRÍA EN CIENCIAS EN CONSERVACIÓN Y MANEJO DE RECURSOS NATURALES Y DEL MEDIO AMBIENTE
1879,7051300015,MAESTRÍA EN CIENCIAS EN ECOLOGÍA MARINA
1880,7051200024,MAESTRÍA EN CIENCIAS EN ECOLOGÍA MOLECULAR Y BIOTECNOLOGÍA
1881,7051300016,"MAESTRÍA EN CIENCIAS EN EL USO, MANEJO Y PRESERVACIÓN DE LOS RECURSOS NATURALES"
1882,7051300017,MAESTRÍA EN CIENCIAS EN GESTIÓN AMBIENTAL
1883,7081400001,MAESTRÍA EN CIENCIAS EN LIMNOLOGÍA Y ACUICULTURA
1884,7051300018,MAESTRÍA EN CIENCIAS EN MANEJO DE RECURSOS NATURALES
1885,7051300019,MAESTRÍA EN CIENCIAS EN MANEJO DE RECURSOS NATURALES TROPICALES
1886,7051300020,MAESTRÍA EN CIENCIAS EN RECURSOS NATURALES
1887,7051300021,MAESTRÍA EN CIENCIAS EN RECURSOS NATURALES Y DESARROLLO RURAL
1888,7031200073,MAESTRÍA EN CIENCIAS NATURALES Y BIOPSICOSOCIALES
1889,7051300022,MAESTRÍA EN CIENCIAS: ECOLOGÍA MARINA
1890,7051300023,MAESTRÍA EN DESARROLLO SOSTENIBLE
1891,7051300024,MAESTRÍA EN DESARROLLO SUSTENTABLE
1892,7051300025,MAESTRÍA EN ECOLOGÍA
1893,7051300026,MAESTRÍA EN ECOLOGÍA TROPICAL
1894,7051300027,MAESTRÍA EN ESTUDIOS REGIONALES EN MEDIO AMBIENTE Y DESARROLLO
1895,7031200074,MAESTRÍA EN ESTUDIOS TRANSDISCIPLINARIOS PARA LA SUSTENTABILIDAD
1896,7051300028,MAESTRÍA EN GESTIÓN AMBIENTAL
1897,7051300029,"MAESTRÍA EN GESTIÓN INTEGRADA DE PREVENCIÓN, MEDIO AMBIENTE Y CALIDAD"
1898,7051300030,MAESTRÍA EN GESTIÓN Y AUDITORÍAS AMBIENTALES
1899,7051300031,MAESTRÍA EN MEDIO AMBIENTE Y DESARROLLO SUSTENTABLE
1900,7031400033,MAESTRÍA EN PLANEACIÓN Y DESARROLLO SUSTENTABLE
1901,7051300032,MAESTRÍA EN PROTECCIÓN Y CONSERVACIÓN AMBIENTAL
1902,7051300033,MAESTRÍA EN RECURSOS NATURALES Y MEDIO AMBIENTE
1903,7052000001,MAESTRÍA EN CIENCIAS
1904,7052100002,MAESTRÍA EN CIENCIAS APLICADAS
1905,7012604058,MAESTRÍA EN CIENCIAS EN ENSEÑANZA DE LA CIENCIA
1906,7052100004,MAESTRÍA EN ASTROFÍSICA
1907,7052100005,MAESTRÍA EN CIENCIAS (ASTROFÍSICA)
1908,7052100006,MAESTRÍA EN CIENCIAS (FÍSICA APLICADA)
1909,7052100007,MAESTRÍA EN CIENCIAS (FÍSICA)
1910,7052100008,MAESTRÍA EN CIENCIAS CON ESPECIALIDAD EN FÍSICA MÉDICA
1911,7052100009,MAESTRÍA EN CIENCIAS EN FÍSICA
1912,7052100010,MAESTRÍA EN CIENCIAS EN FÍSICA DE MATERIALES
1913,7052100011,MAESTRÍA EN CIENCIAS EN FISICOMATEMÁTICAS
1914,7052100012,MAESTRÍA EN CIENCIAS EN LA ESPECIALIDAD DE ASTROFÍSICA
1915,7052100013,MAESTRÍA EN CIENCIAS EN LA ESPECIALIDAD DE ÓPTICA
1916,7052200001,MAESTRÍA EN CIENCIAS MATERIALES
1917,7052100014,MAESTRÍA EN CIENCIAS EN ÓPTICA
1918,7052100015,MAESTRÍA EN CIENCIAS ESPECIALIDAD FÍSICA APLICADA
1919,7052100016,MAESTRÍA EN CIENCIAS FÍSICA MÉDICA
1920,7052100017,MAESTRÍA EN CIENCIAS FÍSICAS DE ALTAS ENERGÍAS
1921,7052100018,MAESTRÍA EN CIENCIAS NUCLEARES
1922,7052100019,MAESTRÍA EN FÍSICA
1923,7071100001,MAESTRÍA INTERINSTITUCIONAL EN CIENCIA Y TECNOLOGÍA CON ORIENTACIÓN EN METROLOGÍA
1924,7052200002,MAESTRÍA EN CIENCIA DE LOS MATERIALES
1925,7052200003,MAESTRÍA EN CIENCIA DE MATERIALES
1926,7052200004,MAESTRÍA EN CIENCIAS (EN LA ESPECIALIDAD DE CIENCIA DE MATERIALES)
1927,7051200026,MAESTRÍA EN CIENCIAS CON ESPECIALIDAD EN QUIMICOBIOLÓGICAS
1928,7052200005,MAESTRÍA EN CIENCIAS DE MATERIALES
1929,7052200006,MAESTRÍA EN CIENCIAS EN QUÍMICA
1930,7052200007,MAESTRÍA EN CIENCIAS ESPECIALIDAD EN MATERIALES
1931,7052200008,MAESTRÍA EN CIENCIAS QUÍMICAS
1932,7052200009,MAESTRÍA EN POLÍMEROS
1933,7052200010,MAESTRÍA EN QUÍMICA
1934,7095300001,MAESTRÍA EN QUÍMICA CLÍNICA
1935,7052300001,MAESTRÍA EN ANÁLISIS ESPACIAL Y GEOINFORMÁTICA
1936,7052300002,MAESTRÍA EN CIENCIAS (GEOLOGÍA)
1937,7052300003,MAESTRÍA EN CIENCIAS DE LA TIERRA
1938,7052300004,MAESTRÍA EN CIENCIAS DEL AGUA
1939,7052300005,MAESTRÍA EN CIENCIAS EN CIENCIAS DE LA TIERRA
1940,7052300006,MAESTRÍA EN CIENCIAS EN GEOFÍSICA
1941,7052300007,MAESTRÍA EN CIENCIAS EN GEOLOGÍA APLICADA
1942,7052300008,MAESTRÍA EN CIENCIAS EN HIDROMETEREOLOGÍA
1943,7052300009,MAESTRÍA EN CIENCIAS EN OCEANOGRAFÍA COSTERA
1944,7052300010,MAESTRÍA EN CIENCIAS EN OCEANOGRAFÍA FÍSICA
1945,7052300011,MAESTRÍA EN CIENCIAS GEOLÓGICAS
1946,7052300012,MAESTRÍA EN CIENCIAS MARINAS Y COSTERAS
1947,7072400002,MAESTRÍA EN GEOCIENCIAS Y ADMINISTRACIÓN DE LOS RECURSOS NATURALES
1948,7052300013,MAESTRÍA EN GEOCIENCIAS Y PLANIFICACIÓN DEL TERRITORIO
1949,7052300014,MAESTRÍA EN GEOGRAFÍA
1950,7052300015,MAESTRÍA EN GESTIÓN INTEGRADA DE CUENCAS
1951,7052300016,MAESTRÍA EN INGENIERÍA GEOTECNIA
1952,7052300017,MAESTRÍA EN INGENIERÍA SÍSMICA
1953,7053100002,MAESTRÍA EN CIENCIAS (MATEMÁTICAS)
1954,7053100003,MAESTRÍA EN CIENCIAS CON ESPECIALIDAD EN MATEMÁTICAS APLICADAS
1955,7053100004,MAESTRÍA EN CIENCIAS CON ESPECIALIDAD EN MATEMÁTICAS BÁSICAS
1956,7053100005,MAESTRÍA EN CIENCIAS CON ESPECIALIDAD EN MATEMÁTICAS EDUCATIVAS
1957,7053100001,MAESTRÍA EN CIENCIAS EN EL ÁREA DE MATEMÁTICAS
1958,7053100006,MAESTRÍA EN CIENCIAS EN MATEMÁTICA EDUCATIVA
1959,7053100007,MAESTRÍA EN CIENCIAS EN MATEMÁTICAS
1960,7053100008,MAESTRÍA EN CIENCIAS EN MATEMÁTICAS APLICADAS
1961,7053100009,MAESTRÍA EN CIENCIAS MATEMÁTICAS
1962,7053100010,MAESTRÍA EN DINÁMICA NO LINEAL Y SISTEMAS COMPLEJOS
1963,7053100011,MAESTRÍA EN MATEMÁTICA EDUCATIVA
1964,7053100012,MAESTRÍA EN MATEMÁTICAS
1965,7053100013,MAESTRÍA EN MATEMÁTICAS APLICADAS
1966,7053100014,MAESTRÍA EN MATEMÁTICAS EDUCATIVA
1967,7053200001,MAESTRÍA EN CIENCIAS CON ESPECIALIDAD EN PROBABILIDAD Y ESTADÍSTICA
1968,7053200002,MAESTRÍA EN CIENCIAS EN ESTADÍSTICA Y CALCULO
1969,7053200003,MAESTRÍA EN ESTADÍSTICA APLICADA
1970,7053200004,MAESTRÍA PROFESIONAL EN ESTADÍSTICA APLICADA
1971,7061100001,MAESTRÍA EN CIENCIAS COMPUTACIONALES
1972,7061300002,MAESTRÍA EN CIENCIAS COMPUTACIONALES CON ACENTUACIÓN EN INGENIERÍA DEL SOFTWARE
1973,7061100002,MAESTRÍA EN CIENCIAS CON ESPECIALIDAD EN COMPUTACIÓN Y MATEMÁTICAS INDUSTRIALES
1974,7061100003,MAESTRÍA EN CIENCIAS DE LA COMPUTACIÓN
1975,7061100004,MAESTRÍA EN CIENCIAS EN CIENCIAS COMPUTACIONALES
1976,7061100005,MAESTRÍA EN CIENCIAS EN CIENCIAS DE LA COMPUTACIÓN
1977,7061100006,MAESTRÍA EN CIENCIAS EN COMPUTACIÓN CON FORMACIÓN EN BASE DE DATOS
1978,7061100007,MAESTRÍA EN CIENCIAS EN CÓMPUTO APLICADO
1979,7061100008,MAESTRÍA EN CIENCIAS EN EL ÁREA DE CIENCIAS COMPUTACIONALES
1980,7061100009,MAESTRÍA EN CIENCIAS EN SISTEMAS DE CÓMPUTO DISTRIBUIDO
1981,7061000001,MAESTRÍA EN COMPUTACIÓN
1982,7061000002,MAESTRÍA EN COMPUTACIÓN APLICADA
1983,7062100003,MAESTRÍA EN COMPUTACIÓN ESPECIALIDAD EN SISTEMAS DISTRIBUIDOS
1984,7061100010,MAESTRÍA EN COMPUTACIÓN ÓPTICA
1985,7061300003,MAESTRÍA EN DESARROLLO DE SOFTWARE LIBRE
1986,7061300004,MAESTRÍA EN DESARROLLO SOFTWARE
1987,7021500028,MAESTRÍA EN DISEÑO DE INFORMACIÓN
1988,7062200016,MAESTRÍA EN INFORMÁTICA
1989,7062200017,MAESTRÍA EN INFORMÁTICA ADMINISTRATIVA
1990,7062200018,MAESTRÍA EN INFORMÁTICA APLICADA
1991,7062200019,MAESTRÍA EN INFORMÁTICA CON ACENTUACIÓN EN SISTEMAS DE INFORMACIÓN
1992,7062200020,MAESTRÍA EN INFORMÁTICA EMPRESARIAL
1993,7062200021,MAESTRÍA EN INFORMÁTICA GUBERNAMENTAL
1994,7062200022,MAESTRÍA EN INFORMÁTICA Y TECNOLOGÍAS COMPUTACIONALES
1995,7062200023,MAESTRÍA EN INGENIERÍA DE SISTEMAS CON ESPECIALIDAD EN SISTEMAS DE INFORMACIÓN
1996,7061300005,MAESTRÍA EN INGENIERÍA DE SOFTWARE
1997,7061300006,MAESTRÍA EN INGENIERÍA DE SOFTWARE DISTRIBUIDO
1998,7061300007,MAESTRÍA EN INGENIERÍA EN SOFTWARE
1999,7061300008,MAESTRÍA EN INGENIERÍA Y DESARROLLO DE SOFTWARE
2000,7021400023,MAESTRÍA EN MEDIOS INTERACTIVOS
2001,7062100004,MAESTRÍA EN SEGURIDAD DE LA INFORMACIÓN
2002,7061300009,MAESTRÍA EN SISTEMAS COMPUTACIONALES
2003,7061300010,MAESTRÍA EN SISTEMAS COMPUTACIONALES DISTRIBUIDOS
2004,7061300011,MAESTRÍA EN SISTEMAS DE INFORMACIÓN
2005,7062200024,MAESTRÍA EN SISTEMAS DE INFORMACIÓN ADMINISTRATIVA
2006,7062200025,MAESTRÍA EN SISTEMAS DE INFORMACIÓN: GESTIÓN Y TECNOLOGÍA
2007,7071000001,MAESTRÍA EN CIENCIA APLICADA Y TECNOLOGÍA AVANZADA
2008,7071000002,MAESTRÍA EN CIENCIAS DE LA INGENIERÍA
2009,7071000003,MAESTRÍA EN CIENCIAS E INGENIERÍA
2010,7071000004,MAESTRÍA EN CIENCIAS EN INGENIERÍA
2011,7071000005,MAESTRÍA EN CIENCIAS Y TECNOLOGÍA
2012,7071000006,MAESTRÍA EN INGENIERÍA
2013,7071100002,"MAESTRÍA EN INGENIERÍA CON ORIENTACIÓN EN: MECÁNICA, ELECTRÓNICA"
2014,7071500001,MAESTRÍA EN INGENIERÍA DE CALIDAD
2015,7071000007,MAESTRÍA EN INGENIERÍA Y CIENCIAS APLICADAS
2016,7071000008,MAESTRÍA EN TECNOLOGÍA AVANZADA
2017,7042100263,MAESTRÍA EN ADMINISTRACIÓN DEL MANTENIMIENTO
2018,7052200016,MAESTRÍA EN CIENCIA E INGENIERÍA DE MATERIALES
2019,7072300001,MAESTRÍA EN CIENCIA Y TECNOLOGÍA DE LOS MATERIALES
2020,7071700005,MAESTRÍA EN CIENCIAS CON ESPECIALIDAD EN INGENIERÍA INDUSTRIAL
2021,7071500014,MAESTRÍA EN CIENCIAS CON ESPECIALIDAD EN SISTEMAS DE CALIDAD Y PRODUCTIVIDAD
2022,7071100015,MAESTRÍA EN CIENCIAS DE LA INGENIERÍA MECÁNICA
2023,7071100016,MAESTRÍA EN CIENCIAS DE LA INGENIERÍA MECÁNICA CON ESPECIALIDAD EN MATERIALES
2024,7052200017,MAESTRÍA EN CIENCIAS DE LOS MATERIALES
2025,7071700006,MAESTRÍA EN CIENCIAS EN INGENIERÍA INDUSTRIAL
2026,7071100004,MAESTRÍA EN CIENCIAS EN INGENIERÍA MECÁNICA
2027,7071300001,MAESTRÍA EN CIENCIAS EN INGENIERÍA MECATRÓNICA
2028,7072400004,MAESTRÍA EN CIENCIAS EN INGENIERÍA METALÚRGICA
2029,7021600022,MAESTRÍA EN DISEÑO INDUSTRIAL
2030,7071100005,MAESTRÍA EN DISEÑO INDUSTRIAL E INNOVACIÓN DE PRODUCTOS
2031,7071100006,MAESTRÍA EN FÍSICA EN EL ÁREA DE MECÁNICA DE FLUIDOS
2032,7071300002,MAESTRÍA EN GERMANO MEXICANA EN MECATRÓNICA
2033,7073200003,MAESTRÍA EN INGENIERÍA (HIDRÁULICA)
2034,7062200028,MAESTRÍA EN INGENIERÍA DE DESARROLLOS TECNOLÓGICOS
2035,7071500015,MAESTRÍA EN INGENIERÍA DE LA CALIDAD
2036,7071000013,MAESTRÍA EN INGENIERÍA FÍSICA INDUSTRIAL
2037,7071700007,MAESTRÍA EN INGENIERÍA INDUSTRIAL
2038,7071500016,MAESTRÍA EN INGENIERÍA INDUSTRIAL EN MANTENIMIENTO Y CONFIABILIDAD
2039,7071100007,MAESTRÍA EN INGENIERÍA MECÁNICA
2040,7071300003,MAESTRÍA EN INGENIERÍA MECATRÓNICA
2041,7071100008,MAESTRÍA EN INGENIERÍA METAL MECÁNICA
2042,7072400005,MAESTRÍA EN INGENIERÍA METALÚRGICA
2043,7071700008,MAESTRÍA EN INGENIERO INDUSTRIAL Y DE SISTEMAS
2044,7071100009,MAESTRÍA EN MECÁNICA
2045,7071300004,MAESTRÍA EN MECATRÓNICA
2046,7072400006,MAESTRÍA EN METALURGIA
2047,7072400007,MAESTRÍA EN METALURGIA E INGENIERÍA DE MATERIALES
2048,7072400008,MAESTRÍA EN METALURGIA Y CIENCIA DE LOS MATERIALES
2049,7071300033,MAESTRÍA EN OPTOMECATRÓNICA
2050,7071100010,MAESTRÍA EN PROCESOS Y MATERIALES
2051,7071100017,MAESTRÍA INTERINSTITUCIONAL EN CIENCIA Y TECNOLOGÍA CON ORIENTACIÓN EN DISEÑO Y DESARROLLO DE SISTEMAS MECÁNICOS
2052,7071300005,MAESTRÍA INTERINSTITUCIONAL EN CIENCIA Y TECNOLOGÍA CON ORIENTACIÓN EN MECATRÓNICA
2053,7071200004,MAESTRÍA EN CIENCIAS DE INGENIERÍA ELÉCTRICA
2054,7071200005,MAESTRÍA EN CIENCIAS DE INGENIERÍA EN SISTEMAS ENERGÉTICOS
2055,7071200006,MAESTRÍA EN CIENCIAS DE LA INGENIERÍA ELÉCTRICA
2056,7071200007,MAESTRÍA EN CIENCIAS EN ENERGÍA EÓLICA
2057,7071200008,MAESTRÍA EN CIENCIAS EN ENERGÍA RENOVABLE
2058,7071200009,MAESTRÍA EN CIENCIAS EN INGENIERÍA ELÉCTRICA
2059,7071100018,MAESTRÍA EN CIENCIAS EN TERMOFLUIDOS
2060,7071200010,MAESTRÍA EN DISPOSITIVOS SEMICONDUCTORES
2061,7071200011,MAESTRÍA EN ENERGÉTICOS
2062,7071200012,MAESTRÍA EN ENERGÍA RENOVABLE
2063,7071200013,MAESTRÍA EN INGENIERÍA ELÉCTRICA
2064,7071200037,"MAESTRÍA EN INGENIERÍA ELÉCTRICA, INSTRUMENTACIÓN Y SISTEMAS DIGITALES"
2065,7071200014,MAESTRÍA EN INGENIERÍA ENERGÉTICA
2066,7071300010,MAESTRÍA EN CALIDAD DE SISTEMAS ELECTRÓNICOS
2067,7062100008,MAESTRÍA EN CIENCIAS (TELECOMUNICACIONES)
2068,7062100009,MAESTRÍA EN CIENCIAS COMPUTACIONALES CON ACENTUACIÓN EN REDES INFORMÁTICAS
2069,7061100023,MAESTRÍA EN CIENCIAS COMPUTACIONALES CON ACENTUACIÓN EN TECNOLOGÍA MULTIMEDIA
2070,7061100024,MAESTRÍA EN CIENCIAS COMPUTACIONALES REDES
2071,7061100018,MAESTRÍA EN CIENCIAS COMPUTACIONALES TECNOLÓGICAS
2072,7062000002,MAESTRÍA EN CIENCIAS COMPUTACIONALES Y ADMINISTRACIÓN DE LA TECNOLOGÍA
2073,7071300034,MAESTRÍA EN CIENCIAS CON ESPECIALIDAD EN AUTOMATIZACIÓN
2074,7071300011,MAESTRÍA EN CIENCIAS CON ESPECIALIDAD EN INGENIERÍA ELECTRÓNICA (SISTEMAS ELECTRÓNICOS)
2075,7062100010,MAESTRÍA EN CIENCIAS CON ESPECIALIDAD EN INGENIERÍA ELECTRÓNICA (TELECOMUNICACIONES)
2076,7062200029,MAESTRÍA EN CIENCIAS CON ESPECIALIDAD EN SISTEMAS INTELIGENTES
2077,7071300012,MAESTRÍA EN CIENCIAS DE LA ELECTRÓNICA
2078,7062100011,MAESTRÍA EN CIENCIAS DE LA INGENIERÍA CON ESPECIALIDAD EN TELECOMUNICACIONES
2079,7071300013,MAESTRÍA EN CIENCIAS DE LA INGENIERÍA EN MICROELECTRÓNICA
2080,7061100019,MAESTRÍA EN CIENCIAS E INGENIERÍA DE LA COMPUTACIÓN
2081,7071300035,MAESTRÍA EN CIENCIAS EN AUTOMATIZACIÓN Y CONTROL
2082,7071300036,MAESTRÍA EN CIENCIAS EN CONTROL AUTOMÁTICO
2083,7071300014,MAESTRÍA EN CIENCIAS EN ELECTRÓNICA
2084,7071300015,MAESTRÍA EN CIENCIAS EN ELECTRÓNICA Y COMPUTACIÓN
2085,7062100012,MAESTRÍA EN CIENCIAS EN ELECTRÓNICA Y TELECOMUNICACIONES
2086,7062100005,MAESTRÍA EN CIENCIAS EN INGENIERÍA DE CÓMPUTO CON ESPECIALIDAD EN SISTEMAS DIGITALES
2087,7061300023,MAESTRÍA EN CIENCIAS EN INGENIERÍA DE SISTEMAS
2088,7071300037,MAESTRÍA EN CIENCIAS EN INGENIERÍA ELECTRÓNICA
2089,7061100020,MAESTRÍA EN CIENCIAS E INGENIERÍA EN COMPUTACIÓN
2090,7071300038,MAESTRÍA EN CIENCIAS EN LA ESPECIALIDAD DE ELECTRÓNICA
2091,7071300039,MAESTRÍA EN CIENCIAS EN MICRO Y NANOSISTEMAS
2092,7062100013,MAESTRÍA EN CIENCIAS EN REDES Y TELECOMUNICACIONES
2093,7062200036,MAESTRÍA EN CIENCIAS EN TECNOLOGÍA INFORMÁTICA
2094,7061100025,MAESTRÍA EN CIENCIAS Y TECNOLOGÍAS DE LA INFORMACIÓN
2095,7062100014,MAESTRÍA EN COMUNICACIONES Y TECNOLOGÍAS DE INFORMACIÓN
2096,7062200037,MAESTRÍA EN DIRECCIÓN DE TECNOLOGÍAS DE LA INFORMACIÓN
2097,7062200038,MAESTRÍA EN DIRECCIÓN ESTRATÉGICA DE TECNOLOGÍAS DE LA INFORMACIÓN
2098,7062100015,MAESTRÍA EN DIRECCIÓN ESTRATÉGICA EN TELECOMUNICACIONES
2099,7071300016,MAESTRÍA EN DISEÑO ELECTRÓNICO
2100,7062200039,MAESTRÍA EN EDUCACIÓN Y TECNOLOGÍA DE LA INFORMACIÓN
2101,7071300040,MAESTRÍA EN ELECTRÓNICA
2102,7071300018,MAESTRÍA EN ELECTRÓNICA Y CONTROL
2103,7062100016,MAESTRÍA EN ELECTRÓNICA Y TELECOMUNICACIONES
2104,7062200040,MAESTRÍA EN GESTIÓN DE TECNOLOGÍAS DE LA INFORMACIÓN
2105,7062100017,"MAESTRÍA EN INGENIERÍA DE LA INFORMACIÓN (INTELIGENCIA ARTIFICIAL, INFORMÁTICA Y TELEMÁTICA)"
2106,7061300024,MAESTRÍA EN INGENIERÍA DE SISTEMAS
2107,7061300025,MAESTRÍA EN INGENIERÍA DE SISTEMAS COMPUTACIONALES
2108,7062200030,MAESTRÍA EN INGENIERÍA DE SISTEMAS ELECTRÓNICOS Y COMPUTACIONALES
2109,7071300019,MAESTRÍA EN INGENIERÍA ELECTRÓNICA
2110,7071300041,MAESTRÍA EN INGENIERÍA ELECTRÓNICA CON OPCIÓN EN INSTRUMENTACIÓN ELECTRÓNICA
2111,7061300026,MAESTRÍA EN INGENIERÍA EN SISTEMAS
2112,7062200041,MAESTRÍA EN INGENIERÍA EN TECNOLOGÍAS DE LA INFORMACIÓN
2113,7061100021,MAESTRÍA EN INGENIERÍA Y CIENCIAS DE LA COMPUTACIÓN
2114,7071300020,MAESTRÍA EN INTELIGENCIA ARTIFICIAL
2115,7062200042,MAESTRÍA EN NUEVAS TECNOLOGÍAS DE INFORMACIÓN Y COMUNICACIÓN
2116,7062100018,MAESTRÍA EN REDES COMPUTACIONALES
2117,7062100019,MAESTRÍA EN REDES DE COMPUTADORAS
2118,7062100021,MAESTRÍA EN REDES Y SISTEMAS INTEGRADOS
2119,7062100022,MAESTRÍA EN REDES Y TECNOLOGÍA DE LA INFORMACIÓN
2120,7062100023,MAESTRÍA EN REDES Y TELECOMUNICACIONES
2121,7071300021,MAESTRÍA EN ROBÓTICA Y MANUFACTURA AVANZADA
2122,7062100024,MAESTRÍA EN SEGURIDAD DE TECNOLOGÍA DE INFORMACIÓN
2123,7062100025,MAESTRÍA EN SEGURIDAD Y TECNOLOGÍA DE LA INFORMACIÓN
2124,7071300022,MAESTRÍA EN SISTEMAS DIGITALES
2125,7061300032,MAESTRÍA EN SISTEMAS Y TECNOLOGÍAS DE LA INFORMACIÓN
2126,7061000004,MAESTRÍA EN TECNOLOGÍA DE CÓMPUTO
2127,7062200043,MAESTRÍA EN TECNOLOGÍA DE LA INFORMACIÓN Y COMUNICACIONES
2128,7062200044,MAESTRÍA EN TECNOLOGÍA DE INFORMÁTICA
2129,7061000005,MAESTRÍA EN TECNOLOGÍA DE LA COMPUTACIÓN
2130,7062200046,MAESTRÍA EN TECNOLOGÍA DE LA INFORMACIÓN
2131,7062200047,MAESTRÍA EN TECNOLOGÍA DE LA INFORMACIÓN Y ANÁLISIS DE DECISIONES
2132,7062200048,MAESTRÍA EN TECNOLOGÍA INFORMÁTICA
2133,7061100026,MAESTRÍA EN TECNOLOGÍAS DE  CÓMPUTO APLICADO
2134,7062200049,MAESTRÍA EN TECNOLOGÍAS DE INFORMACIÓN
2135,7062200050,MAESTRÍA EN TECNOLOGÍAS DE INFORMACIÓN EMPRESARIAL
2136,7062200051,MAESTRÍA EN TECNOLOGÍAS DE INFORMACIÓN Y ADMINISTRACIÓN
2137,7062200052,MAESTRÍA EN TECNOLOGÍAS DE INFORMACIÓN Y LA COMUNICACIÓN
2138,7061300033,MAESTRÍA EN TECNOLOGÍAS DE INTERNET
2139,7062200053,MAESTRÍA EN TECNOLOGÍAS DE LA INFORMACIÓN
2140,7062200055,MAESTRÍA EN TECNOLOGÍAS DE LA INFORMACIÓN Y LA COMUNICACIÓN
2141,7062100027,MAESTRÍA EN TELECOMUNICACIONES
2142,7062100028,MAESTRÍA EN TELECOMUNICACIONES Y REDES
2143,7062100029,MAESTRÍA EN TELEINFORMÁTICA
2144,7062100030,MAESTRÍA EN TELEMÁTICA
2145,7051200029,MAESTRÍA EN BIOTECNOLOGÍA
2146,7081100002,MAESTRÍA EN BIOTECNOLOGÍA AGRÍCOLA
2147,7081100003,MAESTRÍA EN BIOTECNOLOGÍA AGROPECUARIA
2148,7071400009,MAESTRÍA EN CIENCIA Y TECNOLOGÍA QUÍMICA
2149,7071400010,MAESTRÍA EN CIENCIAS (INGENIERÍA DE BIOSISTEMAS)
2150,7051200030,MAESTRÍA EN CIENCIAS CON ESPECIALIDAD EN BIOTECNOLOGÍA
2151,7081100004,MAESTRÍA EN CIENCIAS CON ESPECIALIDAD EN BIOTECNOLOGÍA DE PLANTAS
2152,7081100079,MAESTRÍA EN CIENCIAS EN AGROBIOTECNOLOGÍA
2153,7071400011,MAESTRÍA EN CIENCIAS EN BIOPROCESOS
2154,7051200031,MAESTRÍA EN CIENCIAS EN BIOTECNOLOGÍA
2155,7071400002,MAESTRÍA EN CIENCIAS EN INGENIERÍA BIOQUÍMICA
2156,7052200018,MAESTRÍA EN CIENCIAS EN INGENIERÍA QUÍMICA
2157,7071400012,MAESTRÍA EN CIENCIAS EN PROCESOS BIOTECNOLÓGICOS
2158,7071400013,MAESTRÍA EN ELECTROQUÍMICA
2159,7071400003,MAESTRÍA EN INGENIERÍA BIOQUÍMICA
2160,7071400004,MAESTRÍA EN INGENIERÍA EN CORROSIÓN
2161,7052200019,MAESTRÍA EN INGENIERÍA QUÍMICA
2162,7071400014,MAESTRÍA EN INGENIERÍA QUÍMICA (INTEGRACIÓN DE PROCESOS)
2163,7071500017,MAESTRÍA EN CIENCIAS EN INGENIERÍA AEROESPACIAL
2164,7071500009,MAESTRÍA EN INGENIERÍA AERONÁUTICA OPCIÓN MANTENIMIENTO Y PRODUCCIÓN
2165,7071500010,MAESTRÍA EN INGENIERÍA AUTOMOTRIZ
2166,7071600001,MAESTRÍA EN CIENCIA Y TECNOLOGÍA AMBIENTAL
2167,7051300066,MAESTRÍA EN CIENCIAS EN INGENIERÍA AMBIENTAL
2168,7071600002,MAESTRÍA EN CONTROL DE LA CONTAMINACIÓN AMBIENTAL
2169,7071600003,MAESTRÍA EN INGENIERÍA AMBIENTAL
2170,7071600004,MAESTRÍA EN INGENIERÍA AMBIENTAL Y ECOSISTEMAS
2171,7051300067,MAESTRÍA EN INGENIERÍA DEL MEDIO AMBIENTE
2172,7071600005,MAESTRÍA EN INGENIERÍA EN PRODUCCIÓN MAS LIMPIA
2173,7071600006,MAESTRÍA EN INGENIERÍA Y PROTECCIÓN AMBIENTAL
2174,7071600008,MAESTRÍA EN INGENIERÍA Y TECNOLOGÍA AMBIENTALES
2175,7071600009,MAESTRÍA EN PROTECCIÓN AMBIENTAL
2176,7103100001,MAESTRÍA EN SEGURIDAD INDUSTRIAL Y PROTECCIÓN AMBIENTAL
2177,7071600007,MAESTRÍA EN SISTEMAS AMBIENTALES
2178,7071700009,MAESTRÍA EN ANÁLISIS DE SISTEMAS INDUSTRIALES
2179,7072000007,MAESTRÍA EN CIENCIA Y TECNOLOGÍA CON ESPECIALIDAD EN INGENIERÍA INDUSTRIAL Y DE MANUFACTURA
2180,7072000002,MAESTRÍA EN CIENCIAS DE LA INGENIERÍA DE LA MANUFACTURA
2181,7072000008,MAESTRÍA EN CIENCIAS EN DISEÑO Y PROCESOS DE MANUFACTURA
2182,7072000009,MAESTRÍA EN CIENCIAS EN INGENIERÍA DE MANUFACTURA
2183,7071700019,MAESTRÍA EN CIENCIAS EN INGENIERÍA EN SISTEMAS DE PRODUCCIÓN
2184,7081100006,MAESTRÍA EN DESARROLLO TECNOLÓGICO EN SISTEMAS DE PRODUCCIÓN ANIMAL
2185,7072000003,MAESTRÍA EN INGENIERÍA DE MANUFACTURA
2186,7071700010,MAESTRÍA EN INGENIERÍA DE PROCESOS
2187,7071000019,MAESTRÍA EN INGENIERÍA DE PRODUCTOS
2188,7072000010,MAESTRÍA EN INGENIERÍA EN MANUFACTURA
2189,7072000004,MAESTRÍA EN SISTEMAS DE MANUFACTURAS
2190,7071700011,MAESTRÍA EN SISTEMAS DE PRODUCCIÓN
2191,7071700012,MAESTRÍA EN SISTEMAS INDUSTRIALES
2192,7072000011,MAESTRÍA EN SISTEMAS INTEGRADOS DE MANUFACTURA Y ESTRATEGIAS DE CALIDAD
2193,7072000012,MAESTRÍA EN TECNOLOGÍA APLICADA DE MANUFACTURA
2194,7072100020,"MAESTRÍA EN AGROINDUSTRIA RURAL, DESARROLLO TERRITORIAL Y TURISMO AGROALIMENTARIO"
2195,7072100004,MAESTRÍA EN CIENCIA Y TECNOLOGÍA AGROALIMENTARIA
2196,7072100005,MAESTRÍA EN CIENCIA Y TECNOLOGÍA DE ALIMENTOS
2197,7072100006,MAESTRÍA EN CIENCIA Y TECNOLOGÍA DE LOS ALIMENTOS
2198,7072100021,MAESTRÍA EN CIENCIAS ALIMENTARIAS
2199,7072100007,MAESTRÍA EN CIENCIAS CON ESPECIALIDAD EN ALIMENTOS
2200,7072100008,MAESTRÍA EN CIENCIAS DE LOS ALIMENTOS
2201,7072100009,MAESTRÍA EN CIENCIAS DE LOS ALIMENTOS Y BIOTECNOLOGÍA
2202,7072100010,MAESTRÍA EN CIENCIAS EN ALIMENTOS
2203,7072100011,MAESTRÍA EN CIENCIAS EN CIENCIA Y TECNOLOGÍA DE ALIMENTOS
2204,7072100012,MAESTRÍA EN CIENCIAS EN MICROBIOLOGÍA E INOCUIDAD DE ALIMENTOS
2205,7072100022,MAESTRÍA EN CIENCIAS EN PRODUCCIÓN AGROALIMENTARIA EN EL TRÓPICO
2206,7072100013,MAESTRÍA EN TECNOLOGÍA DE ALIMENTOS
2207,7072300002,MAESTRÍA EN CIENCIAS EN INGENIERÍA CERÁMICA
2208,7072300003,MAESTRÍA EN CIENCIAS Y TECNOLOGÍA DE LA MADERA
2209,7072300004,MAESTRÍA EN MATERIALES POLIMÉRICOS
2210,7072400009,MAESTRÍA EN INGENIERÍA DE MINERALES
2211,7072400010,MAESTRÍA EN INGENIERÍA PETROLERA
2212,7072400011,MAESTRÍA EN INGENIERÍA PETROLERA Y GAS NATURAL
2213,7073100017,MAESTRÍA EN ARQUITECTURA
2214,7073100018,MAESTRÍA EN ARQUITECTURA BIOCLIMÁTICA
2215,7073100019,MAESTRÍA EN ARQUITECTURA CON ÉNFASIS EN DISEÑO ARQUITECTÓNICO Y REHABILITACIÓN ARQUITECTÓNICA
2216,7073100020,MAESTRÍA EN ARQUITECTURA CON ESPECIALIDAD EN HISTORIA DE LA ARQUITECTURA EN MÉXICO
2217,7073100021,MAESTRÍA EN ARQUITECTURA DEL PAISAJE
2218,7073100023,MAESTRÍA EN ARQUITECTURA EN EL ÁREA DE RESTAURACIÓN EN SITIOS Y MONUMENTOS
2219,7073100024,MAESTRÍA EN ARQUITECTURA Y URBANISMO
2220,7073100025,"MAESTRÍA EN ARQUITECTURA, INVESTIGACIÓN Y RESTAURACIÓN DE SITIOS Y MONUMENTOS"
2221,7073100026,MAESTRÍA EN CIENCIAS CON CONCENTRACIÓN EN DISEÑO Y DESARROLLO SUSTENTABLE DE LA CIUDAD
2222,7073100027,MAESTRÍA EN CIENCIAS DE LA PLANIFICACIÓN DE ASENTAMIENTOS HUMANOS
2223,7073100028,MAESTRÍA EN CIENCIAS EN ARQUITECTURA
2224,7073100029,MAESTRÍA EN CONSERVACIÓN DEL PATRIMONIO EDIFICADO
2225,7073100030,MAESTRÍA EN DESARROLLO URBANO
2226,7073100031,MAESTRÍA EN DESARROLLO URBANO ÁREA SISTEMAS DE INFORMACIÓN GEOGRÁFICA
2227,7073100032,MAESTRÍA EN DISEÑO
2228,7073100033,MAESTRÍA EN DISEÑO ARQUITECTÓNICO
2229,7073100034,MAESTRÍA EN DISEÑO ARQUITECTÓNICO AVANZADO
2230,7073100035,MAESTRÍA EN DISEÑO ARQUITECTÓNICO Y BIOCLIMATISMO
2231,7073100036,MAESTRÍA EN DISEÑO CON ÉNFASIS EN DISEÑO ARQUITECTÓNICO Y DISEÑO DIGITAL
2232,7073100037,MAESTRÍA EN DISEÑO URBANO
2233,7073100038,MAESTRÍA EN DISEÑO URBANO ARQUITECTÓNICO
2234,7073100040,"MAESTRÍA EN PLANEACIÓN, DESARROLLO Y PROYECTO URBANO"
2235,7073100041,MAESTRÍA EN PLANEAMIENTO URBANO REGIONAL
2236,7073100042,MAESTRÍA EN PLANIFICACIÓN DE ASENTAMIENTOS HUMANOS
2237,7073100043,MAESTRÍA EN PLANIFICACIÓN Y DESARROLLO URBANO
2238,7073100044,MAESTRÍA EN PROCESOS Y EXPRESIÓN GRÁFICA DE LA PROYECCIÓN ARQUITECTÓNICA URBANA
2239,7073100045,MAESTRÍA EN PROYECTOS PARA EL DESARROLLO URBANO
2240,7073100046,MAESTRÍA EN REUTILIZACIÓN DEL PATRIMONIO EDIFICADO
2241,7073100047,MAESTRÍA EN TECNOLOGÍA Y GESTIÓN ARQUITECTÓNICA
2242,7073100048,MAESTRÍA EN TECNOLOGÍAS DE LA ARQUITECTURA
2243,7073100049,MAESTRÍA EN TEORÍA CRITICA Y ARQUITECTÓNICA
2244,7073100050,MAESTRÍA EN URBANISMO
2245,7073100051,MAESTRÍA EN URBANISMO Y DESARROLLO
2246,7073200005,MAESTRÍA EN CIENCIA Y TECNOLOGÍA MARINA
2247,7073200006,MAESTRÍA EN CIENCIAS DE LA INGENIERÍA CIVIL
2248,7073200007,MAESTRÍA EN CIENCIAS DE LA INGENIERÍA CON ACENTUACIÓN EN CONSTRUCCIÓN
2249,7073200008,MAESTRÍA EN CONSTRUCCIÓN
2250,7073200009,MAESTRÍA EN DISEÑO ESTRUCTURAL
2251,7073200010,MAESTRÍA EN ESTRUCTURAS
2252,7073200011,MAESTRÍA EN GESTIÓN INTEGRAL DEL AGUA
2253,7073200012,MAESTRÍA EN INGENIERÍA (CONSTRUCCIÓN)
2254,7073200013,MAESTRÍA EN INGENIERÍA CIVIL
2255,7073200015,MAESTRÍA EN INGENIERÍA DE LA CONSTRUCCIÓN
2256,7073200016,MAESTRÍA EN INGENIERÍA DE VÍAS TERRESTRES
2257,7073200017,MAESTRÍA EN INGENIERÍA EN CONSTRUCCIÓN
2258,7073200018,MAESTRÍA EN INGENIERÍA ESTRUCTURAL
2259,7073200019,MAESTRÍA EN INGENIERÍA PORTUARIA
2260,7073200020,MAESTRÍA EN PLANEACIÓN DE RECURSOS HIDRÁULICOS
2261,7073200021,MAESTRÍA EN TECNOLOGÍAS DE LA CONSTRUCCIÓN
2262,7073200022,MAESTRÍA EN VÍAS TERRESTRES
2263,7081100008,MAESTRÍA EN AGRICULTURA ORGÁNICA SUSTENTABLE
2264,7081100009,MAESTRÍA EN AGROECOSISTEMAS TROPICALES
2265,7081100010,MAESTRÍA EN CIENCIA ANIMAL
2266,7081100011,MAESTRÍA EN CIENCIAS AGRARIAS
2267,7081100012,MAESTRÍA EN CIENCIAS AGRÍCOLAS
2268,7081100013,MAESTRÍA EN CIENCIAS AGROPECUARIAS Y RECURSOS NATURALES
2269,7081100014,MAESTRÍA EN CIENCIAS BOVINOS PRODUCTORES DE CARNE
2270,7081100015,MAESTRÍA EN CIENCIAS CON ESPECIALIDAD EN ESTRATEGIAS PARA EL DESARROLLO AGRÍCOLA
2271,7081100016,MAESTRÍA EN CIENCIAS DE IRRIGACIÓN
2272,7082100001,MAESTRÍA EN CIENCIAS DE LA PRODUCCIÓN Y DE LA SALUD ANIMAL
2273,7081200001,MAESTRÍA EN CIENCIAS DE LA PRODUCTIVIDAD FRUTÍCOLA
2274,7052300023,MAESTRÍA EN CIENCIAS DEL SUELO
2275,7081100017,MAESTRÍA EN CIENCIAS EN AGRICULTURA TROPICAL
2276,7081100018,MAESTRÍA EN CIENCIAS EN EDAFOLOGÍA
2277,7081100019,MAESTRÍA EN CIENCIAS EN ENTOMOLOGÍA Y ACAROLOGÍA
2278,7081100020,MAESTRÍA EN CIENCIAS EN FITOMEJORAMIENTO
2279,7051100023,MAESTRÍA EN CIENCIAS EN FITOPATOLOGÍA
2280,7081200002,MAESTRÍA EN CIENCIAS EN FRUTICULTURA
2281,7081100021,MAESTRÍA EN CIENCIAS EN GANADERÍA
2282,7052300024,MAESTRÍA EN CIENCIAS EN HIDROCIENCIAS
2283,7081100022,MAESTRÍA EN CIENCIAS EN INNOVACIÓN GANADERA
2284,7081100023,MAESTRÍA EN CIENCIAS EN NUTRICIÓN ANIMAL
2285,7081100024,MAESTRÍA EN CIENCIAS EN PARASITOLOGÍA AGRÍCOLA
2286,7081100025,MAESTRÍA EN CIENCIAS EN PRODUCCIÓN AGRÍCOLA
2287,7081100026,MAESTRÍA EN CIENCIAS EN PRODUCCIÓN AGRÍCOLA SUSTENTABLE
2288,7081100027,MAESTRÍA EN CIENCIAS EN PRODUCCIÓN AGROPECUARIA TROPICAL
2289,7081100028,MAESTRÍA EN CIENCIAS EN PRODUCCIÓN DE RUMIANTES
2290,7081100029,MAESTRÍA EN CIENCIAS EN PRODUCCIÓN DE SEMILLAS
2291,7082100002,MAESTRÍA EN CIENCIAS EN PRODUCCIÓN Y SALUD ANIMAL
2292,7081100030,MAESTRÍA EN CIENCIAS EN PRODUCCIÓN Y TECNOLOGÍA DE SEMILLAS
2293,7081100031,MAESTRÍA EN CIENCIAS EN PRODUCTIVIDAD DE AGROECOSISTEMAS
2294,7081100032,MAESTRÍA EN CIENCIAS EN ZOOTECNIA
2295,7081100033,MAESTRÍA EN CIENCIAS PECUARIAS
2296,7081100034,MAESTRÍA EN CIENCIAS ZOOTÉCNICAS
2297,7081100035,MAESTRÍA EN DESARROLLO AGROPECUARIO DE ZONAS ÁRIDAS
2298,7081100036,MAESTRÍA EN INGENIERÍA AGRÍCOLA Y USO INTEGRAL DEL AGUA
2299,7081100037,MAESTRÍA EN MANEJO DE ECOSISTEMAS EN ZONAS ÁRIDAS
2300,7081100038,MAESTRÍA EN MANEJO Y EXPLOTACIÓN DE LOS AGROSISTEMAS DE LA CAÑA DE AZÚCAR
2301,7081100039,MAESTRÍA EN PRODUCCIÓN
2302,7081100040,MAESTRÍA EN PRODUCCIÓN AGRÍCOLA Y MERCADOS GLOBALES
2303,7081100041,MAESTRÍA EN PRODUCCIÓN AGROPECUARIA
2304,7081100042,MAESTRÍA EN PRODUCCIÓN ANIMAL EN ZONAS ÁRIDAS
2305,7081100043,MAESTRÍA EN PRODUCCIÓN ANIMAL TROPICAL
2306,7081100044,MAESTRÍA EN PRODUCCIÓN OVINA TROPICAL
2307,7081100045,MAESTRÍA EN PRODUCCIÓN PECUARIA TROPICAL
2308,7081100046,MAESTRÍA EN SISTEMAS DE PRODUCCIÓN AGROPECUARIA
2309,7081100047,MAESTRÍA EN SISTEMAS DE PRODUCCIÓN ANIMAL
2310,7081100048,MAESTRÍA PROFESIONAL EN TECNOLOGÍA DE GRANOS Y SEMILLAS
2311,7081200003,MAESTRÍA EN CIENCIAS EN HORTICULTURA
2312,7081200004,MAESTRÍA EN CIENCIAS EN HORTICULTURA TROPICAL
2313,7081200005,MAESTRÍA EN HORTICULTURA
2314,7081200006,MAESTRÍA EN HORTICULTURA TROPICAL
2315,7081200007,MAESTRÍA EN PROTECCIÓN VEGETAL
2316,7081200008,MAESTRÍA EN PROTECCIÓN VEGETAL DE HORTALIZAS
2317,7081300001,MAESTRÍA EN AGROFORESTARIA PARA EL DESARROLLO SOSTENIBLE
2318,7081300002,MAESTRÍA EN CIENCIAS DE DESARROLLO FORESTAL SUSTENTABLE
2319,7081300003,MAESTRÍA EN CIENCIAS DE PRODUCTOS FORESTALES
2320,7081300004,MAESTRÍA EN CIENCIAS EN CIENCIAS FORESTALES
2321,7081300005,MAESTRÍA EN CIENCIAS EN FORESTAL
2322,7081300006,MAESTRÍA EN CIENCIAS FORESTALES
2323,7081100073,MAESTRÍA EN CIENCIAS AGROPECUARIAS
2324,7081400003,MAESTRÍA EN CIENCIAS EN ACUACULTURA
2325,7081400004,MAESTRÍA EN CIENCIAS EN MANEJO DE RECURSOS MARINOS
2326,7081400005,MAESTRÍA EN ECOLOGÍA Y PESQUERÍAS
2327,7081400006,MAESTRÍA EN MANEJO DE ECOSISTEMAS MARINOS Y COSTEROS
2328,7081400007,MAESTRÍA EN PESCA SUSTENTABLE
2329,7081400008,MAESTRÍA EN PRODUCCIÓN ACUÍCOLA
2330,7082100005,MAESTRÍA EN BIOLOGÍA DE LA REPRODUCCIÓN ANIMAL
2331,7081100074,MAESTRÍA EN CIENCIAS BIOLÓGICO AGROPECUARIAS
2332,7082100006,MAESTRÍA EN CIENCIAS VETERINARIAS
2333,7082100007,MAESTRÍA EN MEDICINA VETERINARIA Y ZOOTECNIA
2334,7091345001,MAESTRÍA EN CIENCIAS DE LA SALUD CON ÁREA DE CONCENTRACIÓN EN ECONOMÍA DE LA SALUD
2335,7091345002,MAESTRÍA EN CIENCIAS DE LA SALUD DE LA ADOLESCENCIA Y LA JUVENTUD
2336,7091345003,MAESTRÍA EN CIENCIAS EN ECONOMÍA DE LA SALUD
2337,7091345004,MAESTRÍA EN CIENCIAS EN INVESTIGACIÓN CLÍNICA
2338,7091345005,MAESTRÍA EN CIENCIAS MÉDICAS
2339,7091345006,MAESTRÍA EN CIENCIAS MÉDICAS E INVESTIGACIÓN
2340,7095000001,MAESTRÍA EN INVESTIGACIÓN CLÍNICA
2341,7095000002,MAESTRÍA EN INVESTIGACIÓN MÉDICA
2342,7095000003,MAESTRÍA EN INVESTIGACIÓN MULTIDISCIPLINARIA DE SALUD
2343,7095600048,MAESTRÍA EN SALUD PÚBLICA CON ÁREA DE CONCENTRACIÓN DE CIENCIAS SOCIALES Y DEL COMPORTAMIENTO
2344,7091318001,MAESTRÍA EN CIENCIAS EN ENFERMEDADES INFECCIOSAS
2345,7091100001,MAESTRÍA EN MEDICINA
2346,7091309001,MAESTRÍA EN CIRUGÍA ESTÉTICA
2347,7091315001,MAESTRÍA EN CIENCIAS CON ESPECIALIDAD EN GERIATRÍA
2348,7091200001,MAESTRÍA EN INVESTIGACIÓN HOMEOPÁTICA
2349,7091200002,MAESTRÍA EN MEDICINA HOMEOPÁTICA
2350,7051100024,MAESTRÍA EN CIENCIAS CON ESPECIALIDAD EN INMUNOLOGÍA
2351,7091323001,MAESTRÍA EN CIENCIAS CON ESPECIALIDAD EN URGENCIAS MÉDICAS
2352,7091328002,MAESTRÍA EN MEDICINA FORENSE
2353,7091334001,MAESTRÍA EN CIENCIAS DE LA REHABILITACIÓN NEUROLÓGICA
2354,7091334002,MAESTRÍA EN DIAGNÓSTICO Y REHABILITACIÓN NEUROPSICOLÓGICA
2355,7092100001,MAESTRÍA EN CIENCIAS DE ENFERMERÍA
2356,7092100002,MAESTRÍA EN CIENCIAS DE LA ENFERMERÍA
2357,7092100003,MAESTRÍA EN ENFERMERÍA
2358,7092100004,"MAESTRÍA EN ENFERMERÍA ÁREAS: ADMINISTRACIÓN, DOCENCIA, SALUD LABORAL Y SALUD PÚBLICA"
2359,7092204001,MAESTRÍA EN ENFERMERÍA CON ÉNFASIS EN SALUD COMUNITARIA Y ADMINISTRACIÓN EN SERVICIOS DE ENFERMERÍA
2360,7093100001,MAESTRÍA EN CIENCIAS EN ODONTOLOGÍA
2361,7093100002,MAESTRÍA EN CIENCIAS ESTOMATOLÓGICAS
2362,7093100003,MAESTRÍA EN CIENCIAS ODONTOLÓGICAS
2363,7093100004,MAESTRÍA EN CIENCIAS ODONTOLÓGICAS CLÍNICO EPIDEMIOLÓGICAS
2364,7093202001,MAESTRÍA EN CIENCIAS ODONTOLÓGICAS CON ESPECIALIDAD EN ENDODONCIA
2365,7093203001,MAESTRÍA EN CIENCIAS ODONTOLÓGICAS CON ESPECIALIDAD ODONTOLOGÍA INFANTIL
2366,7012500031,MAESTRÍA EN EDUCACIÓN ODONTOLÓGICA
2367,7093202002,MAESTRÍA EN ENDO-METAENDODONCIA
2368,7093202003,MAESTRÍA EN ENDODONCIA
2369,7093203002,MAESTRÍA EN ESTOMATOLOGÍA PEDIÁTRICA
2370,7093207001,MAESTRÍA EN ODONTOLOGÍA AVANZADA
2371,7093100005,MAESTRÍA EN ODONTOLOGÍA
2372,7093203003,MAESTRÍA EN ODONTOLOGÍA (ESPECIALIDAD EN ODONTOPEDIATRÍA)
2373,7093204001,MAESTRÍA EN ODONTOLOGÍA (ESPECIALIDAD EN ORTODONCIA)
2374,7093205001,MAESTRÍA EN ODONTOLOGÍA (ESPECIALIDAD EN PERIODONCIA)
2375,7093206001,MAESTRÍA EN ODONTOLOGÍA (ESPECIALIDAD EN REHABILITACIÓN BUCAL)
2376,7093203004,MAESTRÍA EN ODONTOLOGÍA INFANTIL
2377,7093207002,MAESTRÍA EN ODONTOLOGÍA LASER
2378,7093206002,MAESTRÍA EN ODONTOLOGÍA RESTAURADORA
2379,7093204002,MAESTRÍA EN ORTODONCIA
2380,7093204003,MAESTRÍA EN ORTODONCIA Y ORTOPEDIA
2381,7093204004,MAESTRÍA EN ORTODONCIA Y ORTOPEDIA MAXILOFACIAL
2382,7093205002,MAESTRÍA EN PERIODONCIA
2383,7093206003,MAESTRÍA EN PROSTODONCIA
2384,7095300003,MAESTRÍA EN ANÁLISIS CLÍNICOS
2385,7095300002,MAESTRÍA EN BIOQUÍMICA CLÍNICA
2386,7071000015,MAESTRÍA EN INGENIERÍA BIOMÉDICA
2387,7094200002,MAESTRÍA EN ALIMENTACIÓN Y NUTRICIÓN
2388,7094200003,MAESTRÍA EN CIENCIA DE LOS ALIMENTOS Y NUTRICIÓN HUMANA
2389,7094200004,MAESTRÍA EN CIENCIAS DE LA SALUD CON ÁREA DE CONCENTRACIÓN EN NUTRICIÓN
2390,7094200005,MAESTRÍA EN CIENCIAS DE LA NUTRICIÓN HUMANA
2391,7094200006,MAESTRÍA EN NUTRICIÓN
2392,7094200007,MAESTRÍA EN NUTRICIÓN CLÍNICA
2393,7094200008,MAESTRÍA EN NUTRICIÓN HUMANA
2394,7094200009,"MAESTRÍA EN NUTRICIÓN, SALUD Y DIETÉTICA"
2395,7091303001,MAESTRÍA EN PATOLOGÍA DE LA AUDICIÓN Y EL LENGUAJE
2396,7095600004,MAESTRÍA EN SALUD PÚBLICA CON ÁREA DE CONCENTRACIÓN EN NUTRICIÓN
2397,7094200010,MAESTRÍA EN SEGURIDAD ALIMENTARIA Y NUTRICIONAL
2398,7095400001,MAESTRÍA EN CIENCIAS FARMACÉUTICAS
2399,7095400002,MAESTRÍA EN FARMACIA
2400,7095600005,MAESTRÍA EN CIENCIA EN SALUD PÚBLICA
2401,7095200012,MAESTRÍA EN CIENCIAS BIOMÉDICAS
2402,7095600006,MAESTRÍA EN CIENCIAS CON ESPECIALIDAD EN SALUD OCUPACIONAL
2403,7095000005,MAESTRÍA EN CIENCIAS DE LA SALUD
2404,7095600007,MAESTRÍA EN CIENCIAS DE LA SALUD AMBIENTAL
2405,7095600008,MAESTRÍA EN CIENCIAS DE LA SALUD CON ÁREA DE CONCENTRACIÓN EN BIOESTADÍSTICA
2406,7095600009,MAESTRÍA EN CIENCIAS DE LA SALUD CON ÁREA DE CONCENTRACIÓN EN ENFERMEDADES INFECCIOSAS
2407,7095600010,MAESTRÍA EN CIENCIAS DE LA SALUD CON ÁREA DE CONCENTRACIÓN EN ENFERMEDADES TRANSMITIDAS POR VECTOR
2408,7095600011,MAESTRÍA EN CIENCIAS DE LA SALUD CON ÁREA DE CONCENTRACIÓN EN EPIDEMIOLOGÍA
2409,7095600012,MAESTRÍA EN CIENCIAS DE LA SALUD CON ÁREA DE CONCENTRACIÓN EN EPIDEMIOLOGÍA CLÍNICA
2410,7095600013,MAESTRÍA EN CIENCIAS DE LA SALUD CON ÁREA DE CONCENTRACIÓN EN SALUD AMBIENTAL
2411,7095600014,MAESTRÍA EN CIENCIAS DE LA SALUD CON ÁREA DE CONCENTRACIÓN EN SISTEMAS DE SALUD
2412,7091345007,MAESTRÍA EN CIENCIAS DE LA SALUD CON ÉNFASIS EN SALUD PÚBLICA E INVESTIGACIÓN CLÍNICA
2413,7091325001,MAESTRÍA EN CIENCIAS DE LA SALUD EN EL TRABAJO
2414,7095600015,MAESTRÍA EN CIENCIAS DE LA SALUD PÚBLICA
2415,7095600016,MAESTRÍA EN CIENCIAS EN EPIDEMIOLOGÍA
2416,7095600017,MAESTRÍA EN CIENCIAS EN SALUD AMBIENTAL
2417,7095600018,MAESTRÍA EN CIENCIAS EN SALUD DE LOS TRABAJADORES
2418,7095000006,"MAESTRÍA EN CIENCIAS EN SALUD OCUPACIONAL, SEGURIDAD E HIGIENE"
2419,7095600019,MAESTRÍA EN CIENCIAS EN SALUD PÚBLICA
2420,7095600020,MAESTRÍA EN CIENCIAS EN SISTEMAS DE SALUD
2421,7095600021,MAESTRÍA EN CIENCIAS SOCIOMÉDICAS
2422,7095600022,MAESTRÍA EN EPIDEMIOLOGÍA CLÍNICA
2423,7095600023,MAESTRÍA EN EPIDEMIOLOGÍA Y ADMINISTRACIÓN EN SALUD
2424,7095600024,MAESTRÍA EN MEDICINA SOCIAL
2425,7095600025,MAESTRÍA EN POBLACIÓN Y SALUD
2426,7095600026,MAESTRÍA EN SALUD EN EL TRABAJO
2427,7095600027,MAESTRÍA EN SALUD FAMILIAR Y COMUNITARIA
2428,7095600028,MAESTRÍA EN SALUD LABORAL
2429,7095600029,MAESTRÍA EN SALUD OCUPACIONAL
2430,7095600030,MAESTRÍA EN SALUD PÚBLICA
2431,7095600031,MAESTRÍA EN SALUD PÚBLICA ÁREA DE ADMINISTRACIÓN DE SISTEMAS DE SALUD
2432,7095600032,MAESTRÍA EN SALUD PÚBLICA ÁREA DE CONCENTRACIÓN EN EPIDEMIOLOGÍA
2433,7095600033,MAESTRÍA EN SALUD PÚBLICA ÁREA DE CUIDADO PREVENTIVO
2434,7095600034,MAESTRÍA EN SALUD PÚBLICA ÁREA EN EDUCACIÓN PARA LA SALUD
2435,7095600035,MAESTRÍA EN SALUD PÚBLICA CON ÁREA DE CONCENTRACIÓN EN ADMINISTRACIÓN EN SALUD
2436,7095600036,MAESTRÍA EN SALUD PÚBLICA CON ÁREA DE CONCENTRACIÓN EN SALUD AMBIENTAL
2437,7095600037,MAESTRÍA EN SALUD PÚBLICA CON ESPECIALIDAD EN ADMINISTRACIÓN DE SISTEMAS DE SALUD
2438,7095600038,MAESTRÍA EN SALUD PÚBLICA CON ESPECIALIDAD EN CUIDADOS PREVENTIVO
2439,7095600039,MAESTRÍA EN SALUD PÚBLICA CON ESPECIALIDAD EN EDUCACIÓN PARA LA SALUD
2440,7095600040,MAESTRÍA EN SALUD PÚBLICA CON ESPECIALIDAD EN SALUD FAMILIAR
2441,7095600041,MAESTRÍA EN SALUD PÚBLICA CON TERMINAL EN EPIDEMIOLOGÍA
2442,7095600042,MAESTRÍA EN SALUD PÚBLICA Y GERENCIA DE SERVICIOS DE SALUD
2443,7042500089,MAESTRÍA EN ADMINISTRACIÓN DEL DEPORTE
2444,7101100002,MAESTRÍA EN CIENCIAS APLICADAS A LA ACTIVIDAD FÍSICA
2445,7101100003,MAESTRÍA EN CIENCIAS DE LA ACTIVIDAD FÍSICA
2446,7101100004,MAESTRÍA EN CIENCIAS DE LA ACTIVIDAD FÍSICA Y LOS DEPORTES
2447,7101100005,MAESTRÍA EN CIENCIAS DEL DEPORTE
2448,7101100006,MAESTRÍA EN CIENCIAS DEL EJERCICIO
2449,7101100007,MAESTRÍA EN CULTURA FÍSICA
2450,7101100008,MAESTRÍA EN CULTURA FÍSICA Y DEPORTE
2451,7042500090,MAESTRÍA EN DIRECCIÓN Y GESTIÓN DE ENTIDADES DEPORTIVAS
2452,7012601008,MAESTRÍA EN EDUCACIÓN FÍSICA Y DEPORTE
2453,7101100001,MAESTRÍA EN GESTIÓN DEPORTIVA
2454,7101100009,MAESTRÍA EN METODOLOGÍA DEL ENTRETENIMIENTO DEPORTIVO
2455,7031100191,MAESTRÍA EN PSICOLOGÍA DEL DEPORTE
2456,7042500091,"MAESTRÍA PROFESIONAL EN ADMINISTRACIÓN DE LA EDUCACIÓN FÍSICA, EL DEPORTE Y LA RECREACIÓN"
2457,7042100217,MAESTRÍA EN CIENCIAS EN ADMINISTRACIÓN DE MATERIALES Y LOGÍSTICA
2458,7102100004,MAESTRÍA EN INGENIERÍA DE TRÁNSITO Y TRANSPORTE
2459,7042100218,MAESTRÍA EN LOGÍSTICA DE LA CADENA DE SUMINISTROS
2460,7042100265,MAESTRÍA EN LOGÍSTICA Y CADENA DE SUMINISTROS
2461,7042100219,MAESTRÍA EN LOGÍSTICA Y DIRECCIÓN DE LA CADENA DE SUMINISTRO
2462,7033200019,MAESTRÍA EN POLÍTICA CRIMINAL Y SEGURIDAD PÚBLICA
2463,7042100266,MAESTRÍA EN SEGURIDAD SOCIAL
2464,7103100004,MAESTRÍA EN PREVENCIÓN Y RIESGOS LABORALES
2465,7103100005,MAESTRÍA EN SEGURIDAD E HIGIENE OCUPACIONAL
2466,8011500001,DOCTORADO EN CIENCIAS DE LA EDUCACIÓN
2467,8011500002,DOCTORADO EN CIENCIAS EDUCATIVAS
2468,8011500003,DOCTORADO EN EDUCACIÓN
2469,8011500004,DOCTORADO INTERINSTITUCIONAL EN EDUCACIÓN
2470,8011100001,DOCTORADO EN CIENCIAS EN EL ÁREA DE PEDAGOGÍA
2471,8011100002,DOCTORADO EN CIENCIAS ESPECIALIDAD PEDAGOGÍA
2472,8051100001,DOCTORADO EN CIENCIAS NATURALES
2473,8011100003,DOCTORADO EN CIENCIAS PARA EL APRENDIZAJE
2474,8011100004,DOCTORADO EN CIENCIAS PEDAGÓGICAS
2475,8011100006,DOCTORADO EN EDUCACIÓN CON ACENTUACIÓN EN DISEÑO CURRICULAR E INSTRUCCIÓN
2476,8011100007,DOCTORADO EN METODOLOGÍA DE LA ENSEÑANZA
2477,8011100008,DOCTORADO EN PEDAGOGÍA
2478,8011300001,DOCTORADO EN PSICOPEDAGOGÍA CON ENFOQUE GESTALT
2479,8011200004,DOCTORADO EN CIENCIAS EN INVESTIGACIONES EDUCATIVAS
2480,8011200005,DOCTORADO EN DESARROLLO EDUCATIVO
2481,8011000002,DOCTORADO EN ECOEDUCACIÓN
2482,8011200006,DOCTORADO EN EDUCACIÓN CENTRADO EN INVESTIGACIÓN
2483,8011500009,DOCTORADO EN EDUCACIÓN PERMANENTE
2484,8011500010,DOCTORADO EN EDUCACIÓN BASADA EN COMPETENCIAS
2485,8011500012,DOCTORADO EN FILOSOFÍA DE LA EDUCACIÓN
2486,8011200007,DOCTORADO EN INNOVACIÓN EDUCATIVA
2487,8011200008,DOCTORADO EN INVESTIGACIÓN EDUCATIVA
2488,8011200009,DOCTORADO EN INVESTIGACIONES EDUCATIVAS
2489,8011200010,DOCTORADO EN PLANEACIÓN EDUCATIVA
2490,8011200011,DOCTORADO EN PLANEACIÓN Y LIDERAZGO EDUCATIVO
2491,8011300003,DOCTORADO EN EDUCACIÓN FAMILIAR
2492,8011500013,DOCTORADO EN EDUCACIÓN PROGRAMA TUTORIAL
2493,8011200022,"DOCTORADO EN EDUCACIÓN, DIAGNÓSTICO, MEDIA Y EVALUACIÓN DE LA INTERVENCIÓN EDUCATIVA"
2494,8011300004,DOCTORADO EN PSICOPEDAGOGÍA Y DESARROLLO DEL POTENCIAL HUMANO
2495,8011400001,DOCTORADO EN EDUCACIÓN CON ACENTUACIÓN EN COMUNICACIÓN Y TECNOLOGÍA EDUCATIVA
2496,8011400002,DOCTORADO EN EDUCACIÓN CON ORIENTACIÓN EN CONSTRUCTIVISMO Y NUEVAS TECNOLOGÍAS
2497,8011200023,DOCTORADO EN EDUCACIÓN INTERNACIONAL
2498,8011400003,DOCTORADO EN EDUCACIÓN Y TECNOLOGÍA EDUCATIVA
2499,8011400004,DOCTORADO EN INNOVACIÓN Y TECNOLOGÍA EDUCATIVA
2500,8011400005,DOCTORADO EN SISTEMAS Y AMBIENTES EDUCATIVOS
2501,8011400006,DOCTORADO EN TECNOLOGÍA EDUCATIVA
2502,8012000001,DOCTORADO EN DOCENCIA
2503,8011000003,DOCTORADO EN EDUCACIÓN HUMANISTA
2504,8012500001,DOCTORADO EN CIENCIAS EN EDUCACIÓN AGRÍCOLA SUPERIOR
2505,8012500002,DOCTORADO EN EDUCACIÓN CON ENFOQUE UNIVERSITARIO
2506,8011100018,DOCTORADO EN EDUCACIÓN PARA LA FORMACIÓN PROFESIONAL
2507,8012500003,DOCTORADO EN EDUCACIÓN SUPERIOR
2508,8012500004,DOCTORADO EN ENSEÑANZA SUPERIOR
2509,8021000001,DOCTORADO EN ARTES
2510,8021000002,DOCTORADO EN HISTORIA DEL ARTE
2511,8021300001,DOCTORADO EN MÚSICA
2512,8021600001,DOCTORADO EN CIENCIAS Y ARTES PARA EL DISEÑO
2513,8021100003,DOCTORADO EN DISEÑO
2514,8021000003,DOCTORADO EN ARTES Y HUMANIDADES
2515,8022000001,DOCTORADO EN HUMANIDADES
2516,8021000004,DOCTORADO EN HUMANIDADES Y ARTES
2517,8021000005,DOCTORADO EN HUMANIDADES: TEORÍAS CONTEMPORÁNEAS DEL ANÁLISIS DEL TEXTO ARTÍSTICO Y CULTURAL
2518,8022000002,DOCTORADO EN TEORÍA CRITICA
2519,8022300001,DOCTORADO EN CIENCIAS DEL LENGUAJE
2520,8022300002,DOCTORADO EN CREACIÓN LITERARIA ÁREA NOVELA
2521,8022300003,DOCTORADO EN ESTUDIOS LITERARIOS Y LINGÜÍSTICA
2522,8022300004,DOCTORADO EN LETRAS
2523,8022300005,DOCTORADO EN LETRAS MODERNAS
2524,8022400001,DOCTORADO EN LINGÜÍSTICA
2525,8022300006,DOCTORADO EN LITERATURA
2526,8022300007,DOCTORADO EN LITERATURA HISPÁNICA
2527,8022500001,DOCTORADO EN ESTUDIOS DE AMÉRICA DEL NORTE
2528,8022500002,DOCTORADO EN ESTUDIOS LATINOAMERICANOS
2529,8022500003,DOCTORADO EN ESTUDIOS MESOAMERICANOS
2530,8022500004,DOCTORADO EN HISTORIA
2531,8022500005,DOCTORADO EN HISTORIA MODERNA Y CONTEMPORÁNEA
2532,8022500006,DOCTORADO EN HISTORIA Y ESTUDIOS REGIONALES
2533,8022500007,DOCTORADO EN HISTORIOGRAFÍA
2534,8022500008,DOCTORADO EN HISTORIA Y ETNOHISTORIA
2535,8022500009,DOCTORADO EN ARQUEOLOGÍA
2536,8022600001,DOCTORADO EN BIOÉTICA
2537,8022600002,DOCTORADO EN CIENCIA FILOSÓFICAS
2538,8022000004,DOCTORADO EN CIENCIAS HUMANAS
2539,8022600003,DOCTORADO EN EDUCACIÓN HOLISTA
2540,8022600005,DOCTORADO EN FILOSOFÍA
2541,8022600006,DOCTORADO EN FILOSOFÍA CON ESPECIALIDAD EN TRABAJO SOCIAL Y POLÍTICAS COMPARADAS DE BIENESTAR SOCIAL
2542,8022600007,DOCTORADO EN FILOSOFÍA CON ORIENTACIÓN EN ARQUITECTURA Y ASUNTOS URBANOS
2543,8022600008,DOCTORADO EN FILOSOFÍA DE LA CIENCIA
2544,8033100002,DOCTORADO EN FILOSOFÍA DEL DERECHO
2545,8022600009,DOCTORADO EN FILOSOFÍA GESTALT
2546,8022000005,DOCTORADO EN HISTORIA DEL PENSAMIENTO
2547,8031100002,DOCTORADO EN CIENCIA DEL COMPORTAMIENTO
2548,8031000001,DOCTORADO EN CIENCIAS SOCIALES
2549,8042100002,DOCTORADO EN CIENCIAS SOCIALES Y ADMINISTRATIVAS
2550,8022000006,DOCTORADO EN CIENCIAS SOCIALES Y HUMANÍSTICAS
2551,8031300002,DOCTORADO EN CIENCIAS SOCIALES Y POLÍTICAS
2552,8031100003,DOCTORADO EN CLÍNICA PSICOANALÍTICA
2553,8031100004,DOCTORADO EN EVALUACIÓN Y PSICOTERAPIA INFANTIL
2554,8031100005,DOCTORADO EN INVESTIGACIÓN PSICOANALÍTICA
2555,8031100006,DOCTORADO EN INVESTIGACIÓN PSICOLÓGICA
2556,8031100007,DOCTORADO EN PSICOLOGÍA
2557,8031100008,DOCTORADO EN PSICOLOGÍA Y EDUCACIÓN
2558,8031100009,DOCTORADO EN PSICOTERAPIA
2559,8031100010,DOCTORADO EN PSICOTERAPIA HUMANISTA
2560,8031100011,DOCTORADO INTERINSTITUCIONAL EN PSICOLOGÍA
2561,8031200003,DOCTORADO EN ANTROPOLOGÍA
2562,8031200004,DOCTORADO EN ANTROPOLOGÍA FÍSICA
2563,8031200005,DOCTORADO EN ANTROPOLOGÍA SOCIAL
2564,8031200006,DOCTORADO EN CIENCIAS ANTROPOLÓGICAS
2565,8031200007,DOCTORADO EN CIENCIAS DEL DESARROLLO REGIONAL
2566,8031200008,DOCTORADO EN CIENCIAS EN DESARROLLO RURAL
2567,8031200009,DOCTORADO EN CIENCIAS EN ESTUDIOS DEL DESARROLLO RURAL
2568,8031200010,DOCTORADO EN CIENCIAS SOCIALES CON ESPECIALIDAD EN ESTUDIOS REGIONALES
2569,8031200011,DOCTORADO EN CIENCIAS SOCIALES CON ESPECIALIDAD EN SOCIOLOGÍA
2570,8031200012,DOCTORADO EN CIENCIAS SOCIALES CON ORIENTACIÓN EN DESARROLLO SUSTENTABLE
2571,8022000007,DOCTORADO EN CIENCIAS SOCIALES Y HUMANIDADES
2572,8031200013,DOCTORADO EN CONOCIMIENTO Y CULTURA EN AMÉRICA LATINA
2573,8021000006,DOCTORADO EN CREACIÓN Y TEORÍAS DE LA CULTURA
2574,8031000004,DOCTORADO EN DESARROLLO HUMANO
2575,8031100027,DOCTORADO EN DESARROLLO HUMANO Y ACOMPAÑAMIENTO DE GRUPOS
2576,8031200014,DOCTORADO EN DESARROLLO REGIONAL
2577,8011100019,DOCTORADO EN DIDÁCTICA Y CONCIENCIA HISTÓRICA
2578,8031200015,DOCTORADO EN ESTUDIOS CIENTÍFICOS - SOCIALES
2579,8031200016,DOCTORADO EN ESTUDIOS DE POBLACIÓN
2580,8031200017,DOCTORADO EN ESTUDIOS DEL DESARROLLO
2581,8022000008,DOCTORADO EN ESTUDIOS HUMANÍSTICOS
2582,8031200018,DOCTORADO EN ESTUDIOS SOCIALES
2583,8031200019,DOCTORADO EN ESTUDIOS TRANSDISCIPLINARIOS DE LA CULTURA Y LA COMUNICACIÓN
2584,8073100001,DOCTORADO EN ESTUDIOS URBANOS Y AMBIENTALES
2585,8031200020,DOCTORADO EN SOCIOLOGÍA
2586,8031300003,DOCTORADO EN CIENCIA POLÍTICA
2587,8031300004,DOCTORADO EN CIENCIAS ÁREA RELACIONES INTERNACIONALES TRANSPACÍFICAS
2588,8031300005,DOCTORADO EN CIENCIAS POLÍTICAS
2589,8031300006,DOCTORADO EN CIENCIAS POLÍTICAS Y SOCIALES
2590,8031300007,DOCTORADO EN ESTUDIOS DE DESARROLLO GLOBAL
2591,8031300008,DOCTORADO EN GESTIÓN ESTRATÉGICA Y POLÍTICAS DE DESARROLLO
2592,8031300009,DOCTORADO EN INVESTIGACIÓN EN CIENCIAS SOCIALES CON MENCIÓN EN CIENCIA POLÍTICA O SOCIOLOGÍA
2593,8031300010,DOCTORADO EN POLÍTICA PÚBLICA
2594,8031300011,DOCTORADO EN RELACIONES INTERNACIONALES
2595,8031400001,DOCTORADO EN CIENCIAS ECONÓMICAS
2596,8031400002,DOCTORADO EN CIENCIAS ECONÓMICAS Y ADMINISTRATIVAS
2597,8031400003,DOCTORADO EN CIENCIAS ECONÓMICAS Y EMPRESARIALES
2598,8031400004,DOCTORADO EN CIENCIAS ECONÓMICO ADMINISTRATIVAS
2599,8031400005,DOCTORADO EN CIENCIAS EN ECONOMÍA
2600,8031400006,DOCTORADO EN CIENCIAS EN ECONOMÍA AGRÍCOLA
2601,8031400007,DOCTORADO EN DESARROLLO ECONÓMICO Y SECTORIAL ESTRATÉGICO
2602,8031400008,DOCTORADO EN ECONOMÍA
2603,8031400009,DOCTORADO EN ECONOMÍA REGIONAL
2604,8031400010,DOCTORADO EN NEGOCIOS Y ESTUDIOS ECONÓMICOS
2605,8031400011,DOCTORADO EN PROBLEMAS ECONÓMICOS AGROINDUSTRIALES
2606,8031500005,DOCTORADO EN COOPERACIÓN Y BIENESTAR SOCIAL
2607,8031500006,DOCTORADO EN TRABAJO SOCIAL
2608,8032100002,DOCTORADO EN COMUNICACIÓN
2609,8032200001,DOCTORADO EN BIBLIOTECOLOGÍA Y ESTUDIOS DE LA INFORMACIÓN
2610,8042000002,DOCTORADO EN ADMINISTRACIÓN
2611,8042100004,DOCTORADO EN ADMINISTRACIÓN ESTRATÉGICA
2612,8042100005,DOCTORADO EN ALTA DIRECCIÓN
2613,8042000003,DOCTORADO EN CIENCIAS ADMINISTRATIVAS
2614,8042000004,DOCTORADO EN CIENCIAS CON ESPECIALIDAD EN CIENCIAS ADMINISTRATIVAS
2615,8042000005,DOCTORADO EN CIENCIAS DE LA ADMINISTRACIÓN
2616,8042100006,DOCTORADO EN CIENCIAS EN EL ÁREA DE ALTA DIRECCIÓN
2617,8042100007,DOCTORADO EN DIRECCIÓN DE ORGANIZACIONES
2618,8042000006,DOCTORADO EN GESTIÓN Y CONTROL
2619,8042100008,DOCTORADO EN PLANEACIÓN ESTRATÉGICA PARA LA MEJORA DEL DESEMPEÑO
2620,8042100009,DOCTORADO EN PLANEACIÓN ESTRATÉGICA Y DIRECCIÓN DE TECNOLOGÍA
2621,8041100001,DOCTORADO EN CIENCIAS EN NEGOCIOS INTERNACIONALES
2622,8042100011,DOCTORADO EN DIRECCIÓN Y NEGOCIOS INTERNACIONALES
2623,8041200001,DOCTORADO EN DIRECCIÓN Y MERCADOTECNIA
2624,8041300001,DOCTORADO EN CIENCIAS FINANCIERAS
2625,8041300002,DOCTORADO EN DIRECCIÓN Y FINANZAS
2626,8041300003,DOCTORADO EN FINANZAS PÚBLICAS
2627,8041400001,DOCTORADO EN CIENCIAS DE LO FISCAL
2628,8041400002,DOCTORADO EN CONTADURÍA
2629,8041400003,DOCTORADO EN ESTUDIOS FISCALES
2630,8041400004,DOCTORADO EN MATERIA FISCAL
2631,8011200026,DOCTORADO EN ADMINISTRACIÓN EDUCATIVA
2632,8042500001,DOCTORADO EN ADMINISTRACIÓN ESCOLAR Y EDUCATIVA
2633,8011200027,"DOCTORADO EN CIENCIAS DE LA EDUCACIÓN CON ACENTUACIÓN EN DOCENCIA, TECNOLOGÍA Y ADMINISTRACIÓN EDUCATIVA"
2634,8042500002,DOCTORADO EN EDUCACIÓN CON ACENTUACIÓN EN ADMINISTRACIÓN EDUCATIVA
2635,8011200029,DOCTORADO EN GERENCIA Y POLÍTICA EDUCATIVA
2636,8011200030,DOCTORADO EN GESTIÓN EDUCATIVA
2637,8042500003,DOCTORADO EN LIDERAZGO Y DIRECCIÓN DE INSTITUCIONES DE EDUCACIÓN SUPERIOR
2638,8042100018,DOCTORADO EN ADMINISTRACIÓN DE EMPRESAS
2639,8042100033,DOCTORADO EN ADMINISTRACIÓN ESTRATÉGICA INTERNACIONAL
2640,8042100019,DOCTORADO EN ESTUDIOS ORGANIZACIONALES
2641,8042300002,DOCTORADO EN ADMINISTRACIÓN PÚBLICA
2642,8031300023,DOCTORADO EN GERENCIA PÚBLICA Y POLÍTICA SOCIAL
2643,8042300003,DOCTORADO EN GOBIERNO Y ADMINISTRACIÓN PÚBLICA
2644,8042400001,DOCTORADO EN CIENCIAS EN DESARROLLO REGIONAL Y TECNOLÓGICO
2645,8042200002,DOCTORADO EN ESTUDIOS TURÍSTICOS
2646,8033100005,"DOCTORADO EN CIENCIAS JURÍDICAS, ADMINISTRATIVAS Y DE LA EDUCACIÓN"
2647,8033100006,DOCTORADO EN CIENCIAS JURÍDICO ADMINISTRATIVAS
2648,8033100007,DOCTORADO EN CIENCIAS JURÍDICO PENALES
2649,8033100008,DOCTORADO EN CIENCIAS PENALES
2650,8033100009,DOCTORADO EN DERECHO
2651,8033100010,"DOCTORADO EN DERECHO CON ACENTUACIÓN EN DERECHO PENAL, DERECHO TRIBUTARIO, DERECHO CIVIL"
2652,8033100011,DOCTORADO EN DERECHO DE LA EMPRESA
2653,8033100012,DOCTORADO EN DERECHO ELECTORAL
2654,8033100013,DOCTORADO EN DERECHO FISCAL
2655,8033100014,DOCTORADO EN DERECHO INTERINSTITUCIONAL
2656,8033100015,DOCTORADO EN DERECHO JUDICIAL
2657,8033100016,DOCTORADO EN DERECHO PENAL
2658,8033100017,DOCTORADO EN DERECHO PROCESAL
2659,8033100018,DOCTORADO EN DERECHO PÚBLICO
2660,8033100019,DOCTORADO EN GENERO Y DERECHO
2661,8033100020,DOCTORADO INTERINSTITUCIONAL EN DERECHO
2662,8033200002,DOCTORADO EN CIENCIAS PENALES Y POLÍTICA CRIMINAL
2663,8095200001,DOCTORADO EN BIOCIENCIAS
2664,8051200001,DOCTORADO EN BIOLOGÍA EXPERIMENTAL
2665,8095200002,DOCTORADO EN BIOMEDICINA MOLECULAR
2666,8051200003,DOCTORADO EN BIOQUÍMICA
2667,8051200004,DOCTORADO EN CIENCIA EN BIOQUÍMICA
2668,8051100002,DOCTORADO EN CIENCIAS (BIOLOGÍA)
2669,8051100003,DOCTORADO EN CIENCIAS (MICROBIOLOGÍA)
2670,8051100004,DOCTORADO EN CIENCIAS BIOLÓGICAS
2671,8095200003,DOCTORADO EN CIENCIAS BIOMÉDICAS
2672,8095200004,DOCTORADO EN CIENCIAS BIOMÉDICAS BÁSICAS
2673,8095200005,DOCTORADO EN CIENCIAS BIOMEDICINA MOLECULAR
2674,8051200005,DOCTORADO EN CIENCIAS BIOQUÍMICAS
2675,8051100005,DOCTORADO EN CIENCIAS CON ESPECIALIDAD EN BIOLOGÍA MARINA
2676,8051100006,DOCTORADO EN CIENCIAS CON ESPECIALIDAD EN MICROBIOLOGÍA
2677,8051200006,DOCTORADO EN CIENCIAS CON ORIENTACIÓN EN BIOLOGÍA MOLECULAR E INGENIERÍA GENÉTICA
2678,8051200007,DOCTORADO EN CIENCIAS DE LA ESPECIALIDAD EN FISIOLOGÍA CELULAR
2679,8051100007,DOCTORADO EN CIENCIAS EN BIOLOGÍA CELULAR
2680,8051100008,DOCTORADO EN CIENCIAS EN BOTÁNICA
2681,8051200008,DOCTORADO EN CIENCIAS EN FARMACOLOGÍA
2682,8051100009,DOCTORADO EN CIENCIAS EN FISIOLOGÍA VEGETAL
2683,8051100010,DOCTORADO EN CIENCIAS EN GENÉTICA
2684,8051200009,DOCTORADO EN CIENCIAS EN GENÉTICA Y BIOLOGÍA MOLECULAR
2685,8051200010,DOCTORADO EN CIENCIAS EN LA ESPECIALIDAD DE NEUROBIOLOGÍA CELULAR
2686,8051200011,DOCTORADO EN CIENCIAS EN NEUROFARMACOLOGÍA Y TERAPÉUTICA EXPERIMENTAL
2687,8051200012,DOCTORADO EN CIENCIAS EN QUÍMICO BIOLÓGICAS
2688,8051200013,DOCTORADO EN CIENCIAS EN TOXICOLOGÍA
2689,8051100011,DOCTORADO EN CIENCIAS FISIOLÓGICAS
2690,8051200014,DOCTORADO EN CIENCIAS GENÓMICAS
2691,8095200006,DOCTORADO EN CIENCIAS MÉDICAS Y BIOLÓGICAS
2692,8051200015,DOCTORADO EN CIENCIAS QUÍMICO BIOLÓGICAS
2693,8051200016,DOCTORADO EN FARMACOBIOLOGÍA MÉDICA Y MOLECULAR
2694,8051200017,DOCTORADO EN FARMACOLOGÍA
2695,8051100012,DOCTORADO EN GENÉTICA HUMANA
2696,8051000001,DOCTORADO EN NEUROETOLOGÍA
2697,8051100019,DOCTORADO EN BIOLÓGICAS (CONSERVACIÓN Y MANEJO DE RECURSOS)
2698,8051300002,DOCTORADO EN CIENCIAS AMBIENTALES
2699,8051300003,DOCTORADO EN CIENCIAS APLICADAS AL APROVECHAMIENTO DE LOS RECURSOS NATURALES
2700,8051100020,DOCTORADO EN CIENCIAS BIOLÓGICAS EN RECURSOS BIÓTICOS
2701,8051300004,DOCTORADO EN CIENCIAS CON ESPECIALIDAD EN MANEJO DE RECURSOS NATURALES
2702,8051300005,DOCTORADO EN CIENCIAS DEL MAR Y LIMNOLOGÍA
2703,8051300006,DOCTORADO EN CIENCIAS EN BIODIVERSIDAD Y CONSERVACIÓN
2704,8051300007,"DOCTORADO EN CIENCIAS EN BIOSISTEMÁTICA, ECOLOGÍA Y MANEJO DE RECURSOS NATURALES Y AGRÍCOLAS"
2705,8051300008,DOCTORADO EN CIENCIAS EN ECOLOGÍA MARINA
2706,8051200022,DOCTORADO EN CIENCIAS EN ECOLOGÍA MOLECULAR Y BIOTECNOLOGÍA
2707,8051300009,DOCTORADO EN CIENCIAS EN ECOLOGÍA Y DESARROLLO SUSTENTABLE
2708,8051300010,DOCTORADO EN CIENCIAS EN ECOLOGÍA Y MANEJO DE SISTEMAS TROPICALES
2709,8051300011,"DOCTORADO EN CIENCIAS EN EL USO, MANEJO Y PRESERVACIÓN DE LOS RECURSOS NATURALES"
2710,8051300012,DOCTORADO EN CIENCIAS EN MANEJO DE RECURSOS NATURALES TROPICALES
2711,8031200031,DOCTORADO EN CIENCIAS NATURALES Y BIOPSICOSOCIALES
2712,8051300013,DOCTORADO EN CIENCIAS PARA EL DESARROLLO SUSTENTABLE
2713,8051300014,DOCTORADO EN ECOLOGÍA MARINA
2714,8051300015,DOCTORADO EN ECOLOGÍA TROPICAL
2715,8051300016,DOCTORADO EN ECOLOGÍA Y DESARROLLO SUSTENTABLE
2716,8071600001,DOCTORADO EN MEDIO AMBIENTE
2717,8051300017,DOCTORADO EN MEDIO AMBIENTE Y DESARROLLO
2718,8031400015,DOCTORADO EN PLANEACIÓN Y DESARROLLO SUSTENTABLE
2719,8052000002,DOCTORADO EN CIENCIAS
2720,8052000003,"DOCTORADO EN CIENCIAS (FÍSICA, BIOFÍSICA Y QUÍMICA)"
2721,8052000004,DOCTORADO EN CIENCIAS APLICADAS
2722,8081000001,DOCTORADO EN CIENCIAS EN LA MODALIDAD DE INVESTIGACIÓN
2723,8052100002,DOCTORADO EN ASTROFÍSICA
2724,8052100003,DOCTORADO EN CIENCIAS (ASTROFÍSICA)
2725,8052100004,DOCTORADO EN CIENCIAS (FÍSICA APLICADA)
2726,8052100005,DOCTORADO EN CIENCIAS (FÍSICA)
2727,8052100006,DOCTORADO EN CIENCIAS (FÍSICO)
2728,8052100007,DOCTORADO EN CIENCIAS CON ESPECIALIDAD EN FÍSICA APLICADA Y FÍSICA TEÓRICA
2729,8052100008,DOCTORADO EN CIENCIAS CON ESPECIALIDAD EN FÍSICA MÉDICA
2730,8052100009,DOCTORADO EN CIENCIAS EN FÍSICA
2731,8052100010,DOCTORADO EN CIENCIAS EN FÍSICA DE MATERIALES
2732,8052100011,DOCTORADO EN CIENCIAS EN LA ESPECIALIDAD DE ASTROFÍSICA
2733,8052100012,DOCTORADO EN CIENCIAS EN LA ESPECIALIDAD DE ÓPTICA
2734,8052100013,DOCTORADO EN CIENCIAS EN ÓPTICA
2735,8052100014,DOCTORADO EN CIENCIAS FISICOMATEMÁTICAS
2736,8052100015,DOCTORADO EN FÍSICA
2737,8052100016,DOCTORADO EN FÍSICA DE LOS MATERIALES
2738,8052200001,DOCTORADO EN CIENCIA DE MATERIALES
2739,8052200002,DOCTORADO EN CIENCIAS DE MATERIALES
2740,8052200003,DOCTORADO EN CIENCIAS EN CIENCIAS QUÍMICAS
2741,8052200004,DOCTORADO EN CIENCIAS EN MATERIALES
2742,8052200005,DOCTORADO EN CIENCIAS ESPECIALIDAD EN MATERIALES
2743,8052200006,DOCTORADO EN CIENCIAS QUÍMICAS
2744,8052200007,DOCTORADO EN POLÍMEROS
2745,8052200008,DOCTORADO EN QUÍMICA
2746,8052300001,DOCTORADO EN CIENCIAS DEL AGUA
2747,8052300002,DOCTORADO EN CIENCIAS EN CIENCIAS DE LA TIERRA
2748,8052300003,DOCTORADO EN CIENCIAS EN OCEANOGRAFÍA FÍSICA
2749,8052300005,DOCTORADO EN CIENCIAS MARINAS
2750,8052300006,DOCTORADO EN CIENCIAS MARINAS Y COSTERAS
2751,8052300007,DOCTORADO EN GEOGRAFÍA
2752,8053100001,DOCTORADO EN CIENCIAS (MATEMÁTICAS)
2753,8053100002,DOCTORADO EN CIENCIAS CON ORIENTACIÓN EN MATEMÁTICAS APLICADAS
2754,8053100003,DOCTORADO EN CIENCIAS CON ORIENTACIÓN EN MATEMÁTICAS BÁSICAS
2755,8053100004,DOCTORADO EN CIENCIAS EN MATEMÁTICA EDUCATIVA
2756,8053100005,DOCTORADO EN CIENCIAS EN MATEMÁTICAS
2757,8053100006,DOCTORADO EN CIENCIAS MATEMÁTICAS
2758,8053100007,DOCTORADO EN MATEMÁTICA EDUCATIVA
2759,8053100008,DOCTORADO EN MATEMÁTICAS
2760,8053200002,DOCTORADO EN CIENCIAS CON ORIENTACIÓN EN PROBABILIDAD Y ESTADÍSTICA
2761,8053200003,DOCTORADO EN CIENCIAS EN ESTADÍSTICA Y CALCULO
2762,8061100001,DOCTORADO EN CIENCIAS COMPUTACIONALES
2763,8061100002,DOCTORADO EN CIENCIAS CON ORIENTACIÓN EN CIENCIAS DE LA COMPUTACIÓN
2764,8061100003,DOCTORADO EN CIENCIAS DE LA COMPUTACIÓN
2765,8061100004,DOCTORADO EN CIENCIAS EN CIENCIAS COMPUTACIONALES
2766,8061100005,DOCTORADO EN CIENCIAS EN CIENCIAS DE LA COMPUTACIÓN
2767,8061100006,DOCTORADO EN CIENCIAS EN COMPUTACIÓN
2768,8061100007,DOCTORADO EN CIENCIAS EN EL ÁREA DE CIENCIAS COMPUTACIONALES
2769,8061300001,DOCTORADO EN INGENIERÍA DE SOFTWARE
2770,8071000001,DOCTORADO EN CIENCIA APLICADA Y TECNOLOGÍA AVANZADA
2771,8071000002,DOCTORADO EN CIENCIA Y TECNOLOGÍA
2772,8071000003,DOCTORADO EN CIENCIAS DE INGENIERÍA
2773,8071000004,DOCTORADO EN CIENCIAS E INGENIERÍA
2774,8011400009,"DOCTORADO EN EDUCACIÓN DE LAS CIENCIAS, INGENIERÍA Y TECNOLOGÍA"
2775,8071000005,DOCTORADO EN INGENIERÍA
2776,8071000006,DOCTORADO EN INGENIERÍA Y CIENCIAS APLICADAS
2777,8062200001,DOCTORADO EN INGENIERÍA Y TECNOLOGÍA
2778,8071000007,DOCTORADO EN TECNOLOGÍA AVANZADA
2779,8052200016,DOCTORADO EN CIENCIAS (EN LA ESPECIALIDAD DE CIENCIAS DE LOS MATERIALES)
2780,8052200017,DOCTORADO EN CIENCIAS DE LOS MATERIALES
2781,8072300001,DOCTORADO EN CIENCIAS E INGENIERÍA DE MATERIALES
2782,8071700001,DOCTORADO EN CIENCIAS EN INGENIERÍA INDUSTRIAL
2783,8071100001,DOCTORADO EN CIENCIAS EN INGENIERÍA MECÁNICA
2784,8071300002,DOCTORADO EN CIENCIAS EN INGENIERÍA MECATRÓNICA
2785,8072400001,DOCTORADO EN CIENCIAS EN INGENIERÍA METALÚRGICA Y CERÁMICA
2786,8072400002,DOCTORADO EN CIENCIAS EN METALURGIA Y CIENCIAS DE LOS MATERIALES
2787,8071400001,DOCTORADO EN INGENIERÍA DE MATERIALES
2788,8071000013,DOCTORADO EN INGENIERÍA FÍSICA INDUSTRIAL
2789,8071700002,DOCTORADO EN INGENIERÍA INDUSTRIAL
2790,8071100002,DOCTORADO EN INGENIERÍA MECÁNICA
2791,8071300003,DOCTORADO EN INGENIERÍA MECATRÓNICA
2792,8071300004,DOCTORADO EN MECATRÓNICA
2793,8072400003,DOCTORADO EN METALURGIA Y CIENCIAS DE LOS MATERIALES
2794,8071100003,DOCTORADO INTERINSTITUCIONAL EN CIENCIA Y TECNOLOGÍA CON ORIENTACIÓN EN DISEÑO Y DESARROLLO DE SISTEMAS MECÁNICOS
2795,8071300005,DOCTORADO INTERINSTITUCIONAL EN CIENCIA Y TECNOLOGÍA CON ORIENTACIÓN EN MECATRÓNICA
2796,8071200002,DOCTORADO EN CIENCIAS EN INGENIERÍA ELÉCTRICA
2797,8071200003,DOCTORADO EN CIENCIAS EN INGENIERÍA ELÉCTRICA OPCIÓN: SISTEMAS DE CONTROL
2798,8071200004,DOCTORADO EN DISPOSITIVOS SEMICONDUCTORES
2799,8071200005,DOCTORADO EN INGENIERÍA ELÉCTRICA
2800,8061100013,DOCTORADO EN CIENCIA E INGENIERÍA DE LA COMPUTACIÓN
2801,8061100014,DOCTORADO EN CIENCIAS E INGENIERÍA DE LA COMPUTACIÓN
2802,8071300007,DOCTORADO EN CIENCIAS EN CONTROL AUTOMÁTICO
2803,8062100001,DOCTORADO EN CIENCIAS EN ELECTRÓNICA Y TELECOMUNICACIONES
2804,8071300008,DOCTORADO EN CIENCIAS EN INGENIERÍA ELECTRÓNICA
2805,8071300009,DOCTORADO EN CIENCIAS EN LA ESPECIALIDAD DE ELECTRÓNICA
2806,8071300010,DOCTORADO EN CIENCIAS EN ROBÓTICA Y MANUFACTURA AVANZADA
2807,8062100002,DOCTORADO EN COMUNICACIONES Y ELECTRÓNICA
2808,8071300011,DOCTORADO EN ELECTRÓNICA
2809,8061300003,DOCTORADO EN INGENIERÍA CON ESPECIALIDAD EN INGENIERÍA DE SISTEMAS
2810,8071300012,DOCTORADO EN INTELIGENCIA ARTIFICIAL
2811,8062200004,DOCTORADO EN TECNOLOGÍA DE INFORMACIÓN Y ANÁLISIS DE DECISIONES
2812,8062200005,DOCTORADO EN TECNOLOGÍAS DE INFORMACIÓN
2813,8062200006,DOCTORADO EN TECNOLOGÍAS DE INFORMACIÓN Y COMUNICACIONES
2814,8051200025,DOCTORADO EN BIOTECNOLOGÍA
2815,8051200026,DOCTORADO EN BIOTECNOLOGÍA DE LAS PLANTAS
2816,8051200027,DOCTORADO EN BIOTECNOLOGÍA OPCIÓN BIOCATÁLISIS
2817,8072300002,DOCTORADO EN CIENCIA Y TECNOLOGÍA DE MATERIALES
2818,8081100002,DOCTORADO EN CIENCIAS BIOLÓGICAS OPCIÓN EN BIOTECNOLOGÍA MOLECULAR AGROPECUARIA
2819,8095200008,DOCTORADO EN CIENCIAS CON ESPECIALIDAD EN BIOMEDICINA Y BIOTECNOLOGÍA MOLECULAR
2820,8051200028,DOCTORADO EN CIENCIAS CON ESPECIALIDAD EN BIOTECNOLOGÍA
2821,8051200029,DOCTORADO EN CIENCIAS CON ESPECIALIDAD EN BIOTECNOLOGÍA DE PLANTAS
2822,8051200030,DOCTORADO EN CIENCIAS CON ORIENTACIÓN EN BIOTECNOLOGÍA
2823,8071400002,DOCTORADO EN CIENCIAS DE BIOPROCESOS
2824,8081100001,DOCTORADO EN CIENCIAS EN AGROBIOTECNOLOGÍA
2825,8051200031,DOCTORADO EN CIENCIAS EN BIOTECNOLOGÍA
2826,8052200018,DOCTORADO EN CIENCIAS EN INGENIERÍA QUÍMICA
2827,8071400003,DOCTORADO EN CIENCIAS EN PROCESOS BIOTECNOLÓGICOS
2828,8051200032,DOCTORADO EN ECOLOGÍA Y BIOTECNOLOGÍA APLICADA
2829,8071400004,DOCTORADO EN ELECTROQUÍMICA
2830,8071400005,DOCTORADO EN INGENIERÍA QUÍMICA
2831,8071400006,DOCTORADO INSTITUCIONAL EN INGENIERÍA  Y CIENCIA DE MATERIALES
2832,8071600002,DOCTORADO EN CIENCIA Y TECNOLOGÍA AMBIENTAL
2833,8071600003,DOCTORADO EN INGENIERÍA AMBIENTAL
2834,8071700003,DOCTORADO EN CIENCIA Y TECNOLOGÍA CON ESPECIALIDAD EN INGENIERÍA INDUSTRIAL Y DE MANUFACTURA
2835,8071700004,DOCTORADO EN CIENCIAS EN INGENIERÍA DE SISTEMAS DE PRODUCCIÓN
2836,8061300006,DOCTORADO EN INGENIERÍA EN SISTEMAS
2837,8071700005,DOCTORADO EN SISTEMAS INTEGRADOS DE MANUFACTURA Y ESTRATEGIAS DE CALIDAD
2838,8072100004,DOCTORADO EN CIENCIA Y TECNOLOGÍA DE ALIMENTOS
2839,8072100005,DOCTORADO EN CIENCIAS CON ESPECIALIDAD EN ALIMENTOS
2840,8072100006,DOCTORADO EN CIENCIAS DE ALIMENTOS
2841,8072100007,DOCTORADO EN CIENCIAS DE LOS ALIMENTOS
2842,8072100008,DOCTORADO EN CIENCIAS DE LOS ALIMENTOS Y BIOTECNOLOGÍA
2843,8072100009,DOCTORADO EN CIENCIAS EN ALIMENTOS
2844,8052200019,DOCTORADO EN MATERIALES POLIMÉRICOS
2845,8072400004,DOCTORADO EN INGENIERÍA DE MINERALES
2846,8072400005,DOCTORADO EN INGENIERÍA PETROLERA Y GAS NATURAL
2847,8073100006,DOCTORADO EN ARQUITECTURA
2848,8073100007,DOCTORADO EN ARQUITECTURA CON ESPECIALIDAD EN RESTAURACIÓN DE SITIOS Y MONUMENTOS
2849,8073100008,"DOCTORADO EN ARQUITECTURA, DISEÑO Y URBANISMO"
2850,8073100009,DOCTORADO EN CIENCIAS DE LA ARQUITECTURA
2851,8073100010,"DOCTORADO EN CIUDAD, TERRITORIO Y SUSTENTABILIDAD"
2852,8073100011,DOCTORADO EN URBANISMO
2853,8073200001,DOCTORADO EN INGENIERÍA CIVIL
2854,8073200006,DOCTORADO EN INGENIERÍA DE MATERIALES DE CONSTRUCCIÓN Y ESTRUCTURAS
2855,8073200002,DOCTORADO EN INGENIERÍA ESTRUCTURAL
2856,8081100005,DOCTORADO EN AGROECOSISTEMAS TROPICALES
2857,8081100006,DOCTORADO EN CIENCIAS AGRARIAS
2858,8081100007,DOCTORADO EN CIENCIAS AGRÍCOLAS
2859,8081100008,DOCTORADO EN CIENCIAS AGROPECUARIAS Y FORESTALES
2860,8081100009,DOCTORADO EN CIENCIAS AGROPECUARIAS Y RECURSOS NATURALES
2861,8081100010,DOCTORADO EN CIENCIAS CON ESPECIALIDAD EN ESTRATEGIAS PARA EL DESARROLLO AGRÍCOLA
2862,8082100001,DOCTORADO EN CIENCIAS DE LA PRODUCCIÓN Y DE LA SALUD ANIMAL
2863,8081100011,DOCTORADO EN CIENCIAS EN EDAFOLOGÍA
2864,8051100023,DOCTORADO EN CIENCIAS EN FITOPATOLOGÍA
2865,8081200001,DOCTORADO EN CIENCIAS EN FRUTICULTURA
2866,8081100012,DOCTORADO EN CIENCIAS EN GANADERÍA
2867,8052300014,DOCTORADO EN CIENCIAS EN HIDROCIENCIAS
2868,8081100013,DOCTORADO EN CIENCIAS EN PARASITOLOGÍA AGRÍCOLA
2869,8081100014,DOCTORADO EN CIENCIAS EN PRODUCCIÓN DE SEMILLAS
2870,8081100015,DOCTORADO EN CIENCIAS EN ZOOTECNIA
2871,8081100017,DOCTORADO EN ENTOMOLOGÍA ACAROLOGÍA
2872,8081100018,DOCTORADO EN INGENIERÍA AGRÍCOLA Y USO INTEGRAL DEL AGUA
2873,8051300027,DOCTORADO EN MANEJO SUSTENTABLE DE LOS RECURSOS NATURALES EN ZONAS ÁRIDAS Y SEMIÁRIDAS
2874,8081200002,DOCTORADO EN HORTICULTURA
2875,8081300001,DOCTORADO EN CIENCIAS EN FORESTALES
2876,8081400001,DOCTORADO EN ECOLOGÍA Y PESQUERÍA
2877,8081100029,DOCTORADO CLÁSICO EN CIENCIAS BIOLÓGICO AGROPECUARIAS
2878,8081100030,DOCTORADO EN CIENCIAS AGROPECUARIAS
2879,8082100002,DOCTORADO EN CIENCIAS VETERINARIAS
2880,8091345001,DOCTORADO EN CIENCIAS DE LA SALUD
2881,8091345002,DOCTORADO EN CIENCIAS DE LA SALUD ORIENTACIÓN EN INVESTIGACIÓN CLÍNICA
2882,8091345003,DOCTORADO EN CIENCIAS MÉDICAS
2883,8091345004,DOCTORADO EN CIENCIAS MÉDICAS (SALUD)
2884,8091345005,DOCTORADO EN INVESTIGACIÓN CLÍNICA
2885,8091345006,DOCTORADO EN INVESTIGACIÓN EN MEDICINA
2886,8091100001,DOCTORADO EN MEDICINA
2887,8091315001,DOCTORADO EN CIENCIAS CON ESPECIALIDAD EN GERIATRÍA Y EN INVESTIGACIÓN CLÍNICA
2888,8095200007,DOCTORADO EN CIENCIAS BIOMÉDICAS INMUNOLOGÍA
2889,8092100001,DOCTORADO EN CIENCIAS DE ENFERMERÍA
2890,8093207001,DOCTORADO EN CIENCIAS ODONTOLÓGICAS
2891,8071000015,DOCTORADO EN INGENIERÍA BIOMÉDICA
2892,8094200001,DOCTORADO EN CIENCIAS EN NUTRICIÓN POBLACIONAL
2893,8095400001,"DOCTORADO EN CIENCIAS CON ORIENTACIÓN EN FARMACIA, QUÍMICA"
2894,8095400002,DOCTORADO EN FARMACIA
2895,8091325001,DOCTORADO EN CIENCIAS DE LA SALUD EN EL TRABAJO
2896,8095600001,DOCTORADO EN CIENCIAS DE LA SALUD PÚBLICA
2897,8095600002,DOCTORADO EN CIENCIAS EN SALUD PÚBLICA CON ÁREA DE CONCENTRACIÓN EN ENFERMEDADES INFECCIOSAS
2898,8095600003,DOCTORADO EN CIENCIAS EN SALUD PÚBLICA CON ÁREA DE CONCENTRACIÓN EN SISTEMAS DE SALUD
2899,8095600004,DOCTORADO EN CIENCIAS EN SALUD COLECTIVA
2900,8095600005,DOCTORADO EN CIENCIAS EN SALUD PÚBLICA CON ÁREA DE CONCENTRACIÓN EN EPIDEMIOLOGÍA
2901,8095600006,DOCTORADO EN EPIDEMIOLOGÍA
2902,8095600007,DOCTORADO EN SALUD PÚBLICA
2903,8042100024,DOCTORADO EN LOGÍSTICA Y DIRECCIÓN EN LA CADENA DE SUMINISTRO
2904,7062200054,MAESTRÍA EN TECNOLOGÍAS DE LA INFORMACIÓN CON ACENTUACIÓN EN SISTEMAS DE INFORMACIÓN
2905,7062100026,MAESTRÍA EN TECNOLOGÍAS DE LA INFORMACIÓN CON ACENTUACIÓN EN TELEMÁTICA
2906,6033100055,ESPECIALIDAD EN PROCURACIÓN DE JUSTICIA PENAL
2907,6042300006,"ESPECIALIDAD EN ADMINISTRACIÓN PÚBLICA FEDERAL, ESTATAL Y MUNICIPAL"
2908,7042100063,MAESTRÍA EN ADMINISTRACIÓN Y ECONOMÍA PÚBLICA
2909,7093203006,MAESTRÍA EN ODONTOLOGÍA PEDIÁTRICA
2910,7041400035,MAESTRÍA EN ESTRATEGIAS FISCALES CON ACENTUACIÓN NACIONAL
2911,7041400036,MAESTRÍA EN ESTRATEGIAS FISCALES CON ACENTUACIÓN INTERNACIONAL
2912,7031100113,MAESTRÍA EN ENFOQUES PSICOTERAPÉUTICOS COGNITIVO HUMANISTA
2913,7011100023,MAESTRÍA EN PEDAGOGÍA DE LAS CIENCIAS SOCIALES
2914,7011000006,MAESTRÍA EN CIENCIAS DE LA EDUCACIÓN AMBIENTAL
2915,8011100020,DOCTORADO EN DESARROLLO HUMANO Y EDUCACIÓN
2916,6012000008,ESPECIALIDAD EN COMPETENCIAS PROFESIONALES PARA LA PRÁCTICA PEDAGÓGICA EN EDUCACIÓN BÁSICA
2917,7033100110,MAESTRÍA EN DERECHO PROCESAL PENAL ACUSATORIO
2918,7042100064,MAESTRÍA EN DISEÑO GERENCIAL
2919,7071200001,MAESTRÍA EN GESTIÓN DE PROYECTOS Y EFICIENCIA ENERGÉTICA
2920,7062200045,MAESTRÍA EN TECNOLOGÍA DE INTERNET
2921,7031100114,MAESTRÍA EN CONSEJERÍA Y EDUCACIÓN DE LA SEXUALIDAD
2922,7052100021,MAESTRÍA EN CIENCIAS FÍSICO MATEMÁTICAS
2923,8051100024,DOCTORADO EN CIENCIAS EN ECOFISIOLOGÍA Y RECURSOS GENÉTICOS
2924,7022300022,"MAESTRÍA EN ESTUDIOS INTERCULTURALES DE LENGUA, LITERATURA Y CULTURA ALEMANAS"
2925,7011300003,MAESTRÍA EN INTERVENCIÓN SOCIOEDUCATIVA
2926,7031300027,MAESTRÍA EN POLÍTICAS PÚBLICAS LOCALES
2927,7041100033,MAESTRÍA EN GESTIÓN DE NEGOCIOS
2928,7071300023,MAESTRÍA EN ROBÓTICA
2929,7072100023,MAESTRÍA EN CIENCIAS: PRODUCTOS NATURALES Y ALIMENTOS
2930,6042100002,ESPECIALIDAD EN GESTIÓN DEL TALENTO HUMANO
2931,7081300007,MAESTRÍA EN CIENCIAS EN CONSERVACIÓN DE LOS RECURSOS FORESTALES
2932,6073100001,ESPECIALIDAD EN DISEÑO DEL PAISAJE
2933,6042100048,ESPECIALIDAD EN GESTIÓN INTEGRAL DE EMPRESAS INDUSTRIALES
2934,6041200020,ESPECIALIDAD EN MERCADOTECNIA SECTORIAL
2935,6101600004,ESPECIALIDAD EN PRODUCTOS TURÍSTICOS
2936,6062200011,ESPECIALIDAD EN TECNOLOGÍA DE INTERNET
2937,6041200021,ESPECIALIDAD EN GESTIÓN DE IMAGEN CORPORATIVA
2938,7033100115,MAESTRÍA EN DERECHO CONSTITUCIONAL CONTEMPORÁNEO
2939,7042100168,MAESTRÍA EN ADMINISTRACIÓN DE EMPRESAS EN MERCADOS EMERGENTES
2940,6041100021,ESPECIALIDAD EN COMERCIO MINORISTA Y VENTAS
2941,6042100010,ESPECIALIDAD EN PLANEACIÓN ESTRATÉGICA Y COMERCIAL
2942,7011000007,MAESTRÍA EN EDUCACIÓN Y GESTIÓN DEL CONOCIMIENTO
2943,7011300021,MAESTRÍA EN NEUROPSICOLOGÍA Y EDUCACIÓN
2944,7041100034,MAESTRÍA EN NEGOCIOS DE INNOVACIÓN TECNOLÓGICA
2945,6031100036,ESPECIALIDAD EN DISEÑO Y ELABORACIÓN DE PERFILES PSICOLÓGICOS CRIMINOLÓGICOS
2946,7011000015,MAESTRÍA EN DESARROLLO DE LA PRÁCTICA EDUCATIVA EN EL MEDIO RURAL E INDÍGENA
2947,7012601009,MAESTRÍA EN EDUCACIÓN FÍSICA Y DEPORTE ESCOLAR
2948,7021600007,MAESTRÍA EN INTERIORISMO
2949,7032100029,MAESTRÍA EN COMUNICACIÓN EFECTIVA PARA LA INTERVENCIÓN SOCIAL
2950,7082100003,MAESTRÍA EN PRODUCCIÓN Y SANIDAD ANIMAL
2951,7033100116,MAESTRÍA EN DERECHO INTERNACIONAL PENAL
2952,7012400020,MAESTRÍA PARA LA DOCENCIA EN EDUCACIÓN MEDIA SUPERIOR
2953,7011500005,MAESTRÍA EN EDUCACIÓN CON ENFOQUE POR COMPETENCIA
2954,7021600008,MAESTRÍA EN ESTUDIOS Y PROCESOS CREATIVOS
2955,7011200078,MAESTRÍA EN EDUCACIÓN ÁREA GESTIÓN EDUCATIVA
2956,6061100001,ESPECIALIDAD EN COMPUTACIÓN ÓPTICA
2957,6072000006,ESPECIALIDAD EN OPTIMIZACIÓN
2958,7073100052,MAESTRÍA EN DESARROLLO URBANO SUSTENTABLE
2959,7095200010,MAESTRÍA EN CIENCIAS BIOMÉDICAS Y DE LA SALUD
2960,8012000002,DOCTORADO EN EXCELENCIA DOCENTE
2961,7011100050,MAESTRÍA EN DESARROLLO COGNITIVO
2962,7041200056,MAESTRÍA EN GERENCIA DE MERCADOTECNIA
2963,8012000005,DOCTORADO EN DESARROLLO Y DOCENCIA DEL DISEÑO
2964,7033100117,MAESTRÍA EN DERECHO ADMINISTRATIVO Y PROCURACIÓN DE JUSTICIA
2965,7042100169,MAESTRÍA EN ADMINISTRACIÓN PARA LA CALIDAD
2966,6032100006,ESPECIALIDAD EN COMUNICACIÓN ENFOCADA AL CLIENTE
2967,8011200012,DOCTORADO EN INVESTIGACIÓN EDUCATIVA APLICADA
2968,6041200001,ESPECIALIDAD EN MARKETING POLÍTICO
2969,7031400022,MAESTRÍA EN DESARROLLO ECONÓMICO Y COOPERACIÓN INTERNACIONAL
2970,8073100012,"DOCTORADO EN PROCESOS TERRITORIALES: REGIÓN, CIUDAD, ARQUITECTURA Y PATRIMONIO EDIFICADO"
2971,7073100053,MAESTRÍA EN INTERVENCIÓN SUSTENTABLE DEL PATRIMONIO EDIFICADO
2972,7091311001,MAESTRÍA EN TRATAMIENTO INTEGRAL DE LA OBESIDAD Y EL SÍNDROME METABÓLICO
2973,8051200024,DOCTORADO EN CIENCIAS QUÍMICAS Y BIOQUÍMICAS
2974,7051200027,MAESTRÍA EN CIENCIAS QUÍMICAS Y BIOQUÍMICAS
2975,7022200007,MAESTRÍA EN LENGUA EXTRANJERA (INGLÉS)
2976,7021600009,MAESTRÍA EN ARQUITECTURA DE INTERIORES
2977,7031100184,MAESTRÍA EN PSICOTERAPIA EN VIOLENCIA RELACIONAL Y TRASTORNOS DE ALIMENTACIÓN
2978,8081100019,DOCTORADO EN CIENCIAS EN AGRICULTURA TROPICAL SUSTENTABLE
2979,7042100264,MAESTRÍA EN ADMINISTRACIÓN DE OPERACIONES
2980,8031200001,DOCTORADO EN CIENCIAS Y HUMANIDADES PARA EL DESARROLLO INTERDISCIPLINARIO
2981,6031300019,ESPECIALIDAD EN DISEÑO DE POLÍTICAS PÚBLICAS
2982,7031100115,MAESTRÍA EN PSICOLOGÍA CLÍNICA DE LA SALUD
2983,6052300005,ESPECIALIDAD EN GEOLOGÍA
2984,7012000038,MAESTRÍA EN EDUCACIÓN CON ORIENTACIÓN EN DOCENCIA
2985,7041200013,MAESTRÍA EN ADMINISTRACIÓN CON ENFOQUE EN COMERCIALIZACIÓN
2986,7101600004,MAESTRÍA EN COMPETITIVIDAD TURÍSTICA
2987,6033100056,ESPECIALIDAD EN DERECHO PROCESAL CIVIL
2988,8042100012,DOCTORADO EN ADMINISTRACIÓN DE NEGOCIOS
2989,7032200006,MAESTRÍA EN BIBLIOTECAS Y CIENCIAS DE LA INFORMACIÓN
2990,7042500031,MAESTRÍA EN EDUCACIÓN Y ADMINISTRACIÓN EN SECUNDARIA
2991,7042000030,MAESTRÍA EN LIDERAZGO
2992,7101500001,MAESTRÍA EN ADMINISTRACIÓN DE SERVICIOS DE ALIMENTOS
2993,7012604039,MAESTRÍA EN ENSEÑANZA DE LA FÍSICA
2994,7041100035,MAESTRÍA EN NEGOCIOS CON ACENTUACIÓN EN RECURSOS HUMANOS
2995,8041400005,DOCTORADO EN GESTIÓN CONTABLE Y FINANCIERA
2996,8011100009,DOCTORADO EN GESTIÓN CURRICULAR
2997,8031100029,DOCTORADO EN CONSULTORÍA DE SISTEMAS HUMANOS
2998,7041200057,MAESTRÍA EN IMAGEN CORPORATIVA
2999,7041100036,MAESTRÍA EN INNOVACIÓN PARA NEGOCIOS
3000,7042000031,"MAESTRÍA EN ADMINISTRACIÓN CON ACENTUACIÓN EN: MERCADOTECNIA, ADMINISTRACIÓN GENERAL, RECURSOS HUMANOS Y FINANZAS"
3001,7012604038,MAESTRÍA EN ENSEÑANZA DE LA QUÍMICA
3002,7021400007,MAESTRÍA EN FOTOGRAFÍA PUBLICITARIA
3003,7041100037,MAESTRÍA EN NEGOCIOS CON ACENTUACIÓN EN ESTRATEGIA
3004,7032100030,MAESTRÍA EN PERIODISMO Y COMUNICACIÓN DIGITAL
3005,7081100080,MAESTRÍA EN CIENCIAS EN AGROPLASTICULTURA
3006,8051300018,"DOCTORADO EN DESARROLLO, MEDIO AMBIENTE Y TERRITORIO"
3007,8031400012,DOCTORADO EN ECONOMÍA POLÍTICA DEL DESARROLLO
3008,6021500007,ESPECIALIDAD EN DISEÑO MULTIMEDIA
3009,6092206004,ESPECIALIDAD EN ENFERMERÍA EN NEONATOLOGÍA
3010,7033200010,MAESTRÍA CRIMINALÍSTICA Y CIENCIAS PERICIALES
3011,7041300029,MAESTRÍA EN DIRECCIÓN Y ESTRATEGIAS FINANCIERAS
3012,7021400008,MAESTRÍA EN DISEÑO Y COMUNICACIÓN PERSUASIVA
3013,7021100011,MAESTRÍA EN GESTIÓN CULTURAL
3014,7042200004,MAESTRÍA EN GESTIÓN DE LA INDUSTRIA DE LA HOSPITALIDAD
3015,7071100019,MAESTRÍA EN GESTIÓN E INNOVACIÓN TECNOLÓGICA
3016,7071500002,MAESTRÍA EN INGENIERÍA Y GESTIÓN DE LA CALIDAD
3017,8033100021,DOCTORADO EN CIENCIAS JURÍDICAS
3018,7071400015,MAESTRÍA EN CIENCIAS DE LA PRESERVACIÓN DE MATERIALES
3019,7071600010,MAESTRÍA EN CIENCIAS CON ORIENTACIÓN EN BIOLOGÍA AMBIENTAL Y BIOTECNOLOGÍA
3020,7051300063,MAESTRÍA MULTIDISCIPLINARIA PARA EL MANEJO DE LA ZONA COSTERO MARINA
3021,6033100057,ESPECIALIDAD EN SISTEMA PENAL Y ACUSATORIO
3022,8031100012,DOCTORADO EN PSICOTERAPIA FAMILIAR Y DE PAREJA
3023,7042500075,MAESTRÍA EN AUDITORÍA EN SALUD
3024,8081100020,DOCTORADO EN CIENCIAS AGROPECUARIAS Y DESARROLLO RURAL
3025,8033100022,DOCTORADO EN DERECHO Y GLOBALIZACIÓN
3026,6095600006,ESPECIALIDAD EN SALUD PÚBLICA Y MEDICINA PREVENTIVA
3027,6021400006,ESPECIALIDAD EN CORTOMETRAJE
3028,7081100049,MAESTRÍA EN CIENCIAS AGROPECUARIAS Y DESARROLLO RURAL
3029,7011100051,MAESTRÍA EN CIENCIAS COGNITIVAS
3030,7033100118,MAESTRÍA EN DERECHO FISCAL Y ADMINISTRATIVO
3031,7021500015,MAESTRÍA EN PRODUCCIÓN EDITORIAL
3032,7095600043,MAESTRÍA EN SALUD PÚBLICA CON ÁREA DE CONCENTRACIÓN EN BIOESTADÍSTICA Y SISTEMAS DE INFORMACIÓN EN SALUD
3033,7095600050,MAESTRÍA EN SALUD PÚBLICA CON ÁREA DE CONCENTRACIÓN EN ENFERMEDADES INFECCIOSAS
3034,7095600051,MAESTRÍA EN SALUD PÚBLICA EN SERVICIO
3035,7042100170,MAESTRÍA EN INSTITUCIONES Y ORGANIZACIONES
3036,7095200011,MAESTRÍA EN MEDICINA MOLECULAR
3037,7021500029,MAESTRÍA EN MULTIMEDIA
3038,7021000002,MAESTRÍA EN ESTUDIOS DE ARTE Y LITERATURA
3039,7042500065,MAESTRÍA EN ADMINISTRACIÓN EN SISTEMAS DE SALUD
3040,7041300030,MAESTRÍA EN ADMINISTRACIÓN CON TERMINAL EN FINANZAS
3041,6033100058,ESPECIALIDAD EN JUSTICIA ADMINISTRATIVA
3042,7092203001,MAESTRÍA EN ENFERMERÍA CON ACENTUACIÓN EN ATENCIÓN DE ENFERMERÍA AL ADULTO MAYOR
3043,8073100002,DOCTORADO EN ESTUDIOS URBANOS
3044,8032100003,DOCTORADO EN COMUNICACIÓN APLICADA
3045,6042200008,ESPECIALIDAD EN ADMINISTRACIÓN DE EMPRESAS DE ALIMENTOS Y BEBIDAS
3046,6094200003,ESPECIALIDAD EN ALIMENTACIÓN E HIGIENE
3047,6033100059,ESPECIALIDAD EN DERECHO MILITAR
3048,6012500007,ESPECIALIDAD EN DOCENCIA DE LA EDUCACIÓN SUPERIOR
3049,6101500005,ESPECIALIDAD EN EVALUACIÓN SENSORIAL
3050,6101500006,ESPECIALIDAD EN GASTRONOMÍA MOLECULAR
3051,6031100037,ESPECIALIDAD EN INTERVENCIÓN CLÍNICA PSICOANALÍTICA
3052,6033100060,ESPECIALIDAD EN MEDIACIÓN Y CONCILIACIÓN
3053,6032100007,ESPECIALIDAD EN MEDIOS DE COMUNICACIÓN
3054,6072100004,ESPECIALIDAD EN SERVICIOS ESTRATÉGICOS DE LA CALIDAD DE LA INDUSTRIA DE ALIMENTOS
3055,7042100171,MAESTRÍA EN ADMINISTRACIÓN DE NEGOCIOS (CALIDAD Y PRODUCTIVIDAD)
3056,7071600011,MAESTRÍA EN CALIDAD AMBIENTAL
3057,7042100022,MAESTRÍA EN CIENCIAS DE LA ADMINISTRACIÓN CON ESPECIALIDAD EN ALTA DIRECCIÓN
3058,7042500044,MAESTRÍA EN CIENCIAS EN ESTRATEGIA AGROEMPRESARIAL
3059,7011500006,MAESTRÍA EN COMPETENCIAS EDUCATIVAS
3060,7033100119,MAESTRÍA EN DERECHO MILITAR
3061,7042500066,MAESTRÍA EN DIRECCIÓN DE INSTITUCIONES DE SALUD
3062,7012000002,MAESTRÍA EN DOCENCIA BASADA EN COMPETENCIAS
3063,7012500024,MAESTRÍA EN DOCENCIA PARA LA INDUSTRIA DE LA HOSPITALIDAD
3064,7092207001,"MAESTRÍA EN ENFERMERÍA, OPCIÓN TERMINAL: PERINATAL, QUIRÚRGICA Y TERAPIA INTENSIVA"
3065,7031200051,MAESTRÍA EN ESTUDIOS DE DESARROLLO RURAL
3066,7011200043,MAESTRÍA EN INVESTIGACIÓN DE LA EDUCACIÓN
3067,7041200058,MAESTRÍA EN PUBLICIDAD Y MERCADOTECNIA
3068,7012300013,MAESTRÍA EN EDUCACIÓN SECUNDARIA CAMPO DISEÑO DE ESTRATEGIAS
3069,7062100020,MAESTRÍA EN REDES MÓVILES
3070,7011100054,MAESTRÍA EN PEDAGOGÍA CATEQUÉTICA
3071,7022100004,MAESTRÍA EN PASTORAL URBANA
3072,7012200001,MAESTRÍA EN EDUCACIÓN PRIMARIA ÁREA INTERVENCIÓN PEDAGÓGICA
3073,7073100054,MAESTRÍA EN GESTIÓN Y DISEÑO URBANO SUSTENTABLE
3074,8071600004,DOCTORADO INTERINSTITUCIONAL EN CIENCIA Y TECNOLOGÍA EN LA OPCIÓN TERMINAL DE INGENIERÍA AMBIENTAL
3075,7061300012,MAESTRÍA EN SOFTWARE EMBEBIDO
3076,6012604003,ESPECIALIDAD EN DOCENCIA DE LAS MATEMÁTICAS
3077,6031200008,ESPECIALIDAD EN GESTIÓN PARA EL DESARROLLO COMUNITARIO
3078,7071300006,MAESTRÍA EN CIENCIAS (MECATRÓNICA)
3079,6021100004,ESPECIALIDAD EN PROYECTOS ARTÍSTICOS
3080,7012000009,MAESTRÍA EN EDUCACIÓN CON ACENTUACIÓN EN INVESTIGACIÓN - ACCIÓN
3081,8031300012,DOCTORADO INTERNACIONAL EN CIENCIAS POLÍTICAS Y SOCIALES
3082,7071600012,MAESTRÍA INTERINSTITUCIONAL EN CIENCIA Y TECNOLOGÍA EN LA OPCIÓN TERMINAL DE INGENIERÍA AMBIENTAL
3083,7081400009,MAESTRÍA EN CIENCIAS EN RECURSOS ACUÁTICOS
3084,6041400015,ESPECIALIDAD EN AUDITORÍA DE INFORMACIÓN FINANCIERA
3085,7042100172,MAESTRÍA EN FORMACIÓN DIRECTIVA
3086,6042100049,ESPECIALIDAD EN COACHING DIRECTIVO
3087,7093201001,MAESTRÍA EN CIRUGÍA ORAL
3088,7042400027,MAESTRÍA EN ADMINISTRACIÓN EN SISTEMAS DE CALIDAD
3089,7033100120,"MAESTRÍA EN PROPIEDAD INDUSTRIAL, DERECHOS DE AUTOR Y NUEVAS TECNOLOGÍAS"
3090,7042000014,MAESTRÍA EN EVALUACIÓN Y ADMINISTRACIÓN DE PROYECTOS
3091,7022000010,MAESTRÍA EN INVESTIGACIONES SOCIALES Y HUMANIDADES
3092,8051300019,DOCTORADO EN CIENCIAS EN LOS ÁMBITOS ANTRÓPICOS
3093,6011200002,ESPECIALIDAD EN INCLUSIÓN EDUCATIVA Y DIVERSIDAD
3094,7033100008,MAESTRÍA EN IMPUESTOS Y DEFENSA FISCAL
3095,8061100008,DOCTORADO INTERINSTITUCIONAL EN CIENCIAS DE LA COMPUTACIÓN
3096,7081400010,MAESTRÍA EN CIENCIAS EN ACUICULTURA
3097,8081400002,DOCTORADO EN CIENCIAS EN ACUICULTURA
3098,7051100021,MAESTRÍA EN CIENCIAS EN CIENCIAS DE LA VIDA
3099,8051100021,DOCTORADO EN CIENCIAS EN CIENCIAS DE LA VIDA
3100,6031100038,ESPECIALIDAD EN PSICOTERAPIA
3101,7033100121,MAESTRÍA EN CIENCIAS PENALES EN EL ÁREA DE DERECHO PENAL
3102,7042500096,MAESTRÍA EN ADMINISTRACIÓN DE LA SALUD
3103,7031200052,MAESTRÍA EN ESTUDIOS CULTURALES
3104,7071500011,MAESTRÍA EN INGENIERÍA AEROESPACIAL
3105,7061100011,MAESTRÍA EN CIENCIAS EN COMPUTACIÓN
3106,7051100018,MAESTRÍA EN CIENCIAS EN INFECTOMICA Y PATOGÉNESIS MOLECULAR
3107,7031100116,MAESTRÍA EN PSICOLOGÍA PARA LA SALUD
3108,8031500001,DOCTORADO EN CIENCIAS PARA LA FAMILIA
3109,7042000015,MASTER IN MANAGEMENT
3110,8061300002,DOCTORADO EN SISTEMAS COMPUTACIONALES
3111,7012603011,MAESTRÍA EN DOCENCIA DE LA LENGUA INGLESA
3112,7031100117,MAESTRÍA EN EDUCACIÓN SEXUAL
3113,6011200009,ESPECIALIDAD EN METODOLOGÍA INTERPRETATIVA EN LA INVESTIGACIÓN EDUCATIVA
3114,7042000028,MAESTRÍA EN ADMINISTRACIÓN CON ACENTUACIÓN EN MERCADOTECNIA INTERNACIONAL
3115,8031100013,DOCTORADO EN PSICOANÁLISIS Y PSICOTERAPIA
3116,7041200059,MAESTRÍA EN IMAGEN Y MERCADOTECNIA POLÍTICA
3117,7033100122,CURSO PROPEDÉUTICO EN DERECHO
3118,7033100123,MAESTRÍA EN DERECHO Y POLÍTICAS PÚBLICAS AMBIENTALES
3119,6021500008,ESPECIALIDAD EN DISEÑO DE ILUSTRACIÓN Y ANIMACIÓN DIGITAL
3120,7011200044,MAESTRÍA EN CALIDAD DE LA EDUCACIÓN
3121,7041300031,MAESTRÍA EN ADMINISTRACIÓN EN EL ÁREA DE FINANZAS
3122,7041300032,MAESTRÍA EN DIRECCIÓN FINANCIERA
3123,8033100023,DOCTORADO EN DERECHO LABORAL
3124,8031100014,DOCTORADO EN PSICOANÁLISIS
3125,6091301007,ESPECIALIDAD EN ANESTESIOLOGÍA PARA LOS SERVICIOS RURALES DE LA SALUD
3126,6091304011,ESPECIALIDAD EN CARDIOLOGÍA INTERVENCIONISTA
3127,6091306003,ESPECIALIDAD EN CIRUGÍA DE MALFORMACIONES CONGÉNITAS DEL CORAZÓN
3128,6091305004,ESPECIALIDAD EN CIRUGÍA PARA LOS SERVICIOS RURALES DE LA SALUD
3129,6033200005,ESPECIALIDAD EN CRIMINALÍSTICA Y CIENCIAS FORENSES
3130,6042500008,ESPECIALIDAD EN DIRECCIÓN DE INSTITUCIONES EDUCATIVAS
3131,8031100015,DOCTORADO EN PSICOTERAPIA GESTALT INFANTIL
3132,7042500032,MAESTRÍA EN ADMINISTRACIÓN Y PLANEACIÓN EDUCATIVA
3133,6033200006,ESPECIALIDAD EN CIENCIAS JURÍDICO PENALES Y CRIMINOLÓGICAS
3134,8052200009,DOCTORADO EN CIENCIAS EN QUÍMICA
3135,6041100023,ESPECIALIDAD EN EMPRENDEDORES DE NEGOCIOS DE ALIMENTOS Y BEBIDAS
3136,6042200006,ESPECIALIDAD EN GESTIÓN DE EVENTOS
3137,6033100061,ESPECIALIDAD EN INTERPRETACIÓN JUDICIAL
3138,6033100062,ESPECIALIDAD EN JUICIO ORAL Y PROCESO PENAL ACUSATORIO
3139,6032100002,ESPECIALIDAD EN DIVULGACIÓN DE LA ECONOMÍA
3140,6031100039,ESPECIALIDAD EN LOGOTERAPIA
3141,6041200022,ESPECIALIDAD EN MARKETING ESTRATÉGICO EN LOS NEGOCIOS
3142,6091100002,ESPECIALIDAD EN MEDICINA DEL NIÑO Y EL ADULTO PARA LOS SERVICIOS RURALES DE LA SALUD
3143,6041200023,ESPECIALIDAD EN PUBLICIDAD Y RELACIONES PÚBLICAS
3144,6091304016,ESPECIALIDAD EN RESONANCIA MAGNÉTICA CARDIACA Y ANGIOTOMOGRAFÍA
3145,6091304014,ESPECIALIDAD EN TERAPIA INTENSIVA CARDIOLÓGICA
3146,8031200021,DOCTORADO EN FORMACIÓN DE SUJETOS Y CONCIENCIA HISTÓRICA
3147,7011400013,MAESTRÍA EN TECNOLOGÍAS AVANZADAS PARA LA EDUCACIÓN
3148,8011400007,DOCTORADO EN TECNOLOGÍAS AVANZADAS PARA LA EDUCACIÓN
3149,7051300034,MAESTRÍA EN CIENCIAS EN ESTUDIOS AMBIENTALES Y DE LA SUSTENTABILIDAD
3150,7061300013,MAESTRÍA EN CIENCIAS EN SISTEMAS COMPUTACIONALES MÓVILES
3151,7031400023,MAESTRÍA EN ECONOMÍA Y GESTIÓN MUNICIPAL
3152,7082100008,MAESTRÍA EN MEDICINA VETERINARIA Y PRODUCCIÓN ANIMAL
3153,7042100173,MAESTRÍA EN GESTIÓN DEL CAPITAL HUMANO
3154,7081100050,MAESTRÍA EN CIENCIAS SISTEMAS AGROPECUARIOS Y MEDIO AMBIENTE
3155,8081100021,DOCTORADO EN CIENCIAS SISTEMAS AGROPECUARIOS Y MEDIO AMBIENTE
3156,6091325002,ESPECIALIDAD EN MEDICINA DEL TRABAJO Y AMBIENTAL
3157,6062100008,ESPECIALIDAD EN TELECOMUNICACIONES E INFORMÁTICA
3158,7071300009,MAESTRÍA EN INGENIERÍA ELÉCTRICA Y ELECTRÓNICA
3159,7051300035,MAESTRÍA EN ECOLOGÍA Y MANEJO DE RECURSOS NATURALES
3160,8051300020,DOCTORADO EN ECOLOGÍA Y MANEJO DE RECURSOS NATURALES
3161,7071600013,MAESTRÍA EN SISTEMAS ECOLÓGICOS Y PRODUCCIÓN
3162,7103100002,MAESTRÍA EN SEGURIDAD Y AMBIENTE DE TRABAJO
3163,6092208004,ESPECIALIDAD EN ENFERMERÍA EN REHABILITACIÓN
3164,6042500009,ESPECIALIDAD EN ADMINISTRACIÓN Y GESTIÓN DE INSTITUCIONES EDUCATIVAS
3165,6072000001,PROGRAMA ÚNICO DE ESPECIALIDADES EN INGENIERÍA
3166,6092208005,ESPECIALIDAD EN ENFERMERÍA NEUROLÓGICA
3167,6091345001,PROGRAMA ÚNICO DE ESPECIALIDADES MÉDICAS
3168,6031300013,PROGRAMA ÚNICO DE ESPECIALIDADES EN CIENCIAS POLÍTICAS (SEGURIDAD PÚBLICA)
3169,6031400002,PROGRAMA ÚNICO DE ESPECIALIDADES EN ECONOMÍA
3170,7101500002,MAESTRÍA EN GASTRONOMÍA
3171,8011000004,DOCTORADO EN EDUCACIÓN RELACIONAL Y BIOAPRENDIZAJE
3172,7051200028,MAESTRÍA EN QUÍMICA BIO-ORGÁNICA
3173,6093206010,ESPECIALIDAD EN IMPLANTOLOGÍA ORAL
3174,7033200011,MAESTRÍA EN CRIMINALÍSTICA E INVESTIGACIÓN FORENSE
3175,7012603012,MAESTRÍA EN ENSEÑANZA Y APRENDIZAJE DEL IDIOMA INGLÉS
3176,7042100174,MAESTRÍA EN GESTIÓN DE ORGANIZACIONES
3177,6033100063,ESPECIALIDAD EN DERECHO ELECTORAL
3178,7012000039,"MAESTRÍA EN EDUCACIÓN, ÁREA INTERVENCIÓN DOCENTE"
3179,7021400009,MAESTRÍA EN NARRATIVA Y PRODUCCIÓN DIGITAL
3180,7093207003,MAESTRÍA EN PATOLOGÍA Y MEDICINA BUCAL
3181,8011000001,DOCTORADO EN EDUCACIÓN DESARROLLO Y COMPLEJIDAD
3182,8031300013,DOCTORADO EN POLÍTICA GOBERNABILIDAD Y POLÍTICAS PÚBLICAS
3183,6032100008,ESPECIALIDAD EN PERIODISMO POLÍTICO
3184,7022200008,MAESTRÍA EN LA ENSEÑANZA DEL ESPAÑOL COMO LENGUA EXTRANJERA
3185,7031100118,MAESTRÍA EN PSICOTERAPIA DE PAREJA E INDIVIDUAL
3186,7031100119,MAESTRÍA EN PSICOTERAPIA INTEGRAL
3187,7082100009,MAESTRÍA EN CIENCIAS VETERINARIAS Y ZOOTÉCNICAS
3188,6032100009,ESPECIALIDAD EN COMUNICACIÓN ESTRATÉGICA PARA EL MERCADO GLOBAL
3189,7031100185,MAESTRÍA EN SABERES SOBRE SUBJETIVIDAD Y VIOLENCIA
3190,7092100006,"MAESTRÍA EN TERAPIA DE HERIDAS, ESTOMAS Y QUEMADURAS"
3191,7094100002,MAESTRÍA EN TERAPIA OCUPACIONAL
3192,8031000002,DOCTORADO EN CIENCIAS EN DESARROLLO CIENTÍFICO Y TECNOLÓGICO PARA LA SOCIEDAD
3193,8052200010,DOCTORADO EN CIENCIAS EN NANOCIENCIAS Y NANOTECNOLOGÍA
3194,6062100001,ESPECIALIDAD EN ADMINISTRACIÓN DE RECURSOS TELEMÁTICOS
3195,7042100007,MAESTRÍA EN CAPACITACIÓN Y DESARROLLO HUMANO
3196,7072000013,MAESTRÍA EN CIENCIAS EN DISEÑO INTERACTIVO Y MANUFACTURA
3197,7062200012,MAESTRÍA EN TECNOLOGÍAS DE INFORMACIÓN EN LA DIRECCIÓN DE NEGOCIOS
3198,6073100012,ESPECIALIDAD EN ENERGÍA Y MEDIO AMBIENTE EN ARQUITECTURA
3199,6091304017,ESPECIALIDAD EN ELECTROFISIOLOGÍA CARDIACA
3200,6091304013,ESPECIALIDAD EN URGENCIAS Y UNIDAD CORONARIA
3201,8071000008,DOCTORADO EN CIENCIAS DE LA INGENIERÍA
3202,8022000003,DOCTORADO EN HUMANIDADES COMO PROGRAMA INTEGRAL
3203,8031400013,DOCTORADO EN INTEGRACIÓN ECONÓMICA
3204,7042300007,MAESTRÍA EN COMPETENCIAS EJECUTIVAS PARA LA GESTIÓN PÚBLICA
3205,7033100124,MAESTRÍA EN DERECHO PROCESAL PENAL ORAL
3206,7042100175,MAESTRÍA EN DIRECCIÓN DE ORGANIZACIONES DEL CONOCIMIENTO
3207,7041300002,MAESTRÍA EN GESTIÓN FINANCIERA DE NEGOCIOS
3208,6012500008,ESPECIALIDAD EN DOCENCIA MÉDICA
3209,7031500029,MAESTRÍA EN RELACIONES FAMILIARES CON ACENTUACIÓN EN INTERVENCIÓN EN CRISIS
3210,7031500030,MAESTRÍA EN RELACIONES FAMILIARES CON ACENTUACIÓN EN EDUCACIÓN FAMILIAR
3211,7031500031,MAESTRÍA EN RELACIONES FAMILIARES CON ACENTUACIÓN EN TERAPIA FAMILIAR
3212,7073100070,"MAESTRÍA EN GESTIÓN Y TRANSFORMACIÓN DE LA CIUDAD, EL PAISAJE Y LOS NUEVOS TERRITORIOS TURÍSTICOS"
3213,7031200003,MAESTRÍA EN COMPLEJIDAD Y PROBLEMÁTICAS ACTUALES
3214,8011100016,DOCTORADO EN INNOVACIÓN PEDAGÓGICA Y CURRICULAR
3215,8061100011,DOCTORADO EN CIENCIAS EN INGENIERÍA ELÉCTRICA EN SISTEMAS COMPUTACIONALES
3216,7033100125,TRONCO COMÚN EN LA MAESTRÍA EN DERECHO OPCIONES TERMINALES
3217,7073200023,MAESTRÍA EN INFRAESTRUCTURA DEL TRANSPORTE EN LA RAMA DE LAS VÍAS TERRESTRES
3218,7011100024,MAESTRÍA EN FORMACIÓN DIDÁCTICA
3219,7073100002,MAESTRÍA EN CONSERVACIÓN Y RESTAURACIÓN DE BIENES CULTURALES INMUEBLES
3220,6011200010,ESPECIALIDAD EN GESTIÓN DIRECTIVA DE CALIDAD EN EDUCACIÓN BÁSICA
3221,7042500067,MAESTRÍA EN ADMINISTRACIÓN Y DIRECCIÓN EN SISTEMAS DE SALUD Y DE HOSPITALES
3222,7041200060,MAESTRÍA EN INGENIERÍA EN IMAGEN PÚBLICA
3223,7012000010,MAESTRÍA EN EDUCACIÓN EN EL ÁREA DE METODOLOGÍA PARA LA DOCENCIA
3224,7011200079,MAESTRÍA EN EDUCACIÓN EN EL ÁREA DE ADMINISTRACIÓN DE LA EDUCACIÓN SUPERIOR
3225,8011100010,DOCTORADO EN FORMACIÓN DIDÁCTICA
3226,7031000009,MAESTRÍA EN INVESTIGACIÓN
3227,8072100012,DOCTORADO EN CIENCIAS EN PRODUCCIÓN AGROALIMENTARIA
3228,6022200004,ESPECIALIDAD EN ENSEÑANZA DE ESPAÑOL COMO LENGUA EXTRANJERA
3229,7021200006,MAESTRÍA EN DIRECCIÓN DE ARTE
3230,6041100024,ESPECIALIDAD EN VALUACIÓN DE INMUEBLES
3231,6041100025,ESPECIALIDAD EN VALUACIÓN DE NEGOCIOS EN MARCHA
3232,6042400002,ESPECIALIDAD EN ADMINISTRACIÓN DE PROYECTOS DE INFRAESTRUCTURA
3233,7042100176,MAESTRÍA EN ADMINISTRACIÓN Y DIRECCIÓN DE PEQUEÑAS Y MEDINAS EMPRESAS
3234,7041100064,MAESTRÍA EN ADMINISTRACIÓN Y GESTIÓN DE NEGOCIOS INTERNACIONALES
3235,7042500092,MAESTRÍA EN GESTIÓN DE LA EDUCACIÓN FÍSICA
3236,7042400001,MAESTRÍA EN ADMINISTRACIÓN Y NEGOCIOS EN CALIDAD Y PRODUCTIVIDAD
3237,7042100023,MAESTRÍA EN ADMINISTRACIÓN DE NEGOCIOS EN FINANZAS
3238,8011200031,DOCTORADO EN EDUCACIÓN EN GESTIÓN EDUCATIVA O EN INNOVACIÓN TECNOLÓGICA EDUCATIVA
3239,7042500068,MAESTRÍA EN SALUD PÚBLICA CON ACENTUACIÓN EN ADMINISTRACIÓN EN SALUD
3240,7073200024,MAESTRÍA EN CIENCIAS DE LA PRODUCCIÓN Y TECNOLOGÍA DEL CEMENTO Y DEL CONCRETO
3241,7042000036,MAESTRÍA EN ADMINISTRACIÓN CON ACENTUACIÓN EN DIRECCIÓN
3242,7042100177,MAESTRÍA EN GENERACIÓN Y GESTIÓN DE LA INNOVACIÓN
3243,8071400007,DOCTORADO EN CIENCIAS EN INGENIERÍA BIOQUÍMICA
3244,6052300006,ESPECIALIDAD EN OCEANOGRAFÍA
3245,7011400030,MAESTRÍA EN EDUCACIÓN CON ENFOQUE EN LÍNEA
3246,7012000040,MAESTRÍA EN EDUCACIÓN CON ENFOQUE EN INNOVACIÓN DE LA PRÁCTICA DOCENTE
3247,7042300036,MAESTRÍA EN ADMINISTRACIÓN Y POLÍTICAS PÚBLICAS CON ENFOQUE EN GESTIÓN GUBERNAMENTAL
3248,7042300037,MAESTRÍA EN ADMINISTRACIÓN Y POLÍTICAS PÚBLICAS CON ENFOQUE EN GESTIÓN POLÍTICA
3249,7011200080,MAESTRÍA EN GERENCIA Y POLÍTICA EDUCATIVA
3250,6101500007,ESPECIALIDAD EN COCINA MEXICANA
3251,7042300038,MAESTRÍA EN ADMINISTRACIÓN ELECTORAL
3252,7071000014,MAESTRÍA EN CIENCIAS EN INGENIERÍA FÍSICA
3253,7041000003,MAESTRÍA EN RESPONSABILIDAD SOCIAL EMPRESARIAL
3254,7042100024,MAESTRÍA EN ALTA DIRECCIÓN EN CALIDAD Y COMPETENCIA LABORAL
3255,7011500007,MAESTRÍA EN DOCENCIA Y EDUCACIÓN CON VALORES
3256,7011000008,MAESTRÍA EN EDUCACIÓN PARA LA DIVERSIDAD
3257,7042200025,MAESTRÍA EN GESTIÓN DE ALIMENTOS Y BEBIDAS
3258,7012000011,MAESTRÍA EN COMPETENCIAS DOCENTES
3259,7032100031,MAESTRÍA EN COMUNICACIÓN POLÍTICA Y MARKETING
3260,7031300028,MAESTRÍA EN POLÍTICAS PÚBLICAS Y GESTIÓN ESTRATÉGICA
3261,8042100017,DOCTORADO EN ADMINISTRACIÓN Y GESTIÓN ESTRATÉGICA
3262,6041200024,ESPECIALIDAD EN MERCADOTECNIA TURÍSTICA
3263,7042100178,MAESTRÍA EN ADMINISTRACIÓN Y GESTIÓN EMPRESARIAL
3264,6042200009,ESPECIALIDAD EN ADMINISTRACIÓN DE EMPRESAS GASTRONÓMICAS
3265,7011000009,MAESTRÍA EN EDUCACIÓN Y VALORES
3266,7042100259,MAESTRÍA EN CIENCIAS ADMINISTRATIVAS CON ESPECIALIDAD EN RELACIONES INDUSTRIALES
3267,7022200009,MAESTRÍA EN INGLÉS
3268,7071000009,MAESTRÍA EN INNOVACIÓN TECNOLÓGICA
3269,7041100038,MAESTRÍA EN NEGOCIOS DIGITALES
3270,7042100179,MAESTRÍA EN ADMINISTRACIÓN DE EMPRESAS SOCIOAMBIENTALES
3271,7073100055,"MAESTRÍA EN ARQUITECTURA, DISEÑO Y CONSTRUCCIÓN SUSTENTABLE"
3272,7033100126,MAESTRÍA EN DERECHO AMBIENTAL Y POLÍTICA PÚBLICA
3273,7031100120,MAESTRÍA EN PSICOLOGÍA EDUCATIVA EN VISIÓN HUMANISTA
3274,7011200045,MAESTRÍA EN PLANEACIÓN Y LIDERAZGO EDUCATIVA
3275,7062200032,MAESTRÍA EN DIRECCIÓN ESTRATÉGICA DE LAS TECNOLOGÍAS DE INFORMACIÓN Y COMUNICACIÓN
3276,7062200033,MAESTRÍA EN GESTIÓN DE INNOVACIÓN DE LAS TECNOLOGÍAS DE INFORMACIÓN Y COMUNICACIÓN
3277,7051300001,MAESTRÍA PROFESIONALIZANTE LIDERAZGO PARA LA CONSERVACIÓN MEDIANTE EL APRENDIZAJE
3278,8091345007,DOCTORADO EN INVESTIGACIÓN MÉDICA
3279,7031500032,MAESTRÍA EN PREVENCIÓN Y ATENCIÓN DEL MALTRATO INFANTIL Y LA VIOLENCIA FAMILIAR
3280,7031100121,MAESTRÍA EN TANATOLOGÍA Y CUIDADOS PALIATIVOS
3281,7042500069,MAESTRÍA EN ADMINISTRACIÓN ODONTOLÓGICA
3282,7012000041,MAESTRÍA EN COMPETENCIAS DOCENTES Y DESARROLLO HUMANO
3283,8081100022,DOCTORADO EN CIENCIA ANIMAL
3284,8052300008,DOCTORADO EN CIENCIAS CON ORIENTACIÓN EN GEOCIENCIAS
3285,8053100009,DOCTORADO EN CIENCIAS CON ORIENTACIÓN EN MATEMÁTICAS
3286,8101100001,DOCTORADO EN CIENCIAS DE LA CULTURA FÍSICA
3287,8033200003,DOCTORADO EN CRIMINOLOGÍA
3288,8042000001,DOCTORADO EN FILOSOFÍA CON ORIENTACIÓN EN ADMINISTRACIÓN
3289,8031300001,DOCTORADO EN FILOSOFÍA CON ORIENTACIÓN EN CIENCIAS POLÍTICAS
3290,8031100001,DOCTORADO EN FILOSOFÍA CON ORIENTACIÓN EN PSICOLOGÍA
3291,8031200022,DOCTORADO EN INVESTIGACIÓN Y DESARROLLO SOCIAL
3292,6041400016,ESPECIALIDAD EN CONTABILIDAD Y AUDITORÍA GUBERNAMENTAL
3293,6021500009,ESPECIALIDAD EN DISEÑO EDITORIAL Y PUBLICITARIO
3294,6042500017,ESPECIALIDAD EN GESTIÓN DE ENFERMERÍA
3295,6031100069,ESPECIALIDAD EN NEUROPSICOLOGÍA
3296,6094200004,ESPECIALIDAD EN NUTRIOLOGÍA CLÍNICA Y OBESIDAD
3297,6031100040,ESPECIALIDAD EN PSICOTERAPIA DE PAREJA
3298,6091342009,ESPECIALIDAD EN RADIOLOGÍA DIAGNÓSTICA
3299,7042400028,MAESTRÍA EN ADMINISTRACIÓN DE PROYECTOS EN LA EDIFICACIÓN
3300,7041200061,MAESTRÍA EN ADMINISTRACIÓN EN EL ÁREA DE MERCADOTECNIA
3301,7021100023,MAESTRÍA EN ARTES CON ORIENTACIÓN EN ARTES VISUALES
3302,7042400029,MAESTRÍA EN CIENCIAS CON ESPECIALIDAD EN INGENIERÍA Y ADMINISTRACIÓN DE LA CONSTRUCCIÓN
3303,7021600010,MAESTRÍA EN CIENCIAS CON ORIENTACIÓN EN GESTIÓN E INNOVACIÓN DEL DISEÑO
3304,7053100015,MAESTRÍA EN CIENCIAS CON ORIENTACIÓN EN MATEMÁTICAS
3305,7051300002,MAESTRÍA EN GESTIÓN SUSTENTABLE DEL AGUA
3306,7081100051,MAESTRÍA EN AGRICULTURA PROTEGIDA
3307,6022200005,ESPECIALIDAD EN INTERPRETACIÓN INGLÉS-ESPAÑOL PARA NEGOCIOS
3308,8011100011,DOCTORADO EN PEDAGOGÍA CRÍTICA Y EDUCACIÓN POPULAR
3309,7101100010,"MAESTRÍA EN CIENCIAS DEL DEPORTE, ALTO RENDIMIENTO"
3310,7041200062,MAESTRÍA EN ADMINISTRACIÓN DE LA MERCADOTECNIA POLÍTICA
3311,6031200009,ESPECIALIDAD EN DESARROLLO SOCIAL Y COMUNITARIO
3312,6012100001,ESPECIALIDAD EN EDUCACIÓN TEMPRANA Y PREESCOLAR
3313,6092208006,ESPECIALIDAD EN ENFERMERÍA OFTÁLMICA
3314,6031000002,ESPECIALIDAD EN SUSTENTABILIDAD Y DESARROLLO HUMANO
3315,7041100039,MAESTRÍA EN ADMINISTRACIÓN EN EL ÁREA DE COMERCIO INTERNACIONAL
3316,7042100180,MAESTRÍA EN ADMINISTRACIÓN EN EL ÁREA DE RECURSOS HUMANOS
3317,7051100015,MAESTRÍA EN CIENCIAS CON ORIENTACIÓN EN MICROBIOLOGÍA E INMUNOLOGÍA
3318,7032100032,MAESTRÍA EN DIRECCIÓN DE COMUNICACIÓN
3319,7012400014,MAESTRÍA EN DOCENCIA CON ORIENTACIÓN EN EDUCACIÓN MEDIA SUPERIOR
3320,7071200016,MAESTRÍA EN ENERGÍAS ALTERNATIVAS
3321,7012604041,MAESTRÍA EN ENSEÑANZA DE LA BIOLOGÍA
3322,7042100181,MAESTRÍA EN LOGÍSTICA INTEGRAL
3323,7031500012,MAESTRÍA EN MÉTODOS ALTERNOS DE SOLUCIÓN DE CONFLICTOS
3324,7095600044,MAESTRÍA EN SALUD PÚBLICA CON ACENTUACIÓN EN MEDICINA PREVENTIVA
3325,7031000008,MAESTRÍA EN SUSTENTABILIDAD Y DESARROLLO HUMANO
3326,8031500003,DOCTORADO EN MÉTODOS ALTERNOS DE SOLUCIÓN DE CONFLICTOS
3327,6031100041,ESPECIALIDAD EN PSICOTERAPIA PSICOANALÍTICA DE NIÑOS Y ADOLESCENTES
3328,7071200017,MAESTRÍA EN CIENCIAS CON ESPECIALIDAD EN INGENIERÍA ENERGÉTICA
3329,7042200026,MAESTRÍA EN ADMINISTRACIÓN RESTAURANTERA
3330,6033100064,ESPECIALIDAD EN JUICIO ORAL
3331,6033100065,ESPECIALIDAD EN MEDIOS ALTERNATIVOS DE SOLUCIÓN DE CONFLICTOS
3332,7033100129,MAESTRÍA EN DERECHO: ÁREA TERMINAL JUSTICIA CONSTITUCIONAL
3333,6053200001,ESPECIALIDAD EN BIOESTADÍSTICA
3334,6094100002,ESPECIALIDAD EN TERAPIA OCUPACIONAL
3335,7031500033,MAESTRÍA EN GERONTOLOGÍA Y ESTRATEGIAS DE ATENCIÓN AL ADULTO MAYOR
3336,7011200046,MAESTRÍA EN INVESTIGACIÓN EDUCATIVA APLICADA
3337,6082100007,ESPECIALIDAD EN MEDICINA Y CIRUGÍA EN PEQUEÑAS ESPECIES
3338,7032200007,MAESTRÍA EN ARCHIVISTA
3339,7042300039,MAESTRÍA EN CONTRALORÍA SOCIAL
3340,7021000007,MAESTRÍA EN ARTES Y HUMANIDADES
3341,8011200013,DOCTORADO EN INVESTIGACIÓN E INNOVACIÓN EDUCATIVAS
3342,6042100050,ESPECIALIDAD EN CALIDAD E INNOVACIÓN EN LOS SERVICIOS
3343,8042100016,DOCTORADO EN ADMINISTRACIÓN POR VALORES
3344,7042100061,MAESTRÍA EN ADMINISTRACIÓN POR VALORES
3345,8031000005,DOCTORADO EN SUSTENTABILIDAD Y DESARROLLO HUMANO
3346,8042500004,DOCTORADO EN ADMINISTRACIÓN CON ACENTUACIÓN EN INSTITUCIONES EDUCATIVAS
3347,8051100013,DOCTORADO EN CIENCIAS CON ORIENTACIÓN EN INMUNOBIOLOGÍA
3348,7071200018,MAESTRÍA EN CIENCIAS DE LA INGENIERÍA CON ORIENTACIÓN EN ENERGÍA TÉRMICA Y RENOVABLE
3349,8071200006,DOCTORADO EN CIENCIAS (ENERGÍA RENOVABLE)
3350,8051300021,DOCTORADO EN CIENCIAS EN DESARROLLO SUSTENTABLE DE RECURSOS NATURALES
3351,8033100001,DOCTORADO EN ESTUDIOS JURÍDICOS
3352,8031200023,DOCTORADO EN ESTUDIOS REGIONALES
3353,8042400002,DOCTORADO EN GESTIÓN TECNOLÓGICA E INNOVACIÓN
3354,8042300004,DOCTORADO EN GOBIERNO ELECTRÓNICO
3355,8022300008,DOCTORADO EN LITERATURA HISPANOAMERICANA
3356,8052200011,DOCTORADO EN NANOTECNOLOGÍA
3357,7031300029,MAESTRÍA EN POLÍTICAS PÚBLICAS Y GÉNERO
3358,7071100011,MAESTRÍA EN INGENIERÍA DE MANTENIMIENTO
3359,8011100012,DOCTORADO EN PEDAGOGÍA CRÍTICA
3360,8011300005,DOCTORADO EN PSICOPEDAGOGÍA E INNOVACIÓN EDUCATIVA
3361,6093202003,ESPECIALIDAD EN ESTOMATOLOGÍA MULTIDISCIPLINARIA CON ACENTUACIÓN EN ENDODONCIA
3362,6093204006,ESPECIALIDAD EN ESTOMATOLOGÍA MULTIDISCIPLINARIA CON ACENTUACIÓN EN ORTODONCIA
3363,6042400013,ESPECIALIDAD EN ADMINISTRACIÓN DE PROCESOS DE INGENIERÍA
3364,6041300012,ESPECIALIDAD EN ADMINISTRACIÓN FINANCIERA DE PROYECTOS Y NEGOCIOS
3365,6021400007,ESPECIALIDAD EN ANIMACIÓN POR MEDIOS DIGITALES
3366,6052200003,ESPECIALIDAD EN CIENCIAS DE LA INGENIERÍA QUÍMICA
3367,6041100026,ESPECIALIDAD EN COMERCIALIZACIÓN Y NEGOCIOS INTERNACIONALES
3368,6073200006,ESPECIALIDAD EN CONSTRUCCIÓN Y COSTOS DE EDIFICACIÓN
3369,8031300014,"DOCTORADO EN ESTUDIOS PARA LA PAZ, LA INTERCULTURALIDAD Y LA DEMOCRACIA"
3370,7021400010,MAESTRÍA EN DISEÑO FOTOGRÁFICO
3371,7021600011,MAESTRÍA EN INTERIORISMO ARQUITECTÓNICO
3372,7073100010,MAESTRÍA EN CENTROS URBANOS
3373,7041100061,MAESTRÍA EN LOGÍSTICA INTERNACIONAL Y CADENA DE SUMINISTROS
3374,7041200063,MAESTRÍA EN MARKETING ESTRATÉGICO
3375,7011200047,MAESTRÍA EN COMPETENCIAS PARA LA INNOVACIÓN EDUCATIVA
3376,7011400014,MAESTRÍA EN DISEÑO DE PROYECTOS EDUCATIVOS VIRTUALES
3377,6071100001,ESPECIALIDAD EN DISEÑO Y TECNOLOGÍA
3378,6011200011,ESPECIALIDAD EN EVALUACIÓN EDUCATIVA
3379,6041400017,ESPECIALIDAD EN FISCAL CORPORATIVO
3380,6031300017,"ESPECIALIDAD EN GÉNERO, VIOLENCIA Y POLÍTICAS PÚBLICAS"
3381,6073200001,ESPECIALIDAD EN HIDRÁULICA URBANA
3382,6042100051,ESPECIALIDAD EN GESTIÓN DE LA CALIDAD EN EL SERVICIO
3383,6073100013,ESPECIALIDAD EN ILUMINACIÓN
3384,6062200006,ESPECIALIDAD EN INFORMÁTICA EDUCATIVA
3385,6072100005,ESPECIALIDAD EN INOCUIDAD ALIMENTARIA
3386,6012000002,ESPECIALIDAD EN INTERVENCIÓN DOCENTE
3387,6102100001,ESPECIALIDAD EN PILOTO AVIADOR NAVAL 'ALA MÓVIL'
3388,6095600007,ESPECIALIDAD EN PROMOCIÓN DE LA SALUD
3389,6093206011,ESPECIALIDAD EN PROSTODONCIA INTEGRAL
3390,6031100042,ESPECIALIDAD EN PSICODIAGNÓSTICO E INTERVENCIÓN INFANTIL
3391,6102100003,ESPECIALIDAD EN TRANSPORTE Y COMUNICACIÓN TERRESTRE
3392,7031100122,MAESTRÍA EN GESTALT
3393,6041100027,ESPECIALIDAD EN VALUACIÓN RURAL
3394,7042100182,MAESTRÍA EN CIENCIAS EN ESTUDIOS INTERDISCIPLINARIOS PARA PEQUEÑAS Y MEDIANAS EMPRESAS
3395,7041200064,"MAESTRÍA EN DISEÑO, ANÁLISIS Y CREACIÓN DE MENSAJES PUBLICITARIOS"
3396,7042100183,MAESTRÍA EN ADMINISTRACIÓN (GESTIÓN ORGANIZACIONAL)
3397,7042500070,MAESTRÍA EN ADMINISTRACIÓN DE SERVICIOS DE SALUD
3398,7042100049,MAESTRÍA EN ADMINISTRACIÓN EN NEGOCIOS ÁREA DE RECURSOS HUMANOS
3399,7041300006,MAESTRÍA EN ADMINISTRACIÓN EN NEGOCIOS ÁREA FINANZAS
3400,7041200014,MAESTRÍA EN ADMINISTRACIÓN EN NEGOCIOS ÁREA MERCADOTECNIA
3401,7042100184,MAESTRÍA EN ADMINISTRACIÓN Y GESTIÓN DE EMPRESAS
3402,7062200013,MAESTRÍA EN ALTA DIRECCIÓN DE SISTEMAS DE INFORMACIÓN
3403,7031100123,"MAESTRÍA EN PSICOLOGÍA CON ORIENTACIÓN (CLÍNICA PSICOANALÍTICA, PSICOLOGÍA LABORAL Y ORGANIZACIONAL O TERAPIA BREVE O VIOLENCIA DE GÉNERO)"
3404,7073100056,MAESTRÍA EN CIENCIAS CON ORIENTACIÓN EN ( ARQUITECTURA O ASUNTOS URBANOS)
3405,7101100011,"MAESTRÍA EN ACTIVIDAD FÍSICA Y DEPORTE CON ORIENTACIONES EN (ADULTOS MAYORES, ALTO RENDIMIENTO DEPORTIVO, EDUCACIÓN FÍSICA Y GESTIÓN DEPORTIVA"
3406,8031300015,"DOCTORADO EN FILOSOFÍA CON ORIENTACIÓN EN RELACIONES INTERNACIONALES, NEGOCIOS DIPLOMACIA"
3407,7031100124,MAESTRÍA EN CIENCIAS CON ORIENTACIÓN (COGNICIÓN Y EDUCACIÓN O PSICOLOGÍA DE LA SALUD O NEUROPSICOLOGÍA)
3408,8071300001,DOCTORADO EN INGENIERÍA CON ORIENTACIÓN EN MECATRÓNICA
3409,7071000010,MAESTRÍA EN CIENCIAS CON ORIENTACIÓN EN (INGENIERÍA ESTRUCTURAL O INGENIERÍA AMBIENTAL O MATERIALES DE CONSTRUCCIÓN
3410,7071000011,MAESTRÍA EN INGENIERÍA CON ORIENTACIÓN EN (HIDROLOGÍA SUBTERRÁNEA O INGENIERÍA AMBIENTAL O INGENIERÍA DE TRÁNSITO Y VÍAS TERRESTRE O INGENIERÍA ESTRUCTURAL
3411,7072100014,MAESTRÍA EN ALIMENTOS
3412,7073100057,"MAESTRÍA EN ARQUITECTURA, DISEÑO Y URBANISMO"
3413,7051300036,MAESTRÍA EN CIENCIAS DEL AMBIENTE
3414,7101100012,MAESTRÍA EN CIENCIAS DEL  DEPORTE Y DEL EJERCICIO
3415,7051300037,MAESTRÍA EN CIENCIAS DEL  DESARROLLO SUSTENTABLE DE LOS RECURSOS NATURALES
3416,7081100052,MAESTRÍA EN CIENCIAS EN PRODUCCIÓN PECUARIA TROPICAL
3417,7011400015,MAESTRÍA EN COMPETENCIAS TECNOLÓGICAS EN LA EDUCACIÓN
3418,7011200048,MAESTRÍA EN CREACIÓN EDUCATIVA
3419,7033100127,MAESTRÍA EN DERECHO ÁREA CIENCIAS LABORALES Y RECURSOS HUMANOS
3420,7033100128,MAESTRÍA EN DERECHO CONSTITUCIONAL Y ELECTORAL
3421,7012000012,MAESTRÍA EN DESARROLLO DE COMPETENCIAS DOCENTES
3422,7011100025,MAESTRÍA EN DIDÁCTICA DE LA EDUCACIÓN BÁSICA
3423,7012604042,MAESTRÍA EN DOCENCIA DE LA MATEMÁTICA
3424,7033100130,MAESTRÍA EN DOGMÁTICA PENAL Y SISTEMA ACUSATORIO
3425,7011000010,MAESTRÍA EN EDUCACIÓN AMBIENTAL PARA EL DESARROLLO SUSTENTABLE
3426,7011200081,MAESTRÍA EN EDUCACIÓN ÁREA DE GESTIÓN EDUCATIVA
3427,7012000042,MAESTRÍA EN EDUCACIÓN ÁREA EN INTERVENCIÓN DOCENTE
3428,7042300040,MAESTRÍA EN GOBIERNO ELECTRÓNICO
3429,7073200004,MAESTRÍA EN HIDRÁULICA
3430,7022200010,MAESTRÍA EN LENGUAS MODERNAS
3431,7031500013,MAESTRÍA EN MEDIOS DE SOLUCIÓN DE CONFLICTOS
3432,7041400037,MAESTRÍA EN CONTADURÍA CON ORIENTACIÓN EN (AUDITORÍA O CONTABILIDAD INTERNACIONAL O COSTOS Y PRESUPUESTO O FINANZAS O IMPUESTOS O ESTUDIOS FISCALES
3433,7051100016,MAESTRÍA EN CIENCIAS CON  ORIENTACIÓN EN (FARMACIA O MICROBIOLOGÍA INDUSTRIAL O QUÍMICA ANALÍTICA AMBIENTAL O QUÍMICA DE MATERIALES O PROCESOS SUSTENTABLES)
3434,7031000017,MAESTRÍA EN CIENCIAS CON ORIENTACIÓN EN (CIENCIAS SOCIALES O LENGUA Y LITERATURA O EDUCACIÓN)
3435,7012400015,MAESTRÍA EN PRÁCTICA EDUCATIVA DEL NIVEL MEDIO SUPERIOR
3436,7033100131,MAESTRÍA EN PROCURACIÓN DE JUSTICIA Y DERECHO PENAL
3437,7033100132,MAESTRÍA EN PROCURACIÓN DE JUSTICIA Y SISTEMA PENAL ACUSATORIO
3438,7031100125,MAESTRÍA EN PSICOTERAPIA DINÁMICA
3439,7031100126,MAESTRÍA EN PSICOTERAPIA PSICOANALÍTICA DE PAREJA Y FAMILIA
3440,7093206004,MAESTRÍA EN REHABILITACIÓN ORAL
3441,7012000015,MAESTRÍA EN REINGENIERÍA DE LA EDUCACIÓN
3442,7095600052,MAESTRÍA EN SALUD PÚBLICA CON ÁREA DE CONCENTRACIÓN EN ENFERMEDADES TRANSMITIDAS POR VECTOR
3443,7095600053,MAESTRÍA EN SALUD PÚBLICA CON ÁREA DE CONCENTRACIÓN EN PROMOCIÓN DE LA SALUD
3444,7061300014,MAESTRÍA EN SOFTWARE LIBRE
3445,7022100005,MAESTRÍA EN TEOLOGÍA CONTEMPORÁNEA
3446,7011100026,MAESTRÍA EN TEORÍA Y PRÁCTICA CURRICULAR
3447,7073100058,MAESTRÍA EN VIVIENDA
3448,7042500046,MAESTRÍA PROFESIONAL EN ESTRATEGIA AGROEMPRESARIAL
3449,7033100133,MAESTRÍA EN SISTEMA DE JUSTICIA PENAL ACUSATORIO
3450,7012400016,MAESTRÍA EN EDUCACIÓN BÁSICA Y MEDIA SUPERIOR
3451,7012604004,MAESTRÍA EN EDUCACIÓN Y DIDÁCTICA DE LAS CIENCIAS NATURALES
3452,7012604005,MAESTRÍA EN EDUCACIÓN Y DIDÁCTICA DE LAS CIENCIAS SOCIALES
3453,7012604006,MAESTRÍA EN EDUCACIÓN Y DIDÁCTICA DE LAS MATEMÁTICAS
3454,7012604007,MAESTRÍA EN EDUCACIÓN Y DIDÁCTICA DEL ESPAÑOL
3455,7011100027,MAESTRÍA EN EDUCACIÓN Y PROCESOS DE APRENDIZAJE
3456,7093207004,MAESTRÍA EN ESTOMATOLOGÍA NORMATIVA Y FORENSE
3457,7021500016,MAESTRÍA EN GESTIÓN INTEGRAL DE LA ANIMACIÓN DIGITAL
3458,7042200018,MAESTRÍA EN GESTIÓN SUSTENTABLE DEL TURISMO
3459,6041300013,ESPECIALIDAD EN FINANZAS CORPORATIVAS UN ENFOQUE LATINOAMERICANO
3460,7042100050,MAESTRÍA EN CIENCIAS EN ADMINISTRACIÓN DE NEGOCIOS
3461,7042100185,MAESTRÍA EN ADMINISTRACIÓN Y GESTIÓN DE ORGANIZACIONES
3462,7033100134,MAESTRÍA EN SISTEMA PENAL ACUSATORIO
3463,7033100135,MAESTRÍA EN CIENCIA JURÍDICO PENAL
3464,7071200019,MAESTRÍA EN ADMINISTRACIÓN DE LA ENERGÍA Y SUS FUENTES RENOVABLES
3465,6042500010,ESPECIALIDAD EN  POLÍTICA Y GESTIÓN UNIVERSITARIA
3466,7101100013,MAESTRÍA EN EDUCACIÓN Y CIENCIAS DEL ENTRENAMIENTO DEPORTIVO
3467,7011100028,MAESTRÍA EN PEDAGOGÍA Y PLANEACIÓN
3468,7021300006,MAESTRÍA EN EJECUCIÓN E INTERPRETACIÓN GUITARRÍSTICA
3469,7021500023,MAESTRÍA EN ESTUDIOS DE DISEÑO
3470,7104200001,MAESTRÍA EN SEGURIDAD NACIONAL
3471,7021100016,MAESTRÍA EN EDUCACIÓN Y EXPRESIÓN DE LAS ARTES
3472,7103100003,MAESTRÍA EN ERGONOMÍA
3473,6091336009,"ESPECIALIDAD EN ONCOLOGÍA, HEMATOLOGÍA PEDIÁTRICA"
3474,7041200065,MAESTRÍA EN ADMINISTRACIÓN CON ESPECIALIDAD EN MERCADOTECNIA
3475,6041400018,ESPECIALIDAD EN ADMINISTRACIÓN FISCAL FINANCIERA
3476,7031400024,MAESTRÍA EN DESARROLLO ECONÓMICO Y SECTORIAL
3477,7041200066,MAESTRÍA EN VENTAS ESTRATÉGICAS Y NEGOCIACIÓN
3478,7042100186,MAESTRÍA EN DIRECCIÓN ESTRATÉGICA DE EMPRESAS
3479,7012000043,MAESTRÍA EN APRENDIZAJE BASADO EN COMPETENCIAS
3480,7012604010,MAESTRÍA EN EDUCACIÓN CON OPCIÓN EN COMPETENCIAS PARA LAS MATEMÁTICAS
3481,7042100187,MAESTRÍA EN ADMINISTRACIÓN CON ESPECIALIDAD EN CONTROL DE CALIDAD
3482,7042500093,MAESTRÍA EN ADMINISTRACIÓN DE LA EDUCACIÓN FÍSICA
3483,7012604054,MAESTRÍA EN CIENCIAS EN EL ÁREA EN FÍSICO-QUÍMICA
3484,7042100188,MAESTRÍA EN CALIDAD Y COMPETITIVIDAD
3485,7041100040,"MAESTRÍA EN VALUACIÓN INMOBILIARIA, INDUSTRIAL DE BIENES NACIONALES"
3486,8081400003,DOCTORADO EN CIENCIAS EN RECURSOS ACUÁTICOS
3487,7011200049,MAESTRÍA EN CREATIVIDAD E INNOVACIÓN EDUCATIVA
3488,7031300030,"MAESTRÍA EN ESTUDIOS PARA LA PAZ, LA INTERCULTURALIDAD Y LA DEMOCRACIA"
3489,7021500017,"MAESTRÍA EN HIPERMEDIA, GESTIÓN CREATIVA EN MEDIOS DIGITALES"
3490,7022000003,MAESTRÍA EN HUMANIDADES Y PROCESOS EDUCATIVOS
3491,7021400026,"MAESTRÍA EN IMAGEN, ARTE, CULTURA Y SOCIEDAD"
3492,7061300015,MAESTRÍA EN INGENIERÍA DEL SOFTWARE
3493,7031400025,MAESTRÍA EN INTEGRACIÓN ECONÓMICA
3494,7091345008,MAESTRÍA EN INVESTIGACIÓN EN SALUD
3495,7011200050,MAESTRÍA EN INVESTIGACIÓN Y DESARROLLO DE INNOVACIONES EDUCATIVAS
3496,7095200013,MAESTRÍA EN INVESTIGACIONES BIOMÉDICAS
3497,7011200051,MAESTRÍA EN INVESTIGACIONES HUMANÍSTICAS Y EDUCATIVAS
3498,7022300023,MAESTRÍA EN LITERATURA Y CREACIÓN LITERARIA
3499,7051300038,MAESTRÍA EN MANEJO DE RECURSOS NATURALES
3500,7094200011,MAESTRÍA EN NUTRICIÓN APLICADA A SÍNDROME METABÓLICO Y ENFERMEDADES CRÓNICO DEGENERATIVAS
3501,7042100025,MAESTRÍA EN PLANEACIÓN ESTRATÉGICA E INNOVACIÓN
3502,7042200027,MAESTRÍA EN PLANIFICACIÓN Y GESTIÓN DE NEGOCIOS DE ALIMENTOS Y BEBIDAS
3503,7081100053,MAESTRÍA EN PRODUCCIÓN AGRÍCOLA OPCIÓN PRODUCCIÓN PECUARIA
3504,7081100054,MAESTRÍA EN PRODUCCIÓN PECUARIA
3505,7073100059,MAESTRÍA EN PROYECTOS ARQUITECTÓNICOS DE VIVIENDA MÍNIMA
3506,7011300022,MAESTRÍA EN PSICOPEDAGOGÍA Y DESARROLLO DEL POTENCIAL HUMANO
3507,7082100004,MAESTRÍA EN SALUD Y PRODUCCIÓN ANIMAL SUSTENTABLE
3508,7011200082,MAESTRÍA EN ADMINISTRACIÓN EN GESTIÓN Y DESARROLLO DE LA EDUCACIÓN
3509,7062200001,MAESTRÍA EN ADMINISTRACIÓN DE TECNOLOGÍAS DE INFORMACIÓN DE EMPRESAS
3510,7042100026,MAESTRÍA EN ADMINISTRACIÓN Y DIRECCIÓN ESTRATÉGICA
3511,7042500071,MAESTRÍA EN ADMINISTRACIÓN Y GESTIÓN DE LOS SISTEMAS DE SALUD
3512,7041300038,MAESTRÍA EN ANÁLISIS GESTIÓN FINANCIERA
3513,7051300039,MAESTRÍA EN BIOLOGÍA INTEGRATIVA DE LA BIODIVERSIDAD Y LA CONSERVACIÓN
3514,7061100012,"MAESTRÍA EN CIENCIAS COMPUTACIÓN, MATEMÁTICAS APLICADAS"
3515,7081100055,MAESTRÍA EN CIENCIAS EN AGROSISTEMAS SOSTENIBLES
3516,7012604040,MAESTRÍA EN CIENCIAS EN FÍSICA EDUCATIVA
3517,7042300008,MAESTRÍA PROFESIONAL EN GERENCIA Y POLÍTICAS PÚBLICAS
3518,7012604001,MAESTRÍA EN EDUCACIÓN HISTÓRICA
3519,7071000012,MAESTRÍA EN INGENIERÍA APLICADA
3520,6011400004,ESPECIALIDAD EN TECNOLOGÍAS INFORMÁTICAS EDUCATIVAS
3521,7021500018,MAESTRÍA EN DISEÑO MULTIMEDIA
3522,7041200089,MAESTRÍA EN ADMINISTRACIÓN DE LA COMUNICACIÓN
3523,7062100002,MAESTRÍA EN MIGRACIÓN DE SISTEMAS
3524,7031300031,MAESTRÍA EN DECISIONES ESTRATÉGICAS Y POLÍTICAS PÚBLICAS
3525,7041200067,MAESTRÍA EN DIRECCIÓN ESTRATÉGICA DE MERCADOTECNIA
3526,7102100005,MAESTRÍA EN TRANSPORTE Y COMUNICACIÓN TERRESTRE
3527,7031300032,MAESTRÍA EN GESTIÓN POLÍTICA
3528,6012601001,ESPECIALIDAD EN INFRAESTRUCTURA FÍSICA EDUCATIVA
3529,7081100056,MAESTRÍA INTERINSTITUCIONAL EN PRODUCCIÓN PECUARIA
3530,7031200053,MAESTRÍA EN CIENCIAS SOCIALES: DESARROLLO SUSTENTABLE Y GLOBALIZACIÓN
3531,7021100001,MAESTRÍA EN CULTURA Y ARTE
3532,7033100136,MAESTRÍA EN DERECHO CORPORATIVO Y NEGOCIOS INTERNACIONALES
3533,7033100137,MAESTRÍA EN DERECHO PROCESAL CIVIL Y MERCANTIL
3534,7033100138,MAESTRÍA EN DERECHO PROCESAL Y AMPARO
3535,7031200054,MAESTRÍA EN ESTUDIOS DE LA CULTURA Y LA COMUNICACIÓN
3536,7031300033,MAESTRÍA EN ESTUDIOS POLÍTICOS Y ADMINISTRATIVOS
3537,7042200001,MAESTRÍA EN GESTIÓN DE NEGOCIOS GASTRONÓMICOS
3538,7041100041,MAESTRÍA EN GESTIÓN DE COMERCIO ELECTRÓNICO
3539,7042300041,MAESTRÍA EN GESTIÓN PÚBLICA DE LA SUSTENTABILIDAD
3540,7062200014,MAESTRÍA EN GESTIÓN TECNOLÓGICA
3541,7033100139,MAESTRÍA EN ESTUDIOS JURÍDICOS
3542,6033100066,ESPECIALIDAD EN JUICIOS ORALES Y PROCESO PENAL ACUSATORIO
3543,6094300004,ESPECIALIDAD EN MEDICINA SOCIAL
3544,6041200025,ESPECIALIDAD EN MERCADOTECNIA Y COMUNICACIÓN INTEGRAL EN MODA
3545,6011100001,ESPECIALIDAD EN PEDAGOGÍA Y ENSEÑANZA
3546,6042100052,ESPECIALIDAD EN PLANEACIÓN LOGÍSTICA
3547,8021400001,"DOCTORADO EN IMAGEN, ARTE, CULTURA Y SOCIEDAD"
3548,7061000003,MAESTRÍA EN INGENIERÍA EN COMPUTACIÓN
3549,6071600002,ESPECIALIDAD EN CONTAMINACIÓN MARINA
3550,8073100013,DOCTORADO EN CIENCIAS EN ARQUITECTURA Y URBANISMO
3551,8012604001,DOCTORADO EN CIENCIAS EN FÍSICA EDUCATIVA
3552,8081100023,DOCTORADO EN CIENCIAS EN INNOVACIÓN GANADERA
3553,8071000009,DOCTORADO EN CIENCIAS EN LA INGENIERÍA
3554,8061100015,DOCTORADO EN CIENCIAS EN SISTEMAS DIGITALES
3555,8031200024,DOCTORADO EN CIENCIAS SOCIALES DESARROLLO SUSTENTABLE Y GLOBALIZACIÓN
3556,8021000009,DOCTORADO EN CULTURA Y ARTE
3557,8104200002,DOCTORADO EN DEFENSA Y SEGURIDAD NACIONAL
3558,8012601002,DOCTORADO EN EDUCACIÓN FÍSICA Y DEPORTE
3559,8041000002,DOCTORADO EN INNOVACIÓN Y RESPONSABILIDAD SOCIAL
3560,8031100016,DOCTORADO EN PSICOANÁLISIS Y ARTE
3561,6012702001,ESPECIALIDAD EN ALTERACIONES DEL APRENDIZAJE
3562,6021600006,ESPECIALIDAD EN ECODISEÑO
3563,7031100127,MAESTRÍA EN FORMACIÓN TERAPÉUTICA APLICADA EN ADICCIONES Y GRUPOS VULNERABLES
3564,6031500005,ESPECIALIDAD EN RESOLUCIÓN DE CONFLICTOS Y MEDIACIÓN ORGANIZACIONAL
3565,6042100053,ESPECIALIDAD EN DIRECCIÓN ESTRATÉGICA
3566,6042000002,ESPECIALIDAD EN COACHING
3567,7061300001,MAESTRÍA EN DIRECCIÓN ESTRATÉGICA EN INGENIERÍA DE SOFTWARE
3568,7042100189,"MAESTRÍA EN DIRECCIÓN ESTRATÉGICA CON ESPECIALIDAD EN GERENCIA, EMPRESAS FAMILIARES O MARKETING"
3569,8042000007,DOCTORADO EN PROYECTOS
3570,6042100005,ESPECIALIDAD EN DIRECCIÓN DE PROYECTOS
3571,6041100028,ESPECIALIDAD EN SERVICIOS DE NEGOCIO BASADOS EN TECNOLOGÍAS DE INFORMACIÓN
3572,7062200026,MAESTRÍA EN TECNOLOGÍAS MÓVILES Y NEGOCIOS
3573,7011200083,MAESTRÍA EN ADMINISTRACIÓN APLICADA A LA EDUCACIÓN
3574,8042300001,DOCTORADO EN GOBERNABILIDAD Y GESTIÓN PÚBLICA
3575,7072400012,MAESTRÍA EN INGENIERÍA (EXPLORACIÓN Y EXPLOTACIÓN DE RECURSOS NATURALES)
3576,7021400011,MAESTRÍA EN CINE DOCUMENTAL
3577,8021100002,DOCTORADO EN ARTE Y DISEÑO
3578,8071200007,DOCTORADO EN INGENIERÍA (ENERGÍA)
3579,7061100022,MAESTRÍA EN INGENIERÍA ELECTRÓNICA Y COMPUTACIÓN
3580,6042000003,"ESPECIALIDAD EN COACHING PERSONAL, EJECUTIVO Y DE EQUIPOS"
3581,7073100060,MAESTRÍA EN PROYECTOS DE ARQUITECTURA Y URBANISMO
3582,7041200068,MAESTRÍA EN DIRECCIÓN ESTRATÉGICA ESPECIALIZADA EN MARQUETING
3583,7041300033,MAESTRÍA EN GESTIÓN BANCARIA
3584,7042100190,MAESTRÍA EN ADMINISTRACIÓN DE EMPRESAS INTERNACIONALES
3585,7101100014,MAESTRÍA EN ACTIVIDAD FÍSICA
3586,6051300006,ESPECIALIDAD EN CONSULTORÍA  AMBIENTAL
3587,7041400038,MAESTRÍA EN CONTABILIDAD Y AUDITORÍA PARA LA SUSTENTABILIDAD DE LOS NEGOCIOS
3588,7101100015,MAESTRÍA EN ENTRENAMIENTO DEPORTIVO Y SELECCIÓN DE TALENTOS PARA EL DEPORTE
3589,7041200069,MAESTRÍA EN MERCADOTECNIA INTERNACIONAL
3590,6022100002,ESPECIALIDAD EN CATEQUESIS ESCOLAR
3591,7012000044,MAESTRÍA EN FORMACIÓN DE TUTORES
3592,7021300007,MAESTRÍA EN ETNOMUSICOLOGÍA
3593,8031200025,DOCTORADO EN CIENCIAS SOCIALES EN EL ÁREA  ESTUDIOS RURALES
3594,8032100004,DOCTORADO EN COMUNICACIÓN Y PENSAMIENTO ESTRATÉGICO
3595,8011200014,DOCTORADO EN INNOVACIÓN Y ADMINISTRACIÓN EDUCATIVA
3596,8031100017,DOCTORADO EN PSICOTERAPIA GESTALT
3597,6012000014,ESPECIALIDAD EN HABILIDADES Y COMPETENCIAS DE LA DOCENCIA
3598,7071200020,MAESTRÍA EN FUENTES RENOVABLES DE ENERGÍA Y EFICIENCIA ENERGÉTICA
3599,7021200002,MAESTRÍA EN INVESTIGACIÓN DE LA DANZA
3600,7033100140,MAESTRÍA EN JUICIOS ORALES (ENFOQUE PENAL)
3601,7033100141,MAESTRÍA EN LITIGACIÓN ORAL
3602,6022200006,ESPECIALIDAD EN TERMINOLOGÍA
3603,7011100029,MAESTRÍA EN PEDAGOGÍA Y DESARROLLO INSTITUCIONAL
3604,7042500072,MAESTRÍA EN ADMINISTRACIÓN DE CENTROS HOSPITALARIOS
3605,6033100067,ESPECIALIDAD EN DERECHO INMOBILIARIO
3606,6033100068,ESPECIALIDAD EN DERECHO DE SUCESIONES
3607,6033100069,ESPECIALIDAD EN DERECHO PENAL PROCESAL PENAL Y SISTEMA DE PROTECCIÓN DE LOS DERECHOS HUMANOS
3608,7011300023,MAESTRÍA EN INTERVENCIÓN PSICOPEDAGÓGICA
3609,7031100128,"MAESTRÍA EN PSICOTERAPIA COGNITIVO, CONDUCTUAL EN SALUD MENTAL Y FAMILIA"
3610,7042100191,MAESTRÍA EN ALTA DIRECCIÓN Y ADMINISTRACIÓN DE LA CALIDAD TOTAL
3611,7011200001,MAESTRÍA EN EDUCACIÓN INTERNACIONAL
3612,7012604012,MAESTRÍA EN ENSEÑANZA DE LAS CIENCIAS CON ACENTUACIÓN EN ESPAÑOL
3613,7012603002,MAESTRÍA EN ENSEÑANZA DE LAS CIENCIAS CON ACENTUACIÓN EN INGLÉS
3614,7012602001,MAESTRÍA EN ENSEÑANZA DE LAS CIENCIAS CON ACENTUACIÓN EN ARTES
3615,7012604013,MAESTRÍA EN ENSEÑANZA DE LAS CIENCIAS CON ACENTUACIÓN EN MATEMÁTICAS
3616,7011400032,MAESTRÍA EN ENSEÑANZA DE LAS CIENCIAS CON ACENTUACIÓN EN TECNOLOGÍA
3617,7012604014,MAESTRÍA EN ENSEÑANZA DE LAS CIENCIAS CON ACENTUACIÓN EN BIOLOGÍA
3618,7012604015,MAESTRÍA EN ENSEÑANZA DE LAS CIENCIAS CON ACENTUACIÓN EN QUÍMICA
3619,7012604016,MAESTRÍA EN ENSEÑANZA DE LAS CIENCIAS CON ACENTUACIÓN EN GEOGRAFÍA
3620,7011100030,MAESTRÍA EN GESTIÓN CURRICULAR
3621,7031500014,MAESTRÍA EN MÉTODOS ALTERNOS PARA LA SOLUCIÓN DE CONFLICTOS
3622,7042100192,MAESTRÍA EN DIRECCIÓN
3623,6012602002,ESPECIALIDAD EN EDUCACIÓN ARTÍSTICA EN EDAD INFANTIL
3624,6012701001,ESPECIALIDAD EN ESTIMULACIÓN LINGÜÍSTICA EN EDUCACIÓN INFANTIL
3625,8031100018,DOCTORADO EN PSICOLOGÍA E INVESTIGACIÓN
3626,7011200052,MAESTRÍA EN CALIDAD Y PROCESOS DE INNOVACIÓN EDUCATIVA
3627,7012100003,MAESTRÍA EN ENSEÑANZA DE LAS CIENCIAS CON ACENTUACIÓN EN EDUCACIÓN PREESCOLAR
3628,7012200005,MAESTRÍA EN ENSEÑANZA DE LAS CIENCIAS CON ACENTUACIÓN EN EDUCACIÓN PRIMARIA
3629,6012604001,ESPECIALIDAD EN LENGUAJE MATEMÁTICO EN EDAD INFANTIL
3630,7071600014,MAESTRÍA EN CAMBIO CLIMÁTICA Y SUSTENTABILIDAD
3631,6093206012,ESPECIALIDAD EN IMPLANTOLOGÍA DENTAL OSEOINTEGRADA
3632,6031100068,ESPECIALIDAD EN ENFOQUE DE SOLUCIONES SISTÉMICAS
3633,7104100001,MAESTRÍA EN SEGURIDAD PÚBLICA
3634,7011100053,MAESTRÍA EN EDUCACIÓN PARA LA FORMACIÓN PROFESIONAL
3635,6012500009,ESPECIALIDAD EN EDUCACIÓN PARA LA FORMACIÓN PROFESIONAL
3636,6031100043,ESPECIALIDAD EN ESTUDIOS PSICOANALÍTICOS CON NIÑOS Y ADOLESCENTES
3637,8031100019,DOCTORADO EN CIENCIAS DEL ACOMPAÑAMIENTO HUMANO
3638,7022100006,MAESTRÍA EN ESTUDIOS JUDAICOS
3639,7011200061,MAESTRÍA EN EVALUACIÓN PEDAGÓGICA
3640,8031300024,DOCTORADO EN ANÁLISIS ESTRATÉGICO Y DESARROLLO SUSTENTABLE
3641,6042100054,ESPECIALIDAD EN DIRECCIÓN DE EMPRESAS FAMILIARES
3642,7031500034,MAESTRÍA EN DESARROLLO FAMILIAR
3643,7041300034,MAESTRÍA EN ALTA DIRECCIÓN Y ESTRATEGIAS FINANCIERAS
3644,7042100008,MAESTRÍA EN DESARROLLO HUMANO Y CULTURA ORGANIZACIONAL
3645,7051300040,MAESTRÍA EN CIENCIAS EN BIODIVERSIDAD Y ECOLOGÍA
3646,7081100057,MAESTRÍA INTERINSTITUCIONAL EN CIENCIAS AGROPECUARIAS Y FORESTALES
3647,7051200020,MAESTRÍA EN BIOLOGÍA MOLECULAR Y CELULAR
3648,7021500024,"MAESTRÍA EN PLANEACIÓN, EVALUACIÓN Y EXPRESIÓN DEL DISEÑO"
3649,7042100193,MAESTRÍA EN INNOVACIÓN EMPRESARIAL
3650,8042100020,DOCTORADO EN ADMINISTRACIÓN Y GESTIÓN EMPRESARIAL
3651,6021200001,ESPECIALIDAD EN DIRECCIÓN Y GUIÓN DE LARGOMETRAJE
3652,7095600045,MAESTRÍA EN SALUD PÚBLICA CON ÁREA DE CONCENTRACIÓN EN ENVEJECIMIENTO
3653,7095600002,MAESTRÍA EN CIENCIAS DE LA SALUD CON ÁREA DE CONCENTRACIÓN EN SALUD SEXUAL Y REPRODUCTIVA
3654,7031100129,MAESTRÍA EN PSICOTERAPIA DE GRUPO
3655,7093205003,MAESTRÍA EN CIENCIAS ESTOMATOLÓGICAS EN EL ÁREA DE PERIODONCIA
3656,7042300042,MAESTRÍA EN GOBIERNO Y ADMINISTRACIÓN PÚBLICA ESTATAL Y MUNICIPAL
3657,7041200015,MAESTRÍA EN MERCADOTECNIA Y DESARROLLO DE NEGOCIOS
3658,7032100033,MAESTRÍA EN COMUNICACIÓN EFICAZ Y GESTIÓN DE PROCESOS POLÍTICOS
3659,6033100071,ESPECIALIDAD EN JUSTICIA PENAL Y DERECHOS HUMANOS
3660,7041100042,MAESTRÍA EN NEGOCIOS Y COMERCIO ELECTRÓNICO
3661,6033100072,ESPECIALIDAD EN LOS DERECHOS HUMANOS EN EL SISTEMA DE JUSTICIA PENAL ACUSATORIO
3662,7041200070,MAESTRÍA EN IMAGEN Y RELACIONES PÚBLICAS
3663,7042100194,MAESTRÍA EN GESTIÓN DEL SERVICIO AL CLIENTE
3664,6093100002,ESPECIALIDAD EN CARIOLOGÍA CLÍNICA
3665,6093206013,ESPECIALIDAD EN ESTOMATOLOGÍA MULTIDISCIPLINARIA CON ACENTUACIÓN EN PROSTODONCIA AVANZADA
3666,8081100024,DOCTORADO INTERINSTITUCIONAL EN CIENCIAS EN SUSTENTABILIDAD DE LOS RECURSOS AGROPECUARIOS
3667,7051300041,"MAESTRÍA EN GESTIÓN INTEGRADA: MEDIO AMBIENTE, CALIDAD Y PREVENCIÓN"
3668,7033100228,MAESTRÍA EN LEGISLACIÓN AMBIENTAL
3669,6012603001,ESPECIALIDAD EN POSTGRADUATE DIPLOMA IN TEACHING ENGLISH AS FOREIGN LANGUAGE
3670,6062200001,ESPECIALIDAD EN TECNOLOGÍAS DE LA INFORMACIÓN E-COMMERCE
3671,6012603002,ESPECIALIDAD EN FORMACIÓN DE PROFESORES DE ESPAÑOL COMO LENGUA EXTRANJERA
3672,7022200001,MAESTRÍA EN LINGÜÍSTICA APLICADA A LA ENSEÑANZA DEL INGLÉS COMO LENGUA EXTRANJERA
3673,7101100016,MAESTRÍA EN ACTIVIDAD FÍSICA: ENTRENAMIENTO Y GESTIÓN DEPORTIVA
3674,6062200002,ESPECIALIDAD EN TECNOLOGÍAS DE LA INFORMACIÓN E-BUSINESS
3675,7071100020,MAESTRÍA EN DESARROLLO DE PROYECTOS DE INNOVACIÓN Y PRODUCTO
3676,7052300019,MAESTRÍA EN GEOMÁTICA
3677,6052300007,ESPECIALIDAD EN GEOMÁTICA
3678,8052300009,DOCTORADO EN GEOMÁTICA
3679,8051200033,DOCTORADO EN BIOTECNOLOGÍA PRODUCTIVA
3680,7051200032,MAESTRÍA EN BIOTECNOLOGÍA PRODUCTIVA
3681,7051200033,MAESTRÍA EN BIOTECNOLOGÍA APLICADA
3682,7011200084,MAESTRÍA EN GESTIÓN EDUCATIVA ESTRATÉGICA
3683,7101600005,MAESTRÍA EN DESARROLLO REGIONAL Y TURISMO SUSTENTABLE
3684,6092203004,ESPECIALIDAD EN ENFERMERÍA EN GERONTOGERIATRÍA
3685,6042300007,ESPECIALIDAD EN GERENCIAMIENTO PÚBLICO
3686,7031200055,MAESTRÍA EN DESARROLLO LOCAL
3687,7031300052,MAESTRÍA EN GESTIÓN DE LOS OBJETIVOS DE DESARROLLO DEL MILENIO
3688,7101100017,MAESTRÍA EN CULTURA FÍSICA EN EL ADULTO MAYOR
3689,7033100142,MAESTRÍA EN SISTEMA DE JUSTICIA PENAL ACUSATORIO Y LITIGACIÓN ORAL
3690,7071700013,MAESTRÍA EN INGENIERÍA EN PROCESOS
3691,6101100001,ESPECIALIDAD EN ENTRENAMIENTO DEPORTIVO
3692,7011400016,MAESTRÍA EN INNOVACIÓN Y TECNOLOGÍA EDUCATIVA
3693,7042300043,"MAESTRÍA EN ADMINISTRACIÓN, FUNCIÓN Y POLÍTICAS PÚBLICAS"
3694,7011400036,MAESTRÍA EN E-LEARNING
3695,7012000045,MAESTRÍA EN INNOVACIÓN EN FORMACIÓN DOCENTE
3696,6041100029,ESPECIALIDAD EN VALUACIÓN DE BIENES MUEBLES E INMUEBLES
3697,7031500009,MAESTRÍA EN MECANISMOS Y ALTERNATIVAS DE SOLUCIÓN DE CONTROVERSIAS
3698,7033100143,"MAESTRÍA EN DERECHO PROCESAL CIVIL, MERCANTIL Y FAMILIAR"
3699,6091317007,ESPECIALIDAD EN HEMOSTASIA  Y TROMBOSIS
3700,7061300016,MAESTRÍA EN COMPUTACIÓN CON FORMACIÓN EN BASE DE DATOS
3701,7041200071,MAESTRÍA EN PUBLICIDAD Y DISEÑO
3702,7042100195,MAESTRÍA EN GESTIÓN DE PROYECTOS Y PROCURACIÓN DE FONDOS
3703,7011000019,PROGRAMA INTEGRADO DE ESPECIALIDAD Y MAESTRÍA EN EDUCACIÓN INTERCULTURAL
3704,7041200072,MAESTRÍA EN MERCADOTECNIA Y COMUNICACIÓN
3705,6071000001,ESPECIALIDAD EN INNOVACIÓN BIOINTERACTIVA
3706,7082100010,MAESTRÍA EN VETERINARIA SUSTENTABLE
3707,8031200026,DOCTORADO EN GESTIÓN PARA EL DESARROLLO
3708,8011400008,DOCTORADO EN TECNOLOGÍA E INNOVACIÓN EN LA EDUCACIÓN
3709,7012604066,MAESTRÍA EN COMPETENCIAS MATEMÁTICAS
3710,7012200007,MAESTRÍA EN LECTOESCRITURA
3711,7071600015,MAESTRÍA EN ESTUDIOS DE CAMBIO CLIMÁTICO
3712,7071700020,MAESTRÍA EN OPTIMIZACIÓN Y CONTROL DE SISTEMAS
3713,6101500008,ESPECIALIDAD EN GASTRONOMÍA OAXAQUEÑA
3714,7041200073,MAESTRÍA EN MERCADOTECNIA POLÍTICA
3715,8022500010,DOCTORADO EN CIENCIAS HUMANAS EN EL ÁREA DE ESTUDIOS DE LAS TRADICIONES
3716,8051100014,DOCTORADO EN CIENCIAS EN BIOLOGÍA
3717,6092206005,ESPECIALIDAD EN SALUD MATERNA Y PERINATAL
3718,7051300042,MAESTRÍA PROFESIONALIZANTE EN ECOLOGÍA INTERNACIONAL
3719,6033200007,ESPECIALIDAD EN CRIMINOLOGÍA Y SEGURIDAD PÚBLICA
3720,6091333001,ESPECIALIDAD EN NEUROFISIOLOGÍA OTOLÓGICA PEDIÁTRICA
3721,6021500010,ESPECIALIDAD EN DISEÑO DE INTERACCIÓN DIGITAL
3722,7042100196,MAESTRÍA EN GESTIÓN DE EMPRESAS DE ECONOMÍA SOCIAL
3723,6031500016,ESPECIALIDAD EN FAMILIAS Y PREVENCIÓN DE LA VIOLENCIA
3724,6031300009,ESPECIALIDAD EN PROCESOS ELECTORALES Y CAMPAÑAS POLÍTICAS
3725,7022500019,MAESTRÍA EN ESTUDIOS AMERINDIOS Y EDUCACIÓN BILINGÜE
3726,7031200056,MAESTRÍA EN ESTUDIOS ANTROPOLÓGICOS EN SOCIEDADES CONTEMPORÁNEAS
3727,7012000046,MAESTRÍA EN APRENDIZAJES DE LA LENGUA Y LAS MATEMÁTICAS
3728,7011000020,MAESTRÍA EN EDUCACIÓN PARA LA CIUDADANÍA
3729,6042500001,ESPECIALIDAD EN GESTIÓN MUSEOGRÁFICA
3730,8031100020,DOCTORADO EN PSICOTERAPIA GESTALT RELACIONAL
3731,8033200001,DOCTORADO EN POLÍTICA CRIMINAL
3732,7071500018,MAESTRÍA EN DESARROLLO SUSTENTABLE EN LA INDUSTRIA AUTOMOTRIZ
3733,7071500019,MAESTRÍA EN INNOVACIÓN TECNOLÓGICA EN LA INDUSTRIA AUTOMOTRIZ
3734,8022400002,DOCTORADO EN LINGÜÍSTICA INDOAMERICANA
3735,7021600001,MAESTRÍA EN DISEÑO INTEGRAL
3736,7081100058,MAESTRÍA EN MANEJO SOSTENIBLE DE SISTEMAS AGRÍCOLAS
3737,7031100130,MAESTRÍA EN DESARROLLO TRANSPERSONAL
3738,6021600007,ESPECIALIDAD EN DISEÑO ARQUITECTÓNICO DE INTERIORES
3739,6091342012,ESPECIALIDAD EN IMAGENOLOGÍA DIAGNÓSTICA Y TERAPÉUTICA
3740,7052200011,"MAESTRÍA EN CIENCIAS CON ORIENTACIÓN EN MATERIALES, NANOCIENCIAS Y QUÍMICA ORGÁNICA"
3741,7094200012,MAESTRÍA EN NUTRICIÓN EN EL EJERCICIO FÍSICO Y EL DEPORTE
3742,7053200005,MAESTRÍA EN CALIDAD Y ESTADÍSTICA APLICADA
3743,6053200005,ESPECIALIDAD EN CALIDAD Y ESTADÍSTICA APLICADA
3744,7042100197,MAESTRÍA EN GESTIÓN ESTRATÉGICA DEL CAPITAL HUMANO
3745,6042500018,ESPECIALIDAD EN ADMINISTRACIÓN DE ORGANIZACIONES DE LA SALUD
3746,6041100030,ESPECIALIDAD EN DESARROLLO DE EMPRENDEDORES Y NEGOCIOS
3747,7042100198,MAESTRÍA EN GESTIÓN Y ADMINISTRACIÓN DE PROYECTOS
3748,7073100061,MAESTRÍA EN ILUMINACIÓN ARQUITECTÓNICA
3749,6031400004,ESPECIALIDAD EN INGENIERÍA ECONÓMICA Y FINANCIERA
3750,7033100144,MAESTRÍA EN JUSTICIA PENAL
3751,6033100073,ESPECIALIDAD EN JUSTICIA PENAL
3752,7061300028,"MAESTRÍA EN CIENCIAS, ÁREA CIBERTRÓNICA"
3753,6062200003,ESPECIALIDAD EN TECNOLOGÍAS DE INFORMACIÓN EN LA DIRECCIÓN DE NEGOCIOS
3754,6042100055,ESPECIALIDAD EN GESTIÓN ESTRATÉGICA DEL CAPITAL HUMANO
3755,8051300022,DOCTORADO EN CIENCIAS CON ORIENTACIÓN EN MANEJO DE RECURSOS NATURALES
3756,6031100044,ESPECIALIDAD EN NEUROTERAPIA Y ESTIMULACIÓN TEMPRANA
3757,6031100045,ESPECIALIDAD EN PSICOTERAPIA INTEGRATIVA
3758,6042100056,ESPECIALIDAD EN LOGÍSTICA Y CADENA DE SUMINISTRO
3759,8033100024,DOCTORADO EN MÉTODOS ALTERNOS PARA LA SOLUCIÓN DE CONTROVERSIAS
3760,6041200037,ESPECIALIDAD EN MERCADOTECNIA POLÍTICA Y GESTIÓN DE MEDIOS
3761,7031200072,MAESTRÍA EN GESTIÓN DEL DESARROLLO
3762,6042100057,ESPECIALIDAD EN CAPITAL HUMANO
3763,7081000001,MAESTRÍA EN CIENCIAS CON OPCIÓN: AGRONÓMICAS Y VETERINARIAS
3764,6011400005,ESPECIALIDAD EN TECNOLOGÍAS DE LA INFORMACIÓN PARA EL APRENDIZAJE
3765,6012500002,ESPECIALIDAD EN APRENDIZAJE Y ENSEÑANZA DE LAS CIENCIAS BÁSICAS
3766,6042100058,ESPECIALIDAD EN LIDERAZGO Y GESTIÓN INSTITUCIONAL
3767,7093100006,"MAESTRÍA EN CIENCIAS ODONTOLÓGICAS, CON ÁREA PROFESIONALIZANTE EN PRÓTESIS BUCAL"
3768,7042000016,MAESTRÍA EN INNOVACIÓN ADMINISTRATIVA
3769,7033100003,MAESTRÍA EN DERECHOS HUMANOS Y GARANTÍAS
3770,7061300017,MAESTRÍA EN CIENCIA DE DATOS
3771,7041200001,MAESTRÍA EN OPINIÓN PÚBLICA Y MARKETING POLÍTICO
3772,8031300016,DOCTORADO EN CIENCIAS DE GOBIERNO Y POLÍTICA
3773,6042100059,ESPECIALIDAD EN COMPETITIVIDAD INDUSTRIAL
3774,7042400030,MAESTRÍA EN GERENCIA DE PROYECTOS DE CONSTRUCCIÓN
3775,7042100199,MAESTRÍA EN ADMINISTRACIÓN DE EMPRESAS (MASTER IN BUSINESS ADMINISTRATION)
3776,6041200026,ESPECIALIDAD EN MARKETING INTERNACIONAL
3777,6041200027,ESPECIALIDAD EN ESTRATEGIA INTERNACIONAL
3778,6041100031,ESPECIALIDAD EN ESTRATEGIA GLOBAL
3779,6033100074,ESPECIALIDAD EN GESTIÓN LEGAL DE LA EMPRESA
3780,6041400019,ESPECIALIDAD EN ESTRATEGIA FISCAL
3781,6033100075,ESPECIALIDAD EN DERECHO DE LOS NEGOCIOS INTERNACIONALES
3782,6041100032,ESPECIALIDAD EN COMERCIO ELECTRÓNICO (E-BUSSINESS)
3783,6042100060,ESPECIALIDAD EN GESTIÓN DE LA INNOVACIÓN
3784,6101100002,ESPECIALIDAD EN ACTIVIDAD FÍSICA Y DEPORTE
3785,6041400020,ESPECIALIDAD EN CONSULTORÍA FISCAL
3786,6072000007,ESPECIALIDAD EN PRODUCCIÓN Y LOGÍSTICA
3787,6041200028,ESPECIALIDAD EN MARCA Y MINORISTA (BRANADING/AND/RETAIL)
3788,6041300014,ESPECIALIDAD EN GESTIÓN EN INSTITUCIONES FINANCIERAS
3789,6041300015,ESPECIALIDAD EN GESTIÓN FINANCIERA EMPRESARIAL
3790,6011200012,ESPECIALIDAD EN LIDERAZGO ACADÉMICO
3791,7051200021,MAESTRÍA EN CIENCIAS FARMACOBIOLÓGICAS
3792,8071400008,DOCTORADO EN CIENCIAS EN BIOPROCESOS
3793,6092202004,ESPECIALIDAD EN ENFERMERÍA CLÍNICA AVANZADA
3794,7031400026,MAESTRÍA EN ECONOMÍA MATEMÁTICA
3795,6042100061,ESPECIALIDAD EN GESTIÓN Y ADMINISTRACIÓN DE PROYECTOS
3796,7041200005,MAESTRÍA EN COMUNICACIÓN INTEGRAL DE LA MERCADOTECNIA
3797,6031200010,ESPECIALIDAD EN ANTROPOLOGÍA
3798,7041200016,MAESTRÍA EN MERCADOTECNIA Y DIRECCIÓN DE MARCAS
3799,7041200006,MAESTRÍA EN RELACIONES PÚBLICAS Y GESTIÓN DE EVENTOS
3800,7101500003,MAESTRÍA EN ADMINISTRACIÓN DE EVENTOS Y DIRECCIÓN DE OPERACIONES DE ALIMENTOS Y BEBIDAS
3801,8051200018,DOCTORADO EN CIENCIAS FARMACOBIOLÓGICAS
3802,7042100200,MAESTRÍA EN ADMINISTRACIÓN Y RECURSOS HUMANOS
3803,7071500020,MAESTRÍA EN CIENCIAS DE LA INGENIERÍA AUTOMOTRIZ
3804,7071100021,MAESTRÍA EN CIENCIAS DE LA INGENIERÍA MECÁNICA CON ORIENTACIÓN EN MATERIALES
3805,7042100201,MAESTRÍA EN DESARROLLO ORGANIZACIONAL Y CAMBIO
3806,7042500033,MAESTRÍA EN DIRECCIÓN DE INSTITUCIONES EDUCATIVAS
3807,7021500019,MAESTRÍA EN DISEÑO GRÁFICO CON ORIENTACIÓN EN DIRECCIÓN CREATIVA
3808,7012604043,MAESTRÍA EN ENSEÑANZA DE LAS CIENCIAS CON ACENTUACIÓN EN FÍSICA
3809,7012604044,MAESTRÍA EN ENSEÑANZA DE LAS CIENCIAS CON ACENTUACIÓN EN FORMACIÓN CÍVICA Y ÉTICA
3810,7101600006,MAESTRÍA EN CIENCIAS PARA EL DESARROLLO SUSTENTABILIDAD Y TURISMO
3811,7051300043,MAESTRÍA EN CIENCIAS EN RESTAURACIÓN ECOLÓGICA
3812,7012604045,MAESTRÍA EN ENSEÑANZA DE LAS CIENCIAS CON ACENTUACIÓN EN HISTORIA
3813,7042100001,MAESTRÍA EN GESTIÓN DEL TALENTO HUMANO
3814,7011200085,MAESTRÍA EN GESTIÓN DOCENTE
3815,7031500015,MAESTRÍA EN MEDIACIÓN Y SOLUCIÓN COLABORATIVA DE CONFLICTOS
3816,7042100202,"MAESTRÍA EN ADMINISTRACIÓN CON ORIENTACIÓN EN: FINANZAS, DIRECCIÓN EMPRESARIAL, DESARROLLO DEL CAPITAL HUMANO"
3817,7021600020,"MAESTRÍA EN CIENCIAS Y TECNOLOGÍA CERÁMICA CON ORIENTACIÓN EN: CEMENTO, CERÁMICA FUNCIONAL, REFRACTA"
3818,6011400006,ESPECIALIDAD EN AMBIENTES DE APRENDIZAJE A DISTANCIA
3819,7012604046,MAESTRÍA EN EDUCACIÓN EN EL ÁREA DE ESPAÑOL Y LITERATURA
3820,7012604047,MAESTRÍA EN EDUCACIÓN EN EL ÁREA DE MATEMÁTICAS
3821,7012604048,MAESTRÍA EN EDUCACIÓN EN EL ÁREA DE CIENCIAS SOCIALES
3822,7012604049,MAESTRÍA EN EDUCACIÓN EN EL ÁREA DE CIENCIAS NATURALES
3823,7012602003,MAESTRÍA EN EDUCACIÓN EN EL ÁREA DE ARTES
3824,7012601006,MAESTRÍA EN EDUCACIÓN EN EL ÁREA DE EDUCACIÓN FÍSICA
3825,7012604050,MAESTRÍA EN EDUCACIÓN EN EL ÁREA DE INGLÉS
3826,7071500021,"MAESTRÍA EN INGENIERÍA AEROESPACIAL CON ORIENTACIÓN EN: MATERIALES AEROESPACIALES, ESTRUCTURAS AEROE"
3827,7071500003,"MAESTRÍA EN INGENIERÍA INDUSTRIAL CON ORIENTACIÓN EN: PRODUCTIVIDAD, SISTEMAS DE MANUFACTURA Y OPTIMIZACIÓN DE SERVICIOS"
3828,7042100203,MAESTRÍA EN CONSULTORÍA
3829,6042200010,ESPECIALIDAD EN ADMINISTRACIÓN DE RESTAURANTES
3830,6072100006,ESPECIALIDAD EN OPERACIÓN Y CALIDAD DE LA INDUSTRIA DE LOS ALIMENTOS
3831,7101600007,MAESTRÍA EN INDUSTRIA DE LA HOSPITALIDAD
3832,7071600016,MAESTRÍA EN GESTIÓN DE ÁREAS PROTEGIDAS Y DESARROLLO ECORREGIONAL
3833,7042100204,MAESTRÍA EN ADMINISTRACIÓN DE EMPRESAS SUSTENTABLES
3834,6092207004,ESPECIALIDAD EN INSTRUMENTACIÓN QUIRÚRGICA
3835,7042300044,MAESTRÍA EN ACCIÓN PÚBLICA Y DESARROLLO SOCIAL
3836,8042300005,DOCTORADO EN GOBIERNO Y GESTIÓN PÚBLICA
3837,7041200074,MAESTRÍA EN RELACIONES PÚBLICAS Y PUBLICIDAD
3838,7011400017,MAESTRÍA EN EDUCACIÓN Y TECNOLOGÍA EDUCATIVA
3839,6041200029,ESPECIALIDAD EN MARKETING
3840,7094100001,MAESTRÍA EN FISIOTERAPIA DEPORTIVA
3841,7051300044,MAESTRÍA EN EDUCACIÓN Y COMUNICACIÓN AMBIENTAL
3842,6091304012,ESPECIALIDAD Y RESIDENCIA EN CARDIOLOGÍA INTERVENCIONISTA
3843,6091334003,ESPECIALIDAD Y RESIDENCIA EN NEUROLOGÍA
3844,6091307003,ESPECIALIDAD Y RESIDENCIA EN NEUROCIRUGÍA
3845,6091332004,ESPECIALIDAD Y RESIDENCIA EN NEUMOLOGÍA
3846,6091331002,ESPECIALIDAD Y RESIDENCIA EN NEFROLOGÍA
3847,6091331003,ESPECIALIDAD EN NEFROLOGÍA
3848,6091331004,ESPECIALIDAD EN NEFROLOGÍA PEDIÁTRICA
3849,8011200015,DOCTORADO EN CALIDAD Y PROCESOS DE INNOVACIÓN EDUCATIVA
3850,8031100021,DOCTORADO EN EDUCACIÓN DEL DESARROLLO DE HABILIDADES EMOCIONALES
3851,7042000017,MAESTRÍA EN ADMINISTRACIÓN (MBA)
3852,7011500008,MAESTRÍA EN EDUCACIÓN POR COMPETENCIAS
3853,7051300045,MAESTRÍA EN LIDERAZGO Y GERENCIA AMBIENTAL
3854,7072400013,MAESTRÍA EN GESTIÓN DE LA INDUSTRIA PETROLERA
3855,7031100131,MAESTRÍA EN PSICOTERAPIA COGNITIVA
3856,7041400039,MAESTRÍA EN CONTADURÍA Y ESTRATEGIAS CORPORATIVAS CON ACENTUACIÓN EN CONTABILIDAD Y AUDITORÍA
3857,7031100132,MAESTRÍA EN INTEGRACIÓN EN TERAPIA FAMILIAR
3858,7021200003,MAESTRÍA EN DIRECCIÓN ESCÉNICA
3859,7011200053,MAESTRÍA EN INVESTIGACIÓN E INNOVACIONES EDUCATIVAS
3860,7011500009,MAESTRÍA EN EDUCACIÓN ENFOQUE COMPETENCIAS
3861,8011200016,DOCTORADO EN INNOVACIÓN Y GESTIÓN EDUCATIVA
3862,6012000003,ESPECIALIDAD EN COMPETENCIAS TRANSVERSALES PARA LA DOCENCIA
3863,8052300010,DOCTORADO EN CIENCIAS EN OCEANOGRAFÍA COSTERA
3864,7011300024,MAESTRÍA EN PSICOPEDAGOGÍA INFANTIL Y DE LA ADOLESCENCIA
3865,7012100005,MAESTRÍA EN EDUCACIÓN PREESCOLAR CAMPO DESARROLLO DOCENTE
3866,7071500022,"MAESTRÍA EN INGENIERÍA CON ÁREAS EN ESTRUCTURAS, MECÁNICA Y TRANSPORTE"
3867,7031500035,MAESTRÍA EN PREVENCIÓN INTEGRAL DEL CONSUMO DE DROGAS
3868,7031100133,MAESTRÍA EN PSICOTERAPIA DINÁMICA INFANTIL Y ADOLESCENTE
3869,7031100134,MAESTRÍA EN DESARROLLO Y PSICOTERAPIA INFANTIL
3870,8051100015,DOCTORADO EN CIENCIAS EN DESARROLLO DE PRODUCTOS BIÓTICOS
3871,6091336010,ESPECIALIDAD EN RADIOONCOLOGÍA
3872,8042000008,DOCTORADO EN CIENCIAS ADMINISTRATIVAS Y GESTIÓN PARA EL DESARROLLO
3873,8081100025,DOCTORADO EN CIENCIAS EN PRODUCCIÓN AGROPECUARIA
3874,8051200023,DOCTORADO EN CIENCIAS NATURALES E INGENIERÍA
3875,8041200002,DOCTORADO EN DIRECCIÓN DE MERCADOTECNIA
3876,8033100025,DOCTORADO EN DERECHO CONSTITUCIONAL
3877,8033100026,DOCTORADO EN DERECHO FAMILIAR
3878,8033100027,DOCTORADO EN DERECHO CIVIL
3879,8071500001,"DOCTORADO EN INGENIERÍA CON ÁREAS EN ESTRUCTURAS, MECÁNICA Y TRANSPORTE"
3880,8031200027,DOCTORADO EN ESTUDIOS SOCIOCULTURALES
3881,8091334001,DOCTORADO EN INVESTIGACIONES CEREBRALES
3882,8031100022,DOCTORADO EN NEUROCIENCIAS Y PSICOANÁLISIS
3883,6012300002,ESPECIALIDAD EN EDUCACIÓN SECUNDARIA CON ESPECIALIDAD EN HISTORIA
3884,6041100033,ESPECIALIDAD EN ESPECIALIDAD EN VALUACIÓN INMOBILIARIA E INDUSTRIAL
3885,6011100021,ESPECIALIDAD EN ASESOR PEDAGÓGICO
3886,7071200021,MAESTRÍA EN INGENIERÍA DEL AGUA Y LA ENERGÍA
3887,8071200008,DOCTORADO EN AGUA Y ENERGÍA
3888,7071200022,MAESTRÍA EN CIENCIAS EN INGENIERÍA DEL AGUA Y ENERGÍA
3889,7022200011,MAESTRÍA EN ESTUDIOS DE LAS LENGUAS Y CULTURAS INGLESAS
3890,8042500005,DOCTORADO EN GESTIÓN DE LA EDUCACIÓN SUPERIOR
3891,8042200005,DOCTORADO EN CIENCIAS PARA EL DESARROLLO
3892,7012601010,MAESTRÍA EN CIENCIAS DE LA EDUCACIÓN FÍSICA Y DEL DEPORTE
3893,7042500034,MAESTRÍA EN GESTIÓN DE LA CALIDAD Y SEGURIDAD EN LOS SERVICIOS DE SALUD
3894,7095600046,MAESTRÍA EN CIENCIAS SOCIO MÉDICAS
3895,7042400035,MAESTRÍA EN GESTIÓN DE LA INNOVACIÓN TECNOLÓGICA
3896,7042400031,MAESTRÍA EN INGENIERÍA CON ESPECIALIZACIÓN EN ADMINISTRACIÓN DE LA CONSTRUCCIÓN
3897,7094200013,MAESTRÍA EN NUTRIOLOGÍA APLICADA
3898,6041200030,"ESPECIALIDAD EN ESTUDIOS DE OPINIÓN, IMAGEN Y MERCADO"
3899,8052100017,DOCTORADO EN CIENCIAS (ÓPTICA)
3900,8073200003,DOCTORADO EN INGENIERÍA CIVIL CON ESPECIALIDAD EN SISTEMA DE PLANEACIÓN Y CONSTRUCCIÓN DE OBRA
3901,7052100022,MAESTRÍA EN CIENCIAS (ÓPTICA)
3902,7061300029,MAESTRÍA EN SISTEMAS INTERACTIVOS CENTRADOS EN EL USUARIO
3903,7022600001,MAESTRÍA EN FILOSOFÍA Y LETRAS
3904,7042000018,MAESTRÍA EN INNOVACIÓN Y DISEÑO ESTRATÉGICO
3905,7081100059,MAESTRÍA EN CIENCIAS EN PRODUCCIÓN AGROPECUARIA
3906,7073100011,MAESTRÍA EN ESTUDIOS DE LA CIUDAD
3907,7051300004,MAESTRÍA EN ECONOMÍA AMBIENTAL Y ECOLÓGICA
3908,7051300046,MAESTRÍA EN GESTIÓN AMBIENTAL PARA LA SUSTENTABILIDAD
3909,7095600047,MAESTRÍA EN EPIDEMIOLOGÍA
3910,7051300047,MAESTRÍA EN CIENCIAS EN ECOLOGÍA FORESTAL
3911,7073100062,MAESTRÍA EN DISEÑO DE LA ARQUITECTURA SUSTENTABLE
3912,6033100076,"ESPECIALIDAD EN DERECHO AMPARO, PENAL O PROCESAL"
3913,7011200086,MAESTRÍA EN GESTIÓN DEL APRENDIZAJE
3914,7061100013,MAESTRÍA EN CIENCIAS DE LA COMPUTACIÓN ÁREA BASES DE DATOS
3915,7031100135,MAESTRÍA EN INTELIGENCIA EMOCIONAL
3916,6012602003,ESPECIALIDAD EN EDUCACIÓN A TRAVÉS DEL ARTE
3917,6031100046,ESPECIALIDAD EN DESARROLLO CREATIVO E INTELIGENCIA EMOCIONAL
3918,7011100031,MAESTRÍA EN ESTRATEGIAS REEDUCACIONALES
3919,7031500001,MAESTRÍA EN ORGANIZACIÓN FAMILIAR SISTÉMICA
3920,7042100009,MAESTRÍA EN DESARROLLO HUMANO ORGANIZACIONAL
3921,6031300010,ESPECIALIDAD EN POLÍTICA Y SEGURIDAD INTERNACIONAL
3922,7095600003,MAESTRÍA EN CUERPO Y SALUD
3923,7033100145,MAESTRÍA EN DERECHO PARLAMENTARIO
3924,7042200002,MAESTRÍA EN DIRECCIÓN DE EMPRESAS DE ENTRETENIMIENTO
3925,7042300045,MAESTRÍA EN DIRECCIÓN Y GESTIÓN PÚBLICA LOCAL
3926,7071600017,MAESTRÍA EN ECODISEÑO
3927,7092207002,"MAESTRÍA EN ENFERMERÍA (PERINATAL, QUIRÚRGICA, TERAPIA INTENSIVA Y ONCOLÓGICA)"
3928,7092206001,MAESTRÍA EN ENFERMERÍA PERINATAL
3929,7073100012,MAESTRÍA EN ESTUDIOS SUSTENTABLES REGIONALES Y METROPOLITANOS
3930,7041300035,"MAESTRÍA EN FINANZAS (FISCAL, FINANZAS CORPORATIVA, CONTABILIDAD DE GESTIÓN, AUDITORÍA)"
3931,7042500035,MAESTRÍA EN GESTIÓN INSTITUCIONAL
3932,6031300011,ESPECIALIDAD EN COOPERACIÓN INTERNACIONAL PARA EL DESARROLLO SUSTENTABLE IBEROAMERICANO
3933,6021500012,ESPECIALIDAD EN DISEÑO GRAFICO INTERACTIVO
3934,6012500010,ESPECIALIDAD EN DOCENCIA PARA LA EDUCACIÓN MEDIA SUPERIOR Y SUPERIOR
3935,7033100146,MAESTRÍA EN DERECHO PENAL Y PROCEDIMIENTOS ORALES
3936,7033100147,MAESTRÍA EN DERECHO PROCESAL CONSTITUCIONAL Y DE LA CONVENCIONALIDAD
3937,7041200017,MAESTRÍA EN COMERCIALIZACIÓN ESTRATÉGICA
3938,7051100017,MAESTRÍA EN CIENCIAS EN DESARROLLO DE PRODUCTOS BIÓTICOS
3939,7081100060,MAESTRÍA EN CIENCIAS EN MANEJO AGROECOLÓGICO DE PLAGAS Y ENFERMEDADES
3940,6091345003,ESPECIALIDAD EN BIENESTAR Y SALUD CORPORATIVO
3941,7012604051,MAESTRÍA EN ENSEÑANZA DE LA CIENCIA
3942,7033100148,MAESTRÍA EN GARANTÍAS Y AMPARO
3943,7033100149,"MAESTRÍA EN DERECHO CON ÁREAS TERMINALES EN: JUSTICIA CONSTITUCIONAL, DERECHOS HUMANOS Y DERECHO AMB"
3944,7031200057,MAESTRÍA PROFESIONAL EN GESTIÓN DEL DESARROLLO RURAL
3945,7022200012,MAESTRÍA EN TRADUCCIÓN E INTERPRETACIÓN
3946,7033100150,MAESTRÍA EN CONTRATOS CORPORATIVOS
3947,7094100005,MAESTRÍA EN FISIOTERAPIA Y KINESIOLOGÍA DEPORTIVA
3948,6091345004,ESPECIALIDAD EN MÉTODOS DE INVESTIGACIÓN EN CIENCIAS DE LA SALUD
3949,6051200001,ESPECIALIDAD EN CIENCIAS NATURALES E INGENIERÍA
3950,8073100003,DOCTORADO EN CONSERVACIÓN DEL PATRIMONIO PAISAJÍSTICO
3951,7051200025,MAESTRÍA EN CIENCIAS NATURALES E INGENIERÍA
3952,7021500025,"MAESTRÍA EN DISEÑO, INFORMACIÓN Y COMUNICACIÓN"
3953,7022300024,MAESTRÍA EN LITERATURA MEXICANA CONTEMPORÁNEA
3954,7072000001,MAESTRÍA EN OPTIMIZACIÓN
3955,7011400031,MAESTRÍA EN DOCENCIA CIENTÍFICA Y TECNOLÓGICA
3956,6012300003,ESPECIALIDAD EN EDUCACIÓN SECUNDARIA CON ESPECIALIDAD EN INGLÉS
3957,6012300004,ESPECIALIDAD EN LICENCIATURA EN EDUCACIÓN SECUNDARIA CON ESPECIALIDAD EN ESPAÑOL
3958,6032100010,ESPECIALIDAD EN COMUNICACIÓN Y MERCADOTECNIA POLÍTICA
3959,8072100002,DOCTORADO EN CIENCIAS BIOLÓGICAS OPCIÓN BIOTECNOLOGÍA ALIMENTARIA
3960,8081100003,"DOCTORADO EN CIENCIAS BIOLÓGICAS OPCIÓN CIENCIAS AGROPECUARIAS, FORESTALES Y AMBIENTALES"
3961,8042100021,DOCTORADO EN ADMINISTRACIÓN Y ESTUDIOS ORGANIZACIONALES
3962,7073200025,MAESTRÍA EN INGENIERÍA DE ESTRUCTURAS
3963,7073100063,MAESTRÍA EN ARQUITECTURA SOSTENIBLE Y GESTIÓN URBANA
3964,6073100014,ESPECIALIDAD EN TECNOLOGÍA DIGITAL PARA DISEÑO Y CONSTRUCCIÓN
3965,7062200027,MAESTRÍA EN INGENIERÍA: INGENIERÍA EN SISTEMAS Y TECNOLOGÍA
3966,7052200012,MAESTRÍA EN NANOTECNOLOGÍA
3967,7073100064,MAESTRÍA EN HABITABILIDAD DEL ESPACIO INTERIOR
3968,7012702005,MAESTRÍA EN DIFICULTADES EN EL APRENDIZAJE
3969,7081100061,MAESTRÍA EN PRODUCCIÓN AGROPECUARIA OPCIÓN AGRÍCOLA
3970,7081400002,MAESTRÍA EN PRODUCCIÓN AGROPECUARIA OPCIÓN ACUÍCOLA
3971,7081100062,MAESTRÍA EN PRODUCCIÓN AGROPECUARIA OPCIÓN AGRONEGOCIOS
3972,7031100136,MAESTRÍA EN PSICOLOGÍA DE LA EDUCACIÓN PERSPECTIVA PSICOANALÍTICA
3973,7071300007,MAESTRÍA EN DISEÑO E INGENIERÍA DE SISTEMAS MECATRÓNICOS
3974,7031100137,MAESTRÍA EN PSICOLOGÍA DE LA EDUCACIÓN PERSPECTIVA PSICOGENÉTICA
3975,6062100002,ESPECIALIDAD EN REDES Y SEGURIDAD DE LA INFORMACIÓN
3976,7062100006,MAESTRÍA EN REDES Y SEGURIDAD DE LA INFORMACIÓN
3977,7061300030,MAESTRÍA EN TECNOLOGÍAS WEB Y DISPOSITIVOS MÓVILES
3978,7101600008,MAESTRÍA EN RECREACIÓN Y TIEMPO LIBRE
3979,7011200054,MAESTRÍA EN PRÁCTICAS EDUCATIVAS INNOVADORAS
3980,7012604052,MAESTRÍA EN EDUCACIÓN EN CIENCIAS NATURALES
3981,7011200055,MAESTRÍA EN INNOVACIÓN Y CREATIVIDAD EN LA EDUCACIÓN
3982,7062200002,"MAESTRÍA EN ALTA DIRECCIÓN EN SISTEMAS DE INFORMACIÓN (ADMINISTRACIÓN DE PROYECTOS, COMERCIO Y GOBIERNO ELECTRÓNICO"
3983,7095600049,MAESTRÍA EN HUMANIDADES EN SALUD
3984,7095000004,MAESTRÍA EN INVESTIGACIÓN CLÍNICA EXPERIMENTAL EN SALUD
3985,7021500020,MAESTRÍA EN DISEÑO Y COMUNICACIÓN VISUAL
3986,7012602004,MAESTRÍA EN DOCENCIA EN ARTES Y DISEÑO
3987,8095600008,DOCTORADO EN CIENCIAS SOCIOMÉDICAS
3988,8095600012,DOCTORADO EN HUMANIDADES EN SALUD
3989,8091345008,DOCTORADO EN INVESTIGACIÓN CLÍNICA EXPERIMENTAL EN SALUD
3990,7021400027,MAESTRÍA EN PRODUCCIÓN ARTÍSTICA Y MARKETING CULTURAL
3991,7021100012,MAESTRÍA EN ESTUDIOS SOBRE EL ARTE
3992,7033100151,MAESTRÍA EN DERECHO CONSTITUCIONAL PENAL
3993,7041200075,MAESTRÍA EN MERCADOTECNIA DE PRODUCTOS Y SERVICIOS
3994,6101300002,ESPECIALIDAD EN ELECTROAPARATOLOGÍA COSMETOESTÉTICA
3995,7031100138,MAESTRÍA EN EDUCACIÓN DEL DESARROLLO DE HABILIDADES EMOCIONALES
3996,7042100205,"MAESTRÍA EN PROCESOS DE CAPACITACIÓN Y CERTIFICACIÓN (MCC) CON ACENTUACIÓN EN: DISEÑO DE SISTEMAS DE CAPACITACIÓN, EVALUACIÓN DE SISTEMAS Y PROGRAMAS DE CAPACITACIÓN, GESTIÓN DE PROCESOS DE CAPACITACIÓN, FACILITADOR DE PROGRAMAS DE CAPACITACIÓN"
3997,7033100152,"MAESTRÍA EN DERECHO PROCESAL, CONSTITUCIONAL Y ELECTORAL"
3998,8061100009,DOCTORADO INTERINSTITUCIONAL EN  CIENCIAS EN COMPUTACIÓN
3999,7012701001,MAESTRÍA EN EDUCACIÓN INFANTIL CON ESPECIALIDAD EN PEDAGOGÍA INFANTIL
4000,7011300030,MAESTRÍA EN EDUCACIÓN INFANTIL CON ESPECIALIDAD EN PSICOPEDAGOGÍA INFANTIL
4001,7012701002,MAESTRÍA EN EDUCACIÓN INFANTIL CON ESPECIALIDAD EN ADMINISTRACIÓN Y GESTIÓN INFANTIL
4002,7072100015,MAESTRÍA EN  CIENCIAS AGROALIMENTARIAS
4003,7021100017,MAESTRÍA EN ARTES Y CULTURA ARTÍSTICA
4004,7031100139,MAESTRÍA EN PSICOTERAPIA DE PAREJAS Y FAMILIAS
4005,7042200019,MAESTRÍA EN PLANEACIÓN Y GESTIÓN DE DESARROLLO TURÍSTICA
4006,7012601011,"MAESTRÍA EN RECREACIÓN, DEPORTE Y EDUCACIÓN FÍSICA"
4007,6031500017,ESPECIALIDAD EN EL EJERCICIO DE LA CONSULTORÍA FAMILIAR
4008,7022600017,MAESTRÍA EN ÉTICA
4009,8033100028,DOCTORADO EN DERECHO PROCESAL CONSTITUCIONAL
4010,7073100003,MAESTRÍA EN RESTAURACIÓN DE CENTROS HISTÓRICOS Y URBANOS
4011,7041300036,MAESTRÍA EN GESTIÓN FINANCIERA Y RENTABILIDAD EMPRESARIAL
4012,7042100206,MAESTRÍA EN ADMINISTRACIÓN DE ORGANIZACIONES INTELIGENTES
4013,7073200026,MAESTRÍA EN CONSTRUCCIÓN Y COSTOS DE EDIFICACIÓN
4014,7031100140,MAESTRÍA EN PSICOLOGÍA PARA LA ATENCIÓN DE GRUPOS VULNERABLES EJE TERMINAL PERSONAS CON DISCAPACIDAD
4015,7033200012,MAESTRÍA EN CRIMINALÍSTICA E INVESTIGACIÓN DELICTIVA
4016,6012000004,ESPECIALIDAD EN FORMACIÓN DE VALORES
4017,6033100077,ESPECIALIDAD EN JUICIOS ORALES
4018,6012000005,ESPECIALIDAD EN COMPETENCIAS DIDÁCTICAS
4019,8033200004,DOCTORADO EN CIENCIAS CRIMINOLÓGICAS Y CIENCIAS FORENSES
4020,8033100029,DOCTORADO EN DERECHO DEL TRABAJO
4021,7094300001,MAESTRÍA EN FITOTERAPIA Y FITOMEDICINA
4022,7012000003,MAESTRÍA EN EDUCACIÓN Y DOCENCIA
4023,7033100153,MAESTRÍA EN SISTEMA ACUSATORIO ADVERSARIAL
4024,7031100141,MAESTRÍA EN PSICOLOGÍA TRANSPERSONAL
4025,7042100028,MAESTRÍA EN INNOVACIÓN ORGANIZACIONAL
4026,8042500011,DOCTORADO EN ADMINISTRACIÓN Y LIDERAZGO EDUCATIVO
4027,7041400040,MAESTRÍA EN CONTABILIDAD GUBERNAMENTAL
4028,7051300048,MAESTRÍA EN MEDIO AMBIENTE
4029,6012000006,ESPECIALIDAD EN ENSEÑANZA POR COMPETENCIAS
4030,7012000004,MAESTRÍA EN ENSEÑANZA POR COMPETENCIAS
4031,7051100022,MAESTRÍA EN CIENCIAS EN PROCESOS BIOLÓGICOS
4032,7071200023,MAESTRÍA EN INGENIERÍA ELÉCTRICA E INFORMÁTICA
4033,6061300006,ESPECIALIDAD EN TECNOLOGÍAS COMPUTACIONALES
4034,6011200013,ESPECIALIDAD EN INNOVACIÓN Y LIDERAZGO EDUCATIVO
4035,6041300016,ESPECIALIDAD EN FINANZAS PARA LA MICROEMPRESA
4036,6051300007,ESPECIALIZACIÓN EN GESTIÓN E IMPACTO AMBIENTAL
4037,7101300001,MAESTRÍA EN HIDROLIPOESCULTURA
4038,7031100142,MAESTRÍA EN TERAPIA COGNITIVO CONDUCTUAL
4039,6104100001,PROGRAMA DE FORMACIÓN ESPECIALIZADA EN GESTIÓN INTEGRAL DE RIESGOS DE DESASTRE
4040,7031200058,MAESTRÍA EN PLANEACIÓN Y DESARROLLO REGIONAL
4041,7041100043,MAESTRÍA EN COMERCIO Y LOGÍSTICA INTERNACIONAL
4042,7042300046,MAESTRÍA EN ADMINISTRACIÓN PÚBLICA ÁREA DE ÉNFASIS EN AUDITORÍA GUBERNAMENTAL
4043,6011200014,PLANEACIÓN Y ESTRATEGIAS DE ENSEÑANZA CON NIVEL DE ESPECIALIDAD
4044,8071000010,DOCTORADO EN INGENIERÍA APLICADA
4045,7071300042,MAESTRÍA EN INGENIERÍA INTELIGENTE
4046,6041100034,ESPECIALIDAD EN CLASIFICACIÓN ARANCELARIA
4047,7042100029,MAESTRÍA EN PLANEACIÓN Y GERENCIA SOCIAL
4048,7011000011,MAESTRÍA EN EDUCACIÓN INTERCULTURAL
4049,8011500005,DOCTORADO EN EDUCACIÓN E INTERCULTURALIDAD
4050,8033200005,DOCTORADO EN CIENCIAS FORENSES
4051,7081100007,MAESTRÍA EN CIENCIAS EN BIOTECNOLOGÍA AGROALIMENTARIA
4052,7042300047,MAESTRÍA EN ADMINISTRACIÓN Y GESTIÓN ELECTORAL
4053,7072000014,MAESTRÍA EN INGENIERÍA EN PROCESOS Y TECNOLOGÍAS DE MANUFACTURA
4054,7061300018,MAESTRÍA EN SISTEMAS COMPUTACIONALES Y TECNOLOGÍAS DE LA INFORMACIÓN
4055,8052300011,DOCTORADO EN GEOCIENCIAS APLICADAS
4056,8052200012,DOCTORADO EN NANOCIENICAS Y MATERIALES
4057,7052300020,MAESTRÍA EN GEOCIENCIAS APLICADAS
4058,7052200013,MAESTRÍA EN NANOCIENCIAS Y MATERIALES
4059,8051200019,DOCTORADO EN BIOLOGÍA MOLECULAR
4060,7073200027,MAESTRÍA EN TECNOLOGÍA Y GESTIÓN DEL AGUA
4061,6092202005,ESPECIALIZACIÓN EN ENFERMERÍA EN CUIDADOS INTENSIVOS DEL ADULTO EN ESTADO CRÍTICO
4062,7033100154,MAESTRÍA EN DERECHO DE LAS TECNOLOGÍAS  DE INFORMACIÓN Y COMUNICACIÓN
4063,8011100017,DOCTORADO EN EDUCACIÓN BÁSICA CON ENFOQUE EN ESTRATEGIAS DIDÁCTICAS
4064,7072100001,MAESTRÍA EN GERENCIA DE PROGRAMAS SANITARIOS EN INOCUIDAD DE ALIMENTOS
4065,8071000011,DOCTORADO EN DESARROLLO TECNOLÓGICO
4066,6041100035,ESPECIALIDAD EN MEJORA DE PROCESOS DE NEGOCIOS
4067,6061300007,ESPECIALIDAD EN COMPUTACIÓN GRÁFICA PARA VIDEOJUEGOS
4068,7073100065,MAESTRÍA EN CIUDAD Y ESPACIO PÚBLICO SUSTENTABLE
4069,7073100066,MAESTRÍA EN PROYECTOS Y EDIFICACIÓN SUSTENTABLE
4070,8031500002,DOCTORADO INTERNACIONAL EN BIENESTAR SOCIAL
4071,6062200007,ESPECIALIDAD DE INFORMÁTICA
4072,6053100001,ESPECIALIDAD DE ANÁLISIS DE OPERACIONES
4073,6071300011,ESPECIALIDAD DE INTELIGENCIA
4074,6104200002,ESPECIALIDAD DE MANDO NAVAL
4075,6104200003,ESPECIALIDAD DE SISTEMAS DE ARMAS
4076,6031300012,ESPECIALIDAD EN GEOPOLÍTICA
4077,6071500004,ESPECIALIDAD DE ELECTRÓNICA NAVAL
4078,7033100155,MAESTRÍA EN JUSTICIA CONSTITUCIONAL
4079,8052300013,DOCTORADO EN CIENCIA Y TECNOLOGÍA DEL AGUA
4080,6061300008,ESPECIALIDAD EN SISTEMAS EMBEBIDOS
4081,6033100078,"ESPECIALIDAD EN SISTEMA PENAL ACUSATORIO, JUICIOS ORALES"
4082,6033200008,ESPECIALIDAD EN CIENCIAS FORENSES
4083,6012702002,ESPECIALIDAD EN EDUCACIÓN A PERSONAS CON TRISOMÍA XXI (SÍNDROME DOWN)
4084,8073100004,DOCTORADO EN CIENCIAS EN CONSERVACIÓN DEL PATRIMONIO PAISAJÍSTICO
4085,6031100047,ESPECIALIDAD CLÍNICA DE LOS PADECIMIENTOS SUBJETIVOS
4086,7071500004,MAESTRÍA EN INGENIERÍA DE CALIDAD Y PRODUCTIVIDAD
4087,7042100012,MAESTRÍA EN DESARROLLO Y COMUNICACIÓN ORGANIZACIONAL
4088,6092202006,ESPECIALIDAD DE ENFERMERÍA EN CUIDADOS INTENSIVOS
4089,7081200009,MAESTRÍA EN CIENCIAS DE LA FLORICULTURA
4090,6033200009,ESPECIALIDAD EN PREVENCIÓN DEL DELITO
4091,6042300008,ESPECIALIDAD EN GESTIÓN DEL GASTO PÚBLICO
4092,7012000047,MAESTRÍA EN PROFESIONALIZACIÓN DE LA PRÁCTICA DOCENTE
4093,7073100067,MAESTRÍA EN ARQUITECTURA SUSTENTABLE
4094,7051300064,MAESTRÍA EN MANEJO DE ZONA COSTERA
4095,7053100016,MAESTRÍA EN CONTROL Y SISTEMAS DINÁMICOS
4096,6031100048,ESPECIALIDAD EN PRÁCTICA PSICOANALÍTICA: POSICIONAMIENTO ÉTICO ANTE EL DOLOR
4097,6041300017,ESPECIALIDAD EN FINANZAS BANCARIAS Y BURSÁTILES
4098,6032100011,ESPECIALIDAD EN COMUNICACIÓN CORPORATIVA Y RELACIONES PÚBLICAS
4099,6042200001,ESPECIALIDAD EN ADMINISTRACIÓN DE NEGOCIOS GASTRONÓMICOS
4100,7012000048,MAESTRÍA EN EDUCACIÓN CON ÉNFASIS EN FORMACIÓN DE DOCENTES
4101,8071300013,DOCTORADO EN ROBÓTICA
4102,7053100017,MAESTRÍA EN MODELACIÓN MATEMÁTICA
4103,7022500020,MAESTRÍA EN HISTORIA MODERNA DE MÉXICO
4104,7021400012,MAESTRÍA EN ARTE CINEMATOGRÁFICO
4105,7094100003,MAESTRÍA EN REHABILITACIÓN VISUAL
4106,7101600009,MAESTRÍA EN GESTIÓN DEL TURISMO REGIONAL SUSTENTABLE
4107,7042300009,MAESTRÍA EN POLÍTICA Y GESTIÓN DE LO PÚBLICO
4108,6091317008,ESPECIALIDAD Y RESIDENCIA EN HEMATOLOGÍA
4109,6091313002,ESPECIALIDAD EN MANEJO NUTRICIÓN DE LA OBESIDAD Y EL SÍNDROME METABÓLICO
4110,7042100207,MAESTRÍA EN ADMINISTRACIÓN CON TERMINAL EN ADMINISTRACIÓN DE NEGOCIOS
4111,7042300056,MAESTRÍA EN GESTIÓN DE SISTEMAS DE SEGURIDAD PÚBLICA
4112,7071200024,MAESTRÍA EN MATERIALES Y SISTEMAS ENERGÉTICOS RENOVABLES
4113,7042100208,MAESTRÍA EN ALTA DIRECCIÓN DE PERSONAL
4114,6033100079,ESPECIALIDAD EN SISTEMA PENAL ACUSATORIO
4115,6071300012,ESPECIALIDAD EN ELECTRÓNICA E INSTRUMENTACIÓN
4116,7021500021,MAESTRÍA EN DISEÑO DE MEDIOS DIGITALES
4117,7042100209,MAESTRÍA EN ADMINISTRACIÓN Y CONSULTORÍA EMPRESARIAL
4118,7041200018,MAESTRÍA EN ADMINISTRACIÓN DE NEGOCIOS CON ORIENTACIÓN EN MERCADOTECNIA
4119,7041300007,MAESTRÍA EN ADMINISTRACIÓN DE NEGOCIOS CON ORIENTACIÓN EN FINANZAS
4120,7033100156,MAESTRÍA EN DERECHO DE FAMILIA Y DE MENORES
4121,7033200013,MAESTRÍA PROFESIONAL EN CRIMINOLOGÍA CON ÉNFASIS EN SEGURIDAD HUMANA
4122,6095400003,ESPECIALIZACIÓN EN FARMACIA HOSPITALARIA Y CLÍNICA
4123,6033100080,ESPECIALIDAD EN SISTEMA DE JUSTICIA PENAL ACUSATORIA ADVERSARIAL
4124,8011500014,DOCTORADO EN EDUCACIÓN Y FORMACIÓN POR COMPETENCIA
4125,8031100023,DOCTORADO EN PSICOLOGÍA CON ÉNFASIS EN SALUD Y VIOLENCIA
4126,6031100049,ESPECIALIDAD EN PSICOTERAPIA DE NIÑOS
4127,7031100143,MAESTRÍA EN TERAPIA FAMILIAR Y ADICCIONES
4128,7052300021,"MAESTRÍA EN CIENCIAS DE LA TIERRA, GEOMÁTICA Y GESTIÓN DE RIESGOS"
4129,6031100050,ESPECIALIDAD EN TERAPIA DE PAREJA
4130,6091301008,ESPECIALIDAD EN MEDICINA PALIATIVA Y DEL DOLOR
4131,6091310005,ESPECIALIDAD EN DERMATOLOGÍA MÉDICO QUIRÚRGICA
4132,7102100006,"MAESTRÍA EN MOVILIDAD URBANA, TRANSPORTE Y TERRITORIO"
4133,8021000010,DOCTORADO EN ARTE Y CULTURA
4134,8102100001,"DOCTORADO EN MOVILIDAD URBANA, TRANSPORTE Y TERRITORIO"
4135,8011500007,DOCTORADO EN PROCESOS DE ENSEÑANZA APRENDIZAJE
4136,7033100157,MAESTRÍA EN RECURSOS HUMANOS Y DERECHO LABORAL
4137,8012000003,DOCTORADO EN DESARROLLO EDUCATIVO CON ÉNFASIS EN FORMACIÓN DE PROFESORES
4138,7071500005,MAESTRÍA EN GESTIÓN DE LA PRODUCTIVIDAD
4139,7042100051,MAESTRÍA EN ADMINISTRACIÓN EN NEGOCIOS
4140,7033200014,MAESTRÍA EN CIENCIAS FORENSES Y CRIMINOLOGÍA
4141,7042400032,MAESTRÍA EN GESTIÓN DE LA INDUSTRIA DEL PETRÓLEO Y GAS
4142,7032200008,MAESTRÍA EN BIBLIOTECOLOGÍA E INFORMACIÓN
4143,7031200001,MAESTRÍA EN ETNOGRAFÍA Y EDUCACIÓN INTERCULTURAL
4144,8042100001,DOCTORADO EN DIRECCIÓN E INNOVACIÓN DE INSTITUCIONES
4145,7061300019,MAESTRÍA EN DIRECCIÓN DE INGENIERÍA DE SOFTWARE
4146,7042100210,MAESTRÍA EN ALTA DIRECCIÓN E INTELIGENCIA ESTRATÉGICA
4147,7062100007,MAESTRÍA EN CIENCIAS COMPUTACIONALES Y TELECOMUNICACIONES
4148,6062200009,ESPECIALIZACIÓN EN TECNOLOGÍAS DE LA INFORMACIÓN
4149,7033200015,MAESTRÍA EN CRIMINOLOGÍA Y VICTIMOLOGÍA
4150,7081100063,MAESTRÍA EN MANEJO SOSTENIBLE DE AGROECOSISTEMAS
4151,7031200059,MAESTRÍA EN ANTROPOLOGÍA SOCIOCULTURAL
4152,7031000003,MAESTRÍA EN LIDERAZGO ESTRATÉGICO BASADO EN VALORES
4153,7031100002,MAESTRÍA EN NEUROCIENCIA APLICADA A LA PSICOLOGÍA EDUCATIVA Y ORGANIZACIONAL
4154,7031500036,MAESTRÍA EN PREVENCIÓN Y TRATAMIENTO MULTIDISCIPLINARIO DE LAS ADICCIONES
4155,6033100081,ESPECIALIDAD EN DERECHO CONSTITUCIONAL Y NUEVO JUICIO DE AMPARO
4156,6033200010,ESPECIALIDAD EN GRAFOSCOPÍA Y DOCUMENTOSCOPÍA
4157,8033100030,DOCTORADO EN MECANISMOS ALTERNATIVOS DE SOLUCIÓN DE CONTROVERSIAS
4158,8011200017,DOCTORADO EN CIENCIAS DE LA EDUCACIÓN Y POLÍTICAS EDUCATIVAS
4159,7051300065,MAESTRÍA EN CIENCIAS EN MANEJO DE ZONA COSTERA
4160,7081100005,MAESTRÍA EN INGENIERÍA EN AGROBIOTECNOLOGÍA
4161,8081400004,DOCTORADO EN CIENCIAS EN ACUACULTURA
4162,8052300012,DOCTORADO EN GEOGRAFÍA Y ORDENACIÓN TERRITORIAL
4163,7092206002,MAESTRÍA EN ENFERMERÍA CON ÉNFASIS EN ENFERMERÍA PEDIÁTRICA
4164,7041100044,"MAESTRÍA EN VALUACIÓN INMOBILIARIA, INDUSTRIAL Y DE BIENES NACIONALES"
4165,6041200004,ESPECIALIDAD EN ESTRATEGIAS COMERCIALES
4166,7051300049,MAESTRÍA EN CIENCIAS DEL HÁBITAT
4167,6033100082,ESPECIALIDAD PARA JUECES EN EL SISTEMA PROCESAL PENAL ACUSATORIO Y ORAL
4168,7031200060,MAESTRÍA EN ESTUDIOS MULTIDISCIPLINARIOS SOBRE EL TRABAJO
4169,7012500030,MAESTRÍA EN ENSEÑANZA DE ESTUDIOS LITERARIOS
4170,7022600018,MAESTRÍA EN FILOSOFÍA CONTEMPORÁNEA APLICADA
4171,7033200016,MAESTRÍA EN CIENCIAS FORENSES Y VICTIMOLOGÍA
4172,6091342003,ESPECIALIDAD EN ENDOSCOPÍA DIGESTIVA Y RESPIRATORIA PEDIÁTRICA
4173,6091336002,ESPECIALIDAD EN CIRUGÍA ONCOLÓGICA PEDIÁTRICA
4174,7033100158,MAESTRÍA EN DERECHO CONSTITUCIONAL Y PROCESAL CONSTITUCIONAL
4175,7051300050,MAESTRÍA EN CIENCIAS EN SISTEMAS DEL AMBIENTE
4176,7062200015,MAESTRÍA EN USO Y GESTIÓN DE LAS TECNOLOGÍAS DE LA INFORMACIÓN
4177,6041100036,ESPECIALIDAD EN ESTRATEGIAS DE NEGOCIO BASADAS EN TECNOLOGÍAS DE INFORMACIÓN
4178,7012500025,MAESTRÍA EN EDUCACIÓN EN EL CAMPO DE LA FORMACIÓN DOCENTE DE NIVEL SUPERIOR
4179,6033100083,ESPECIALIDAD EN AMPARO Y PROCESO CONSTITUCIONAL
4180,7012702008,"MAESTRÍA EN EDUCACIÓN ESPECIAL CON ENFOQUE DE INCLUSIÓN SOCIAL, EDUCATIVA Y LABORAL"
4181,7021400013,MAESTRÍA EN ANIMACIÓN 3D Y POST PRODUCCIÓN
4182,7042500036,MAESTRÍA EN DIRECCIÓN Y GESTIÓN EDUCATIVA
4183,7012000049,MAESTRÍA EN EDUCACIÓN CAMPOS FORMACIÓN DOCENTE EN EL ÁMBITO REGIONAL
4184,7081200010,MAESTRÍA EN HORTICULTURA AVANZADA
4185,7042100052,MAESTRÍA EN ADMINISTRACIÓN GLOBAL DE NEGOCIOS
4186,7042100053,MAESTRÍA EN ADMINISTRACIÓN DE NEGOCIOS (DIRECCIÓN DEL TALENTO HUMANO)
4187,7094200014,MAESTRÍA EN NUTRICIÓN DEPORTIVA
4188,7032100034,MAESTRÍA INTERNACIONAL EN DIRECCIÓN DE COMUNICACIÓN ORGANIZACIONAL
4189,7071200030,MAESTRÍA EN ENERGÍA Y MEDIO AMBIENTE
4190,8071600005,DOCTORADO EN ENERGÍA Y MEDIO AMBIENTE
4191,6031100051,ESPECIALIDAD EN PSICOLOGÍA ORGANIZACIONAL
4192,7021000006,MAESTRÍA EN TEORÍA Y CRÍTICA DEL DISEÑO
4193,7051200022,MAESTRÍA EN CIENCIAS EN BIOLOGÍA MOLECULAR EN MEDICINA
4194,8051200020,DOCTORADO EN CIENCIAS EN BIOLOGÍA MOLECULAR EN MEDICINA
4195,7012604053,MAESTRÍA EN DOCENCIA DEL TURISMO
4196,7041200076,MAESTRÍA EN MARKETING PUBLICITARIO
4197,7042200003,MAESTRÍA EN ADMINISTRACIÓN HOSPITALARIA
4198,6033100084,ESPECIALIDAD EN MECANISMOS ALTERNATIVOS DE SOLUCIÓN DE CONTROVERSIAS
4199,7033100159,MAESTRÍA EN DERECHO PROCESAL JUDICIAL
4200,7073100014,MAESTRÍA EN GESTIÓN Y VALORACIÓN URBANA
4201,7011200056,MAESTRÍA EN EVALUACIÓN PARA LA CALIDAD EDUCATIVA
4202,7031200061,MAESTRÍA EN SOCIOLOGÍA DE LA SALUD
4203,6011300006,ESPECIALIDAD EN PROYECTOS DE PERSONAS JÓVENES Y ADULTAS PARA EL DESARROLLO SOCIAL
4204,6012603003,ESPECIALIDAD EN ENSEÑANZA Y APRENDIZAJE DEL INGLÉS COMO LENGUA EXTRANJERA
4205,7041300008,MAESTRÍA EN ADMINISTRACIÓN DE NEGOCIOS CON ORIENTACIÓN EN FINANZAS (MBA)
4206,7041200019,MAESTRÍA EN ADMINISTRACIÓN DE NEGOCIOS CON ORIENTACIÓN EN MERCADOTECNIA (MBA)
4207,7042100054,MAESTRÍA EN ADMINISTRACIÓN DE NEGOCIOS CON ORIENTACIÓN EN DIRECCIÓN DEL TALENTO (MBA)
4208,7042100055,MAESTRÍA EN ADMINISTRACIÓN DE NEGOCIOS CON ORIENTACIÓN EN DIRECCIÓN DEL TALENTO
4209,7031200062,MAESTRÍA EN ESTRATEGIAS PARA EL DESARROLLO REGIONAL SUSTENTABLE
4210,6033100085,ESPECIALIDAD EN JUSTICIA PARA ADOLESCENTES
4211,7011400018,MAESTRÍA EN EDUCACIÓN BÁSICA CON APOYO A LAS TICS
4212,7012500026,MAESTRÍA EN DOCENCIA PARA LA EDUCACIÓN SUPERIOR
4213,8042100022,DOCTORADO EN ALTA CALIDAD
4214,7032100035,MAESTRÍA EN COMUNICACIÓN Y MEDIOS DIGITALES
4215,7042100211,MAESTRÍA EN ALTA DIRECCIÓN DE EMPRESAS (MBA)
4216,7071300024,MAESTRÍA EN SISTEMAS MECATRÓNICOS INTELIGENTES
4217,8071700006,DOCTORADO EN INGENIERÍA DE PROCESOS
4218,8072000001,DOCTORADO EN OPTIMIZACIÓN
4219,7041100045,MAESTRÍA EN LOGÍSTICA Y GESTIÓN INTERNACIONAL
4220,7042400033,MAESTRÍA EN SISTEMAS ESBELTOS (LEANSYSTENS)
4221,6042100075,ESPECIALIDAD EN GESTIÓN DE PROYECTOS
4222,6052300001,ESPECIALIDAD EN OCEANOGRAFÍA Y RECURSOS MARINOS
4223,6031500004,ESPECIALIDAD EN RESOLUCIÓN DE CONFLICTOS Y MEDIACIÓN SOCIAL
4224,7042500073,MAESTRÍA EN ADMINISTRACIÓN SOCIAL DE LA SALUD
4225,6061300009,ESPECIALIDAD EN DESARROLLO DE APLICACIONES WEB
4226,6061300010,ESPECIALIDAD EN DISEÑO Y GESTIÓN DE SITIOS WEB
4227,6061300011,ESPECIALIDAD EN DISEÑO WEB
4228,7061300031,MAESTRÍA EN TECNOLOGÍAS WEB
4229,6061300015,ESPECIALIDAD EN TECNOLOGÍAS WEB
4230,6091340001,ESPECIALIDAD EN PEDIATRÍA
4231,6091340002,ESPECIALIDAD EN PEDIATRÍA MÉDICA
4232,6011200018,ESPECIALIDAD EN GESTIÓN DE LOS APRENDIZAJES
4233,6042100074,ESPECIALIDAD EN GESTIÓN Y OPERACIÓN DE BIENES INMUEBLES (FACILITY MANEGEMENT)
4234,7042400034,MAESTRÍA EN GESTIÓN DE PROYECTOS DE EMPRESAS CONSTRUCTORAS
4235,8095600009,DOCTORADO EN CIENCIAS EN EPIDEMIOLOGÍA
4236,8095600010,DOCTORADO EN CIENCIAS EN SISTEMAS DE SALUD
4237,8091318001,DOCTORADO EN CIENCIAS EN ENFERMEDADES INFECCIOSAS
4238,8095600011,DOCTORADO EN CIENCIAS EN SALUD AMBIENTAL
4239,7062200034,MAESTRÍA EN DIRECCIÓN ESTRATÉGICA EN TECNOLOGÍAS DE LA INFORMACIÓN
4240,7061300020,MAESTRÍA EN DISEÑO Y GESTIÓN DE SISTEMAS WEB
4241,7071200003,MAESTRÍA EN INGENIERÍA DE MATERIALES Y ENERGÍA
4242,7072100016,MAESTRÍA EN INNOVACIÓN Y BIOTECNOLOGÍA ALIMENTARIA
4243,7041400041,MAESTRÍA EN INTERNACIONAL EN AUDITORÍA Y GESTIÓN EMPRESARIAL
4244,7094200015,MAESTRÍA EN INTERNACIONAL EN NUTRICIÓN Y DIETÉTICA
4245,7022200002,MAESTRÍA EN LINGÜÍSTICA APLICADA A LA ENSEÑANZA DEL ESPAÑOL COMO LENGUA EXTRANJERA
4246,8081100026,DOCTORADO EN AGRICULTURA PROTEGIDA
4247,8031200028,DOCTORADO EN INVESTIGACIÓN DE PROCESOS SOCIALES
4248,7051200034,MAESTRÍA EN BIOTECNOLOGÍA OPCIÓN CIENCIAS Y BIOTECNOLOGÍA DE ENZIMAS
4249,7051300051,MAESTRÍA EN ADMINISTRACIÓN Y GESTIÓN AMBIENTAL
4250,7051300052,MAESTRÍA EN CIENCIAS EN SUSTENTABILIDAD DE LOS RECURSOS NATURALES Y ENERGÍA
4251,7042100212,MAESTRÍA EN INNOVACIÓN PARA EL DESARROLLO
4252,7031400027,MAESTRÍA EN ESTRATEGIA ECONÓMICA
4253,7071400001,MAESTRÍA EN MATERIALES
4254,7071100012,MAESTRÍA EN TECNOLOGÍA DE LA SOLDADURA INDUSTRIAL
4255,7051300053,MAESTRÍA EN ECOLOGÍA Y MEDIO AMBIENTE
4256,6031200012,ESPECIALIZACIÓN PARA LA PROFESIONALIZACIÓN EN Y PARA LOS DERECHOS DE LOS NIÑOS Y LAS NIÑAS EN LA PRIMERA INFANCIA
4257,8051300023,DOCTORADO EN DESARROLLO SUSTENTABLE
4258,8031300017,DOCTORADO EN POLÍTICAS PÚBLICAS
4259,8012000004,DOCTORADO EN FORMACIÓN DE FORMADORES
4260,7041100046,MAESTRÍA EN CIENCIAS EN NEGOCIOS INTERNACIONALES
4261,7033100160,MAESTRÍA EN DERECHO CON ORIENTACIÓN EN JUICIOS ORALES
4262,7022300026,MAESTRÍA EN ESTUDIOS DEL DISCURSO
4263,7022500021,MAESTRÍA EN HISTORIA REGIONAL CONTINENTAL
4264,8051200021,DOCTORADO EN CIENCIAS (QUÍMICO BIOLÓGICAS Y DE LA SALUD)
4265,7042100213,MAESTRÍA EN DESARROLLO DEL POTENCIAL HUMANO Y ORGANIZACIONAL
4266,7093207005,MAESTRÍA EN ODONTOLOGÍA LEGAL Y FORENSE
4267,7081100064,MAESTRÍA EN CIENCIAS EN SISTEMAS DE PRODUCCIÓN BIOSUSTENTABLES
4268,7093205004,MAESTRÍA EN ENDOPERIODONCIA
4269,7042500074,MAESTRÍA EN GESTIÓN DE SALUD INSTITUCIONAL
4270,7042500037,MAESTRÍA EN GESTIÓN Y LIDERAZGO EDUCATIVO
4271,7033100161,"MAESTRÍA EN PROCURACIÓN, ADMINISTRACIÓN DE JUSTICIA Y LITIGACIÓN ORAL"
4272,7051300068,MAESTRÍA EN SUSTENTABILIDAD
4273,6033100086,ESPECIALIDAD EN DERECHO PROCESAL ADMINISTRATIVO
4274,6091313003,ESPECIALIDAD EN OBESIDAD Y COMORBILIDADES
4275,7011200087,MAESTRÍA EN LA ESPECIALIDAD DE ADMINISTRACIÓN EDUCATIVA
4276,8051100022,DOCTORADO EN CIENCIAS BÁSICAS
4277,6041100046,ESPECIALIDAD EN VALUACIÓN CON ORIENTACIÓN EN VALUACIÓN E IMPACTO AMBIENTAL
4278,6042500019,ESPECIALIDAD EN GESTIÓN Y DOCENCIA EN LOS SERVICIOS DE ENFERMERÍA
4279,7091322001,MAESTRÍA EN MEDICINA FÍSICA Y REHABILITACIÓN
4280,6092204004,ESPECIALIDAD EN ENFERMERÍA EN SALUD FAMILIAR Y COMUNITARIA
4281,8031000006,DOCTORADO EN GESTIÓN Y TRANSFERENCIA DEL CONOCIMIENTO
4282,7072100017,MAESTRÍA EN TECNOLOGÍA AGROALIMENTARIA
4283,7033100162,MAESTRÍA EN DERECHO DE LOS NEGOCIOS
4284,7041200077,MAESTRÍA EN MODA Y MERCADOTECNIA
4285,7073100068,"MAESTRÍA EN ESTUDIOS TERRITORIALES, PAISAJE Y PATRIMONIO"
4286,7022000004,MAESTRÍA EN TEORÍA Y CRÍTICA DE LAS HUMANIDADES
4287,6031100052,ESPECIALIDAD EN PSICOLOGÍA SISTÉMICA
4288,7031100144,MAESTRÍA EN PSICOLOGÍA SISTÉMICA
4289,7033100163,MAESTRÍA EN DERECHO ADUANERO
4290,6082100008,ESPECIALIDAD EN MEDICINA Y CIRUGÍA VETERINARIA DE PEQUEÑAS ESPECIES
4291,7041200078,MAESTRÍA EN PUBLICIDAD Y MARKETING ESTRATÉGICO
4292,7101500004,MAESTRÍA EN ADMINISTRACIÓN DEL VINO
4293,7071500023,MAESTRÍA EN CIENCIAS EN SISTEMAS AUTÓNOMOS DE NAVEGACIÓN AÉREA Y SUBMARINA
4294,6033100087,ESPECIALIDAD EN JUICIO DE AMPARO
4295,6042100062,ESPECIALIDAD EN PROJECT MANAGEMENT
4296,6042100063,ESPECIALIDAD EN DIRECCIÓN Y GESTIÓN DE EMPRESAS DE MODA Y BELLEZA
4297,6042200007,ESPECIALIDAD EN DIRECCIÓN DE HOTELES Y EMPRESAS DE RESTAURACIÓN
4298,6041200038,ESPECIALIDAD EN DIRECCIÓN DE MARKETING DIGITAL Y COMUNICACIÓN EMPRESARIAL EN INTERNET (WEB 2.0)
4299,8094200002,DOCTORADO EN NUTRICIÓN CLÍNICA
4300,6041100037,"ESPECIALIDAD EN VALUACIÓN INMOBILIARIA, INDUSTRIAL Y DE MAQUINARIA"
4301,7041100047,"MAESTRÍA EN VALUACIÓN INMOBILIARIA, INDUSTRIAL Y DE MAQUINARIA"
4302,7041400042,MAESTRÍA EN AUDITORÍA A OBRA PÚBLICA
4303,6021600009,ESPECIALIDAD EN ARQUITECTURA Y DISEÑO DE INTERIORES
4304,6033100088,ESPECIALIDAD EN DERECHO FISCAL Y ADMINISTRACIÓN TRIBUTARIA
4305,7094100006,MAESTRÍA EN CIENCIAS DE FISIOTERAPIA Y REHABILITACIÓN DEPORTIVA
4306,7094100004,MAESTRÍA EN REHABILITACIÓN DEL QUEMADO
4307,6094200005,ESPECIALIDAD EN NUTRICIÓN CLÍNICA
4308,6012000007,ESPECIALIDAD EN DOCENCIA CON BASE EN COMPETENCIAS
4309,7042100214,MAESTRÍA EN DESARROLLO DEL CAPITAL HUMANO
4310,6042100064,ESPECIALIDAD EN DIRECCIÓN DE LA CAPACITACIÓN Y DESARROLLO DE RECURSOS HUMANOS
4311,7031500037,MAESTRÍA EN CIENCIAS DE LA FAMILIA PARA LA CONSULTORÍA
4312,7032100036,MAESTRÍA EN COMUNICACIÓN APLICADA Y PLANEACIÓN DE MEDIOS
4313,7062200035,MAESTRÍA EN INTELIGENCIA ANALÍTICA
4314,7031300034,"MAESTRÍA EN POLÍTICA, GESTIÓN Y DERECHO AMBIENTAL"
4315,7012100006,MAESTRÍA EN EDUCACIÓN CON TERMINAL EN EDUCACIÓN PREESCOLAR
4316,7012200008,MAESTRÍA EN EDUCACIÓN CON TERMINAL EN EDUCACIÓN PRIMARIA
4317,7012300014,MAESTRÍA EN TELESECUNDARIA Y MEDIOS EDUCATIVOS
4318,7033100164,MAESTRÍA EN ADMINISTRACIÓN Y PROCURACIÓN DE JUSTICIA
4319,8011200018,DOCTORADO EN INVESTIGACIÓN INTERDISCIPLINARIA
4320,6012000009,ESPECIALIDAD EN COACHING EDUCATIVO
4321,7042300012,MAESTRÍA EN ADMINISTRACIÓN CON TERMINALES EN ADMINISTRACIÓN PÚBLICA Y AGRONEGOCIOS
4322,6031100053,ESPECIALIDAD EN PSICOLOGÍA LABORAL
4323,7011100032,MAESTRÍA EN ESTRATEGIAS EDUCATIVAS
4324,7031100145,MAESTRÍA EN PSICOTERAPIA HUMANISTA CORPORAL
4325,6042300009,ESPECIALIDAD EN DIRECCIÓN Y GESTIÓN PUBLICA
4326,6042500002,ESPECIALIDAD EN GESTIÓN Y DESARROLLO DE AGRONEGOCIOS
4327,6062200010,ESPECIALIDAD EN TECNOLOGÍAS DE LA INFORMACIÓN ADMINISTRATIVAS Y DISEÑO MULTIMEDIA
4328,7033100004,MAESTRÍA EN DERECHOS HUMANOS Y SEGURIDAD PÚBLICA
4329,7073100069,MAESTRÍA EN ARQUITECTURA DE PAISAJE
4330,8042200003,DOCTORADO EN GESTIÓN DEL TURISMO
4331,8042100023,DOCTORADO EN ADMINISTRACIÓN Y DESARROLLO EMPRESARIAL
4332,6033100089,ESPECIALIDAD EN LITIGACIÓN Y ESTRATEGIAS DE DEFENSA EN JUICIOS ORALES
4333,7033100165,MAESTRÍA EN LITIGACIÓN EN JUICIOS ORALES
4334,7033200017,MAESTRÍA EN INVESTIGACIÓN CRIMINAL EN LAS CIENCIAS FORENSES
4335,8042300006,DOCTORADO EN ADMINISTRACIÓN Y POLÍTICAS PÚBLICAS
4336,6031100054,ESPECIALIDAD EN ACOMPAÑAMIENTO HUMANO
4337,7031100146,MAESTRÍA EN ACOMPAÑAMIENTO HUMANO
4338,6033200011,ESPECIALIDAD EN CRIMINALÍSTICA Y CRIMINOLOGÍA
4339,7032100037,MAESTRÍA EN PERIODISMO DIGITAL
4340,6033100090,ESPECIALIDAD EN DERECHO DE ACCESO A LA INFORMACIÓN PÚBLICA
4341,7042100215,MAESTRÍA EN ADMINISTRACIÓN DE LOS RECURSOS HUMANOS
4342,8031200032,DOCTORADO EN DESARROLLO REGIONAL SUSTENTABLE
4343,7022600019,MAESTRÍA EN FILOSOFÍA APLICADA
4344,6042300001,ESPECIALIDAD EN LIDERAZGO GOBIERNO Y POLÍTICA PÚBLICA
4345,8031100028,DOCTORADO EN DESARROLLO HUMANO Y FACILITACIÓN DE PROCESOS GRUPALES
4346,8071300014,DOCTORADO EN INGENIERÍA ELECTRÓNICA
4347,6101500009,"ESPECIALIDAD EN REPOSTERÍA, CONFITERÍA Y PANADERÍA"
4348,6101500010,ESPECIALIDAD EN GESTIÓN DE EVENTOS DE ALIMENTOS Y BEBIDAS
4349,7042200028,MAESTRÍA EN ADMINISTRACIÓN DE EMPRESAS GASTRONÓMICAS
4350,7011200005,MAESTRÍA EN EDUCACIÓN E INNOVACIÓN
4351,7012300015,MAESTRÍA INNOVACIÓN EN LA EDUCACIÓN BÁSICA
4352,7042000019,MAESTRÍA EN COORDINACIÓN DE GRUPOS CON TÉCNICAS DE ACCIÓN
4353,8091345009,DOCTORADO EN CIENCIAS CLÍNICAS
4354,7042300010,MAESTRÍA EN LIDERAZGO PARA LA INNOVACIÓN GUBERNAMENTAL
4355,7021300008,MAESTRÍA EN CREACIÓN ARTÍSTICA CON ACENTUACIÓN EN MÚSICA
4356,7021200004,MAESTRÍA EN CREACIÓN ARTÍSTICA CON ACENTUACIÓN EN DANZA
4357,7021100013,MAESTRÍA EN CREACIÓN ARTÍSTICA CON ACENTUACIÓN EN ARTES PLÁSTICAS
4358,7031100147,MAESTRÍA EN HIPNOSIS Y TERAPIA FAMILIAR BREVE SISTÉMICA
4359,7103100006,MAESTRÍA EN SEGURIDAD INDUSTRIAL E HIGIENE LABORAL
4360,8033100031,DOCTORADO EN MÉTODOS ALTERNOS PARA LA SOLUCIÓN DE CONFLICTOS
4361,8041200003,DOCTORADO EN DIRECCIÓN DE MARKETING ESTRATÉGICO
4362,7103100007,MAESTRÍA EN PREVENCIÓN DE RIESGOS LABORALES
4363,8042500006,DOCTORADO EN DIRECCIÓN DE INSTITUCIONES EDUCATIVAS
4364,7031300035,MAESTRÍA EN ORGANIZACIÓN DE PROCESOS ELECTORALES
4365,7021400014,MAESTRÍA EN GUIÓN Y DIRECCIÓN PARA CINE
4366,7033100166,MAESTRÍA EN DERECHO PROCESAL PENAL ACUSATORIO CON ORIENTACIÓN EN LITIGACIÓN ORAL
4367,7104100002,MAESTRÍA EN PROTECCIÓN CIVIL Y GESTIÓN DE EMERGENCIAS
4368,7042500094,MAESTRÍA EN GERENCIA DEPORTIVA
4369,7102100002,MAESTRÍA EN GESTIÓN DE LOGÍSTICA PORTUARIA
4370,7033100167,"MAESTRÍA EN DERECHO JUDICIAL, CIVIL, FAMILIAR Y MERCANTIL"
4371,7033100168,MAESTRÍA EN DERECHO JUDICIAL PENAL ACUSATORIO
4372,7031400028,MAESTRÍA EN ECONOMÍA PÚBLICA
4373,7031300036,MAESTRÍA EN CIENCIA POLÍTICA Y GESTIÓN PÚBLICA
4374,7042300011,MAESTRÍA EN GESTIÓN DE GOBIERNOS LOCALES
4375,8071300015,DOCTORADO EN CONTROL Y SISTEMAS DINÁMICOS
4376,7031500038,MAESTRÍA EN SISTEMAS FAMILIARES
4377,6091345002,ESPECIALIDAD EN FORMACIÓN EDUCATIVA PARA LA SALUD
4378,6012701002,ESPECIALIDAD EN EDUCACIÓN INICIAL
4379,6012701003,ESPECIALIDAD EN DESARROLLO INFANTIL
4380,6012702003,ESPECIALIDAD EN ATENCIÓN EDUCATIVA A LAS NECESIDADES DE APRENDIZAJE
4381,6012701004,ESPECIALIDAD EN INTERVENCIÓN Y ESTIMULACIÓN TEMPRANA
4382,6012702004,ESPECIALIDAD EN NECESIDADES EDUCATIVAS ESPECIALES
4383,7012702009,MAESTRÍA EN EDUCACIÓN CON OPCIÓN EN EDUCACIÓN ESPECIAL
4384,7012000058,MAESTRÍA EN ATENCIÓN A LA DIVERSIDAD Y EDUCACIÓN INCLUSIVA
4385,7012701003,MAESTRÍA EN DESARROLLO INFANTIL
4386,7012701004,MAESTRÍA EN EDUCACIÓN INFANTIL
4387,7012701005,MAESTRÍA EN EDUCACIÓN INFANTIL (DESARROLLO DEL NIÑO DE 0 A 6 AÑOS)
4388,7012702010,MAESTRÍA EN DESARROLLO DE LA MOTRICIDAD
4389,7012702011,MAESTRÍA EN DESARROLLO DE LA MOTRICIDAD INFANTIL
4390,7012702012,MAESTRÍA EN EDUCACIÓN EN EL ÁREA DE NECESIDADES EDUCATIVAS ESPECIALES
4391,7012702013,MAESTRÍA EN EDUCACIÓN ESPECIAL
4392,7012702014,MAESTRÍA EN EDUCACIÓN ESPECIAL CON ENFOQUE INCLUSIVO
4393,7012702015,MAESTRÍA EN NECESIDADES EDUCATIVAS ESPECIALES
4394,7012702016,MAESTRÍA EN REHABILITACIÓN DE PERSONAS CON ALTERACIONES DEL LENGUAJE Y LA AUDICIÓN
4395,7012702017,MAESTRÍA PROFESIONAL EN ATENCIÓN A POBLACIONES ESPECIALES A TRAVÉS DEL MOVIMIENTO
4396,7012702018,MAESTRÍA PROFESIONAL EN PSICOMOTRICIDAD
4397,7012702019,MAESTRÍA EN EDUCACIÓN INCLUSIVA
4398,7012702020,MAESTRÍA EN EDUCACIÓN ESPECIAL EN EL ÁREA AUDITIVA Y DE LENGUAJE
4399,6061300012,ESPECIALIDAD EN DISEÑO Y PROGRAMACIÓN DE INTERNET
4400,8071300016,DOCTORADO EN CIENCIAS DE LA ELECTRÓNICA Y LA COMPUTACIÓN
4401,8061100016,DOCTORADO EN CIENCIAS Y SISTEMAS COMPUTACIONALES Y ELECTRÓNICOS
4402,7061300034,MAESTRÍA EN TECNOLOGÍAS DE INFORMACIÓN CON ACENTUACIÓN EN TECNOLOGÍA DE SOFTWARE
4403,7061300035,MAESTRÍA EN TECNOLOGÍAS DE LA INFORMACIÓN Y COMUNICACIÓN Y DESARROLLO DE SOFTWARE
4404,7021100021,MAESTRÍA EN ARTES VISUALES PRÁCTICA ARTÍSTICA Y PENSAMIENTO CONTEMPORÁNEO
4405,7011100033,MAESTRÍA EN PEDAGOGÍA CON FORMACIÓN EN ESTRATEGIAS DIDÁCTICAS
4406,6021500013,ESPECIALIDAD EN DISEÑO DE INFORMACIÓN
4407,6021500014,ESPECIALIDAD EN DISEÑO DE LA INFORMACIÓN
4408,6032100012,ESPECIALIDAD EN LITERATURA APLICADA AL GUIONÍSMO
4409,7032200009,MAESTRÍA EN GESTIÓN DE SERVICIOS INFORMATIVOS
4410,7042100216,MAESTRÍA EN ADMINISTRACIÓN DE LA PEQUEÑA Y MEDIANA EMPRESA
4411,7033200018,"MAESTRÍA EN CRIMINOLOGÍA, POLÍTICA CRIMINAL Y SEGURIDAD PÚBLICA"
4412,7033100169,MAESTRÍA EN DERECHOS HUMANOS Y JUSTICIA CONSTITUCIONAL
4413,6022300003,ESPECIALIDAD EN PROMOCIÓN DE LA LECTURA
4414,7021400015,MAESTRÍA EN ARTE DIGITAL Y EFECTOS VISUALES VFX
4415,7051300054,MAESTRÍA EN ECONOMÍA Y GESTIÓN DEL MEDIO AMBIENTE
4416,7033100170,MAESTRÍA EN CALIDAD DE LOS PROCESOS DE ADMINISTRACIÓN Y PROCURACIÓN DE JUSTICIA
4417,7031100148,MAESTRÍA EN PSICOTERAPIA GESTALT CON ENFOQUE INTEGRAL
4418,7031300037,MAESTRÍA EN DIRECCIÓN DE CAMPAÑAS ELECTORALES
4419,7042500038,"MAESTRÍA EN GESTIÓN Y DESARROLLO ORGANIZACIONAL, CON ACENTUACIÓN EN EDUCACIÓN Y ADMINISTRACIÓN"
4420,6042500020,ESPECIALIDAD EN ADMINISTRACIÓN Y DOCENCIA DE LOS SERVICIOS DE ENFERMERÍA
4421,7042400002,MAESTRÍA EN ADMINISTRACIÓN DE CALIDAD Y MANUFACTURA ESBELTA
4422,7051300055,MAESTRÍA EN CIENCIAS EN DESARROLLO SUSTENTABLE Y GESTIÓN DE RIESGOS
4423,7051300056,MAESTRÍA EN CIENCIAS EN BIODIVERSIDAD Y CONSERVACIÓN DE ECOSISTEMAS TROPICALES
4424,7011100034,MAESTRÍA EN COMPETENCIAS PEDAGÓGICAS PARA LA ACCIÓN EDUCATIVA
4425,7011100035,MAESTRÍA EN COMPETENCIAS PEDAGÓGICAS PARA EL APRENDIZAJE
4426,6011100013,ESPECIALIDAD EN COMPETENCIAS PEDAGÓGICAS
4427,6011300004,ESPECIALIDAD EN INTERVENCIÓN EDUCATIVA
4428,7071200025,MAESTRÍA EN ENERGÍAS RENOVABLES
4429,7071700021,MAESTRÍA EN OPTIMIZACIÓN DE PROCESOS
4430,7061300021,MAESTRÍA EN DESARROLLO DE SOFTWARE
4431,7071300025,MAESTRÍA EN AUTOMATIZACIÓN Y CONTROL
4432,8071300006,DOCTORADO EN OPTOMECATRÓNICA
4433,7041400043,MAESTRÍA EN ESTRATEGIAS CONTABLES
4434,7052300022,MAESTRÍA EN GEOMÁTICA APLICADA
4435,8073200004,DOCTORADO INTERINSTITUCIONAL DE INGENIERÍA CIVIL (CUMEX)
4436,7073200002,MAESTRÍA EN INGENIERÍA CON ESPECIALIDAD EN PLANEACIÓN Y CONSTRUCCIÓN
4437,6012603004,ESPECIALIDAD EN ENSEÑANZA DE CONTENIDOS EN INGLÉS
4438,6031100055,ESPECIALIDAD EN PSICOANÁLISIS CON NIÑOS Y ADOLESCENTES
4439,8081400005,DOCTORADO EN CIENCIAS EN BIOECONOMÍA PESQUERA Y ACUÍCOLA
4440,6073100015,ESPECIALIDAD EN RESTAURACIÓN ARQUITECTÓNICA
4441,7031100149,MAESTRÍA EN PSICOTERAPIA INDIVIDUAL Y DE GRUPOS
4442,7042200020,MAESTRÍA EN GESTIÓN DE TURISMO SOSTENIBLE
4443,8081100027,DOCTORADO EN CIENCIAS AGRONÓMICAS SOSTENIBLES
4444,7091342001,MAESTRÍA EN ULTRASONIDO DIAGNÓSTICO
4445,7031100150,MAESTRÍA EN PSICODRAMA Y COORDINACIÓN DE GRUPOS
4446,7011000022,MAESTRÍA EN EDUCACIÓN AMBIENTAL PARA LA SUSTENTABILIDAD
4447,6011100014,ESPECIALIDAD EN DISEÑO Y EVALUACIÓN PEDAGÓGICA
4448,8011200019,DOCTORADO EN INVESTIGACIÓN EDUCATIVA PARA LA INTERVENCIÓN
4449,6041300001,ESPECIALIDAD EN COSTOS INDUSTRIALES
4450,7041100048,MAESTRÍA EN NEGOCIOS ELECTRÓNICOS
4451,7101600010,MAESTRÍA EN PLANEACIÓN TURÍSTICA SUSTENTABLE
4452,7053200006,MAESTRÍA EN ANÁLISIS ESTADÍSTICO
4453,6073100016,ESPECIALIDAD EN ARQUITECTURA BIOCLIMÁTICA
4454,7031200063,MAESTRÍA EN EQUIDAD Y DESARROLLO
4455,7033100171,MAESTRÍA EN DERECHO FISCAL Y ADMINISTRACIÓN TRIBUTARIA
4456,8031200033,DOCTORADO EN CIENCIAS DEL DESARROLLO REGIONAL Y LA SUSTENTABILIDAD
4457,8051300024,DOCTORADO EN DESARROLLO SOSTENIBLE
4458,7042500076,MAESTRÍA EN ADMINISTRACIÓN DE SERVICIOS DE ENFERMERÍA
4459,7052100023,MAESTRÍA EN FÍSICA MÉDICA
4460,7022600020,MAESTRÍA EN FILOSOFÍA Y CIENCIAS SOCIALES
4461,6041200031,ESPECIALIDAD EN PUBLICIDAD DIGITAL Y REDES SOCIALES
4462,6021400008,ESPECIALIDAD EN EFECTOS VISUALES
4463,7071500006,MAESTRÍA EN PROYECTOS TECNOLÓGICOS
4464,7073100071,MAESTRÍA EN GESTIÓN URBANA Y MEDIO AMBIENTE
4465,6091326003,ESPECIALIZACIÓN EN MEDICINA FAMILIAR
4466,7031300038,MAESTRÍA EN POLÍTICA Y ACCIÓN PÚBLICA
4467,7031500016,MAESTRÍA EN MÉTODOS DE SOLUCIÓN DE CONFLICTOS Y DERECHOS HUMANOS
4468,8031500004,DOCTORADO EN MÉTODOS DE SOLUCIÓN DE CONFLICTOS Y DERECHOS HUMANOS
4469,7052200020,MAESTRÍA EN QUÍMICA SUSTENTABLE
4470,6073200007,ESPECIALIDAD EN ESTRUCTURAS
4471,6072400001,ESPECIALIDAD EN PRODUCTIVIDAD DE POZOS PETROLEROS
4472,7073200028,MAESTRÍA EN CONSTRUCCIÓN Y DISEÑO DE ESTRUCTURAS
4473,7071300043,MAESTRÍA EN INSTRUMENTACIÓN Y CONTROL ELECTRÓNICO
4474,7073100072,MAESTRÍA EN RENOVACIÓN SUSTENTABLE DE LA CIUDAD
4475,7081100065,MAESTRÍA EN FITOPATOLOGÍA Y MEDIO AMBIENTE
4476,8031300018,DOCTORADO EN GOBIERNOS LOCALES Y DESARROLLO REGIONAL
4477,7031400029,MAESTRÍA EN ECONOMÍA Y SOCIEDAD DE CHINA Y AMÉRICA LATINA
4478,7021100002,MAESTRÍA EN ARTES DEL SIGLO XX
4479,8072100010,DOCTORADO EN CIENCIAS AGROALIMENTARIAS
4480,7092203002,MAESTRÍA EN ENFERMERÍA GERONTOLÓGICA
4481,8071300017,DOCTORADO EN INGENIERÍA DE SISTEMAS ROBÓTICOS Y MECATRÓNICOS
4482,8011500006,"DOCTORADO EN CIENCIAS CON ÉNFASIS EN EDUCACIÓN, TRABAJO SOCIAL Y PSICOLOGÍA"
4483,7051100019,MAESTRÍA EN CIENCIAS EN MICROBIOLOGÍA APLICADA
4484,7041200079,MAESTRÍA EN RELACIONES PÚBLICAS Y PROCESOS DIRECTIVOS
4485,7041200080,MAESTRÍA EN DESARROLLO Y GESTIÓN DE MARCAS
4486,7042200029,MAESTRÍA EN ADMINISTRACIÓN DE NEGOCIOS DE ALIMENTOS Y BEBIDAS
4487,7011100002,MAESTRÍA EN CIENCIAS DE LA EDUCACIÓN Y PROCESOS COGNITIVOS
4488,7031200064,MAESTRÍA EN ESTUDIOS INTERDISCIPLINARIOS DE GÉNERO
4489,7011400019,MAESTRÍA EN TECNOLOGÍAS DE LA INFORMACIÓN PARA LA EDUCACIÓN
4490,7021200005,MAESTRÍA EN DIRECCIÓN DE ESCENA
4491,7021100022,MAESTRÍA EN PRODUCCIÓN Y ENSEÑANZA DE LAS ARTES VISUALES
4492,7011400020,MAESTRÍA EN MEDIOS TECNOLÓGICOS INNOVADORES PARA LA EDUCACIÓN
4493,7041100049,MAESTRÍA EN INCUBACIÓN ESTRATÉGICA DE NEGOCIOS
4494,7073200029,MAESTRÍA EN DIRECCIÓN DE OBRAS
4495,6081100007,ESPECIALIDAD EN MANEJO SUSTENTABLE DE RECURSOS NATURALES ZONAS ÁRIDAS Y SEMIÁRIDAS
4496,7071100013,MAESTRÍA EN INGENIERÍA MECÁNICA CON ACENTUACIÓN EN MATERIALES
4497,8051300025,DOCTORADO INTERINSTITUCIONAL EN CIENCIAS DEL HÁBITAT
4498,7031100151,MAESTRÍA EN ORIENTACIÓN PSICOANALÍTICA
4499,7081100066,MAESTRÍA EN CIENCIAS EN DESARROLLO AGROTECNOLÓGICO SUSTENTABLE
4500,6033200012,ESPECIALIDAD EN CRIMINALISTICA Y TÉCNICAS PERICIALES
4501,7073100073,MAESTRÍA EN ARQUITECTURA Y DISEÑO SUSTENTABLE
4502,7021600012,MAESTRÍA EN DISEÑO INTERIOR ARQUITECTÓNICO
4503,6033100091,ESPECIALIDAD EN DERECHO DE LA EMPRESA
4504,6033100092,ESPECIALIDAD EN JUSTICIA PENAL Y SEGURIDAD PÚBLICA
4505,7032100001,MAESTRÍA EN COMUNICACIÓN Y CAMBIO SOCIAL
4506,6091336003,ESPECIALIDAD Y RESIDENCIA EN CIRUGÍA ONCOLOGÍCA
4507,6091336011,ESPECIALIDAD Y RESIDENCIA EN ONCOLOGÍA MÉDICA
4508,6091336012,ESPECIALIDAD Y RESIDENCIA EN ONCOLOGÍA PEDIÁTRICA
4509,6091342011,ESPECIALIDAD Y RESIDENCIA EN RADIO-ONCOLOGÍA
4510,6033200013,ESPECIALIDAD EN PERITAJE DE LA CONDUCTA DELICTIVA
4511,8062200003,"DOCTORADO EN ELECTRÓNICA, OPCIÓN: SISTEMAS INTELIGENTES APLICADOS"
4512,8053100010,DOCTORADO EN MODELACIÓN MATEMÁTICA
4513,7091324001,MAESTRÍA EN MEDICINA EN EJERCICIO PARA LA SALUD Y EL ALTO RENDIMIENTO DEPORTIVO
4514,7012604055,MAESTRÍA EN ENSEÑANZA DE LA MATEMÁTICA Y LA FÍSICA
4515,6042500021,ESPECIALIDAD EN ADMINISTRACIÓN DE INSTITUCIONES AL SERVICIO DE LA SALUD
4516,6073100017,ESPECIALIDAD EN PLANEACIÓN Y DISEÑO URBANO
4517,6041200032,ESPECIALIDAD EN MERCADOTECNIA DIGITAL
4518,7101500005,MAESTRÍA EN COCINAS DE MÉXICO
4519,7071200026,MAESTRÍA EN CIENCIAS DE LA ENERGÍA
4520,7041100050,MAESTRÍA EN VALUACIÓN DE BIENES
4521,7022600021,MAESTRÍA EN ÉTICA APLICADA Y BIOETICA
4522,7033100172,MAESTRÍA EN DERECHO PENAL ACUSATORIO
4523,7033200020,MAESTRÍA EN CRIMINOLOGÍA Y SEGURIDAD PÚBLICA
4524,6011500003,ESPECIALIDAD EN CIENCIAS DE LA EDUCACIÓN CON FORMACIÓN EN DOCENCIA E INVESTIGACIÓN
4525,7022300027,MAESTRÍA EN ESTUDIOS LITERARIOS MEXICANOS
4526,7041100051,MAESTRÍA EN DESARROLLO CORPORATIVO DEL COMERCIO INTERNACIONAL
4527,6061300013,ESPECIALIDAD EN TECNOLOGÍAS MÓVILES
4528,7021100018,"MAESTRÍA EN CREACIÓN ARTÍSTICA CON ACENTUACIÓN EN: MÚSICA, DANZA Y ARTES PLÁSTICAS"
4529,7071200027,MAESTRÍA EN EFICIENCIA ENERGÉTICA Y ENERGÍA RENOVABLE
4530,8012702001,DOCTORADO EN MOTRICIDAD
4531,7061100014,MAESTRÍA EN CIENCIAS Y SISTEMAS COMPUTACIONALES Y ELECTRÓNICOS
4532,7021400028,MAESTRÍA EN PRODUCCIÓN ARTÍSTICA
4533,7051100020,MAESTRÍA EN CIENCIAS CON ORIENTACIÓN EN MICROBIOLOGÍA APLICADA
4534,7033100173,MAESTRÍA EN DERECHO ENERGÉTICO
4535,7011200057,MAESTRÍA EN CIENCIAS CON ORIENTACIÓN EN GESTIÓN E INVESTIGACIÓN EDUCATIVA
4536,7022200013,MAESTRÍA EN LINGUÍSTICA APLICADA A LA ENSEÑANZA DE LENGUAS EXTRANJERAS
4537,8071500002,DOCTORADO EN CIENCIAS DE LA INGENIERÍA AERONÁUTICA
4538,7073100074,MAESTRÍA EN CONSERVACIÓN DEL PATRIMONIO
4539,7094300002,MAESTRÍA EN MEDICINA TRADICIONAL CHINA CON ORIENTACIÓN EN ACUPUNTURA Y MAXIBUSTION
4540,8073100014,DOCTORADO EN CIENCIAS DEL HABITAT
4541,7042500077,MAESTRÍA EN GESTIÓN DIRECTIVA EN SALUD
4542,7031100152,MAESTRÍA EN PSICOTERAPIA FAMILIAR SISTÉMICA
4543,6091324003,ESPECIALIDAD EN MEDICINA DEL DEPORTE Y REHABILITACIÓN
4544,6091332005,ESPECIALIDAD EN NEUMOLOGÍA Y MEDICINA
4545,7042500078,MAESTRÍA EN ADMINISTRACIÓN Y GESTIÓN DE SERVICIOS DE SALUD
4546,7031100153,MAESTRÍA EN PSICOLOGÍA JURÍDICA
4547,7021400016,MAESTRÍA EN PRODUCCIÓN AUDIOVISUAL
4548,7041200002,MAESTRÍA EN MARKETING POLÍTICO
4549,8011100013,DOCTORADO EN GESTIÓN PEDAGÓGICA HUMANISTA
4550,7031100154,MAESTRÍA EN PSICOLOGÍA JURÍDICA Y FORENSE
4551,7031100190,MAESTRÍA EN EVALUACIÓN E INTERVENCIÓN NEUROPSICOLÓGICA
4552,7011300037,MAESTRÍA EN EDUCACIÓN PARA LA PAZ Y LA CONVIVENCIA ESCOLAR
4553,8011300006,DOCTORADO EN EDUCACIÓN PARA LA PAZ Y LA CONVIVENCIA ESCOLAR
4554,6011100015,ESPECIALIDAD EN PEDAGOGÍA DE LAS MATEMÁTICAS
4555,6011100016,ESPECIALIDAD EN PEDAGOGÍA DEL ESPAÑOL
4556,6011100017,ESPECIALIDAD EN PEDAGOGÍA DE LAS CIENCIAS
4557,6011100018,ESPECIALIDAD EN GESTIÓN PEDAGÓGICA DE LA ESCUELA
4558,7012604008,MAESTRÍA EN APRENDIZAJE Y ENSEÑANZA DE LAS MATEMÁTICAS
4559,7012604009,MAESTRÍA EN APRENDIZAJE Y ENSEÑANZA DEL ESPAÑOL
4560,7011000016,MAESTRÍA EN APRENDIZAJE Y ENSEÑANZA DE LAS CIENCIAS
4561,7042500039,MAESTRÍA EN DIRECCIÓN DE ESCUELAS DE EDUCACIÓN BÁSICA
4562,6094300005,ESPECIALIDAD EN MEDICINA PREVENTIVA
4563,7042500079,MAESTRÍA EN GESTIÓN DE LA CALIDAD EN LOS SERVICIOS DE SALUD
4564,7031300039,MAESTRÍA DE GÉNERO EN POLÍTICAS PÚBLICAS
4565,7095600001,MAESTRÍA EN SALUD MENTAL COMUNITARIA
4566,8012702002,DOCTORADO EN NECESIDADES EDUCATIVAS ESPECIALES
4567,6042400014,ESPECIALIDAD EN GESTIÓN DE PROCESOS DE MANUFACTURA
4568,7042400036,MAESTRÍA EN ADMINISTRACIÓN EN PROCESOS INDUSTRIALES
4569,7042500080,MAESTRÍA EN ADMINISTRACIÓN DE SEGURIDAD Y SALUD OCUPACIONAL
4570,7012200009,MAESTRÍA EN ENSEÑANZA DE LAS CIENCIAS CON ACENTUACIÓN EN PREESCOLAR Y PRIMARIA
4571,7033100174,MAESTRÍA EN DERECHO PENAL CONTRADICTORIO ADVERSARIAL
4572,8042500007,DOCTORADO EN LIDERAZGO Y GESTIÓN EDUCATIVA
4573,8051300001,DOCTORADO EN AMBIENTE Y SOCIEDAD
4574,8011200020,DOCTORADO EN INVESTIGACIÓN E INTERVENCIÓN EDUCATIVA
4575,7071300008,MAESTRÍA EN INGENIERÍA EN MECATRÓNICA INDUSTRIAL
4576,6071500002,ESPECIALIDAD EN TECNOLOGÍA AVANZADA
4577,6011100019,ESPECIALIDAD EN PEDAGOGÍA CRÍTICA
4578,7042100002,MAESTRÍA EN DIRECCIÓN DEL TALENTO HUMANO
4579,6042100065,ESPECIALIDAD EN COACHING Y MENTORING
4580,6041200033,ESPECIALIDAD EN IMAGEN Y RELACIONES PÚBLICAS
4581,6042100066,ESPECIALIDAD EN CALIDAD EN EL SERVICIO
4582,7031100155,MAESTRÍA EN CONSTELACIONES FAMILIARES
4583,6091336004,ESPECIALIDAD EN CIRUGÍA ONCOLÓGICA AVANZADA
4584,7042100220,MAESTRÍA EN DIRECCIÓN ESTRATÉGICA Y GESTIÓN DE LA INNOVACIÓN
4585,6042300010,ESPECIALIDAD EN GESTIÓN PÚBLICA
4586,6093206014,ESPECIALIDAD EN IMPLANTOLOGÍA INTEGRAL
4587,7031300040,MAESTRÍA EN GOBERNANZA Y GLOBALIZACIÓN
4588,7042400037,MAESTRÍA EN ADMINISTRACIÓN DE TECNOLOGÍAS SUSTENTABLES
4589,6012400001,ESPECIALIDAD EN DOCENCIA EN EDUCACIÓN MEDIA SUPERIOR
4590,6041200005,ESPECIALIDAD EN COMERCIALIZACIÓN Y LOGÍSTICA
4591,8011100014,DOCTORADO EN INNOVACIÓN PEDAGÓGICA
4592,6031300014,ESPECIALIDAD EN DERECHOS HUMANOS Y DEMOCRACIA
4593,7012000059,"MAESTRÍA EN EDUCACIÓN, NEUROCOGNICIÓN Y APRENDIZAJE"
4594,7091334003,MAESTRÍA EN NEUROREHABILITACIÓN
4595,8022100001,DOCTORADO EN TEOLOGÍA Y DERECHO ECLESIÁSTICO DEL ESTADO
4596,7021500022,MAESTRÍA EN PROCESOS CREATIVOS DEL DISEÑO GRÁFICO
4597,7021100003,MAESTRÍA EN PEDAGOGÍA DEL ARTE
4598,7051300057,MAESTRÍA EN ECOLOGÍA APLICADA
4599,7033100175,MAESTRÍA EN DERECHO PENAL CON ÉNFASIS EN JUICIOS ADVERSARIALES
4600,7101600011,MAESTRÍA EN ORGANIZACIÓN DE EVENTOS
4601,7042200030,MAESTRÍA EN GESTIÓN Y OPERACIÓN DE ESTABLECIMIENTOS DE ALIMENTOS Y BEBIDAS
4602,6031400003,ESPECIALIDAD EN EVALUACIÓN SOCIOECONÓMICA DE PROYECTOS DE INVERSIÓN
4603,7041200020,MAESTRÍA EN ESTRATEGIAS COMERCIALES
4604,6041100038,ESPECIALIDAD EN NEGOCIOS Y MERCADOS INTERNACIONALES
4605,7041100052,MAESTRÍA EN NEGOCIOS Y MERCADOS INTERNACIONALES
4606,7062200031,"MAESTRÍA EN ELECTRÓNICA, OPCIÓN: SISTEMAS INTELIGENTES APLICADOS"
4607,6031300018,ESPECIALIDAD EN ADMINISTRACIÓN DE RIESGO
4608,6042100003,ESPECIALIDAD EN DESARROLLO DEL TALENTO HUMANO
4609,6011000001,ESPECIALIDAD EN APRENDIZAJE PARA EL SIGLO XXI
4610,6041300018,ESPECIALIDAD EN ESTRATEGIA FINANCIERA
4611,6071600003,ESPECIALIDAD EN BIODISEÑO Y TECNOLOGÍAS AMBIENTALES
4612,6041100045,ESPECIALIDAD EN LOGÍSTICA INTERNACIONAL
4613,6061300001,ESPECIALIDAD EN SIMULADORES GRÁFICOS
4614,7042100221,MAESTRÍA EN DIRECCIÓN DEL CAPITAL HUMANO
4615,7042200031,MAESTRÍA EN GESTIÓN Y OPERACIÓN DE ESTABLECIMIENTO DE ALIMENTOS Y BEBIDAS
4616,7012000055,"MAESTRÍA EN ENSEÑANZA MEDIA SUPERIOR Y SUPERIOR ÁREA: CIENCIAS SOCIALES, BIOLOGÍA, ESPAÑOL Y LITERATURA, MATEMÁTICAS, FÍSICA, QUÍMICA"
4617,7033100176,MAESTRÍA EN MEDIOS ALTERNATIVOS DE SOLUCIÓN DE CONTROVERSIAS
4618,6033100093,ESPECIALIDAD EN AMPARO PENAL
4619,7033100177,MAESTRÍA EN JUICIO ORAL Y PROCESO PENAL ACUSATORIO
4620,6033100094,ESPECIALIDAD EN PREVENCIÓN Y PERSECUCIÓN DE OPERACIONES CON RECURSOS DE PROCEDENCIA ILÍCITA
4621,6091316007,ESPECIALIDAD EN GINECOLOGÍA ONCOLÓGICA
4622,7021500026,MAESTRÍA EN DISEÑO AVANZADO
4623,7051300058,MAESTRÍA EN ECOLOGÍA INTEGRATIVA
4624,8042100025,DOCTORADO EN GESTIÓN ORGANIZACIONAL
4625,8073200005,DOCTORADO EN INTERINSTITUCIONAL EN INGENIERÍA CIVIL
4626,7031100156,MAESTRÍA EN INVESTIGACIÓN PSICOLÓGICA
4627,7022500022,MAESTRÍA EN HISTORIA Y ESTUDIOS CONTEMPORANEOS DEL NORESTE DE MÉXICO Y TEXAS
4628,6092202007,ESPECIALIDAD EN ENFERMERÍA EN CUIDADOS INTENSIVOS DEL ADULTO EN ESTADO CRÍTICO
4629,6091301009,ESPECIALIDAD MÉDICA EN ANESTESIOLOGÍA
4630,6091326004,ESPECIALIDAD MÉDICA EN MEDICINA FAMILIAR
4631,6091327003,ESPECIALIDAD MÉDICA EN MEDICINA INTERNA
4632,7042000020,MAESTRÍA EN ALTA ADMINISTRACIÓN
4633,7095400003,MAESTRÍA EN FARMACIA CLÍNICA
4634,7072400003,MAESTRÍA EN INGENIERÍA EN SISTEMAS OCEÁNICOS
4635,7021300009,MAESTRÍA EN MÚSICA: COMPOSICIÓN
4636,7021300010,MAESTRÍA EN MÚSICA: DIRECCIÓN CORAL
4637,7021300011,MAESTRÍA EN MÚSICA: DIRECCIÓN DE ORQUESTA
4638,7021300012,MAESTRÍA EN MÚSICA: TEORÍA DE LA MÚSICA
4639,8022500011,DOCTORADO EN ESTUDIOS NOVOHISPANOS
4640,8062200002,DOCTORADO EN INGENIERÍA Y TECNOLOGÍA APLICADA
4641,8071000014,DOCTORADO EN CIENCIAS EN INGENIERÍA FÍSICA
4642,7033100178,MAESTRÍA EN DERECHO OPCIÓN CIENCIA POLÍTICA
4643,7033100179,MAESTRÍA EN DERECHO OPCIÓN DERECHO PROCESAL CONSTITUCIONAL
4644,7033100180,MAESTRÍA EN DERECHO OPCIÓN HUMANIDADES
4645,7092100005,TRONCO COMÚN EN MAESTRÍA EN ENFERMERÍA
4646,7081100067,MAESTRÍA EN PRODUCCIÓN AGROPECUARIA CON OPCIÓN EN EL ÁREA FORESTAL
4647,7012300016,MAESTRÍA EN DOCENCIA TRANSDICIPLINARIA EN EDUCACIÓN BÁSICA
4648,7011100057,MAESTRÍA EN EDUCACIÓN PARA EL DESARROLLO HUMANO INTEGRAL
4649,6033100095,ESPECIALIDAD EN SISTEMA ACUSATORIO EN MÉXICO
4650,6073100018,ESPECIALIDAD EN DISEÑO DE ILUMINACIÓN ARQUITECTÓNICA
4651,6042500022,ESPECIALIDAD EN ADMINISTRACIÓN GERONTOLÓGICA
4652,7031200065,MAESTRÍA EN DEMOGRAFÍA SOCIAL
4653,7021100019,MAESTRÍA EN ESTUDIOS ARTÍSTICOS
4654,8051100016,DOCTORADO EN CIENCIAS CON ESPECIALIDAD EN INMUNOLOGÍA
4655,8051100017,DOCTORADO EN CIENCIAS EN INFECTOMICA Y PATOGÉNESIS MOLECULAR
4656,7011400021,MAESTRÍA EN NUEVAS TECNOLOGÍAS APLICADAS A LA EDUCACIÓN
4657,7041200081,MAESTRÍA EN MARKETING DIGITAL Y REDES SOCIALES
4658,7041100053,MAESTRÍA EN VALUACIÓN DE INTANGIBLES
4659,7041100054,MAESTRÍA EN CONSULTORÍA DE NEGOCIOS
4660,7041200082,MAESTRÍA EN PUBLICIDAD Y MARKETING
4661,7011100036,MAESTRÍA EN TÉCNICAS DIDÁCTICAS
4662,7021600013,MAESTRÍA EN INNOVACIÓN Y CREATIVIDAD
4663,7033100181,MAESTRÍA EN MÉTODOS ALTERNOS PARA LA SOLUCIÓN DE CONTROVERSIAS
4664,7042100056,MAESTRÍA EN ADMINISTRACIÓN DE NEGOCIOS Y DESARROLLO EJECUTIVO
4665,7022100007,MAESTRÍA EN TEOLOGÍA PASTORAL Y TECNOLOGÍAS DE LA INFORMACIÓN Y COMUNICACIÓN
4666,6033100099,ESPECIALIDAD EN EL NUEVO SISTEMA PENAL ACUSATORIO PARA AGENTE DE LA POLICÍA MINISTERIAL
4667,7012702021,MAESTRÍA EN EDUCACIÓN EN EL ÁREA DE EDUCACIÓN ESPECIAL
4668,7042200021,MAESTRÍA EN ADMINISTRACION Y DIRECCION TURISTICA
4669,7011300031,MAESTRÍA EN ESTRATEGIAS DE INNOVACIÓN  EN PROBLEMAS DE APRENDIZAJE
4670,7011100037,MAESTRÍA EN DIDÁCTICA Y OPTIMIZACIÓN DEL PROCESO DE ENSEÑANZA APRENDIZAJE
4671,7042300048,MAESTRÍA EN GESTIÓN Y DESARROLLO MUNICIPAL
4672,7033200021,MAESTRÍA EN CIENCIAS FORENSES Y CRIMINALÍSTICA
4673,6041200034,ESPECIALIDAD EN DISEÑO DE IMAGEN Y RELACIONES PÚBLICAS
4674,7042500081,MAESTRÍA EN DIRECCIÓN Y ADMINISTRACIÓN DE INSTITUCIONES DE SALUD
4675,7042200022,MAESTRÍA EN GESTIÓN TURÍSTICA Y HOTELERA
4676,7101100018,MAESTRÍA EN ACTIVIDAD FÍSICA Y ENTRENAMIENTO DEPORTIVO
4677,7012603013,MAESTRÍA EN INGLÉS PARA LA ENSEÑANZA
4678,7031200006,MAESTRÍA EN METODOLOGÍA DE LA INVESTIGACIÓN
4679,7071300026,MAESTRÍA EN CIENCIAS EN INGENIERÍA ELECTRÓNICA Y COMPUTACIÓN
4680,6031100056,ESPECIALIDAD EN DESARROLLO HUMANO INFANTIL Y ADOLESCENTE
4681,7033100182,MAESTRÍA EN DERECHO MERCANTIL Y CORPORATIVO
4682,7031000004,MAESTRÍA EN FACILITACION PARA EL DESARROLLO HUMANO
4683,7041100055,MAESTRÍA EN INGENIERÍA DE NEGOCIOS
4684,6031300015,ESPECIALIDAD EN GESTION DE PROYECTOS DE COMUNICACIÓN SOCIAL Y POLÍTICA
4685,7101600012,MAESTRÍA EN GESTIÓN Y DESARROLLO DE PRODUCTOS TURÍSTICOS
4686,6082100001,ESPECIALIDAD EN TÉCNICAS DE REPRODUCCIÓN ANIMAL
4687,7042100222,MAESTRÍA EN ADMINISTRACIÓN DE NEGOCIOS E-BUSINESS
4688,7042100223,MAESTRÍA EJECUTIVA EN DIRECCIÓN ESTRATÉGICA DE EMPRESAS
4689,7042300057,MAESTRÍA EN ADMINISTRACIÓN DE LA SEGURIDAD PÚBLICA
4690,6104100002,ESPECIALIDAD EN SEGURIDAD CIUDADANA Y COMUNIDADES SEGURAS
4691,6011100020,ESPECIALIDAD EN DOCENCIA Y MEDIACIÓN PEDAGÓGICA
4692,7041100056,MAESTRÍA EN VALUACIÓN DE EMPRESAS E INTANGIBLES
4693,6041100041,ESPECIALIDAD EN LA PERICIA Y LA VALUACIÓN DE BIENES RURALES
4694,6041100042,ESPECIALIDAD EN LA PERICIA Y LA VALUACIÓN DE BIENES MUEBLES
4695,7031300041,MAESTRÍA EN TRANSPARENCIA Y PROTECCIÓN DE DATOS PERSONALES
4696,7022600022,MAESTRÍA EN INTELIGENCIA ESPIRITUAL
4697,6033200014,ESPECIALIDAD EN DICTAMINACIÓN PERICIAL
4698,7091310002,MAESTRÍA EN MEDICINA ESTÉTICA Y LONGEVIDAD
4699,7032100042,MAESTRÍA EN COMUNICACIÓN ESTRATÉGICA EN LAS ORGANIZACIONES
4700,7033100183,MAESTRÍA EN DERECHO NOTARIAL-REGISTRAL
4701,7062200056,MAESTRÍA EN TECNOLOGÍAS DE LA INFORMACIÓN Y COMUNICACIÓN
4702,6012000010,ESPECIALIDAD EN DOCENCIA MULTIGRADO
4703,7021500012,MAESTRÍA EN EDICIÓN
4704,7022300009,MAESTRÍA EN LENGUA Y LITERATURA MEXICANA
4705,7033100111,MAESTRÍA EN DERECHO ADMINISTRACIÓN DE JUSTICIA Y SEGURIDAD PÚBLICA
4706,7033100112,MAESTRÍA EN DERECHO CORPORATIVO Y FINANCIERO
4707,7033100113,MAESTRÍA EN DERECHO NEGOCIACIÓN COLECTIVA Y SEGURIDAD SOCIAL
4708,7033100114,MAESTRÍA EN DERECHO NOTARIAL Y REGISTRAL Y FISCAL
4709,7073100022,MAESTRÍA EN ARQUITECTURA EN DISEÐO URBANO
4710,7052100020,MAESTRÍA EN FÍSICA TEÓRICA
4711,7052300018,MAESTRÍA REGIONAL EN CIENCIAS DE LA TIERRA
4712,7072100024,MAESTRÍA EN MICROBIOLOGÍA E HIGIENE DE LOS ALIMENTOS
4713,7073200014,MAESTRÍA EN INGENIERÍA CIVIL ESPECIALIDAD EN ESTRUCTURAS
4714,8052300004,DOCTORADO EN CIENCIAS HIDROMETEREOLOGÍA
4715,6041100004,ESPECIALIDAD EN COMERCIO EXTERIOR
4716,6041300005,ESPECIALIDAD EN FINANZAS BURSÁTILES
4717,6041300010,ESPECIALIDAD EN MERCADOS FINANCIEROS INTERNACIONALES
4718,6041400003,ESPECIALIDAD EN ANÁLISIS DE IMPUESTOS
4719,7041400011,MAESTRÍA EN AUDITORÍA INTEGRAL
4720,6041100002,ESPECIALIDAD EN AGRONEGOCIOS
4721,7081100072,MAESTRÍA EN CIENCIAS AGRÍCOLAS Y FORESTALES
4722,8081100016,DOCTORADO EN CIENCIAS PECUARIAS
4723,8081100028,DOCTORADO EN CIENCIAS AGRÍCOLAS Y FORESTALES
4724,7012602002,MAESTRÍA EN DIDÁCTICA DE LAS ARTES
4725,7073100004,MAESTRÍA EN HISTORIA DE LA ARQUITECTURA MEXICANA
4726,7073100039,MAESTRÍA EN INVESTIGACIÓN ARQUITECTÓNICA
4727,8042200001,DOCTORADO EN DESARROLLO SUSTENTABLE Y TURISMO
4728,6091309001,ESPECIALIDAD EN CIRUGÍA PLÁSTICA
4729,7031100037,MAESTRÍA EN PSICOLOGÍA CON ORIENTACI0N EN NEUROPSICOLOGÍA
4730,7031100038,MAESTRÍA EN PSICOLOGÍA CON ORIENTACIÓN EN PSICOLOGÍA DE LA SALUD
4731,7031100039,MAESTRÍA EN PSICOLOGÍA CON ORIENTACIÓN EN PSICOLOGÍA EDUCATIVA
4732,7031100040,MAESTRÍA EN PSICOLOGÍA CON ORIENTACIÓN EN PSICOLOGÍA ORGANIZACIONAL
4733,7031100041,MAESTRÍA EN PSICOLOGÍA CON ORIENTACIÓN EN PSICOLOGÍA SOCIAL
4734,7051200018,MAESTRÍA EN FARMACOLOGÍA
4735,7091316001,MAESTRÍA EN GINECOLOGÍA
4736,8051200002,DOCTORADO EN BIOLOGÍA MOLECULAR EN MEDICINA
4737,8091316001,DOCTORADO EN GINECOLOGÍA
4738,7011300032,MAESTRÍA EN CIENCIAS MÉDICAS-TEORÍA PSICOANALÍTICA
4739,7031100022,MAESTRÍA EN MODIFICACIÓN DE LA CONDUCTA
4740,7071200015,MAESTRÍA EN SISTEMAS ELÉCTRICOS DE POTENCIA
4741,6041100009,ESPECIALIDAD EN CONSULTORÍA DE NEGOCIOS
4742,6042100018,ESPECIALIDAD EN ADMINISTRACIÓN INTEGRAL DE PEQUEÑAS Y MEDIANAS EMPRESAS
4743,7071300017,MAESTRÍA EN ELECTRÓNICA INDUSTRIAL
4744,7011100014,MAESTRÍA EN EDUCACIÓN Y PROCESOS COGNOSCITIVOS
4745,6031300006,ESPECIALIDAD EN MEJORAMIENTO DE LA FUNCIÓN PÚBLICA
4746,6042100012,ESPECIALIDAD EN ADMINISTRACIÓN DE LA PEQUEÐA EMPRESA
4747,6042400003,ESPECIALIDAD EN ADMINISTRACIÓN Y CONTROL DE LA CALIDAD
4748,8011200028,DOCTORADO EN EDUCACIÓN CON ESPECIALIDAD EN GESTIÓN EDUCATIVA O EN INNOVACIÓN TECNOLÓGICA EDUCATIVA
4749,6031100005,ESPECIALIDAD EN EDUCACIÓN DE LA SEXUALIDAD
4750,6031100006,ESPECIALIDAD EN EDUCACIÓN DE LA SEXUALIDAD HUMANA
4751,6042100025,ESPECIALIDAD EN DESARROLLO ORGANIZACIONAL Y GESTIÓN DEL CAMBIO
4752,6042100044,ESPECIALIDAD EN MATERIA CORPORATIVA
4753,6071700005,ESPECIALIDAD EN OPTIMIZACIÓN DE SISTEMAS
4754,7072000015,MAESTRÍA EN OPTIMACIÓN DE SISTEMAS PRODUCTIVOS
4755,7022000007,MAESTRÍA EN CIENCIAS DEL HOMBRE
4756,6011100010,ESPECIALIDAD EN METODOLOGÍA INTERPRETATIVA
4757,7011200035,MAESTRÍA EN INVESTIGACIONES EDUCATIVAS
4758,7093203005,MAESTRÍA EN ODONTOPEDIATRÍA
4759,7042100137,MAESTRÍA EN ESTRATEGIAS Y SISTEMAS DE CALIDAD
4760,7041400032,"MAESTRÍA EN MATERIA CONTABLE, FINANCIERA Y TRIBUTARIA"
4761,6041100039,ESPECIALIDAD EN LA PERICIA Y LA VALUACIÓN DE BIENES INMUEBLES URBANOS
4762,6041100040,ESPECIALIDAD EN LA PERICIA Y LA VALUACIÓN DE NEGOCIOS EN MARCHA
4763,6041100022,ESPECIALIDAD EN ESTRATEGIA DE NEGOCIOS
4764,6033100016,ESPECIALIDAD EN DERECHO CONTRACTUAL
4765,6021600008,ESPECIALIDAD EN DISEÐO DE VESTUARIO ESCÉNICO
4766,7021600005,MAESTRÍA EN DISEÑO TEXTIL Y CREATIVIDAD
4767,7042100109,MAESTRÍA EN COMPETITIVIDAD ORGANIZACIONAL
4768,7011200036,MAESTRÍA EN METODOLOGÍA DE LA EVALUACIÓN EDUCATIVA
4769,7041100028,MAESTRÍA EN TECNOLOGÍA DE PROCESOS DE NEGOCIOS
4770,7042500049,MAESTRÍA EN ADMINISTRACIÓN DE ESTABLECIMIENTOS DE SERVICIOS DE SALUD
4771,6011200001,ESPECIALIDAD EN DIRECCIÓN METODOLÓGICA DEL PROCESO DOCENTE EDUCATIVO
4772,6042500005,ESPECIALIDAD EN ADMINISTRACIÓN ESCOLAR Y EDUCATIVA
4773,7012000006,MAESTRÍA EN DIRECCIÓN METODOLÓGICA DEL PROCESO DOCENTE EDUCATIVO
4774,7011200038,MAESTRÍA EN PLANEACIÓN EDUCATIVA
4775,7042500007,MAESTRÍA EN ADMINISTRACIÓN ESCOLAR Y EDUCATIVA
4776,8011100005,DOCTORADO EN DIRECCIÓN METODOLÓGICA DEL PROCESO DOCENTE EDUCATIVO
4777,7101500006,MAESTRÍA EN GASTRONOMÍA Y NUTRICIÓN
4778,6021400002,ESPECIALIDAD EN EL DESARROLLO DE LA CREATIVIDAD
4779,6011200003,ESPECIALIDAD EN LA DIDÁCTICA DE LA PLANEACIÓN Y EVALUACIÓN
4780,8011500008,DOCTORADO EN DESARROLLO DE COMPETENCIAS EDUCATIVAS
4781,7091310001,MAESTRÍA EN MEDICINA ESTÉTICA Y ANTIENVEJECIMIENTO
4782,7012100004,MAESTRÍA EN FORMACIÓN PREESCOLAR
4783,7012200006,MAESTRÍA EN FORMACIÓN PRIMARIA
4784,7012601005,MAESTRÍA EN EDUCACIÓN EN EL ÁREA DE ACTIVIDAD FÍSICA Y DEPORTIVA
4785,6033100070,ESPECIALIDAD EN TRANSPARENCIA Y DERECHO A LA INFORMACIÓN
4786,7032100019,MAESTRÍA EN COMUNICACIÓN SOCIAL E INSTITUCIONAL
4787,6041200009,ESPECIALIDAD EN INVESTIGACIÓN Y DISEÐO DE PERFILES DE MERCADO
4788,7022600007,MAESTRÍA EN EDUCACIÓN HOLÍSTICA PARA EL DESARROLLO SUSTENTABLE
4789,8022600004,DOCTORADO EN EDUCACIÓN HOLÍSTICA
4790,7022300025,MAESTRÍA EN LETRAS DE JALISCO
4791,7031500017,MAESTRÍA EN MEDIOS ALTERNATIVOS DE SOLUCIÓN DE CONFLICTOS
4792,6042100067,ESPECIALIDAD EN INNOVACIÓN Y GESTIÓN DE LA CALIDAD
4793,7071500007,MAESTRÍA EN PRODUCCIÓN Y CALIDAD
4794,7011200058,MAESTRÍA EN EDUCACIÓN INNOVACIÓN E INVESTIGACIÓN
4795,7033100184,MAESTRÍA EN DERECHO FISCAL Y CORPORATIVO
4796,7041100057,MAESTRÍA EN COMERCIO INTERNACIONAL Y ADUANAS
4797,7102100003,MAESTRÍA EN ADMINISTRACIÓN PORTUARIA
4798,7091315002,MAESTRÍA EN GERIATRÍA
4799,7041400044,MAESTRÍA EN FISCAL E IMPUESTOS
4800,7033100185,MAESTRÍA EN DERECHO CONSTITUCIONAL Y DE AMPARO
4801,6094300006,ESPECIALIDAD EN EDUCACIÓN INTEGRAL PARA LA SALUD
4802,8042100026,DOCTORADO EN CIENCIAS ADMINISTRATIVAS Y NEGOCIOS INTERNACIONALES
4803,7033100186,MAESTRÍA EN DERECHO PENAL Y JUICIO ORAL
4804,7011400022,MAESTRÍA EN NUEVAS TECNOLOGÍAS PARA LA EDUCACIÓN
4805,7041200083,MAESTRÍA EN MARKETING DE SERVICIOS
4806,6092206006,ESPECIALIDAD EN ENFERMERÍA NEONATOLOGÍA
4807,7042200023,MAESTRÍA EN ADMINISTRACIÓN DE NEGOCIOS TURÍSTICOS Y GASTRONÓMICOS
4808,6042500011,ESPECIALIZACIÓN EN GESTIÓN Y PROCESOS ORGANIZACIONALES EN EDUCACIÓN BÁSICA
4809,7011100038,MAESTRÍA EN MEDIACIÓN PEDAGÓGICA HUMANISTA
4810,7031100157,MAESTRÍA EN PSICOTERAPIA HUMANISTA EXISTENCIAL
4811,6022600004,ESPECIALIDAD EN ÉTICA Y SOCIEDAD
4812,7042100224,MAESTRÍA EN ADMINISTRACIÓN Y EMPRENDIMIENTO SOCIALES
4813,7042100225,MAESTRÍA EN ADMINISTRACIÓN DE CALIDAD Y COMPETITIVIDAD
4814,7101500007,MAESTRÍA EN GASTRONOMÍA EUROPEA
4815,7022500023,"MAESTRÍA EN ESTUDIOS LATINOAMERICANOS EN TERRITORIOS, SOCIEDAD Y CULTURA"
4816,8022500012,"DOCTORADO EN ESTUDIOS LATINOAMERICANOS EN TERRITORIOS, SOCIEDAD Y CULTURA"
4817,6093206015,"ESPECIALIDAD EN ODONTOLOGÍA ESTÉTICA, COSMÉTICA, RESTAURADORA  E IMPLANTOLOGÍA"
4818,7052100024,MAESTRÍA EN MATEMÁTICAS APLICADAS Y FÍSICA MATEMÁTICA
4819,7011200059,MAESTRÍA EN INVESTIGACIÓN DE LA PRÁCTICA DOCENTE
4820,7062200057,MAESTRÍA EN TECNOLOGÍAS DE LA INFORMACIÓN Y COMUNICACIONES
4821,7031200066,MAESTRÍA EN ESTUDIOS E INTERVENCIÓN FEMINISTA
4822,8031200029,DOCTORADO EN ESTUDIOS E INTERVENCIÓN FEMINISTA
4823,6061300017,ESPECIALIDAD EN DISEÑO DE PÁGINAS WEB
4824,6012400002,ESPECIALIDAD EN DOCENCIA MEDIA SUPERIOR EN CIENCIAS EXPERIMENTALES
4825,8031300019,"DOCTORADO EN GOBIERNO, GESTIÓN Y POLÍTICAS PÚBLICAS SUSTENTABLES"
4826,7071200031,MAESTRÍA EN SUSTENTABILIDAD ENERGÉTICA
4827,7041200090,MAESTRÍA EN COMERCIALIZACIÓN DE CONOCIMIENTOS INNOVADORES
4828,7061100015,MAESTRÍA EN CIENCIAS COMPUTACIONALES Y TECNOLOGÍAS DE LA INFORMACIÓN
4829,6041200039,ESPECIALIDAD EN COMERCIALIZACIÓN DE CONOCIMIENTOS INNOVADORES
4830,7071600018,MAESTRÍA EN INGENIERÍA AMBIENTAL Y TECNOLOGÍAS SUSTENTABLES
4831,7031300053,MAESTRÍA EN GOBIERNO CORPORATIVO
4832,7021100014,MAESTRÍA EN ARTÍSTICAS
4833,7031500007,MAESTRÍA EN CONSEJERÍA FAMILIAR Y ESCOLAR
4834,7012601012,MAESTRÍA EN EDUCACIÓN FÍSICA Y DEPORTIVA
4835,7041200091,MAESTRÍA EN ADMINISTRACIÓN DE EMPRESAS Y MERCADOTECNIA
4836,7061100016,MAESTRÍA EN CÓMPUTO PARALELO
4837,7031300042,MAESTRÍA EN ACCESO A LA INFORMACIÓN PÚBLICA Y PROTECCIÓN DE DATOS PERSONALES
4838,7012702006,MAESTRÍA EN EDUCACIÓN PARA ESTUDIANTES CON APTITUDES SOBRESALIENTES
4839,7041200084,MAESTRÍA EN MERCADOTECNIA DIGITAL
4840,8022500013,DOCTORADO EN RELACIONES TRANSPACÍFICAS
4841,7031200067,MAESTRÍA EN GESTIÓN PARA EL DESARROLLO SOCIAL
4842,6042500023,ESPECIALIZACIÓN EN ADMINISTRACIÓN Y GESTIÓN DE LA ENFERMERÍA
4843,7011000021,MAESTRÍA EN EDUCACIÓN PARA LA INTERCULTURALIDAD Y SUSTENTABILIDAD
4844,8031200030,DOCTORADO EN ESTUDIOS TRANSDISCIPLINARIOS
4845,8022300009,DOCTORADO EN ESTUDIOS DEL LENGUAJE Y LINGÜÍSTICA APLICADA
4846,7071500024,MAESTRÍA EN DISEÑO Y GESTIÓN PARA LA INDUSTRIA AUTOMOTRIZ
4847,7042500040,MAESTRÍA EN GESTIÓN E INNOVACIÓN DE ORGANIZACIONES EDUCATIVAS
4848,7042300049,MAESTRÍA EN ADMINISTRACIÓN PÚBLICA FISCAL
4849,7031100003,MAESTRÍA EN PSICOLOGÍA APLICADA A LA EDUCACIÓN
4850,7031300043,MAESTRÍA INTERNACIONAL EN CIENCIAS POLÍTICAS
4851,7033100187,MAESTRÍA EN DERECHOS HUMANOS EN EL SISTEMA DE JUSTICIA PENAL ACUSATORIO
4852,8042100013,DOCTORADO EN GERENCIA Y NEGOCIOS INTERNACIONALES
4853,7042100226,MAESTRÍA EN ADMINISTRACIÓN Y DIRECCIÓN
4854,8022600010,DOCTORADO EN FILOSOFÍA Y ÉTICA
4855,6092203005,ESPECIALIDAD DE ENFERMERIA EN GERIATRIA
4856,6092204007,ESPECIALIDAD DE ENFERMERÍA EN SALUD PUBLICA
4857,6092206007,ESPECIALIDAD DE ENFERMERIA PEDIATRICA
4858,6092204005,ESPECIALIDAD DE ENFERMERIA EN MEDICINA DE FAMILIA
4859,6094100003,ESPECIALIDAD EN TERAPIA VISUAL
4860,6092207001,ESPECIALIDAD DE ENFERMERIA QUIRURGICA
4861,7041200085,MAESTRÍA EN MERCADOTECNIA ADMINISTRATIVA
4862,7041200086,MAESTRÍA EN ESTRATEGIAS DE MERCADOTECNIA
4863,6082100009,ESPECIALIDAD  MEDICA EN PERROS Y GATOS
4864,7042000021,MAESTRÍA EN ADMINISTRACION CON ACENTUACION EN ADMINISTRACION GENERAL
4865,7012500003,MAESTRÍA EN EDUCACIÓN CON ACENTUACIÓN EN METODOLOGÍA DE LA ENSEÑANZA SUPERIOR
4866,8033100032,DOCTORADO EN  INVESTIGACIÓN DE JUICIOS ORALES
4867,8033100033,DOCTORADO EN INVESTIGACION DE JUICIOS ORALES
4868,7042100261,MAESTRÍA EN INGENIERIA DE LA CADENA DE SUMINISTRO
4869,8103100001,DOCTORADO EN SEGURIDAD INDUSTRIAL INTERNACIONAL
4870,8012601001,DOCTORADO EN METODOLOGIA PARA LA ENSEÑANZA DE LA EDUCACION FISICA
4871,8071200001,DOCTORADO EN ENERGIA RENOVABLE Y SU OPTIMIZACION
4872,7071200002,MAESTRÍA EN ENERGIA RENOVABLE Y SU OPTIMIZACION
4873,7033100188,MAESTRÍA EN DERECHO CON ACENTUACION EN DERECHO FAMILIAR
4874,7033100189,MAESTRÍA EN DERECHO CON ACENTUACION EN DERECHO LABORAL
4875,7033100190,MAESTRÍA EN DERECHO CON ACENTUACION EN DERECHO PENAL
4876,7012500027,MAESTRÍA EN EDUCACION SUPERIOR CON ACENTUACION EN DOCENCIA
4877,7042500041,MAESTRÍA EN EDUCACION SUPERIOR CON ACENTUACION EN ADMINISTRACION DE INSTITUCIONES EDUCATIVAS
4878,7104100003,MAESTRÍA EN SEGURIDAD
4879,7033100191,MAESTRÍA EN DERECHO DE LA ENERGIA
4880,7071200028,MAESTRÍA EN ENERGIA SOSTENIBLE
4881,7071200029,MAESTRÍA EN GESTION DE RECURSOS ENERGETICOS
4882,7011400023,MAESTRÍA EN EDUCACION CON ACENTUACION EN TECNOLOGIA EDUCATIVA
4883,8042100010,DOCTORADO EN GESTION ESTRATEGICA DE LA CALIDAD
4884,8042100003,DOCTORADO EN TERAPIA FAMILIAR EN CONSTELACIONES FAMILIARES
4885,8041000001,DOCTORADO EN RESPONSABILIDAD SOCIAL EMPRESARIAL
4886,8103100002,DOCTORADO EN SEGURIDAD INDUSTRIAL
4887,8011200001,DOCTORADO EN EVALUACION E INNOVACION DE LA PRACTICA EDUCATIVA
4888,7031100158,MAESTRÍA EN INTERVENCIONES SISTEMICAS Y TRANSGENERACIONALES
4889,7012702001,MAESTRÍA EN EDUCACION ESPECIAL E INCLUSION
4890,6033100096,ESPECIALIDAD EN JUSTICIA PARA MENORES
4891,6033100097,ESPECIALIDAD EN EL NUEVO SISTEMA PENAL ACUSATORIO PARA PERITOS
4892,6033100098,ESPECIALIDAD EN EL NUEVO SISTEMA PENAL ACUSATORIO PARA AGENTES DEL MINISTERIO PUBLICO
4893,6033100003,ESPECIALIDAD EN GESTION DE CONFLICTOS Y MEDIACION PARA LA CERTIFICACION DE FACILITADORES PRIVADOS
4894,6042200011,ESPECIALIDAD EN ALTA DIRECCIÓN DE INSTITUCIONES EN ALIMENTOS Y BEBIDAS
4895,7072400015,MAESTRÍA EN INGENIERÍA DE HIDROCARBUROS
4896,7011400024,MAESTRÍA EN NUEVAS TECNOLOGÍAS PARA LA ENSEÑANZA Y EL APRENDIZAJE
4897,7011200060,MAESTRÍA EN DESARROLLO E INNOVACIÓN DOCENTE
4898,8031000003,DOCTORADO EN INVESTIGACIÓN EN CIENCIAS SOCIALES
4899,7033100192,MAESTRÍA EN JUICIOS ORALES EN SISTEMA PENAL
4900,6011300005,ESPECIALIDAD EN TERAPIA EDUCATIVA PARA EL LOGRO DEL APRENDIZAJE SIGNIFICATIVO
4901,7031300044,MAESTRÍA EN MATERIA ELECTORAL
4902,8031100024,"DOCTORADO EN PSICOLOGÍA EN PERSONALIDAD, DIAGNÓSTICO Y PSICOTERAPIA"
4903,7011000012,MAESTRÍA EN EDUCACIÓN E INTERCULTURALIDAD
4904,6012000011,ESPECIALIDAD EN PROFESIONALIZACIÓN DE LA ENSEÑANZA
4905,7033100193,MAESTRÍA EN DERECHO PENAL EN JUICIOS ORALES
4906,7042100227,MAESTRÍA EN ADMINISTRACIÓN DE EMPRESAS E INSTITUCIONES PÚBLICAS
4907,7042500042,MAESTRÍA EN PLANEACIÓN Y GESTIÓN DE LA EDUCACIÓN
4908,8042500008,DOCTORADO EN ADMINISTRACIÓN DE INSTITUCIONES EDUCATIVAS
4909,6033100100,ESPECIALIDAD EN DERECHO LEGISLATIVO
4910,7091316002,MAESTRÍA EN CLIMATERIO Y MENOPAUSIA
4911,7011400025,MAESTRÍA EN EDUCACIÓN CON ESPECIALIDAD EN DOCENCIA Y TECNOLOGÍAS DE VANGUARDIA
4912,7011100039,MAESTRÍA EN PEDAGOGÍA DEL SUJETO Y PRÁCTICA EDUCATIVA
4913,7031200002,MAESTRÍA EN PRÁCTICAS NARRATIVAS
4914,7032100038,MAESTRÍA EN COMUNICACIÓN Y PERIODISMO DIGITAL
4915,7033100194,MAESTRÍA EN DEFENSA DE LOS DERECHOS HUMANOS
4916,6101600001,ESPECIALIDAD EN DISEÑO DE PRODUCTOS TURÍSTICOS
4917,7031200007,MAESTRÍA EN ESTUDIOS SOBRE DIVERSIDAD CULTURAL Y ESPACIOS SOCIALES
4918,7012603014,MAESTRÍA EN DIDÁCTICAS DE LAS LENGUAS
4919,6041400021,ESPECIALIDAD EN VALUACIÓN DE MAQUINARIA Y EQUIPO
4920,6031100057,ESPECIALIDAD EN BIONEUROEMOCIÓN
4921,6042100006,ESPECIALIDAD EN ADMINISTRACIÓN Y LIDERAZGO
4922,7011100040,MAESTRIA EN PEDAGOGIA CON FORMACION EN GESTION ESCOLAR
4923,7081100068,MAESTRÍA EN PRODUCCIÓN ANIMAL SUSTENTABLE
4924,7071100014,MAESTRÍA EN CIENCIAS EN INGENIERÍA METAL MECÁNICA
4925,7042100228,"MAESTRÍA EN ADMINISTRACIÓN EN ACENTUACIÓN EN FINANZAS, CAPITAL HUMANO Y DESARROLLO DE NUEVOS NEGOCIO"
4926,7073100075,MAESTRÍA EN URBANISMO SUSTENTABLE Y BIOCLIMATICA
4927,7021400017,MAESTRÍA EN VISUALIZACIÓN DE INFORMACIÓN
4928,7052200014,MAESTRÍA EN CIENCIAS EN NANOCIENCIAS
4929,8052200013,DOCTORADO EN CIENCIAS EN NANOCIENCIAS
4930,7042100229,MAESTRÍA EN DESARROLLO E INNOVACIÓN EMPRESARIAL
4931,7012400017,MAESTRÍA EN DOCENCIA PARA LA EDUCACIÓN MEDIA SUPERIOR INGLÉS A DISTANCIA
4932,7012400018,MAESTRÍA EN DOCENCIA PARA LA EDUCACIÓN MEDIA SUPERIOR FRANCÉS A DISTANCIA
4933,7071100003,MAESTRÍA EN INGENIERÍA DISEÑO MECÁNICO
4934,6031300001,ESPECIALIDAD EN EVALUACIÓN INTEGRAL DE PROGRAMAS Y POLÍTICAS DE DESARROLLO SOCIAL
4935,7053200007,MAESTRÍA EN CIENCIAS EN BIOESTADÍSTICA
4936,7095600054,MAESTRÍA EN CIENCIAS EN ENFERMEDADES TRANSMITIDAS POR VECTOR
4937,7042100230,MAESTRÍA EN ADMINISTRACIÓN Y DIRECCIÓN EMPRESARIAL
4938,7041200094,MAESTRÍA EN MARKETING PARA HOTELES Y RESTAURANTES
4939,7101500008,"MAESTRÍA EN PRODUCCIÓN PANADERA, REPOSTERA Y DE CONFITERÍA INTERNACIONAL"
4940,7042500088,MAESTRÍA EN GESTIÓN FINANCIERA PARA HOTELES Y RESTAURANTES
4941,6061200001,ESPECIALIDAD EN DISEÑO DE SISTEMAS EN CHIP
4942,7033100195,MAESTRÍA EN DERECHO CONSTITUCIONAL Y ARGUMENTACIÓN JURÍDICA
4943,7031300045,MAESTRÍA EN DERECHOS HUMANOS Y PAZ
4944,7061100017,MAESTRÍA EN CIENCIAS EN SISTEMAS COMPUTACIONALES Y ELECTRÓNICOS
4945,7061100027,MAESTRÍA EN CIENCIAS EN INGENIERÍA EN COMPUTACIÓN
4946,7042300050,MAESTRÍA EN GESTIÓN DE OBRA PÚBLICA MUNICIPAL
4947,7021600014,MAESTRÍA EN DISEÑO DEL ESPACIO INTERIOR
4948,7041400045,"MAESTRÍA EN FISCALIZACIÓN, TRANSPARENCIA Y RENDICIÓN DE CUENTAS"
4949,8033100034,DOCTORADO EN DERECHO Y ARGUMENTACIÓN
4950,8071000012,DOCTORADO EN CIENCIAS EN INGENIERÍA
4951,6091327004,ESPECIALIZACIÓN EN MEDICINA INTERNA
4952,6091301010,ESPECIALIZACIÓN EN ANESTESIOLOGÍA
4953,6091305005,ESPECIALIZACIÓN EN CIRUGÍA GENERAL
4954,7072100025,MAESTRÍA EN SEGURIDAD ALIMENTARIA
4955,8052200014,"DOCTORADO EN CIENCIAS CON ORIENTACIÓN EN MATERIALES, NANOCIENCIAS Y QUÍMICA ORGÁNICA"
4956,6091316008,ESPECIALIZACIÓN EN GINECOLOGÍA Y OBSTETRICIA
4957,8062200007,DOCTORADO EN TECNOLOGÍA DE INFORMACIÓN Y NEGOCIOS ELECTRÓNICOS
4958,7071600019,MAESTRÍA EN INGENIERÍA AMBIENTAL Y DESARROLLO SUSTENTABLE
4959,7031400001,MAESTRÍA EN DESARROLLO Y SECTORIAL ESTRATÉGICO
4960,7042200032,MAESTRÍA EN DIRECCIÓN Y GESTIÓN DE NEGOCIOS GASTRONÓMICOS
4961,7012500028,MAESTRÍA EN INVESTIGACIÓN Y DOCENCIA ODONTOLÓGICA
4962,7031500039,MAESTRÍA EN ORIENTACIÓN Y DESARROLLO FAMILIAR
4963,7093204005,MAESTRÍA EN CIENCIAS ODONTOLÓGICAS: ORTODONCIA
4964,7031100159,MAESTRÍA EN PSICOLOGÍA DEL TRABAJO Y DE LAS ORGANIZACIONES
4965,7062200058,MAESTRÍA EN TECNOLOGÍAS DE INFORMACIÓN Y NEGOCIOS ELECTRÓNICOS
4966,7021100015,MAESTRÍA EN BIENES CULTURALES DE ORIGEN ECLESIÁSTICO
4967,7031300046,MAESTRÍA EN CIENCIAS Y GESTIÓN POLÍTICA
4968,6095300003,ESPECIALIDAD EN CIENCIAS DE LABORATORIO CLÍNICO
4969,6011400007,ESPECIALIDAD EN DOCENCIA DIGITAL
4970,6041200035,ESPECIALIDAD EN GESTIÓN DE COMUNIDADES VIRTUALES
4971,6031100058,ESPECIALIDAD EN TANATOLOGÍA HUMANISTA
4972,7012200010,MAESTRÍA EN ESTRATEGIAS DIDÁCTICAS APLICADAS EN PRIMARIA
4973,7012300017,MAESTRÍA EN ESTRATEGIAS DIDÁCTICAS APLICADAS EN SECUNDARIA
4974,7012100007,MAESTRIA EN ESTRATEGIAS DIDÁCTICAS APLICADAS A PREESCOLAR
4975,7052100003,MAESTRIA EN CIENCIAS FISICAS
4976,6033100101,ESPECIALIDAD EN SISTEMAS DE JUSTICIA PARA ADOLESCENTES
4977,7041400048,MAESTRIA EN ESTUDIOS FISCALES
4978,6091315004,ESPECIALIDAD EN GERIATRÍA Y REHABILITACIÓN
4979,6092202008,ESPECIALIDAD EN ENFERMERÍA EN TERAPIA INTENSIVA
4980,7031400030,MAESTRÍA EN DESARROLLO ECONÓMICO Y SECTORIAL ESTRATÉGICO
4981,7042500095,MAESTRÍA EN ADMINISTRACIÓN Y DIRECCIÓN DEPORTIVA
4982,7021400018,MAESTRÍA EN ARTE CINEMATOGRÁFICO Y MULTIMEDIA
4983,7033100196,MAESTRÍA EN ARGUMENTACIÓN JUDICIAL
4984,7071400005,MAESTRÍA EN PETROQUÍMICA E INGENIERÍA BÁSICA
4985,7091317001,MAESTRÍA EN LABORATORIO DE HEMATOLOGÍA
4986,8051100018,DOCTORADO EN CIENCIAS CON ORIENTACIÓN EN MICROBIOLOGÍA
4987,7052100025,MAESTRÍA EN ASTROFÍSICA PLANETARIA Y TECNOLOGÍAS AFINES
4988,8062200008,DOCTORADO EN INGENIERÍA CON ORIENTACIÓN EN TECNOLOGÍAS DE LA INFORMACIÓN
4989,7052200015,MAESTRÍA EN CIENCIAS DE LA INGENIERÍA CON ORIENTACIÓN EN NANOTECNOLOGÍA
4990,7033100197,MAESTRIA EN MECANISMOS DE SOLUCIÓN DE CONTROVERSIAS
4991,7011400037,MAESTRÍA EN TECNOLOGÍAS EDUCATIVAS
4992,6095500001,ESPECIALIDAD EN OPTOMETRÍA FUNCIONAL
4993,7072100003,"MAESTRÍA EN CIENCIAS CON ACENTUACIÓN EN: ALIMENTOS, ENTOMOLOGÍA MÉDICA, MANEJO Y ADMINISTRACIÓN DE R"
4994,7033100198,MAESTRÍA EN DERECHO PENAL CON FORMACIÓN EN SISTEMA ACUSATORIO ADVERSARIAL
4995,7033100199,MAESTRÍA EN DERECHO CIVIL CON FORMACIÓN EN JUICIOS ORALES
4996,7033100200,MAESTRÍA EN DERECHO LABORAL CON FORMACIÓN EN MEDIOS ALTERNATIVOS
4997,7033100201,MAESTRÍA EN DERECHO CONSTITUCIONAL Y AMPARO CON FORMACIÓN EN DERECHOS HUMANOS
4998,7033100202,MAESTRÍA EN MEDIOS ALTERNATIVOS EN SOLUCIÓN DE CONFLICTOS
4999,8042500009,DOCTORADO EN GESTIÓN Y POLÍTICA EDUCATIVA
5000,6021400009,ESPECIALIDAD EN ANIMACION E INTERACTIVIDAD ENRIQUECIDA
5001,7042500082,MAESTRÍA EN GESTIÓN Y ADMINISTRACIÓN EN SALUD PUBLICA
5002,8042500010,DOCTORADO EN GESTIÓN Y POLÍTICA EDUCATIVA
5003,7081100001,MAESTRÍA EN CIENCIAS EN BIOPROSPECCIÓN Y SUSTENTABILIDAD AGRÍCOLA EN EL TRÓPICO
5004,7031100160,MAESTRÍA EN INTERVENCIÓN PSICOTERAPEÚTICA
5005,7081100069,MAESTRÍA EN CIENCIAS EN AGROECOSISTEMAS SOSTENIBLES
5006,6071100004,ESPECIALIDAD EN DISEÑO MECATRONICO
5007,8033100035,DOCTORADO EN DERECHO Y ARGUMENTACIÓN JURÍDICA
5008,8031500007,DOCTORADO EN FAMILIA
5009,8012702003,DOCTORADO EN EDUCACIÓN ESPECIAL
5010,7041400046,MAESTRÍA EN CONTRIBUCIONES TRIBUTARIAS
5011,7042100231,MAESTRÍA EN ADMINISTRACIÓN CON ACENTUACIÓN EN FINANZAS Y CAPITAL HUMANO
5012,7012702022,MAESTRÍA EN AUDICIÓN Y LENGUAJE
5013,7062200059,MAESTRÍA EN DIRECCIÓN DE TECNOLOGÍA DE INFORMACIÓN Y COMUNICACIONES
5014,7011200063,MAESTRÍA EN TECNO INNOVACIÓN EDUCATIVA
5015,7042100232,MAESTRÍA EN ALTA DIRECCIÓN Y GESTIÓN EMPRESARIAL
5016,7042100011,MAESTRÍA EN DIRECCIÓN DE PROYECTOS PRODUCTIVOS
5017,7071700004,MAESTRÍA EN INGENIERÍA INDUSTRIAL Y DE SISTEMAS
5018,7072000016,MAESTRÍA EN INGENIERÍA DEL PRODUCTO
5019,6042100068,ESPECIALIDAD EN COMPETITIVIDAD E INNOVACIÓN EMPRESARIAL
5020,6041200036,ESPECIALIDAD EN ESTRATEGIAS DE MERCADOTECNIA Y COMERCIALIZACIÓN
5021,6042100069,ESPECIALIDAD EN GESTIÓN DEL CAMBIO ORGANIZACIONAL
5022,7042000022,MAESTRÍA EN INNOVACIÓN
5023,7042400038,MAESTRÍA EN GESTIÓN DE LA INGENIERÍA
5024,6031100059,ESPECIALIDAD EN CLÍNICA PSICOANALÍTICA
5025,6011100027,ESPECIALIDAD EN EDUCACIÓN PARA EL DESARROLLO HUMANO SUSTENTABLE
5026,6031100060,ESPECIALIDAD EN CLÍNICA SISTÉMICA
5027,6042100070,ESPECIALIDAD EN RESPONSABILIDAD SOCIAL Y SOSTENIBILIDAD EN LAS ORGANIZACIONES
5028,6033100102,ESPECIALIDAD EN DERECHO ENERGÉTICO
5029,8062200009,DOCTORADO EN INGENIERÍA CON ORIENTACIÓN EN COMPUTACIÓN Y MECATRÓNICA
5030,8033100003,DOCTORADO EN DERECHOS HUMANOS
5031,8041300004,DOCTORADO EN FINANZAS
5032,7033100203,MAESTRÍA EN JUICIOS ORALES Y PROCESO PENAL ACUSATORIO
5033,7042100233,MAESTRÍA EN LOGÍSTICA Y ADMINISTRACIÓN EN LA CADENA DE SUMINISTROS
5034,7104100004,MAESTRÍA EN SEGURIDAD CIUDADANA
5035,7021600015,MAESTRÍA EN DISEÑO ESTRATEGICO DIGITAL
5036,7021400019,MAESTRIA EN GESTION DE LA FOTOGRAFIA
5037,7012000050,MAESTRIA EN EDUCACION Y DESARROLLO DE LA PRACTICA EDUCATIVA
5038,7033100001,MAESTRÍA EN DERECHOS HUMANOS Y PERSPECTIVA DE GÉNERO
5039,7042500083,MAESTRÍA EN ADMINISTRACIÓN DE HOSPITALES Y SISTEMAS DE SALUD
5040,7011400026,MAESTRÍA EN EDUCACIÓN CON ÉNFASIS EN EDUCACIÓN TECNOLÓGICA
5041,7091316003,MAESTRÍA EN GINECOLOGÍA Y OBSTETRICIA
5042,7042100234,"MAESTRÍA EN DIRECCIÓN ESTRATÉGICA CON ENFOQUE EN GERENCIA, EMPRESAS FAMILIARES Y MARKETING"
5043,6021600011,ESPECIALIDAD EN ARQUITECTURA DE INTERIORES
5044,7011400035,MAESTRÍA EN DOCENCIA Y AMBIENTES VIRTUALES
5045,7031100161,MAESTRÍA EN PSICOLOGÍA INFANTOJUVENIL
5046,7031300047,MAESTRÍA EN ANÁLISIS POLÍTICO
5047,7042300051,"MAESTRÍA EN GESTIÓN, DESARROLLO Y GOBIERNO"
5048,7022200015,MAESTRÍA EN LINGÜÍSTICA APLICADA A LA ENSEÑANZA DEL INGLÉS
5049,8021100001,DOCTORADO INTERINSTITUCIONAL EN ARTE Y CULTURA
5050,7041100058,"MAESTRÍA EN LOGÍSTICA, DESPACHO Y DEFENSA DEL COMERCIO INTERNACIONAL"
5051,7051300059,MAESTRÍA EN MEDIO AMBIENTE CON ENFOQUE EN SUSTENTABILIDAD
5052,7081100070,MAESTRÍA INTERNACIONAL EN AGRICULTURA PROTEGIDA
5053,8033100036,"DOCTORADO EN ESTUDIOS JURÍDICOS, POLÍTICOS Y DE GOBIERNO"
5054,6041300019,ESPECIALIDAD EN METODOS CUANTITATIVOS EN FINANZAS
5055,7073100076,MAESTRIA EN ARQUITECTURA Y SOSTENIBILIDAD
5056,8032100001,DOCTORADO EN INVESTIGACION DE LA COMUNICACION
5057,7032100039,MAESTRÍA EN GUIÓN
5058,7042100235,MAESTRÍA EN ADMINISTRACIÓN DE EMPRESAS PARA LA SUSTENTABILIDAD
5059,8042100027,DOCTORADO EN GESTIÓN Y POLÍTICAS DE INNOVACIÓN
5060,6042100071,ESPECIALIDAD EN GESTIÓN ESTRATÉGICA DE LA INNOVACIÓN Y LA PROPIEDAD INDUSTRIAL
5061,8052200015,DOCTORADO EN NANOCIENCIAS Y MICRO-NANOTECNOLOGÍAS
5062,6073100019,ESPECIALIDAD EN ARQUITECTURA Y DISEÑO SUSTENTABLE
5063,6021600010,ESPECIALIDAD EN DISEÑO INTERIOR ARQUITECTÓNICO
5064,6091335007,ALTA ESPECIALIDAD EN GLAUCOMA
5065,6091332006,ALTA ESPECIALIDAD EN BRONCOSCOPIA Y NEUMOLOGÍA INTERVENCIONISTA
5066,6091332007,ESPECIALIZACIÓN EN CUIDADOS RESPIRATORIOS CON APLICACIÓN EN BRONCOSCOPIA Y PROCEDIMIENTOS PLEUROPULMONARES ESPECIALES
5067,6091332008,ESPECIALIZACIÓN EN CUIDADOS RESPIRATORIOS CON APLICACIÓN EN LABORATORIO DE FUNCIÓN PULMONAR
5068,7031100162,MAESTRÍA EN PSICOLOGÍA DE LAS ORGANIZACIONES
5069,7073100013,MAESTRÍA EN PLANEACION ESTRATEGICA DE CIUDADES
5070,6021200002,ESPECIALIDAD EN EJECUCIÓN MUSICAL
5071,7042500084,MAESTRÍA EN GESTIÓN DE SERVICIOS DE SALUD
5072,7041300045,MAESTRÍA EN ADMINISTRACIÓN CON ACENTUACIÓN  EN FINANZAS CAPITAL HUMANO
5073,7041200008,MAESTRÍA EN ADMINISTRACIÓN Y MERCADOTECNIA
5074,7041200092,MAESTRÍA EN INTELIGENCIA DE MERCADOS
5075,7031100186,MAESTRÍA EN CRECIMIENTO Y DESARROLLO HUMANO
5076,8095600013,DOCTORADO EN SALUD PUBLICA Y GESTIÓN  SANITARIA
5077,7042500043,MAESTRIA EN ADMINISTRACIÓN DE LA EDUCACIÓN SUPERIOR
5078,7031100163,MAESTRIA  EN TERAPIA FAMILIAR PARA LA ATENCIÓN DE ADICCIONES Y VIOLENCIA
5079,7031100164,MAESTRÍA EN TERAPIA FAMILIAR SISTÉMICO – RELACIONAL
5080,7033100204,MAESTRÍA EN SISTEMAS ALTERNATIVOS DE RESOLUCIÓN DE CONTROVERSIAS
5081,7051200023,MAESTRÍA EN CIENCIAS EN ECOLOGÍA Y BIOTECNOLOGÍA
5082,6021100008,ESPECIALIDAD EN DISEÑO Y ASESORÍA DE IMAGEN PERSONAL
5083,7011200065,MAESTRIA EN EDUCACIÓN CON ACENTUACIÓN EN INNOVACIÓN Y GESTIÓN DE LA CALIDAD.
5084,7042100062,"MAESTRÍA EN ADMINISTRACIÓN (CONTABILIDAD GERENCIAL, ADMINISTRACIÓN FINANCIERA, AUDITORÍA, FISCAL, TE"
5085,6031100061,ESPECIALIDAD EN ORIENTACIÓN PSICOLÓGICA
5086,7033100005,MAESTRÍA EN ADMINISTRACIÓN ÁREA DERECHO Y CORPORATIVO Y FINANZAS
5087,6011200015,ESPECIALIDAD EN POLÍTICA Y GESTIÓN DE LA EVALUACION EDUCATIVA
5088,6031300002,ESPECIALIDAD EN POLÍTICA Y GESTIÓN DEL DESARROLLO SOCIAL
5089,8011200002,DOCTORADO EN INVESTIGACION PARA LA EDUCACION
5090,6012000015,ESPECIALIDAD EN DOCENCIA CON OPCIÓN MAESTRÍA EN DOCENCIA
5091,7033100009,MAESTRÍA FISCAL EN EL AREA DE SEGURIDAD SOCIAL
5092,7033100010,MAESTRIA FISCAL EN EL AREA DE MEDIOS DE DEFENSA
5093,6091342001,ESPECIALIDAD EN CIRUGIA ENDOSCOPICA PEDIATRICA
5094,7012703001,MAESTRIA EN CIENCIAS DE LA EDUCACION Y ANDRAGOGIA
5095,6091345007,ESPECIALIDAD EN DIABETES MELLITUS EN EL NIÑO Y EL ADOLECENTE
5096,6091331001,ESPECIALIDAD EN TRANSPLANTE RENAL
5097,7031100165,MAESTRÍA EN COACHING TRANSPERSONAL
5098,8033100004,DOCTORADO EN ADMINISTRACIÓN DE JUSTICIA
5099,7073100015,MAESTRÍA EN GESTIÓN Y DESARROLLO URBANO
5100,6033100103,ESPECIALIDAD EN DERECHO COMPARADO
5101,7042100236,MAESTRÍA EN MARCO LEGAL Y ADMINISTRATIVO DE LAS EMPRESAS
5102,7042100237,MAESTRÍA EN ADMINISTRACIÓN DE NEGOCIOS PARA EJECUTIVOS
5103,6071200005,ESPECIALIDAD EN EFICIENCIA ENERGÉTICA Y DOMÓTICA
5104,6092208001,ESPECIALIDAD EN ENFERMERÍA NEFROLÓGICA
5105,6042000004,ESPECIALIDAD EN EVALUACIÓN Y Y GESTIÓN PARA RESULTADOS
5106,7072400001,MAESTRÍA EN ADMINISTRACIÓN Y ECONOMÍA MINERA
5107,6042100072,ESPECIALIDAD EN DIRECCIÓN DEL CAPITAL HUMANO
5108,6072000008,ESPECIALIDAD EN ENVASE Y EMBALAJE
5109,8031100025,DOCTORADO EN INVESTIGACIÓN EN PSICOANALISIS
5110,7042000023,MAESTRÍA EN PROYECTOS DE INVERSIÓN URBANO SUSTENTABLES
5111,8071300019,DOCTORADO EN CIENCIAS EN ELECTRÓNICA
5112,7031100166,MAESTRÍA EN PRÁCTICAS COLABORATIVAS Y DIALÓGICAS
5113,8042100014,DOCTORADO EN ALTA DIRECCIÓN Y NEGOCIOS
5114,7042100238,MAESTRÍA EN ADMINISTRACIÓN GERENCIAL
5115,7012200002,MAESTRÍA EN EDUCACION BASICA CON ACENTUACION EN PREESCOLAR Y PRIMARIA
5116,7012601007,MAESTRÍA EN EDUCACION FISICA EN EL AREA DE RECREACION Y ADMINISTRACIÓN DEL TIEMPO LIBRE
5117,7033100205,MAESTRÍA EN DERECHO AMBIENTAL
5118,6031500002,ESPECIALIDAD EN PREVENCIÓN SOCIAL Y TRATAMIENTO DE ADOLESCENTES
5119,6092208007,ESPECIALIDAD EN ENFERMERIA NEFROLOGIA
5120,6031100062,ESPECIALIDAD EN PSICOTERAPIA INFANTIL HUMANISTA INTEGRATIVA
5121,6031100063,ESPECIALIDAD EN PSICOTERAPIA HUMANISTA INTEGRATIVA
5122,7031100167,MAESTRÍA EN PSICOTERAPIA HUMANISTA INTEGRATIVA
5123,7031100168,MAESTRÍA EN PSICOTERAPIA INFANTIL HUMANISTA INTEGRATIVA
5124,7011300025,MAESTRÍA EN PSICOPEDAGOGÍA E INNOVACIÓN EDUCATIVA
5125,7031100169,MAESTRÍA EN INTERVENCION PSICOLÓGICA MULTIDISCIPLINARIA
5126,7033100206,MAESTRÍA EN JUICIOS ORALES EN EL PROCEDIMIENTO ADVERSARIAL ACUSATORIO
5127,7042100239,MAESTRÍA EN GESTIÓN Y DESARROLLO EMPRESARIAL
5128,7011300026,MAESTRÍA EN DESARROLLO HUMANO CON ORIENTACIÓN PEDAGÓGICA
5129,8042100028,DOCTORADO EN INNOVACIÓN Y ADMINISTRACIÓN DE LAS ORGANIZACIONES
5130,7031100170,MAESTRÍA INTERVENCIÓN  PSICOLÓGICA  MULTIDISCIPLINAR
5131,7033100207,MAESTRÍA EN JUICIOS ORALES EN EL PROCEDIMIENTO ADVERSIAL ACUSATORIO
5132,8042100029,DOCTORADO INNOVACIÓN Y ADMINISTRACIÓN DE LAS ORGANIZACIONES
5133,6033100104,ESPECIALIDAD EN DERECHO COMPARADO
5134,6033100105,ESPECIALIDAD EN ESTUDIOS DIPLOMATICOS
5135,6022200007,ESPECIALIDAD EN TERMINOLOGÍA
5136,6033100106,ESPECIALIDAD EN DERECHO PROCESAL ACUSATORIO
5137,8011200003,DOCTORADO EN INVESTIGACIÓN Y DOCENCIA
5138,7073100091,MAESTRÍA EN CONSERVACIÓN Y RESTAURACIÓN DEL PATRIMONIO HISTÓRICO EDIFICADO
5139,6021100005,ESPECIALIDAD EN CONSERVACIÓN Y RESTAURACIÓN DEL PATRIMONIO HISTÓRICO EDIFICADO
5140,7051300060,MAESTRÍA EN DESARROLLO SUSTENTABLE Y GESTIÓN AMBIENTAL
5141,6104100003,ESPECIALIDAD EN EVALUACIÓN AMBIENTAL Y PROTECCIÓN CIVIL
5142,6031200011,ESPECIALIDAD EN ANTROPOLOGÍA FORENSE
5143,7012400021,MAESTRÍA EN MATEMÁTICA EDUCATIVA Y DOCENCIA
5144,7042100262,MAESTRÍA EN CALIDAD TOTAL SEIS SIGMA
5145,7011200062,MAESTRÍA EN GESTIÓN E INTERVENCIÓN EDUCATIVA
5146,6092202009,ESPECIALIDAD EN ENFERMERÍA CON ÉNFASIS EN ENFERMERÍA EN CUIDADOS INTENSIVOS
5147,6092204006,ESPECIALIDAD EN ENFERMERÍA CON ÉNFASIS EN ENFERMERÍA EN SALUD PÚBLICA Y COMUNITARIA
5148,6092207005,ESPECIALIDAD EN ENFERMERÍA CON ÉNFASIS EN ENFERMERÍA QUIRURGICA
5149,8042100015,DOCTORADO EN GESTIÓN ESTRATÉGICA DE NEGOCIOS
5150,6092206008,ESPECIALIDAD EN ENFERMERÍA CON ÉNFASIS EN ENFERMERÍA PEDIÁTRICA
5151,6092100002,ESPECIALIDAD EN ENFERMERÍA CON ÉNFASIS EN GERENCIA DE CUIDADOS DE ENFERMERÍA
5152,7031100171,MAESTRÍA EN PSICOLOGÍA CLÍNICA Y EDUCATIVA
5153,7072400014,MAESTRÍA EN INGENIERÍA EN GAS Y PETRÓLEO
5154,7022200014,MAESTRÍA EN COMPETENCIAS TRADUCTORAS
5155,7103100008,"MAESTRÍA EN CIENCIAS ÁREA SALUD, SEGURIDAD E HIGIENE EN EL TRABAJO"
5156,7031100004,MAESTRÍA EN PSICOLOGÍA DE LA EDUCACIÓN
5157,7051300003,MAESTRÍA EN PATRIMONIO Y DESARROLLO SUSTENTABLE
5158,6073100002,ESPECIALIDAD EN PATRIMONIO Y DESARROLLO SUSTENTABLE
5159,8101100002,DOCTORADO EN INVESTIGACIÓN EN CIENCIAS DEL DEPORTE
5160,6033100107,ESPECIALIDAD EN JUICIOS ORALES EN EL SISTEMA ACUSATORIO ADVERSARIAL
5161,7031400032,MAESTRÍA EN CIENCIAS ECONÓMICO ADMINISTRATIVAS
5162,7095200014,MAESTRÍA EN CIENCIAS EN BIOMEDICINA
5163,7042100030,MAESTRÍA EN ESTRATEGIA DE NEGOCIOS INTERNACIONALES
5164,6033100108,"ESPECIALIDAD EN DERECHO FAMILIAR, CIVIL Y MERCANTIL"
5165,7042300052,MAESTRÍA EN GESTIÓN E INNOVACIÓN PÚBLICA
5166,6033100109,ESPECIALIDAD EN JUSTICIA CONSTITUCIONAL Y AMPARO
5167,7031100189,MAESTRÍA EN CIENCIAS EN NEUROMETABOLISMO
5168,7032100040,MAESTRÍA EN COMUNICACIÓN Y CULTURA DIGITAL
5169,7021100004,MAESTRÍA EN ARTE CONTEMPORÁNEO Y CULTURA VISUAL
5170,6091337007,ESPECIALIDAD MÉDICA Y QUIRÚRGICA DE LOS PADECIMIENTOS DE LA COLUMNA VERTEBRAL
5171,8031200002,"DOCTORADO EN ESTUDIOS INTERDISCIPLINARIOS EN PENSAMIENTO, CULTURA Y SOCIEDAD"
5172,7041100059,MAESTRÍA EN AGRONEGOCIOS INTERNACIONALES
5173,7042100240,MAESTRÍA EN ADMINISTRACIÓN CORPORATIVA
5174,8082100003,DOCTORADO EN PRODUCCIÓN Y SANIDAD ANIMAL
5175,7042100241,MAESTRÍA EN GESTIÓN DE LA CALIDAD Y PRODUCTIVIDAD
5176,6033100110,ESPECIALIDAD PARA DEFENSORES EN SISTEMA PROCESAL PENAL ACUSATORIO Y ORAL
5177,8042100030,DOCTORADO EN DIRECCIÓN  Y GESTIÓN DE LAS ORGANIZACIONES
5178,7042200033,MAESTRÍA EN ADMINISTRACIÓN GASTRONÓMICA
5179,7033200022,MAESTRÍA EN CIENCIAS PENALES Y FORENSES
5180,6091313008,ESPECIALIDAD EN GASTROENTEROLOGÍA Y NUTRICIÓN PEDIÁTRICA
5181,6091313001,ESPECIALIDAD EN CIRUGÍA BARIÁTRICA Y METABÓLICA
5182,6091304018,ESPECIALIDAD EN HEMODINAMÍA Y CARDIOLOGÍA INTERVENCIONISTA
5183,7021600016,MAESTRÍA EN DISEÑO Y DESARROLLO DEL PRODUCTO
5184,6021100006,ESPECIALIDAD EN MUSEOGRAFÍA PRACTICA
5185,7022000005,MAESTRÍA EN HUMANISMO Y CULTURAS
5186,6092202010,"ESPECIALIDAD EN ENFERMERÍA CON ÉNFASIS EN ENFERMERÍA EN CUIDADOS INTENSIVOS, GERENCIA DE CUIDADOS DE"
5187,7033200023,MAESTRÍA EN CRIMINALÍSTICA Y CIENCIAS FORENSES
5188,7073100016,MAESTRÍA EN DISEÑO BIOCLIMÁTICO
5189,8073100005,DOCTORADO EN DISEÑO BIOCLIMÁTICO
5190,7011400027,MAESTRÍA EN DESARROLLO DE ENTORNOS VIRTUALES DE APRENDIZAJE
5191,7031300057,MAESTRÍA EN ESTUDIOS PARLAMENTARIOS
5192,7011400028,MAESTRÍA EN TECNOLOGÍA INFORMÁTICA EDUCATIVA
5193,7071500008,MAESTRÍA EN INGENIERÍA Y TECNOLOGÍA APLICADA
5194,6021100007,ESPECIALIDAD EN GESTIÓN CULTURAL
5195,7033100208,MAESTRÍA EN SISTEMA PENAL ACUSATORIO Y ADVERSARIAL
5196,6033100111,ESPECIALIDAD EN PROCEDIMIENTO ACUSATORIO Y ORAL
5197,6031100070,ESPECIALIDAD EN EDUCACIÓN INTEGRAL DE LA SEXUALIDAD
5198,7011300035,"MAESTRÍA EN GESTIÓN DE LA CONVIVENCIA EN LA ESCUELA, VIOLENCIA, DERECHOS HUMANOS Y CULTURA DE PAZ"
5199,6101600002,ESPECIALIDAD EN HOTELERÍA
5200,7031100172,"MAESTRÍA EN TANATOLOGÍA, DUELO Y SENTIDO DE VIDA"
5201,7033100209,MAESTRÍA EN DERECHO EN EL SISTEMA DE JUSTICIA PENAL ACUSATORIO
5202,7081100071,MAESTRÍA EN CIENCIAS AGROPECUARIAS DE ZONAS ÁRIDAS Y COSTERAS
5203,7051300005,MAESTRÍA EN ECONOMÍA DEL MEDIO AMBIENTE Y DE LOS RECURSOS NATURALES
5204,7011100041,MAESTRÍA EN LIDERAZGO EDUCATIVO
5205,7021600017,MAESTRÍA EN DISEÑO Y DESARROLLO DE PRODUCTOS
5206,7073100077,MAESTRÍA EN DISEÑO Y ESTUDIOS URBANOS
5207,8073100015,DOCTORADO EN DISEÑO Y ESTUDIOS URBANOS
5208,6073100020,"ESPECIALIZACIÓN EN DISEÑO, PLANIFICACIÓN Y CONSERVACIÓN DE PAISAJES Y JARDÍNES"
5209,7073100078,"MAESTRÍA EN DISEÑO, PLANIFICACIÓN Y CONSERVACIÓN DE PAISAJES Y JARDÍNES"
5210,7073100092,"MAESTRÍA EN DISEÑO PARA LA REHABILITACIÓN, RECUPERACIÓN Y CONSERVACIÓN DEL PATRIMONIO CONSTRUIDO"
5211,7021500027,MAESTRÍA EN DISEÑO Y VISUALIZACIÓN DE LA INFORMACIÓN
5212,8021500001,DOCTORADO EN DISEÑO Y VISUALIZACIÓN DE LA INFORMACIÓN
5213,8011200024,DOCTORADO EN CREATIVIDAD E INNOVACIÓN EDUCATIVA
5214,7073100079,MAESTRÍA EN ARQUITECTURA Y VALUACIÓN INMOBILIARIA
5215,7033100210,MAESTRÍA EN DERECHO ESTADOUNIDENSE
5216,7031200068,MAESTRÍA EN GESTIÓN PARA EL DESARROLLO
5217,6012604004,ESPECIALIDAD EN ENSEÑANZA DE LA HISTORIA DE MÉXICO
5218,7012000051,MAESTRÍA EN EDUCACIÓN EN EL CAMPO DE LA PRÁCTICA DOCENTE
5219,7051200035,MAESTRÍA EN CIENCIAS EN BIOTECNOLOGÍA E INNOVACIÓN
5220,8051200034,DOCTORADO EN CIENCIAS EN BIOTECNOLOGÍA E INNOVACIÓN
5221,7041400047,MAESTRIA EN IMPUESTOS Y PLANEACIÓN FISCAL
5222,8012702004,DOCTORADO EN EDUCACIÓN ESPECIAL CON ACENTUACIÓN EN DIVERSIDAD E INCLUSIÓN
5223,7033100211,MAESTRÍA EN GÉNERO Y DERECHOS HUMANOS
5224,8033200006,DOCTORADO EN INVESTIGACIÓN Y DESARROLLO DE LAS CIENCIAS FORENSES
5225,8021600002,DOCTORADO EN DISEÑO Y DESARROLLO DE PRODUCTOS
5226,7033100212,MAESTRÍA EN CIENCIAS JURÍDICO FISCALES
5227,7033200024,MAESTRÍA EN CIENCIAS FORENSES Y PERICIALES
5228,7072000017,MAESTRÍA EN INGENIERÍA EN SISTEMAS PRODUCTIVOS Y DE MANUFACTURA
5229,7031200069,"MAESTRÍA EN ESTUDIOS DE GÉNERO, SOCIEDAD Y CULTURA"
5230,7011500010,TRONCO EN COMÚN EN MAESTRÍA EN EDUCACIÓN
5231,7091328003,MAESTRÍA EN MEDICINA LEGAL Y FORENSE
5232,7042200024,MAESTRÍA EN GESTIÓN EMPRESARIAL TURÍSTICA
5233,8011200021,DOCTORADO EN INNOVACIÓN PARA EL MEJORAMIENTO DE LA CALIDAD EDUCATIVA
5234,7031500002,MAESTRÍA EN MEDIOS ALTERNOS DE SOLUCIÓN DE CONFLICTOS
5235,6092202011,ESPECIALIDAD EN ENFERMERÍA EN CUIDADOS CRÍTICOS
5236,6092202012,ESPECIALIDAD EN ENFERMERÍA EN URGENCIAS
5237,6092206009,ESPECIALIDAD EN ENFERMERÍA EN SALUD MATERNA Y PERINATAL
5238,7042500047,MAESTRÍA EN DIRECCIÓN DE AGRONEGOCIOS
5239,7051300061,MAESTRÍA EN HÁBITAT SUSTENTABLE
5240,7042000024,MAESTRÍA EN INNOVACIÓN Y CALIDAD
5241,7031500040,MAESTRÍA EN CIENCIAS PARA LA FAMILIA
5242,7022100008,MAESTRÍA EN INNOVACIÓN PASTORAL
5243,7061300036,MAESTRÍA EN INGENIERÍA EN INNOVACIÓN DEL SOFTWARE
5244,8061300005,DOCTORADO EN INGENIERÍA EN INNOVACIÓN DEL SOFTWARE
5245,8071300018,DOCTORADO EN SISTEMAS INTELIGENTES
5246,7042000029,MAESTRÍA EN ADMINISTRACIÓN CON TERMINAL EN MERCADOTECNIA
5247,7052100026,MAESTRÍA EN CIENCIAS EN EL ÁREA DE FÍSICA
5248,8052100018,DOCTORADO EN CIENCIAS EN EL ÁREA DE FÍSICA
5249,7012604056,MAESTRÍA EN ENSEÑANZA DE LA HISTORIA
5250,8061100012,"DOCTORADO EN CIENCIAS EN INGENIERÍA ELÉCTRICA, OPCIÓN SISTEMAS COMPUTACIONALES"
5251,7033100213,MAESTRÍA EN DERECHO CON OPCIONES TERMINALES
5252,7011400029,MAESTRÍA EN GESTIÓN DEL APRENDIZAJE EN AMBIENTES VIRTUALES
5253,8031400014,DOCTORADO EN ESTUDIOS ECONÓMICOS
5254,8031300020,DOCTORADO EN POLÍTICAS PÚBLICAS Y DESARROLLO
5255,7042300054,"MAESTRÍA EN CIENCIAS PARA EL DESARROLLO, LA SUSTENTABILIDAD Y EL TURISMO"
5256,8042200004,"DOCTORADO EN CIENCIAS PARA EL DESARROLLO, LA SUSTENTABILIDAD Y EL TURISMO"
5257,7061300022,MAESTRÍA EN INGENIERÍA E INNOVACIÓN DE SOFTWARE
5258,7031300048,MAESTRÍA EN CIENCIA POLÍTICA CON ORIENTACIÓN EN DEMOCRACIAS CONTEMPORÁNEAS
5259,8073100016,"DOCTORADO EN DISEÑO, PLANIFICACIÓN Y CONSERVACIÓN  DE PAISAJES Y JARDINES"
5260,8061100010,DOCTORADO EN CIENCIAS EXACTAS Y SISTEMAS DE INFORMACIÓN
5261,8081100004,"DOCTORADO EN CIENCIAS Y TECNOLOGÍAS AGRÍCOLAS, PECUARIAS Y ALIMENTOS"
5262,7073100080,MAESTRÍA EN PLANEACIÓN URBANA
5263,7012701006,MAESTRÍA EN ATENCIÓN INFANTIL
5264,7011100042,MAESTRÍA EN PROCESOS EDUCATIVOS Y DESARROLLO HUMANO
5265,8033100037,DOCTORADO EN JUICIOS ORALES
5266,7031500041,MAESTRÍA EN DESARROLLO DE LA FAMILIA Y PREVENCIÓN DE LA VIOLENCIA
5267,7091345009,MAESTRÍA EN CIENCIAS CLÍNICAS
5268,7091324002,MAESTRÍA EN MEDICINA DEL DEPORTE
5269,7022600023,MAESTRÍA EN FILOSOFÍA CONTEMPORÁNEA
5270,8022600011,DOCTORADO EN FILOSOFÍA CONTEMPORÁNEA
5271,7042100242,MAESTRÍA EN DIRECCIÓN DE INSTITUCIONES CON CALIDAD HUMANA
5272,7012000052,MAESTRÍA EN PROFESIONALIZACIÓN DOCENTE
5273,6033100112,ESPECIALIDAD EN PROCURACION DE JUSTICIA ELECTORAL
5274,7011300027,"MAESTRÍA EN ORIENTACIÓN EDUCATIVA, VOCACIONAL Y PROFESIONAL"
5275,7033100214,MAESTRÍA EN CIENCIAS DEL DERECHO
5276,6052300002,ESPECIALIDAD EN HIDROGRAFÍA Y CARTOGRAFÍA
5277,6052300008,ESPECIALIDAD EN METEOROLOGÍA MARÍTIMA
5278,6012000016,ESPECIALIDAD EN DOCENCIA POR COMPETENCIAS
5279,7012000053,MAESTRIA EN DOCENCIA POR COMPETENCIAS
5280,7033100215,MAESTRIA EN AMPARO U MEDIOS DE CONTROL DE LA CONSTITUCIONALIDA
5281,6033200015,ESPECIALIDAD EN PERITAJE MEDICO
5282,8072100011,DOCTORADO EN CIENCIAS DE LOS ALIMENTOS Y SALUD HUMANA
5283,6092206010,ESPECIALIDAD EN ENFERMERÍA NEONATAL
5284,6041100043,ESPECIALIDAD EN OPERACIÓN ADUANERA
5285,7051300062,MAESTRÍA EN EDUCACIÓN Y COMUNICACIÓN AMBIENTAL PARTICIPATIVAS
5286,7033100216,MAESTRÍA EN MEDIACIÓN Y CONCILIACIÓN
5287,7042100243,MAESTRÍA EN GESTIÓN ORGANIZACIONAL
5288,7062200060,MAESTRÍA EN TECNOLOGÍAS DE LA INFORMACIÓN PARA LOS NEGOCIOS
5289,6101500011,ESPECIALIDAD EN GASTRONOMÍA PARA EL BIENESTAR
5290,6031300016,ESPECIALIDAD EN DISEÑO E IMPLEMENTACIÓN DE PROYECTOS EN LOS GOBIERNOS LOCALES
5291,7062000001,MAESTRÍA EN DOMÓTICA Y HOGAR DIGITAL
5292,6031100064,ESPECIALIDAD EN INTERVENCIÓN PSICOTERAPÉUTICA EN ADICCIONES
5293,6031500003,ESPECIALIDAD EN INTERVENCIÓN PREVENTIVA EN ADICCIONES
5294,8101100003,DOCTORADO EN CULTURA FÍSICA Y DEPORTE
5295,7101100019,MAESTRÍA EN ACTIVIDAD FÍSICA Y DEPORTE
5296,8053200001,DOCTORADO EN ANÁLISIS CUANTITATIVO Y DE RIESGO
5297,8104200001,DOCTORADO EN SEGURIDAD INTERNACIONAL
5298,6071500005,ESPECIALIDAD EN DISEÑO DE MOVILIDAD AUTOMOTRIZ
5299,6022600005,ESPECIALIDAD EN ESTUDIOS DE BIOETICA
5300,7073100081,MAESTRÍA EN ARQUITECTURA Y FABRICACION DIGITAL
5301,7033100217,MAESTRIA EN DERECHO DE LA PROPIEDAD INTELECTUAL
5302,7042300055,MAESTRÍA EN GESTIÓN DE DESTINOS TURÍSTICOS
5303,7012702023,MAESTRIA EN INCLUSIÓN DE PERSONAS CON DISCAPACIDAD
5304,7071500012,MAESTRÍA EN INGENIERÍA DE DISEÑO AUTOMOTRÍZ
5305,7033100218,MAESTRÍA EN DERECHO DE LAS EMPRESAS
5306,7041200087,MAESTRÍA EN MERCADOTECNIA Y GERENCIA DE MARCAS
5307,7041100004,MAESTRÍA EN LOGISTICA Y COMERCIO INTERNACIONAL
5308,7041300037,MAESTRÍA EN FINANZAS CORPORATIVAS Y BURSATILES
5309,7031100173,MAESTRÍA EN PSICOLOGÍA EMPRESARIAL
5310,8011200025,DOCTORADO EN CALIDAD EDUCATIVA
5311,7031300054,MAESTRÍA EN GOBERNABILIDAD PÚBLICA
5312,7041200007,MAESTRÍA EN MARKETING POLÍTICO Y ELECTORAL
5313,7031500042,MAESTRÍA EN TERAPIA INTEGRAL DE ADICCIONES
5314,7031100174,MAESTRÍA EN PSICOTERAPIA TRANSGENERACIONAL
5315,6061300018,ESPECIALIDAD EN TECNOLOGÍAS WEB Y DISPOSITIVOS MÓVILES
5316,7021600018,MAESTRÍA EN DISEÑO Y NEGOCIO
5317,7073200030,MAESTRÍA EN TECNOLOGÍAS Y GESTIÓN DE LA CONSTRUCCIÓN
5318,8011100015,DOCTORADO EN PEDAGOGÍA CON FORMACIÓN EN DESARROLLO DOCENTE
5319,7031100175,MAESTRÍA EN PSICOLOGÍA ORGANIZACIONAL Y RECURSOS HUMANOS
5320,8011300002,DOCTORADO EN PSICOPEDAGOGÍA
5321,7033100219,MAESTRÍA EN DERECHO PROCESAL ELECTORAL
5322,7033100220,MAESTRÍA EN PROCESAL MERCANTIL
5323,7033100221,MAESTRÍA EN DERECHOS HUMANOS Y PROCESAL CONSTITUCIONAL
5324,7033100222,MAESTRÍA EN DERECHO PROCESAL MERCANTIL
5325,7101500009,MAESTRÍA EN COCINA MEXICANA
5326,7101500010,MAESTRÍA EN CHOCOLATERÍA
5327,7042200034,MAESTRÍA EN DIRECCIÓN DE RESTAURANTES Y HOTELES
5328,6101300003,ESPECIALIDAD EN ESTILISMO Y BIENESTAR PERSONAL
5329,7011300029,MAESTRÍA EN AMBIENTES ESCOLARES LIBRES DE VIOLENCIA Y FUNCIÓN DOCENTE
5330,7033100223,"MAESTRÍA EN DERECHO PROCESAL PENAL, ACUSATORIO Y ORAL"
5331,6042000005,ESPECIALIDAD EN COACHING ADMINISTRATIVO
5332,7021600019,MAESTRÍA EN DISEÑO E INNOVACIÓN INDUSTRIAL
5333,7073100082,MAESTRÍA EN URBANISMO Y TERRITORIO
5334,8011500011,DOCTORADO EN FILOSOFIA CON ESPECIALIDAD EN EDUCACION
5335,7031100176,MAESTRÍA EN PSICOLOGÍA CON ORIENTACIÓN EN CALIDAD DE VIDA Y SALUD
5336,8031100026,DOCTORADO EN PSICOLOGÍA CON ORIENTACIÓN EN CALIDAD DE VIDA Y SALUD
5337,7041200088,MAESTRÍA EN DISEÑO DE IMAGEN
5338,7011100043,MAESTRÍA EN CURRICULUM Y APRENDIZAJE
5339,7042100057,MAESTRÍA EN DESARROLLO EMPRESARIAL Y DE NEGOCIOS MBA
5340,7061300039,MAESTRÍA EN TECNOLOGÍAS DE LA INFORMACIÓN Y LA COMUNICACIÓN CON TERMINALES EN: DESARROLLO DE APLICAC
5341,8072100003,"DOCTORADO EN CIENCIAS CON ACENTUACIÓN (ALIMENTOS, ENTOMOLOGÍA MÉDICA, MANEJO Y ADMINISTRACIÓN DE RECURSOS VEGETALES, MANEJO DE VIDA SILVESTRE Y DESARROLLO SUSTENTABLE, NUTRICIÓN Y TECNOLOGÍA DE ALIMENTOS PARA ORGANISMOS ACUÁTICOS, QUÍMICA DE PRODUCTOS NAT"
5342,7041100001,"MAESTRÍA EN GESTIÓN, CREACIÓN Y CONSULTORÍA EMPRESARIAL PARA EL COMERCIO INTERNACIONAL"
5343,7061300027,MAESTRÍA EN INGENIERÍA EN SISTEMAS COMPUTACIONALES
5344,8061300004,DOCTORADO EN INGENIERÍA DE SISTEMAS
5345,6011500004,"ESPECIALIZACIÓN EN COMPETENCIAS PROFESIONALES PARA LA PRÁCTICA PEDAGÓGICA EN LA EDUCACIÓN BÁSICA,"
5346,6011200019,ESPECIALIDAD EN INNOVACIÓN DE LA GESTIÓN ESCOLAR
5347,6012702005,ESPECIALIDAD EN INTERVENCIÓN INCLUSIVA
5348,6011300007,ESPECIALIDAD EN ASESORÍA ACADÉMICA
5349,6011300008,ESPECIALIDAD EN ASESORÍA TÉCNICO PEDAGÓGICO
5350,6011300009,ESPECIALIDAD EN ASESORÍA TÉCNICO PEDAGÓGICA
5351,6011400011,ESPECIALIZACION EN DOCENCIA VIRTUAL
5352,6012000017,ESPECIALIDAD EN ENSEÑANZA
5353,6101100004,ESPECIALIDAD EN METODOLOGÍA DEL ENTRENAMIENTO DEPORTIVO
5354,6012604007,ESPECIALIDAD EN ENSEÑANZA DE LAS MATEMÁTICAS
5355,6012701005,ESPECIALIDAD EN PUERICULTURA
5356,6012603011,ESPECIALIZACION EN ENSEÑANZA DEL IDIOMA INGLES COMO LENGUA EXTRANJERA
5357,6061300022,ESPECIALIDAD EN DISEÑO DE PROYECTOS WEB
5358,6011400012,ESPECIALIDAD EN DISEÑO DE OBJETOS DE APRENDIZAJE
5359,6041200040,ESPECIALIDAD EN DISEÑO DE PUBLICIDAD
5360,6012604009,ESPECIALIDAD EN ENSEÑANZA DEL ESPAÑOL EN LA EDUCACIÓN BASICA
5361,6011100022,ESPECIALIDAD EN DIDÁCTICA DE LAS CIENCIAS SOCIALES
5362,6031500018,ESPECIALIDAD EN ANÁLISIS E INTERVENCIÓN SOCIO FAMILIAR
5363,6031100065,ESPECIALIDAD EN PSICOTERAPIA HUMANISTA
5364,6031100074,ESPECIALIDAD EN CLINICA COGNITIVO-CONDUCTUAL
5365,6031100075,ESPECIALIDAD EN COMPORTAMIENTO ORGANIZACIONAL
5366,6042100078,ESPECIALIDAD EN EVALUACIÓN DEL FACTOR HUMANO
5367,6042100079,ESPECIALIDAD EN ADMINISTRACIÓN DEL FACTOR HUMANO
5368,6091322006,ESPECIALIDAD EN NEUROTERAPIA Y PSICOMOTRICIDAD INFANTIL
5369,6031100076,ESPECIALIDAD EN PSICOTERAPIA INTEGRATIVA INFANTIL
5370,6031200013,ESPECIALIDAD EN ANTROPOLOGÍA EDUCATIVA
5371,6033100117,ESPECIALIDAD EN DERECHOS HUMANOS Y ADMINISTRACIÓN DE JUSTICIA CON PERSPECTIVA DE GÉNERO
5372,6031500019,ESPECIALIDAD EN PREVENCIÓN DE LA VIOLENCIA EN EL ENTORNO COMUNITARIO
5373,6032100013,ESPECIALIDAD EN PERIODISMO
5374,6042100007,ESPECIALIDAD EN ADMINISTRACIÓN DE PERSONAL
5375,6103100002,"ESPECIALIDAD EN OBLIGACIONES DE SEGURIDAD SOCIAL, SUELDOS Y SALARIOS"
5376,6041100048,ESPECIALIDAD EN VALUACIÓN DE INMUEBLES HISTÓRICOS 
5377,6041200041,ESPECIALIDAD EN PUBLICIDAD E IMAGEN
5378,6041200042,ESPECIALIDAD EN MARKETING DE LA INDUSTRIA DE LUJO
5379,6042100080,ESPECIALIDAD EN DESARROLLO PROFESIONAL
5380,6042100081,ESPECIALIDAD EN CONSULTORIA ESTRATEGICA DE SISTEMAS HUMANOS
5381,6051300008,ESPECIALIDAD EN GESTIÓN INTEGRAL DE RESIDUOS
5382,6042100082,ESPECIALIDAD EN ADMINISTRACIÓN DEL FACTOR HUMANO
5383,6042100083,ESPECIALIDAD EN ADMINISTRACIÓN DE EMPRESAS DE DISEÑO
5384,6042500028,ESPECIALIDAD EN ADMINISTRACIÓN DE LOS SERVICIOS DE ENFERMERÍA
5385,6101500012,ESPECIALIDAD EN COCÍNA INTERNACIÓNAL
5386,6101500014,ESPECIALIDAD EN COCINAS MEXICANAS
5387,6042100084,ESPECIALIDAD EN GESTIÓN DE RECURSOS HUMANOS
5388,6033100113,ESPECIALIDAD EN DEFENSORÍA EN EL SISTEMA PENAL ACUSATORIO
5389,6033100118,ESPECIALIDAD LOS DERECHOS HUMANOS EN EL SISTEMA DE JUSTICIA PENAL ACUSATORIO
5390,6033100119,ESPECIALIDAD EN JUICIOS ORALES Y DERECHOS
5391,6033100120,ESPECIALIDAD EN JUICIOS ORALES Y MÉTODOS ALTERNOS DE JUSTICIA
5392,6033100121,ESPECIALIDAD EN DERECHO ELECTORAL Y ASPECTOS ECONÓMICOS DE LA DEMOCRACIA
5393,6033100122,ESPECIALIDAD EN JUICIOS ORALES Y DERECHOS HUMANOS
5394,6033200016,ESPECIALIDAD EN CIENCIAS FORENSES CON CAMPO EN CRIMINALISTICA
5395,6073100023,ESPECIALIDAD EN CIENCIAS DEL HABITAT
5396,6052100001,ESPECIALIDAD EN FÍSICA MÉDICA CLÍNICA
5397,6051300009,ESPECIALIDAD EN GESTION DE AMBIENTES COSTEROS
5398,6061300023,ESPECIALIDAD EN DESARROLLO WEB
5399,6072300002,ESPECIALIDAD EN TECNOLOGÍAS DE TRANSFORMACIÓN MATERIAL
5400,6071200007,ESPECIALIDAD EN MEDIACIÓN ENERGÉTICA
5401,6071600016,ESPECIALIZACIÓN EN INGENIERÍA AMBIENTAL
5402,6073100024,ESPECIALIDAD EN DISEÑO BIOCLIMÁTICO
5403,6021500016,ESPECIALIDAD EN CÓDIGO CREATIVO PARA DISEÑO
5404,6042100086,ESPECIALIDAD EN DISEÑO DEL MAÑANA: ESCENARIOS Y SOLUCIONES
5405,6072300003,ESPECIALIDAD EN DISEÑO DE JOYERÍA CONTEMPORANEA
5406,6041200043,ESPECIALIDAD EN MERCADOTECNIA DE MODA
5407,6072200001,ESPECIALIDAD EN PRODUCCIÓN DE MODA Y ESTILISMO
5408,6052300009,ESPECIALIDAD EN INGENIERÍA GEOHIDROLÓGICA
5409,6021500017,ESPECIALIDAD EN INNOVACIÓN TIPOGRAFICA
5410,6073100025,ESPECIALIDAD EN PLANEACION URBANA Y CIUDADES SUSTENTABLES
5411,6071200008,ESPECIALIDAD EN ENERGÍAS RENOVABLES
5412,6081100010,ESPECIALIDAD EN NUTRICIÓN Y REPRODUCCIÓN DE OVINOS Y CAPRINOS
5413,6082100010,ESPECIALIDAD EN MEDICINA Y ZOOTECNIA EN FAUNA SILVESTRE
5414,6082100011,ESPECIALIDAD EN MEDICINA Y CIRUGÍA DE PERROS Y GATOS
5415,6091345006,ESPECIALIDADES MEDICAS
5416,6042500024,ESPECIALIDAD EN GERENCIA DE SERVICIOS DE SALUD
5417,6091345008,ESPECIALIDAD EN CIRUGÍA LAPAROSCÓPICA
5418,6091316010,ESPECIALIDAD EN MATERNO INFANTIL
5419,6091335008,ALTA ESPECIALIDAD EN RETINA Y VITRIO
5420,6094200006,"ESPECIALIDAD EN NUTRICIÓN, ACTIVACIÓN FÍSICA Y SALUD"
5421,6101300004,ESPECIALIDAD EN ARTE Y DISEÑO DE MICROPIGMENTACION
5422,6091321007,ESPECIALIDAD EN MEDICINA DEL ENFERMO PEDIÁTRICO CARDIOVASCULAR EN ESTADO CRITICO
5423,6091304019,ESPECIALIDAD EN ELECTROFISIOLOGÌA CARDÍACA PEDIÁTRICA
5424,6091308003,ESPECIALIDAD EN CIRUGÍA PEDIÁTRICA COLORRECTAL
5425,6091340006,ESPECIALIDAD EN CIRUGÍA NEONATAL
5426,6091315005,ESPECIALIDAD EN CLINICA GERONTOLÓGICA
5427,6042500029,ESPECIALIDAD EN ENFERMERÍA EN GESTIÓN Y EDUCACIÓN
5428,6091316011,ESPECIALIDAD EN ENFERMERÍA OBSTETRICA Y GINECOLOGICA
5429,6094100004,ESPECIALIDAD EN TERAPIA FISICA
5430,6042500030,ESPECIALIDAD EN ADMINISTRACIÓN DE LOS SERVICIOS DE EMFERMERIA
5431,6093205005,ESPECIALIDAD EN PERIODONCIA E IMPLANTOLOGÍA
5432,6093206016,ESPECIALIDAD EN CIRUGIA E IMPLANTOLOGIA ORAL
5433,6093206017,ESPECIALIDAD EN REHABILITACION E IMPLANTOLOGIA ORAL
5434,6093206018,ESPECIALIDAD EN ODONTOLOGÍA INTEGRAL
5435,6092208008,ESPECIALIDAD EN ENFERMERÍA PSIQUIÁTRICA Y SALUD MENTAL
5436,6082100012,ESPECIALIDAD EN FISIOTERAPIA Y REHABILITACIÓN DE PEQUEÑAS ESPECIES
5437,6093206019,ESPECIALIDAD EN REABILITACION E IMPLANTOLOGIA ORAL
5438,6031500020,ESPECIALIDAD PARA PROMOCION DE LA SALUD Y PREVENCION DEL COMPORTAMIENTO ADICTIVO
5439,7012000061,MAESTRIA EN FORMACION EN COMPETENCIAS
5440,7012702002,MAESTRIA EN EDUCACIÓN CON CONCENTRACIÓN EN:  EDUCACIÓN ESPECIAL DESARROLLO ORGANIZACIONAL COMPETENCI
5441,7011500014,MAESTRÍA EN EDUCACIÓN PARA LA ENSEÑANZA POR COMPETENCIAS
5442,7011100060,MAESTRÍA EN DIFICULTADES DEL APRENDIZAJE
5443,7011200093,MAESTRÍA EN LIDERAZGO Y GESTIÓN EN EDUCACIÓN
5444,7011200094,MAESTRÍA EN INNOVACIÓN Y GESTIÓN EDUCATIVA
5445,7011200064,MAESTRÍA EN INNOVACIÓN Y PRÁCTICAS EDUCATIVAS
5446,7012604059,MAESTRÍA EN TECNOLOGIAS PARA EL APRENDIZAJE Y EL CONOCIMIENTO
5447,7012000054,MAESTRÍA EN EDUCACIÓN LINEA RECUPERACIÓN Y ANALÍSIS DE LA PRACTICA DOCENTE
5448,7011200095,MAESTRÍA EN EVALUACIÓN PARA LA MEJORA CONTINUA
5449,7012400022,MAESTRÍA EN DOCENCIA PARA LA EDUCACIÓN MEDIA SUPERIOR: PSICOLOGÍA
5450,7012000062,MAESTRÍA EN EDUCACIÓN Y PROCESOS DOCENTES
5451,7042500103,MAESTRÍA EN INNOVACIÓN Y GESTIÓN DEL APRENDIZAJE
5452,7011100061,MAESTRÍA EN PEDAGOGÍA CRÍTICA
5453,7012602007,MAESTRÍA EN EDUCACION CON CAMPO EN FORMACIÓN DOCENTE EN EL ÁMBITO REGIONAL
5454,7011100062,MAESTRÍA EN EDUCACIÓN CAMPO INTERVENCIÓN PEDAGÓGICA Y APRENDIZAJE ESCOLAR
5455,7011100063,MAESTRÍA EN EDUCACIÓN CON ACENTUACIÓN EN EDUCACIÓN OBLIGATORIA
5456,7011100064,MAESTRÍA EN EDUCACIÓN CENTRADA EN LA PERSONA
5457,7012000063,MAESTRÍA EN DOCENCIA EN COMPETENCIAS
5458,7012000064,MAESTRÍA EN EDUCACIÓN EN FORMACIÓN DOCENTE
5459,7011500015,MAESTRÍA EN EDUCACIÓN COMUNAL
5460,7012400019,MAESTRÍA EN COMPETENCIAS PARA LA DOCENCIA EN EDUCACIÓN MEDIA SUPERIOR
5461,7012500032,MAESTRÍA EN CIENCIAS DE LA DOCENCIA MÉDICA
5462,7012604060,MAESTRÍA EN CIENCIAS EN LA ENSEÑANZA DE LAS MATEMÁTICAS
5463,7012602005,MAESTRÍA EN GESTIÓN EDUCATIVA CON ÉNFASIS EN ENSEÑANZA DE LAS ARTES
5464,7012602008,MAESTRÍA EN EDUCACIÓN ARTÍSTICA
5465,7012500029,MAESTRÍA EN DOCENCIA EN ENFERMERÍA
5466,7012604061,MAESTRÍA EN EDUCACIÓN MATEMÁTICAS
5467,7012702025,MAESTRÍA EN EDUCACIÓN CON CONCENTRACIÓN EN EDUCACIÓN ESPECIAL
5468,7042500105,MAESTRÍA EN EDUCACIÓN CON CONCENTRACIÓN EN DESARROLLO ORGANIZACIONAL
5469,7012604062,MAESTRÍA EN EDUCACIÓN CON CONCENTRACIÓN EN COMPETENCIAS PARA LAS MATEMÁTICAS
5470,7012000069,MAESTRÍA EN DESARROLLO DE COMPETENCIAS PARA EL APRENDIZAJE
5471,7011200096,MAESTRIA EN INTERVENCION E INNOVACION PARA EL DESAROLLO EDUCATIVO
5472,7011500016,MAESTRÍA EN EDUCACIÓN CAMPO PRÁCTICA EDUCATIVA
5473,7012603017,MAESTRÍA EN LA ENSEÑANZA DEL INGLÉS COMO LENGUA EXTRANJERA
5474,7012701007,MAESTRIA EN PUERICULTURA
5475,7012702024,MAESTRÍA EN ESTRATEGIAS DE INTERVENCIÓN EN PROBLEMAS DE APRENDIZAJE
5476,7021100024,MAESTRÍA EN CURADURIA DEL ARTE CONTEMPORANEO
5477,7021300017,MAESTRÍA EN ESTUDIOS MUSICALES
5478,7012602009,MAESTRÍA EN EDUCACIÓN Y EXPRESIÓN PARA LAS ARTES
5479,7021300018,MAESTRÍA EN CIENCIAS MUSICALES EN EL ÁREA DE ETNOMUSICOLOGÍA
5480,7021200008,MAESTRÍA EN PRODUCCIÓN  ESCÉNICA
5481,7021400020,MAESTRÍA EN FOTOGRAFÍA
5482,7021400024,MAESTRÍA EN MEDIOS CREATIVOS DIGITALES
5483,7021600025,MAESTRÍA EN INTERIORISMO SUSTENTABLE
5484,7021600026,MAESTRIA EN MODAS
5485,7021600027,MAESTRÍA EN MODAS
5486,7022600025,MAESTRÍA EN INVESTIGACIÓN Y ÉTICA
5487,7021000009,MAESTRIA EN HUMANIDADES Y ARTES
5488,7022100010,MAESTRÍA EN TEOLOGÍA
5489,7022300028,MAESTRÍA EN INVESTIGACIÓN HISTÓRICO-LITERARIA (MIHL)
5490,7022600026,"MAESTRÍA EN FILOSOFÍA, CULTURA Y RELIGIÓN EN LA ÉPOCA CONTEMPORANEA"
5491,7052100001,MAESTRÍA EN CIENCIAS INTERDICIPLINARIAS
5492,7031300062,MAESTRÍA EN IGUALDAD DE GENERO Y DESARROLLO
5493,7031100197,Y MAESTRÍA EN PSICOLOGIA CON CONCENTRACION EN DESARROLLO ORGANIZACIONAL
5494,7031000013,DOCTORADO EN ESTUDIOS INTERDISCIPLINARIOS SOBRE LA CONSTRUCCIÓN CORPORAL
5495,7022500024,MAESTRIA EN ESTUDIOS LATINOAMERICANOS DE OCIO
5496,7031100177,"MAESTRÍA EN PSICOLOGIA CON CONCENTRACIONES EN: PSICOLOGIA CLINICA,TERAPIA FAMILIAR Y DESARROLLO ORGA"
5497,7031100178,MAESTRÍA EN PSICOLOGÍA CLÍNICA Y SALUD CON ENFOQUE COGNITIVO CONDUCTUAL
5498,7031100179,MAESTRÍA EN PSICOLOGÍA CRIMINAL FORENSE
5499,7031100198,MAESTRÍA EN PSICOLOGÍA COGNITIVO CONDUCTUAL
5500,7031100199,MAESTRÍA EN SEXOLOGÍA EDUCATIVA
5501,7031100200,MAESTRIA EN NEUROPSICOLOGIA
5502,7031100201,MAESTRÍA EN PSICOLOGIA CON CONCENTRACIONES EN PSICOLOGIA CLINICA
5503,7031100202,PONER MAESTRÍA EN PSICOLOGIA CON CONCENTRACION EN TERAPIA FAMILIAR
5504,7031100203,MAESTRÍA EN NEUROPSICOLOGIA CLINICA
5505,7031100204,MAESTRÍA EN PSICOLOGÍA DEL DESARROLLO Y DESEMPEÑO ESCOLAR
5506,7031500043,MAESTRIA EN ORIENTACION Y TERAPIA FAMILIAR
5507,7031100205,MAESTRÍA EN PSICOANALISIS CLINICO CONTEMPORANEO
5508,7031100206,MAESTRÍA EN INTERVENCIÓN PSICOLOGICA
5509,7031100207,MAESTRIA EN PSICOLOGIA CLINICA INFANTO JUVENIL
5510,7031100208,MAESTRIA EN TERAPIA FAMILIAR SISTEMICA RELACIONAL
5511,7042100276,MAESTRÍA EN DIRECCIÓN Y GESTIÓN DE RECURSOS HUMANOS
5512,7031100209,MAESTRÍA EN PSICOLOGÍA CLÍNICA CON ORIENTACIÓN EN INTERVENCIÓN
5513,7031100210,MAESTRÍA EN PSICOLOGÍA CLÍNICA LEGAL Y FORENSE
5514,7031100211,MAESTRIA EN PSICOTERAPIA FAMILIAR
5515,7031500044,MAESTRIA EN PREVENCION Y ATENCION DE ADICCIONES
5516,7031200077,MAESTRÍA EN CIENCIAS SOCIALES CON ESPECIALIDAD EN SOCIOLOGÍA
5517,7031300049,MAESTRÍA EN GOBIERNO Y DESARROLLO REGIONAL
5518,7031300050,MAESTRÍA EN GESTIÓN GUBERNAMENTAL Y POLÍTICAS PUBLICAS
5519,7031300051,MAESTRÍA EN GOBIERNO Y ALTA GERENCIA
5520,7031400035,MAESTRÍA EN ESTUDIOS DE LA GLOBALIZACIÓN
5521,7033100242,MAESTRÍA EN DERECHOS HUMANOS Y AMPARO
5522,7031300063,MAESTRÍA EN ESTUDIOS SOBRE LA DEMOCRACIA Y PROCESOS ELECTORALES
5523,7031300064,MAESTRÍA EN RELACIONES INTERNACIONALES Y DERECHOS HUMANOS
5524,7031400036,MAESTRÍA EN CIENCIAS ECONÓMICAS Y SOCIALES
5525,7041300046,MAESTRÍA GLOBAL ESTRATÉGICA EN DIRECCIÓN FINANCIERA
5526,7073100084,MAESTRIA EN PLANEACION Y ORDENAMIENTO TERRITORIAL SOSTENIBLE
5527,7031400037,MAESTRÍA EN ECONOMÍA REGIONAL Y SECTORIAL
5528,7031400038,MAESTRÍA EN RELACIONES ECONÓMICAS INTERNACIONALES Y COOPERACIÓN
5529,7032100041,MAESTRÍA EN PERIODISMO CIENTIFICO
5530,7032200001,MAESTRÍA EN CIENCIAS DE LA INFORMACIÓN DOCUMENTAL
5531,7032100044,MAESTRÍA EN INNOVACION COMUNICATIVA PARA LAS ORGANIZACIONES
5532,7032100045,MAESTRÍA EN COMUNICACIÓN DIGITAL
5533,7042000025,MAESTRÍA EN INDUSTRIAS CULTURALES Y CREATIVAS
5534,7042000026,MAESTRÍA EN ADMINISTRACIÓN DE INDUSTRIAS CULTURALES Y CREATIVAS
5535,7042100277,MAESTRIA EN INNOVACIÓN Y COMPETITIVIDAD
5536,7041100066,MAESTRÍA EN ADMINISTRACIÓN DE NEGOCIOS EN ENTORNOS VIRTUALES
5537,7041100067,MAESTRIA EN ADMINISTRACION DE NEGOCIOS CON CONCENTRACIÓN EN INNOVACIÓN EMPRENDEDORA
5538,7041100068,MAESTRÍA EN ADMINISTRACIÓN DE NEGOCIOS CON CONCENTRACIÓN EN ALTA DIRECCIÓN
5539,7041100069,MAESTRÍA EN ADMINISTRACIÓN DE NEGOCIOS CON CONCENTRACIÓN EN CADENA DE SUMINISTRO
5540,7041100070,MAESTRÍA EN ADMINISTRACIÓN DE NEGOCIOS CON CONCENTRACION EN EMPRENDIMIENTO
5541,7041100071,MAESTRÍA EN ADMINISTRACIÓN DE NEGOCIOS CON CONCENTRACIÓN EN FINANZAS
5542,7041100072,MAESTRIA EN ADMINISTRACION DE NEGOCIOS CON CONCENTRACION EN INNOVACION EMPRENDEDORA
5543,7041100073,MAESTRIA EN ADMINISTRACION DE NEGOCIOS CON CONCENTRACION EN RECURSOS HUMANOS
5544,7011400038,MAESTRÍA EN TECNOLOGÍAS APLICADAS A LA EDUCACIÓN
5545,7042100278,MAESTRIA EN ESTUDIOS DE FUTURO
5546,7051300070,MAESTRIA EN ADMINISTRACION CON ACENTUACION EN SUSTENTABILIDAD Y RECURSOS RENOVABLES
5547,7042100279,MAESTRIA EN ADMINISTRACION CON ACENTUACION EN PLANEACION ESTRATEGICA
5548,7042100058,MAESTRÍA EN ALTA DIRECCIÓN DE RELACIONES COMERCIALES
5549,7042100059,MAESTRIA EN ADMINISTRACIÓN DE NEGOCIOS CON CONCENTRACIÓN EN: ALTA DIRECCIÓN DIRECCIÓN DE SUMINISTRO
5550,7041100074,MAESTRÍA EN EMPRENDIMIENTO E INNOVACIÓN EN LOS NEGOCIOS
5551,7041100075,MAESTRÍA EN CREACIÓN Y ESTRATEGIAS DE NEGOCIOS
5552,7041100076,MAESTRIA EN ADMINISTRACION DE BIENES RAICES
5553,7041100077,MAESTRIA EN VALUACION DE BIENES INMUEBLES
5554,7041200099,MAESTRÍA EN MERCADOTECNIA EN MEDIOS DIGITALES
5555,7041100080,MAESTRIA EN ADMINISTRACION DE NEGOCIOS CON CONCENTRACION EN MERCADOTECNIA
5556,7041200100,MAESTRÍA EN PUBLICIDAD INTEGRAL
5557,7041200101,MAESTRÍA EN MERCADOTECNIA Y MEDIOS DIGITALES
5558,7041200102,MAESTRIA EN PUBLICIDAD ESTRATEGICA
5559,7041200103,MAESTRIA EN PUBLICIDAD ESTRATEGICA
5560,7041200104,MAESTRÍA EN ALTA DIRECCIÓN EN MERCADOTECNIA
5561,7041200105,MAESTRIA EN MARKETING POLITICO
5562,7041200106,MAESTRIA EN MERCADOTECNIA Y ESTRATEGIAS DE COMERCIALIZACION DIGITAL
5563,7041200107,MAESTRÍA EN ESTRATEGIAS E INNOVACIÓN EN MARCAS
5564,7041300047,MAESTRÍA EN ADMINISTRACIÓN DE NEGOCIOS CON ACENTUACIÓN EN FINANZAS
5565,7041100081,MAESTRÍA EN FINANZAS CON ORIENTACIÓN EN NEGOCIOS INTERNACIONALES
5566,7041300048,MAESTRÍA EN INGENIERÍA FINANCIERA
5567,7041400049,MAESTRÍA EN FINANZAS CON ÉNFASIS EN COSTOS
5568,7041400050,MAESTRÍA EN CONTROLLER FINANCIERO
5569,7041400051,MAESTRIA EN GESTION FISCAL
5570,7041400052,MAESTRÍA EN FISCALIZACIÓN Y CONTROL GUBERNAMENTAL
5571,7042300059,"MAESTRÍA EN AUDITORÍA GUBERNAMENTAL, RENDICIÓN DE CUENTAS Y GESTIÓN ESTRATÉGICA"
5572,7041400053,MAESTRIA EN PLANEACION FISCAL Y TRIBUTACION INTERNACIONAL
5573,7041400054,MAESTRIA EN ESTRATEGIAS FISCALES CON ACENTUACION NACIONAL O INTERNACIONAL
5574,7031300066,MAESTRÍA EN ESTRATEGIAS ANTICORRUPCION Y ESTADO DE DERECHO
5575,7042300013,MAESTRÍA EN POLÍTICA PÚBLICA Y GESTIÓN EDUCATIVA ESTRATÉGICA
5576,7011300040,MAESTRÍA EN INTERVENCION E INNOVACION DE LA PRACTICA EDUCATIVA
5577,7042500106,MAESTRÍA EN GESTIÓN Y ASESORÍA TÉCNICA A LA ESCUELA
5578,7042500107,MAESTRÍA EN EDUCACIÓN CON ORIENTACIÓN EN DIRECCIÓN Y GESTIÓN DE INSTITUCIONES EDUCATIVAS
5579,7011200097,MAESTRÍA EN INNOVACIÓN Y CALIDAD EDUCATIVA
5580,7042500108,MAESTRÍA EN DOCENCIA Y DIRECCIÓN DE INSTITUCIONES EDUCATIVAS
5581,7011200098,MAESTRÍA EN DOCENCIA Y GESTIÓN EDUCATIVA
5582,7042500109,MAESTRÍA EN DIRECCIÓN Y GESTIÓN DE CENTROS EDUCATIVOS
5583,7011200099,MAESTRIA EN INTERVENCION E INNOVACION PARA EL DESARROLLO EDUCATIVO
5584,7042500110,MAESTRIA EN GESTION ESTRATEGICA DE INSTITUCIONES EDUCATIVAS
5585,7042100244,MAESTRÍA EN GESTION Y DIRECCION MARKETING
5586,7041200093,MAESTRÍA EN GESTION Y DIRECCION DE MARKETING GLOBAL Y NUEVOS MERCADOS
5587,7042100245,MAESTRÍA EN DIRECCIÓN DE PERSONAL
5588,7042100280,MAESTRÍA EN ADMINISTRACIÓN DE NEGOCIOS CON ACENTUACIÓN EN CAPITAL HUMANO
5589,7031200078,MAESTRÍA EN CIENCIAS EN GESTIÓN DEL DESARROLLO REGIONAL
5590,7073100085,MAESTRÍA EN GESTION DEL ESPACIO PUBLICO
5591,7042100281,MAESTRÍA EN PLANEACIÓN ESTRATÉGICA Y PROSPECTIVA
5592,7041000004,MAESTRÍA EN PLANEACIÓN FINANCIERA Y FISCAL
5593,7042100282,MAESTRÍA EN DESARROLLO DE HABILIDADES EMPRESARIALES
5594,7041200110,MAESTRÍA EN ALTA DIRECCIÓN Y MERCADOTECNIA
5595,7042100283,MAESTRÍA EN ADMINISTRACIÓN CON TERMINAL EN DIRECCIÓN DE NEGOCIOS
5596,7042400039,MAESTRÍA EN DIRECCIÓN Y GESTIÓN DE PROYECTOS
5597,7042400040,MAESTRÍA EN GESTIÓN DE PROYECTOS
5598,7053200008,MAESTRÍA EN GESTIÓN ACTUARIAL
5599,7042100284,MAESTRÍA EN DIRECCIÓN Y ADMINISTRACIÓN DE EMPRESAS
5600,7042100285,MAESTRIA EN ENTRENAMIENTO ORGANIZACIONAL Y DIRECCIÓN EJECUTIVA
5601,7042100286,MAESTRIA EN GESTION EMPRESARIAL Y RECURSOS HUMANOS
5602,7042100287,MAESTRIA EN ADMINISTRACION Y LOGISTICA DE NEGOCIOS
5603,7042100288,MAESTRÍA EN GESTIÓN DE LA CADENA DE SUMINISTRO
5604,7042100289,MAESTRÍA EN GESTIÓN Y DIRECCIÓN DE PROYECTOS
5605,7042400041,MAESTRÍA EN CALIDAD PARA LA PRODUCTIVIDAD
5606,7103100010,MAESTRÍA EN GESTIÓN DE LA SEGURIDAD Y SALUD EN EL TRABAJO
5607,7042300053,MAESTRÍA EN GESTIÓN PÚBLICA Y GOBIERNO
5608,7031300067,MAESTRÍA EN GERENCIA PUBLICA Y GOBIERNO
5609,7031200079,MAESTRÍA EN GESTION DE PROCESOS PARA EL DESARROLLO COMUNITARIO
5610,7042300060,MAESTRIA EN ADMINISTRACION CON TERMINAL EN ADMINISTRACION PUBLICA
5611,7042100290,MAESTRÍA EN ADMINISTRACIÓN Y GESTIÓN ESTRATÉGICA
5612,7042300061,MAESTRÍA EN ADMINISTRACIÓN PÚBLICA Y GOBIERNO DIGITAL
5613,7102100007,MAESTRÍA EN GESTIÓN DE LA INDUSTRIA PORTUARIA
5614,7102100008,MAESTRIA EN GESTION DE LA INDUSTRIA PORTUARIA 
5615,7102100009,MAESTRIA EN GESTION Y LOGISTICA PORTUARIA  
5616,7102100010,MAESTRIA EN GESTION DE LA INDUSTRIA PORTUARIA
5617,7042500085,MAESTRÍA EN ADMINISTRACIÓN PUBLICA ÁREA DE ENFASÍS EN SERVICIOS DE SALUD
5618,7042500086,MAESTRÍA EN ADMINISTRACIÓN Y GESTIÓN DE HOSPITALES
5619,7042500087,MAESTRIA EN GESTION Y DIRECCION DE INSTITUCIONES DE SALUD
5620,7042500111,MAESTRÍA EN ADMINISTRACIÓN Y GESTIÓN DEL CUIDADO EN ENFERMERÍA
5621,7042500112,MAESTRÍA EN ADMINISTRACIÓN EN ENFERMERÍA
5622,7042500113,MAESTRIA EN ADMINISTRACION DE INSTITUCIONES DE SALUD
5623,7042200035,MAESTRIA EN DESARROLLO DE NEGOCIOS TURISTICOS
5624,7042200036,MAESTRIA EN DESARROLLO TURISTICO INTERNACIONAL
5625,7101500013,MAESTRÍA EN ARTE CULINARIO Y TENDENCIAS GASTRONOMICAS
5626,7033100244,MAESTRÍA EN JUSTICIA ADMINISTRATIVA
5627,7033100224,"MAESTRÍA EN DERECHOS HUMANOS, CONSTITUCIONAL Y AMPARO"
5628,7031300058,MAESTRÍA EN PROCESOS ELECTORALES
5629,7033100225,MAESTRIA EN DERECHO DE JUICIOS ORALES
5630,7033100226,MAESTRÍA EN DERECHO Y ADMINISTRACIÓN DE JUSTICIA
5631,7033100227,MAESTRÍA EN DERECHO Y NEGOCIOS INTERNACIONALES
5632,7033100245,MAESTRÍA EN DERECHO CON ACENTUACIÓN EN AMPARO
5633,7033100246,MAESTRÍA EN DERECHO CON ACENTUACIÓN JUICIOS ORALES
5634,7033100247,MAESTRÍA EN DERECHO CON ACENTUACIÓN EN DERECHO CORPORATIVO
5635,7033100248,MAESTRÍA DE LA FUNCIÓN DEL POLICÍA EN EL PROCEDIMIENTO PENAL ACUSATORIO
5636,7033100249,MAESTRÍA EN SISTEMA ACUSATORIO Y JUICIOS PENALES ORALES
5637,7033100250,MAESTRÍA EN DERECHO ADUANERO Y DERECHO DE COMERCIO EXTERIOR
5638,7033100251,MAESTRÍA EN PROCURACIÓN Y ADMINISTRACIÓN DE JUSTICIA Y LITIGACIÓN ORAL
5639,7033100252,MAESTRÍA EN DERECHO CON CONCENTRACIÓN EN DERECHO CORPORATIVO INTERNACIONAL
5640,7033100253,MAESTRÍA EN DERECHO PENAL Y TÉCNICAS DE LITIGACION ORAL
5641,7033100254,MAESTRÍA EN PROCURACION Y ADMINISTRACION DE JUSTICIA CON ENFOQUE EN EL SISTEMA ACUSATORIO MEXICANO
5642,7033100255,MAESTRÍA EN MECANISMOS ALTERNATIVOS DE SOLUCIÓN DE CONTROVERSIAS
5643,7033100256,MAESTRIA EN EL SISTEMA DE JUSTICIA PENAL ACUSATORIO ORAL
5644,7033100257,MAESTRÍA EN DERECHOS HUMANOS Y DE LOS PUEBLOS ORIGINARIOS
5645,7033100258,MAESTRÍA EN DERECHO PENAL Y JUSTICIA ALTERNATIVA
5646,7033100259,MAESTRÍA EN PROCESOS ORALES
5647,7033100260,MAESTRIA EN DERECHO CON CONCENTRACION EN DERECHO CONSTITUCIONAL Y AMPARO
5648,7033100261,MAESTRÍA EN DERECHO CIVIL Y MERCANTIL
5649,7033100262,"MAESTRÍA EN JUICIO ORAL, TÉCNICAS DE LITIGACIÓN Y MEDIOS ALTERNATIVOS DE SOLUCIÓN DE CONFLICTOS"
5650,7033100263,MAESTRIA EN DERECHO PROCESAL ACUSATORIO
5651,7033100264,MAESTRIA EN JUICIO ORAL
5652,7033100265,MAESTRÍA EN DERECHO INTERNACIONAL CORPORATIVO
5653,7033100266,MAESTRIA EN DERECHO FISCAL Y FINANZAS
5654,7033100267,MAESTRIA EN DERECHO FISCAL Y FINANZAS
5655,7033100268,MAESTRÍA EN JUICIOS ORALES CON ÉNFASIS EN DERECHO PENAL
5656,7033100269,MAESTRÍA INTERINSTITUCIONAL EN DERECHOS HUMANOS
5657,7033200025,MAESTRÍA EN PERFILACION CRIMINAL
5658,7033200026,MAESTRÍA EN CIENCIAS FORENSES Y BIOMÉDICAS
5659,7033100276,MAESTRÍA EN PROCURACIÓN DE JUSTICIA ELECTORAL
5660,7095200015,MAESTRÍA EN BIOMEDICINA EXPERIMENTAL
5661,7052000002,MAESTRÍA EN CIENCIAS BASICAS
5662,7071200033,MAESTRÍA EN CIENCIAS EN ENERGÍA SOLAR
5663,7053100018,MAESTRÍA EN CIENCIAS CON ORIENTACIÓN EN CIENCIAS EXACTAS E INGENIERÍAS
5664,7095400004,MAESTRÍA EN CIENCIAS Y TECNOLOGÍA FARMACÉUTICAS
5665,7021600028,MAESTRÍA EN HÁBITAT Y EQUIDAD SOCIO TERRITORIAL
5666,7052300025,MAESTRÍA EN CIENCIAS EN HIDROMETEOROLOGÍA
5667,7071700014,MAESTRIA EN INGENIERIA E INNOVACION
5668,7062200062,MAESTRÍA EN SEGURIDAD INFORMATICA
5669,7041200111,MAESTRIA EN COMMUNITY MANAGER Y POSICIONAMIENTO WEB
5670,7062200063,MAESTRÍA EN CIENCIA DE DATOS E INTELIGENCIA DE NEGOCIOS
5671,7061300040,MAESTRIA EN DESARROLLO DE VIDEOJUEGOS
5672,7011400039,MAESTRÍA EN INNOVACIÓN EN ENTORNOS VIRTUALES DE ENSEÑANZA-APRENDIZAJE
5673,7072000005,"MAESTRÍA EN INGENIERÍA Y DISEÑO EN ENVASE, EMPAQUE Y EMBALAJE"
5674,7071700015,MAESTRIA EN INGENIERIA INDUSTRIAL Y OPERACIONES
5675,7061300041,MAESTRÍA EN INGENIERÍA DE SISTEMAS CON ORIENTACIÓN EN OPTIMIZACIÓN Y TOMA DE DECISIONES
5676,7071000017,MAESTRÍA EN INGENIERIA DE TECNOLOGIAS EMERGENTES
5677,7071000018,MAESTRÍA EN INNOVACIÓN Y DESARROLLO TECNOLÓGICO
5678,7061000006,DOCTORADO EN TECNOLOGÍAS DE COMPUTO APLICADO E INGENIERIA DE LA COMPUTACIÓN
5679,7012604063,MAESTRÍA EN TECNOLOGÍA
5680,7071700016,MAESTRÍA EN INGENIERÍA INDUSTRIAL PARA LA MANUFACTURA ESBELTA SEIS SIGMA
5681,7012604064,MAESTRÍA EN CIENCIA Y TECNOLOGÍA
5682,7071200034,MAESTRÍA EN INGENIERIA CON ORIENTACION EN ENERGIA
5683,7071200035,MAESTRÍA EN  EFICIENCIA ENERGÉTICA Y ENERGÍAS RENOVABLES
5684,7071300028,MAESTRÍA EN INGENIERÍA DE CONTROL
5685,7071300029,MAESTRÍA EN INGENIERÍA ELECTRÓNICA CON ACENTUACIÓN EN ELECTRÓNICA CONTROL
5686,7071300030,MAESTRÍA EN CIENCIAS EN INTELIGENCIA ARTIFICIAL
5687,7071400006,MAESTRÍA EN CIENCIAS EN INGENIERÍA PETROLEOQUÍMICA
5688,7095400005,"MAESTRIA EN CIENCIAS CON ORIENTACION EN FARMACIA, QUIMICA ANALITICA AMBIENTAL Y PROCESOS SUSTENTABLE"
5689,7071400007,MAESTRIA EN CIENCIAS CON ORIENTACION EN QUIMICA DE LOS MATERIALES
5690,7071400008,MAESTRÍA EN CIENCIAS EN INGENIERÍA PETROQUÍMICA
5691,7051100025,MAESTRÍA ES CIENCIAS EN TECNOLOGÍA DE PRODUCTOS BIOLÓGICOS
5692,7073200032,MAESTRÍA EN CIENCIAS EN INGENIERÍA SANITARIA Y AMBIENTAL
5693,7011400040,MAESTRÍA EN TECNOLOGÍA EDUCATIVA PARA INNOVACIÓN ESCOLAR
5694,7061300042,MAESTRÍA EN DIRECCIÓN E INGENIERÍA DE SITIOS WEB
5695,7032100046,MAESTRÍA EN DIRECCIÓN ESTRATÉGICA DE COMUNICACION
5696,7071300031,MAESTRÍA EN INGENIERÍA EN MANUFACTURA AVANZADA
5697,7042400042,MAESTRÍA EN DIRECCIÓN INDUSTRIAL
5698,7072100018,MAESTRÍA EN INOCUIDAD Y CALIDAD ALIMENTARIA
5699,7021600029,MAESTRIA EN MUEBLES
5700,7073100086,MAESTRÍA EN INTERVENCION DEL PATRIMONIO EDIFICADO
5701,7052300026,MAESTRÍA EN RIESGOS GEOTECNICOS CONSTRUCTIVOS
5702,7073100087,MAESTRÍA EN CIUDAD
5703,7073100088,MAESTRÍA EN CIENCIAS DE LA ARQUITECTURA
5704,7073100089,MAESTRÍA EN PROCESOS Y EXPRESIÓN GRAFICA EN LA PROYECTACION ARQUITECTÓNICA-URBANA
5705,7073200033,MAESTRÍA EN INGENIERIA CON ORIENTACION EN VIAS TERRESTRES
5706,7073200034,MAESTRÍA EN CIENCIAS EN INGENIERÍA CIVIL
5707,7081100076,MAESTRÍA EN DESARROLLO AGROPECUARIO SUSTENTABLE
5708,7081100077,MAESTRÍA INTERINSTITUCIONAL EN AGRICULTURA PROTEGIDA
5709,7081100078,MAESTRÍA EN CIENCIAS CON ORIENTACIÓN EN CIENCIAS BIOLÓGICAS Y AGROPECUARIAS
5710,7094200001,MAESTRÍA EN NUTRICIÓN APLICADA
5711,7094200016,MAESTRÍA EN NUTRICIÓN CLÍNICA INTEGRAL
5712,7091333001,MAESTRÍA EN CIENCIAS (NEUROLOGÍA)
5713,7095300004,MAESTRÍA EN QUÍMICA CLÍNICA DIAGNÓSTICA
5714,7093204006,MAESTRÍA EN ORTODONCIA Y ORTOPEDIA MAXILAR
5715,7093100007,MAESTRÍA EN ESTOMATOLOGÍA
5716,7091342003,LICENCIATURA EN IMAGENOLOGÍA
5717,7091316004,"MAESTRÍA EN NUTRICIÓN HUMANA, ORIENTACIÓN MATERNO INFANTIL"
5718,7094200017,MAESTRÍA EN CIENCIAS EN NUTRICIÓN
5719,7094100007,MAESTRIA EN TERAPIAS ALTERNATIVAS Y COMPLEMENTARIAS
5720,7094100008,MAESTRÍA EN CIENCIAS DE LA REHABILITACIÓN EN EL MOVIMIENTO HUMANO
5721,7101100020,MAESTRÍA EN METODOLOGÍA EN ENTRENAMIENTO DEPORTIVO DE ALTO RENDIMIENTO
5722,7012601013,MAESTRIA EN EDUCACION FISICA Y DEPORTES
5723,7012601014,MAESTRÍA EN INNOVACIÓN PARA LA CALIDAD DE LA EDUCACIÓN FÍSICA
5724,7021600030,MAESTRÍA EN MODA E IMAGEN
5725,7102100011,"MAESTRÍA EN LOGÍSTICA, COMPRAS Y TRANSPORTE"
5726,7104100005,MAESTRIA EN SEGURIDAD CON ACENTUACION EN PREVENCION DEL DELITO
5727,7104100006,MAESTRIA EN GESTION DE INSTITUCIONES DE SEGURIDAD PUBLICA
5728,7104100007,MAESTRÍA EN EMERGENCIAS Y DESASTRES
5729,7104100008,MAESTRÍA EN SEGURIDAD PUBLICA Y CIENCIAS POLICIALES
5730,8052000001,DOCTORADO EN CIENCIAS INTERDICIPLINARIAS
5731,8011500016,DOCTORADO EN EDUCACIÓN Y DESARROLLO HUMANO
5732,8012702005,DOCTORADO EN EDUCACIÓN INCLUSIVA
5733,8011400010,DOCTORADO EN EDUCACIÓN CON TECNOLOGÍA DEL APRENDIZAJE Y EL CONOCIMIENTO
5734,8012000006,DOCTORADO EN EDUCACIÓN CAMPO PROFESIONALIZACION DOCENTE
5735,8011200033,DOCTORADO EN EVALUACION EDUCATIVA
5736,8021000008,DOCTORADO EN EDUCACIÓN ARTES Y HUMANIDADES
5737,8022300010,DOCTORADO EN INVESTIGACION Y CREACION LITERARIAS AREA NOVELA
5738,8022300011,DOCTORADO EN INGENIERÍA DEL LENGUAJE Y DEL CONOCMIENTO
5739,8022300012,DOCTORADO EN ESTUDIOS CRÍTICOS DEL LENGUAJE
5740,8042100031,DOCTORADO EN DESARROLLO DEL POTENCIAL HUMANO
5741,8031100030,DOCTORADO EN PSICOLOGÍA EMPRESARIAL
5742,8042100032,DOCTORADO EN ADMINISTRACION DEL TALENTO HUMANO
5743,8073100017,DOCTORADO EN ESTUDIOS DE LA CIUDAD
5744,8031300021,DOCTORADO EN CIENCIA POLÍTICA Y SISTEMAS DE GOBIERNO
5745,8031300022,DOCTORADO EN CIENCIAS EN EL ÁREA DE CIENCIA POLÍTICA
5746,8011200034,DOCTORADO EN POLITICAS EDUCATIVAS
5747,8011200035,DOCTORADO EN POLÍTICA DE LOS PROCESOS SOCIOEDUCATIVOS
5748,8011200036,DOCTORADO EN POLÍTICA Y EVALUACIÓN EDUCATIVA
5749,8042300007,MAESTRÍA EN GESTIÓN DE GOBIERNOS CONFIABLES
5750,8042100034,DOCTORADO EN GESTIÓN DE LAS ORGANIZACIONES
5751,8042100035,DOCTORADO EN CIENCIAS DE LA GESTIÓN DE RECURSOS PARA EL DESARROLLO
5752,8042100036,DOCTORADO EN CIENCIAS DE LA GESTION ESTRATEGICA
5753,8042100037,DOCTORADO EN ADMINISTRACIÓN GERENCIAL
5754,8033100038,DOCTORADO EN DERECHO ECONÓMICO Y DE LA EMPRESA
5755,8033100039,DOCTORADO EN DERECHO PARLAMENTARIO
5756,8033100040,DOCTORADO EN DERECHO Y CIENCIAS JURÍDICAS
5757,8052100001,DOCTORADO EN CIENCIAS INTERDISCIPLINARIAS
5758,8051300026,DOCTORADO EN SOSTENIBILIDAD
5759,8052100019,DOCTORADO EN CIENCIAS FÍSICO MATEMÁTICAS
5760,8011200037,DOCTORADO EN INVESTIGACIÓN
5761,8095400003,DOCTORADO EN CIENCIAS Y TECNOLOGÍA FARMACÉUTICAS
5762,8051100026,DOCTORADO EN CIENCIAS EN RECURSOS FITOGENETICOS PARA ZONAS ÁRIDAS
5763,8031000008,"DOCTORADO EN CIENCIAS SOCIALES, COMPLEJIDAD E INTERDISCIPLINARIEDAD."
5764,8061300007,DOCTORADO EN INGENIERÍA E INNOVACIÓN DE SOFTWARE
5765,8011400011,MAESTRÍA EN INNOVACIÓN EN ENTORNOS VIRTUALES DE ENSEÑANZA-APRENDIZAJE
5766,8011400012,DOCTORADO EN INNOVACIÓN EN TECNOLOGÍA EDUCATIVA
5767,8071200009,DOCTORADO EN INGENIERIA ELECTRICA Y ELECTRONICA
5768,8011400013,DOCTORADO EN INGENIERIA DE TECNOLOGIAS EMERGENTES
5769,8012604002,DOCTORADO EN TECNOLOGÍA
5770,8071200010,DOCTORADO EN MATERIALES Y SISTEMAS ENERGÉTICOS RENOVABLES
5771,8071200011,DOCTORADO EN CIENCIAS DE LA ENERGÍA
5772,8061100018,DOCTORADO EN TECNOLOGÍAS DE INFORMACIÓN Y NEGOCIOS ELECTRÓNICOS
5773,8081100031,DOCTORADO EN CIENCIAS EN BIOTECNOLOGÍA EN PROCESOS AGROPECUARIOS
5774,8095400004,"DOCTORADO EN CIENCIAS CON ORIENTACION EN FARMACIA, QUIMICA ANALITICA AMBIENTAL Y PROCESOS SUSTENTABL"
5775,8052200020,DOCTORADO EN CIENCIAS CON ORIENTACION EN QUIMICA DE LOS MATERIALES
5776,8051300029,DOCTORADO EN INGENIERÍA DE BIOSISTEMAS
5777,8062200010,DOCTORADO EN TECNOLOGÍAS DE INFORMACIÓN Y NEGOCIOS
5778,8072300003,DOCTORADO EN TECNOLOGÍA DE LA MADERA
5779,8073100018,DOCTORADO EN ARQUITECTURA CON ENFASIS EN VIVIENDA
5780,8073100019,DOCTORADO EN ARQUITECTURA CON ENFASIS EN VIVIENDA
5781,8081100032,DOCTORADO EN CIENCIAS AGROPECUARIAS Y SUSTENTABILIDAD
5782,8081100033,DOCTORADO EN CIENCIAS CON ORIENTACIÓN EN CIENCIAS BIOLÓGICAS Y AGROPECUARIAS
5783,8091335001,DOCTORADO EN ALTA ESPECIALIDAD EN RETINA Y VITREO (SUBESPECIALIDAD)
5784,8071500003,DOCTORADO EN CIENCIAS EN SISTEMAS AUTÓNOMOS DE NAVEGACIÓN AÉREA Y SUBMARINA
5785,8094200003,DOCTORADO EN NUTRICION
5786,8095400005,DOCTORADO EN CIENCIAS Y TECNOLOGÍA FARMACÉUTICAS
5787,8095000001,DOCTORADO EN CIENCIAS SOCIO MÉDICAS
5788,7022600028,MAESTRÍA EN FILOSOFÍA POLÍTICA
5789,8031300025,DOCTORADO EN  FILOSOFIA POLITICA
5790,6011000003,ESPECIALIDAD EN EDUCACION INTEGRAL PARA EL BIENESTAR
5791,7022600027,MAESTRÍA EN FILOSOFÍA Y CIENCIA
5792,8022600013,DOCTORADO EN FILOSOFÍA Y CIENCIA
5793,7042300058,MAESTRÍA EN GOBERNANZA GLOBAL
5794,6031100071,ESPECIALIDAD EN EVALUACIÓN Y DIAGNÓSTICO NEUROPSICOLÓGICO
5795,6022600006,ESPECIALIDAD EN FILOSOFÍA DE LA CIENCIA
5796,6033100114,ESPECIALIDAD EN DERECHO PENAL ACUSATORIO
5797,6031000003,ESPECIALIDAD EN CIENCIAS SOCIALES
5798,6042500026,ESPECIALIDAD EN ADMINISTRACIÓN Y GESTIÓN ESCOLAR
5799,7033100229,"MAESTRIA EN DERECHO, CON CONCENTRACIÓN EN: DERECHO CORPORATIVO INTERNACIONAL/DERECHO CONSTITUCIONAL Y AMPARO"
5800,7042500114,EN ADMINISTRACIÓN DE ORGANIZACIONES DEL SECTOR SALUD
5801,7033100230,MAESTRIA EN SISTEMA INTEGRAL DE JUSTICIA PENAL PARA EL ADOLESCENTE Y JUSTICIA RESTAURATIVA
5802,7041100078,"MAESTRIA EN ADMINISTRACIÓN DE NEGOCIOS, MBA"
5803,6011400009,ESPECIALIDAD EN ENTORNOS VIRTUALES  DE APRENDIZAJE
5804,6031100072,ESPECIALIDAD EN PSICOGERONTOLOGÍA
5805,6032100014,ESPECIALIDAD EN COMUNICACION ESTRATEGICA COORPORATIVA
5806,6042100085,ESPECIALIDAD EN PRODUCTIVIDAD Y MEJORA CONTINUA
5807,7022100011,"MAESTRIA EN CULTURA MEXICANA, TEO Y PASTORAL"
5808,7042100267,MAESTRÍA EN ADMINISTRACIÓN EMPRESARIAL –ENFOQUE INNOVACIÓN-
5809,7033200027,MAESTRIA EN ANALISIS E INVESTIGACION CRIMINAL
5810,7012000065,MAESTRÍA EN EDUCACIÓN CON INTERVENCIÓN COMUNITARIA
5811,7091342002,MAESTRÍA EN ULTRASONIDO MÉDICO DIAGNÓSTICO
5812,6091342016,ESPECIALIDAD EN ULTRASONIDO MÉDICO DIAGNÓSTICO
5813,7012000066,MAESTRIA EN EDUCACIÓN Y FORMACIÓN DOCENTE
5814,7041200098,MAESTRÍA EN LOGÍSTICA Y COMERCIALIZACIÓN
5815,7094200018,MAESTRÍA EN DEPORTE Y NUTRICION
5816,7012000068,MAESTRÍA EN DOCENCIA Y GESTION DEL APRENDIZAJE
5817,6091324004,ESPECIALIDAD EN DEPORTE Y ALIMENTACIÓN SALUDABLE
5818,7094200019,MAESTRÍA EN DEPORTE Y ALIMENTACIÓN SALUDABLE
5819,7033100271,"MAESTRÍA EN DERECHOS HUMANOS, ESTADO DE DERECHO Y DEMOCRACIA EN IBEROAMÉRICA"
5820,6012604008,ESPECIALIDAD EN GENERO Y EQUIDAD EN LA DIVERSIDAD
5821,7031100212,MAESTRÍA EN SEXOLOGIA HUMANISTA Y ACOMPAÑAMIENTO DE GRUPOS
5822,7081300008,MAESTRÍA EN GOBERNANZA FORESTAL
5823,7033100272,MAESTRIA EN MECANISMO ALTERNATIVOS DE SOLUCION DE CONTROVERSIAS EN MATERIA PENAL
5824,7012000067,MAESTRIA EN EDUCACION CON FORMACION EN COMPETENCIAS
5825,7042500104,MAESTRÍA EN GESTIÓN DE APRENDIZAJE
5826,6092207006,ESPECIALIDAD EN ENFERMERÍA PERIOPERATORIA
5827,6032100015,ESPECIALIDAD EN COMUNICACIÓN Y CAMPAÑAS POLÍTICAS
5828,6031300020,ESPECIALIDAD EN NEGOCIACIÓN Y GESTIÓN DE CONFLICTOS POLÍTICOS Y SOCIALES
5829,6031300021,ESPECIALIDAD EN OPINIÓN PÚBLICA
5830,6104100004,ESPECIALIDAD EN SEGURIDAD PÚBLICA
5831,6061000001,ESPECIALIDAD EN CÓMPUTO DE ALTO RENDIMIENTO
5832,7051300072,MAESTRÍA EN CIENCIAS DE LA SOSTENIBILIDAD
5833,7012603015,MAESTRÍA EN DOCENCIA PARA LA EDUCACIÓN MEDIA SUPERIOR: FRANCÉS
5834,7012400023,MAESTRÍA EN DOCENCIA PARA LA EDUCACIÓN MEDIA SUPERIOR: GEOGRAFÍA
5835,7012603016,MAESTRÍA EN DOCENCIA PARA LA EDUCACIÓN MEDIA SUPERIOR: INGLÉS
5836,8051300028,DOCTORADO EN CIENCIAS DE LA SOSTENIBILIDAD
5837,8071600008,DOCTORADO EN INGENIERÍA EN EXPLORACIÓN Y EXPLOTACIÓN DE RECURSOS NATURALES
5838,8095200009,DOCTORADO EN INVESTIGACIÓN BIOMÉDICA BÁSICA
5839,7031100213,MAESTRÍA EN HIPNOSIS
5840,7033100273,MAESTRÍA EN DERECHO PROCESAL Y JUICIOS ORALES
5841,7051300071,MAESTRÍA EN GESTIÓN AMBIENTAL Y DESARROLLO SOSTENIBLE
5842,7031300065,MAESTRÍA EN NEGOCIOS Y POLÍTICAS PUBLICAS AMBIENTALES
5843,7042100291,MAESTRÍA EN ADMINISTRACIÓN POR LA CALIDAD TOTAL
5844,6012000018,ESPECIALIDAD EN DOCENTE Y EXAMINADOR CERTIFICADO PARA EL DALE
5845,7042500102,MAESTRÍA EN DIRECCIÓN Y GESTIÓN PARA LA CALIDAD EN INSTITUCIONES EDUCATIVAS
5846,7041200108,MAESTRÍA EN DIRECCIÓN DE VENTAS Y COBRANZAS
5847,7042500115,MAESTRIA EN ALTA DIRECCION DE ENTIDADES DEPORTIVAS Y RECREATIVAS
5848,7033100274,MAESTRIA EN PROCESO PENAL ORAL
5849,6011400010,ESPECIALIZACION EN USO DE LAS TIC EN EDUCACION
5850,7012602006,MAESTRIA EN ESTRATEGIAS EDUCATIVAS INNOVADORAS ACENTUACION EN EXPRESION ARTISTICA Y CREATIVA
5851,7031100196,MAESTRIA EN PSICOPEDAGOGIA Y CAPACITACION
5852,7041200109,MAESTRIA EN MARKETING DIGITAL
5853,7033100275,MAESTRIA EN DERECHO ENERGETICO Y DESARROLLO SUSTENTABLE
5854,7073100083,MAESTRIA EN PAISAJE ARQUITECTONICO
5855,7041100079,MAESTRIA EN VALUACION DE TANGIBLES-
5856,7041400055,MAESTRIA EN CONTABILIDAD CON ACENTUACION EN BANCA Y FINANZAS
5857,7041400056,MAESTRIA EN CONTABILIDAD CON ACENTUACION EN AUDITORIA
5858,7041400057,MAESTRIA EN CONTABILIDAD CON ACENTUACION EN IMPUESTOS Y PLANEACION FISCAL
5859,7041400058,MAESTRIA EN CONTABILIDAD CON ACENTUACION EN CREDITO Y COBRANZA
5860,7041400059,MAESTRIA EN CONTABILIDAD CON ACENTUACION EN CONTABILIDAD GUBERNAMENTAL
5861,7093202004,MAESTRÍA EN CIENCIAS ODONTOLÓGICAS CON ENFOQUE EN ENDODONCIA
5862,7093204007,MAESTRIA EN CIENCIAS ODONTOLÓGICAS CON ENFOQUE EN ORTODONCIA
5863,7011100059,MAESTRIA EN ESTRATEGIAS EDUCATIVAS INNOVADORAS ACENTUACION EN EXPRESION LINGÜÍSTICA Y DE COMUNICACIÓN
5864,7033100231,MAESTRIA EN PROCESO PENAL ACUSATORIO Y DESTREZAS EN JUICIOS ORALES
5865,6092100003,ESPECIALIDAD EN ENFERMERÍA EN MEDICINA DE FAMILIA
5866,7031300059,MAESTRIA EN EVALUACION DE POLITICAS PUBLICAS
5867,7104100009,MAESTRIA EN SEGURIDAD PUBLICA Y POLITICAS PUBLICAS
5868,7031000010,MAESTRÍA EN DESARROLLO HUMANO GESTÁLTICO
5869,8031000007,DOCTORADO EN DESARROLLO HUMANO GESTÁLTICO
5870,7031000011,MAESTRÍA EN ANÁLISIS EXISTENCIAL
5871,7031300060,MAESTRÍA EN NEGOCIACIÓN Y POLÍTICAS PÚBLICAS AMBIENTALES
5872,7062100033,MAESTRÍA EN CIENCIAS DE LA COMPUTACIÓN EN EL ÁREA DE REDES DE COMPUTADORAS
5873,7011200088,MAESTRÍA EN PROCESOS INNOVADORES EN EL APRENDIZAJE
5874,6061300021,ESPECIALIDAD EN VIDEOJUEGOS
5875,7042100268,MAESTRÍA EN GESTIÓN DEL CAPITAL HUMANO Y DESARROLLO ORGANIZACIONAL
5876,7031000012,MAESTRÍA EN LITERACIDAD
5877,6033100115,ESPECIALIDAD EN LA NUEVA REFORMA JUDICIAL
5878,7031100193,MAESTRÍA EN CONSEJERÍA PSICOLÓGICA Y ACOMPAÑAMIENTO INTEGRAL
5879,7022100009,MAESTRÍA EN CATEQUESIS Y PASTORAL ESCOLAR
5880,6031100073,ESPECIALIDAD EN COUNSELING PROFESIONAL
5881,7101500011,MAESTRÍA EN GASTRONOMÍA MEXICANA
5882,7101500012,MAESTRÍA EN GASTRONOMÍA SALUDABLE Y NUTRICIONAL
5883,7031400034,MAESTRÍA EN ECONOMÍA Y FINANZAS
5884,7042500097,MAESTRÍA EN ADMINISTRACIÓN Y DIRECCIÓN DE INSTITUCIONES DE EDUCACIÓN PREESCOLAR
5885,8101100004,DOCTORADO EN CIENCIAS DE LA INVESTIGACION DE LA ACTIVIDAD FISICA Y DEL DEPORTE
5886,7031100192,MAESTRÍA EN DESAROLLO HUMANO Y SEXUALIDAD
5887,6042500027,ESPECIALIDAD DE ADMINISTRACIÓN Y DOCENCIA EN ENFERMERÍA
5888,7031100194,MAESTRÍA EN TÉCNICAS REGRESIVAS RECONSTRUCTIVAS
5889,7103100009,MAESTRÍA EN GESTIÓN DE RIESGOS LABORALES
5890,7042500098,"MAESTRÍA EN SUSTENTABILIDAD PARA LA EDUCACIÓN, GESTIÓN Y ADMINISTRACIÓN EN LOS SERVICIOS DE SALUD"
5891,8042500012,"DOCTORADO EN SUSTENTABILIDAD PARA LA EDUCACIÓN, GESTIÓN Y ADMINISTRACIÓN EN LOS SERVICIOS DE SALUD"
5892,8011500015,DOCTORADO EN HUMANIDADES CON OPCIÓN EN EDUCACIÓN
5893,8022600012,DOCTORADO EN HUMANIDADES CON OPCIÓN EN FILOSOFÍA DEL HOMBRE
5894,8022000009,DOCTORADO EN HUMANIDADES CON OPCIÓN EN HUMANIDADES
5895,7012000060,MAESTRIA EN EDUCACION INTERCULTURAL INDIGENA
5896,6042100077,ESPECIALIDAD EN COACHING LABORAL
5897,7042500099,MAESTRÍA EN ADMINISTRACIÓN DE LA PRODUCCIÓN CINEMATOGRAFICA
5898,7042100269,MAESTRÍA EN ADMINISTRACIÓN DE NEGOCIOS Y ALTA DIRECCIÓN
5899,7042500100,MAESTRIA EN DIRECCIÒN Y SUPERVISION ESCOLAR
5900,7031200075,MAESTRÍA EN CIENCIAS DE LA CULTURA
5901,6033100116,ESPECIALIDAD EN CIENCIAS JURÍDICO PENALES
5902,6033100001,ESPECIALIDAD EN CIENCIAS JURIDICO PENALES
5903,7033100232,MAESTRÍA EN DERECHO FAMILIAR
5904,7033100233,MAESTRÍA EN CIENCIAS PENALES Y CRIMINALISTICA
5905,7033100234,MAESTRÍA EN DERECHO CONSTITUCIONAL Y AMPARO
5906,7033100235,MAESTRÍA EN DERECHO LABORAL Y SEGURIDAD SOCIAL
5907,7033100236,MAESTRÍA EN DERECHO CONSTITUCIONAL Y AMPARO
5908,6012500011,ESPECIALIDAD EN LA ENSEÑANZA DEL DERECHO
5909,8011100021,DOCTORADO EN ESTRATEGIAS Y TÉCNICAS DE LA ENSEÑANZA APRENDIZAJE
5910,7031300061,MAESTRÍA EN MERCADOTECNIA POLÍTICA Y ESTRATEGIAS ELECTORALES
5911,7042100270,MAESTRÍA EN INNOVACIÓN Y ALTA DIRECCIÓN
5912,7011200089,MAESTRÍA EN POLÍTICA EDUCATIVA
5913,8011200032,DOCTORADO EN GESTIÓN E INNOVACIÓN EDUCATIVA
5914,7011200090,MAESTRÍA EN LIDERAZGO DIRECTIVO PARA LA GESTIÓN Y LA INNOVACIÓN EDUCATIVA
5915,7041100065,MAESTRÍA EN INNOVACIÓN DE NEGOCIOS DE SERVICIOS Y EXPERIENCIAS
5916,7033100237,MAESTRÍA EN DERECHO NOTARIAL Y REGISTRAL
5917,7033100238,MAESTRIA EN DERECHO PENAL Y JUICIOS ORALES
5918,7011000023,MAESTRÍA EN PRACTICAS EDUCATIVAS
5919,7011500013,MAESTRÍA EN EDUCACIÓN CON ÉNFASIS EN GESTIÓN EDUCATIVA .
5920,7042100271,MAESTRÍA EN ALTA DIRECCIÓN Y OPERACIÓN LOGÍSTICA
5921,7061300038,MAESTRÍA EN CIENCIA DE DATOS PARA NEGOCIOS
5922,7042100272,MAESTRÍA EN COACHING INTEGRAL Y ORGANIZACIONAL
5923,7041200095,MAESTRÍA EN DIRECCIÓN DE VENTAS
5924,7041200096,MAESTRÍA EN MARKETING DIGITAL Y E-COMERCE
5925,7041200097,MAESTRÍA EN ADMINISTRACIÓN EN MARKETING ESTRATÉGICO
5926,7042500101,MAESTRÍA EN ADMINISTRACIÓN DE NEGOCIOS DEPORTIVOS
5927,7042100273,MAESTRIA EN ADMINISTRACIÒN DE NEGOCIOS E INGENIERIA
5928,6101500013,ESPECIALIDAD EN ENOLOLOGÌA
5929,7033100239,MAESTRÍA EN JUICIOS ORALES Y SISTEMA ACUSATORIO
5930,7042100274,MAESTRÍA EN ADMINISTRACIÓN DE EMPRESAS AUTOMOTRICES
5931,7021300013,MAESTRÍA EN COMPOSICIÓN Y ARREGLOS
5932,7021300014,MAESTRÍA EN ARMONÍA MODERNA
5933,7021300015,MAESTRÍA EN COMPOSICION Y ARREGLOS
5934,7021300016,MAESTRÍA EN COMPOSICION Y ARREGLOS
5935,7071300027,MAESTRÍA EN AUTOMATIZACIÓN
5936,8021000007,DOCTORADO EN CRÍTICA DE LA CULTURA Y CREACIÓN ARTÍSTICA
5937,8052300015,DOCTORADO EN GEOGRAFÍA Y DESARROLLO GEOTECNOLÓGICO
5938,8071600006,DOCTORADO EN SUSTENTABILIDAD PARA EL DESARROLLO
5939,7033100240,MAESTRÍA EN CIENCIA JURIDICA
5940,7032100043,MAESTRÍA EN PERIODISMO DE INVESTIGACIÓN
5941,7031100195,MAESTRÍA EN PSICOTERAPIA GESTALT HUMANISTA
5942,6101100003,ESPECIALIDAD EN DEPORTE Y NUTRICIÓN
5943,7011200091,MAESTRÍA EN INNOVACIÓN EDUCATIVA PARA LA SUSTENTABILIDAD
5944,7051300069,MAESTRÍA EN PROYECTOS SOCIOAMBIENTALES
5945,7081100075,MAESTRÍA EN AGROECOLOGÍA Y SISTEMAS ALIMENTARIOS REGENERATIVOS
5946,7011200092,MAESTRÍA EN PLANEACIÓN Y EVALUACIÓN EDUCATIVA
5947,7021600023,MAESTRÍA EN DISEÑO INTERIOR
5948,7021600024,MAESTRÍA EN DISEÑO Y PRODUCCIÓN DE ESPACIOS INTERIORES
5949,7033100241,MAESTRÍA EN DERECHO LABORAL Y DE LA SEGURIDAD SOCIAL
5950,7081200011,MAESTRÍA EN INVESTIGACIÓN Y DESARROLLO DE PLANTAS MEDICINALES
5951,8071600007,DOCTORADO EN INGENIERÍA AMBIENTAL Y TECNOLOGÍAS SUSTENTABLES
5952,6101000001,ESPECIALIDAD EN ENTRENAMIENTO Y DESARROLLO DEL RENDIMIENTO DEPORTIVO
5953,6012400003,ESPECIALIDAD EN DOCENCIA DEL BACHILLERATO
5954,7042100275,MAESTRÍA EN PRODUCTIVIDAD Y CALIDAD
5955,6021500015,ESPECIALIDAD EN 3 D APLICADO A VIDEO JUEGOS
5956,7031200076,MAESTRÍA EN MODELOS DE INTERVENCIÒN SOCIAL CONSTRUCCIONISTA
5957,7071200032,MAESTRÍA EN ENERGIA Y SUSTENTABILIDAD ENERGETICA
5958,7071000016,MAESTRÍA EN GEOLOGÌA Y YACIMIENTOS DE HIDROCARBUROS NO CONVENCIONALES
5959,6071000003,ESPECIALIDAD EN INGENIERIA DE POZOS EN YACIMIENTOS DE HIDROCARBUROS NO CONVENCIONALES
5960,6071000004,ESPECIALIDAD EN CARACTERIZACIÓN DE YACIMIENTOS DE HIDROCARBUROS NO CONVENCIONALES
5961,6091309004,ALTA ESPECIALIDAD EN OCULOPLASTICA
5962,6091301011,ALTA ESPECIALIDAD EN ANESTESIA DE ALTO RIESGO Y MEDICINA PERIOPERARORIA
5963,6011500006,ESPECIALIZACIÓN EN ESTUDIOS DE GENERO EN EDUCACIÓN
5964,6033100124,ESPECIALIDAD EN PROCESO PENAL ACUSATORIO
5965,6041400023,ESPECIALIDAD EN RENDICIÓN DE CUENTAS Y FISCALIZACIÓN EN LA ADMINISTRACIÓN PÚBLICA
5966,6042000006,ESPECIALIDAD EN CADENA DE SUMINISTRO Y LOGÍSTICA
5967,6071500018,ESPECIALIDAD EN SISTEMAS DE PRODUCCIÓN AUTOMOTRIZ
5968,6072100013,ESPECIALIDAD EN INOCUIDAD DE ALIMIENTOS
5969,6092202013,ESPECIALIDAD EN CUIDADOS INTENSIVOS
5970,7011000027,MAESTRÍA EN EDUCACIÓN CON ÉNFASIS EN LA ENSEÑANZA DEL ÁREA DE LAS CIENCIAS NATURALES
5971,7011100066,MAESTRÍA EN PSÍCOPEDAGOGÍA CON ENFASIS EN EDUCACIÓN
5972,7011400042,MAESTRÍA EN TECNOLOGÍA E INNOVACIÓN EDUCATIVA
5973,7011400043,MAESTRÍA EN EDUCACIÓN CON ÉNFASIS EN LA ENSEÑANZA DEL ÁREA DE LAS CIENCIAS SOCIALES
5974,7011500017,MAESTRÍA EN EDUCACIÓN CON ÉNFASIS EN LA ENSEÑANZA DEL ESPAÑOL
5975,7011500018,MAESTRÍA EN EDUCACIÓN CON ÉNFASIS EN LA ENSEÑANZA DE LAS MATEMÁTICAS
5976,7011500019,MAESTRÍA EN CIENCIAS DE LA VIDA
5977,7012702026,MAESTRÍA EN DESARROLLO DEL APRENDIZAJE
5978,7021000010,MAESTRÍA EN EDUCACIÓN CON ÉNFASIS EN LA ENSEÑANZA DE LAS ARTES
5979,7021200007,MAESTRÍA EN ANIMACIÓN
5980,7021400025,MAESTRÍA EN DISEÑO Y GESTION DE PROYECTOS TECNOLOGICOS
5981,7021500030,MAESTRÍA EN DISEÑO Y COMUNICACIÓN HIPERMEDIAL
5982,7022000014,MAESTRÍA EN HUMANIDADES LÍNEA FORMACIÓN DOCENTE
5983,7031100215,MAESTRÍA EN PSICOTERAPIA DE NIÑOS
5984,7031300068,MAESTRÍA EN GOBIERNO Y DESARROLLO MUNICIPAL
5985,7031500045,"MAESTRÍA EN TRABAJO SOCIAL CON ÉNFASIS EN ORIENTACIÓN FAMILIAR, EDUCATIVA Y SALUD"
5986,7033100278,MAESTRÍA DE LITIGACION EN JUICIOS DE ORALIDAD
5987,7033100279,MAESTRÍA EN DERECHO CON ÉNFASIS EN JUICIOS ORALES
5988,7033100280,MAESTRÍA EN DERECHO CON ÉNFASIS EN DERECHO CIVIL Y FAMILIAR
5989,7033100281,MAESTRÍA EN DERECHO CON ÉNFASIS EN DERECHO PENAL
5990,7033100282,MAESTRÍA EN DERECHOS Y JUICIOS ORALES
5991,7033200028,"MAESTRÍA EN DERECHO, CRIMINOLOGÍA Y CRIMINALÍSTICA"
5992,7033200029,MAESTRIA EN DERECHO PENAL ACUSATORIO Y CRIMINALISTICA
5993,7041000005,MAESTRÍA EN ALTA DIRECCIÓN Y ESTRATEGIA
5994,7041200113,MAESTRÍA DE MERCADOTECNIA DIGITAL Y REDES SOCIALES
5995,7042000041,MAESTRÍA EN DESARROLLO DE NEGOCIOS
5996,7042000042,MAESTRÍA EN DIRECCIÓN Y GESTIÓN DE PROYECTOS ARTÍSTICOS Y CULTURALES
5997,7042000043,MAESTRÍA EN GESTIÓN PÚBLICA E INNOVACIÓN GUBERNAMENTAL
5998,7042100293,MAESTRÍA EN ADMINISTRACIÓN DE NEGOCIOS CON CONCENTRACIÓN EN ESTRATEGIA EMPRESARIAL
5999,7042200037,MAESTRÍA EN DIRECCIÓN Y GESTIÓN DE EMPRESAS TURÍSTICAS
6000,7042300062,MAESTRÍA EN ADMINISTRACIÓN EMPRESARIAL Y PÚBLICA
6001,7042500118,MAESTRÍA EN ADMINISTRACIÓN COMPETITIVA DE ORGANIZACIONES
6002,7042500119,MAESTRÍA EN ADMINISTRACIÓN DE LOS SERVICIOS DE ENFERMERÍA
6003,7061000008,MAESTRÍA EN INNOVACIÓN EN LA EDUCACIÓN Y TECNOLOGÍAS PARA EL APRENDIZAJE
6004,7061100028,MAESTRÍA EN CIENCIAS Y TECNOLOGÍAS COMPUTACIONALES
6005,7071300032,MAESTRÍA EN CIENCIAS EN MICROELECTRÓNICA Y SEMICONDUCTORES
6006,7071500013,MAESTRÍA EN TECNOLOGÍA AUTOMOTRIZ
6007,7071700017,MAESTRÍA EN PROCESOS DE INGENIERÍA
6008,7071700018,MAESTRÍA EN ALTA DIRECCIÓN E INGENIERÍA DE PROYECTOS
6009,7071700022,MAESTRÍA EN CIENCIAS DE LA INGENIERÍA AEROESPACIAL
6010,7071700023,MAESTRÍA EN CIENCIAS E INGENIERÍA DE DATOS
6011,7072000006,MAESTRÍA EN INGENIERIA DE LA INFRAESTRUCTURA
6012,7073100090,MAESTRÍA EN ARQUITECTURA CON ÉNFASIS EN TECNOLOGÍA
6013,7073200035,MAESTRÍA EN ARQUITECTURA E INGENIERÍA SUSTENTABLE
6014,7081000002,MAESTRÍA EN BIOTECNOLOGÍA Y MANEJO DE RECURSOS NATURALES
6015,7082100011,MAESTRÍA EN ETOLOGÍA VETERINARIA
6016,8031000009,DOCTORADO EN ESTUDIOS PARA EL DESARROLLO HUMANO
6017,8031000010,DOCTORADO EN ESTUDIOS CULTURALES
6018,8031500000,DOCTORADO EN ESTUDIOS DE MIGRACIÓN
6019,8042000009,DOCTORADO EN ESTUDIOS ECONÓMICO ADMINISTRATIVOS
6020,8091100002,DOCTORADO EN CIENCIAS DE BIOMEDICINA
6021,6041400024,ESPECIALIDAD EN CONTABILIDAD GUBERNAMENTAL
6022,7031000015,MAESTRÍA EN ESTUDIOS SOCIALES Y HUMANOS
6023,6041000001,"ESPECIALIDAD EN COSTOS, PRODUCCIÓN Y MEJORA CONTINUA"
6024,6091340007,ESPECIALIDAD EN PEDIATRÍA DEL DESARROLLO
6025,8031500008,DOCTORADO EN FAMILIAS
6026,7031000016,MAESTRÍA EN DEFENSA DEL CONTRIBUYENTE
6027,6101500015,ESPECIALIDAD EN ALTA REPOSTERÍA
6028,7012701008,MAESTRÍA EN INCLUSIÓN EDUCATIVA
6029,7042500121,MAESTRÍA EN ADMINISTRACIÓN DE CENTROS EDUCATIVOS
6030,7101100021,MAESTRÍA EN CIENCIAS DEL DEPORTE Y EL EJERCICIO
6031,7041100083,MAESTRÍA EN ADMINISTRACIÓN CON TERMINAL EN ORGANIZACIONES
6032,7042000045,MAESTRÍA EN ADMINISTRACIÓN CON TERMINAL EN TECNOLOGÍAS DE INFORMACIÓN
6033,8051000002,DOCTORADO EN CIENCIAS EN BIODIVERSIDAD Y CONSERVACION DE ECOSISTEMAS TROPICALES
6034,7033200031,MAESTRÍA EN DERECHO CON ENFASIS EN CRIMINALISTICA
6035,7011400045,MAESTRÍA EN OPTIMIZACIÓN Y CÓMPUTO APLICADO
6036,8071600009,DOCTORADO EN  SUSTENTABILIDAD
6037,7051300074,MAESTRIA EN RECURSOS NATURALES Y ECOLOGIA
6038,7071700024,MAESTRIA EN INGENIERIA PARA LA INNOVACION Y DESARROLLO TECNOLOGICO
6039,7042100294,MAESTRIA EN COMPETITIVIDAD Y SUSTENTABILIDAD
6040,7051300075,MAESTRIA EN CIENCIAS: TERRITORIO Y SUSTENTABILIDAD SOCIAL
6041,7012603018,"MAESTRIA EN DOCENCIA DEL IDIOMA INGLES,"
6042,7081100081,MAESTRIA EN CIENCIAS AGROPECUARIAS Y GESTION LOCAL
6043,7092100007,MAESTRIA EN CALIDAD DE LA ATENCION MEDICA
6044,7052000003,MAESTRIA EN CIENCIAS: GESTION SUSTENTABLE DEL TURISMO
6045,6092208009,ESPECIALIDAD EN GESTION Y DOCENCIA EN ENFERMERIA
6046,7032100048,MAESTRIA EN COMUNICACION ESTRATEGICA Y RELACIONES PUBLICAS
6047,7031200080,MAESTRIA EN GESTION PARA EL DESARROLLO SUSTENTABLE
6048,7031300070,MAESTRÍA EN ACCESO A LA JUSTICIA DE LOS DERECHOS HUMANOS
6049,8031000012,DOCTORADO EN ESTUDIOS CULTURALES Y SOCIALES DE MESOAMÉRICA Y DEL CARIBE
6050,6071200009,ESPECIALIDAD EN EFICIENCIA ENERGETICA Y CONSTRUCCION SUSTENTABLE
6051,7022100012,MAESTRÍA EN EPIGRAFÍA
6052,7101100022,MAESTRÍA EN CIENCIAS APLICADAS AL DEPORTE (MODALIDAD ESCOLAR)
6053,7062200064,MAESTRÍA EN DESARROLLO INFORMATICO
6054,7011400046,MAESTRIA EN EDUCACION CON ORIENTACION EN TUTORIA Y SISTEMAS VIRTUALES
6055,7042100295,MAESTRÍA EN COMUNICACIÓN PARA LA ALTA DIRECCIÓN
6056,6062000001,ESPECIALIDAD EN LIDERAZGO ORGANIZACIONAL
6057,7031100217,MAESTRIA EN TRASTORNO DEL ESPECTRO AUTISTA
6058,7041200114,MAESTRÍA EN MERCADOTECNIA E INTELIGENCIA COMERCIAL
6059,6041200044,ESPECIALIDAD EN  MERCADOTECNIA Y CONTROL DE CONTENIDOS
6060,7042500122,MAESTRIA EN DIRECCION GENERAL CON ENFASIS EN FINANZAS
6061,7042500123,MAESTRIA EN DIRECCION GENERAL CON ENFASIS EN GERENCIA DE PROYECTOS
6062,7031300071,"MAESTRIA EN POLITICAS PUBLICAS, CAMPAÑAS Y ELECCIONES"
6063,8011500017,DOCTORADO EN CIENCIAS CON ACENTUACION EN INVESTIGACION EDUCATIVA
6064,7072400016,MAESTRIA EN PRODUCCION Y DESARROLLO DE VIDEOJUEGOS
6065,7062200065,MAESTRIA EN TECNOLOGIA DE LA INFORMACION EDUCATIVA
6066,8011200038,DOCTORADO EN INTERVENCION EDUCATIVA
6067,8101400001,DOCTORADO EN DESARROLLO HUMANO Y CAPACITACION
6068,8011100022,DOCTORADO EN PSICOPEDAGOGIA E INCLUSION A LAS NECESIDADES EDUCATIVAS ESPECIALES
6069,6021500018,ESPECIALIDAD EN DISEÑO DE MERCADOTECNIA ELECTRONICA
6070,8051300032,DOCTORADO EN CIENCIAS CON ORIENTACION EN MICROBIOLOGIA APLICADA
6071,7051300076,MAESTRIA EN RESTAURACION ECOLOGICA
6072,7073100093,MAESTRIA EN DISEÑO DE INTERIORES Y AMBIENTES ARQUITECTONICOS
6073,7031500047,MAESTRIA EN ARQUITECTURA DE INFRAESTRUCTURA MEDICA
6074,8073200007,DOCTORADO EN INGENIERIA CON ORIENTACION EN MATERIALES DE CONSTRUCCION
6075,8071400009,DOCTORADO EN INGENIERIA CON ORIENTACION EN INGENIERIA AMBIENTAL
6076,8022600014,DOCTORADO EN FILOSOFIA CON ORIENTACION EN COMUNICACIÓN E INNOVACION EDUCATIVA
6077,7062100034,MAESTRÍA EN MEDIOS DE COMUNICACIÓN VISUAL
6078,6031200014,ESPECIALIDAD EN ANTROPOLOGÍA FILOSÓFICA
6079,7042200038,MAESTRÍA EN DESARROLLO E INNOVACIÓN ALIMENTARIA
6080,7012702027,MAESTRÍA EN PROCESOS DE APRENDIZAJE Y NECESIDADES EDUCATIVAS ESPECIALES
6081,7011500020,MAESTRÍA EN HUMANISMO
6082,7042100296,MAESTRÍA EN ADMINISTRACIÓN DE LA CADENA DE VALOR
6083,6041100050,ESPECIALIDAD EN COACHING DE NEGOCIOS
6084,6042500033,ESPECIALIDAD EN ADMINISTRACION EN SERVICIOS DE ENFERMERIA Y SALUD
6085,6011100028,ESPECIALIDAD EN PSICOPEDAGOGÍA
6086,6022000001,ESPECIALIDAD EN CAPACITACIÓN DEL FACTOR HUMANO
6087,6031000004,ESPECIALIDAD EN ESTUDIOS ELECTORALES
6088,6031300022,ESPECIALIDAD EN DERECHOS DE LAS PERSONAS MIGRANTES
6089,6031500021,ESPECIALIDAD EN GENERO Y DERECHOS HUMANOS
6090,6033100125,ESPECIALIDAD EN DERECHOS Y GARANTIAS DE LAS VICTIMAS DE DESAPARICION
6091,6033100126,ESPECIALIDAD EN DERECHOS DE LAS VICTIMAS DE DELITO
6092,6071000005,ESPECIALIDAD DE TECNÓLOGO EN MECATRÓNICA
6093,7031500046,MAESTRIA EN ESTUDIOS AVANZADOS EN DERECHOS HUMANOS
6094,7033200030,MAESTRIA EN CRIMINALISTICA Y SISTEMA ADVERSARIAL
6095,7042000044,MAESTRÍA EN CIENCIAS DE LA ADMINISTRACIÓN EN EL ÁREA DE FINANZAS
6096,7042500120,MAESTRIA EN GESTION SOCIOCULTURAL
6097,7051000002,MAESTRIA EN GEOLOGIA DE HIDROCARBUROS
6098,7095600055,MAESTRÍA EN SALUD MENTAL DE LA INFANCIA Y LA ADOLESCENCIA
6099,8031000011,DOCTORADO EN ESTUDIOS MULTIDISCIPLINARIOS SOBRE EL TRABAJO
6100,8041200004,DOCTORADO EN MERCADOTECNIA
6101,7031500048,MAESTRÍA EN MODELOS DE ATENCIÓN A LA FAMILIA
6102,7031300072,MAESTRÍA EN CIENCIAS EN METODOLOGÍA DE LA CIENCIA
6103,7071400016,MAESTRÍA EN BIOCIENCIAS APLICADAS
6104,6092208010,ESPECIALIDAD EN GESTIÓN Y EDUCACIÓN EN LOS SERVICIOS DE ENFERMERÍA
6105,6071100005,ESPECIALIDAD EN SISTEMAS DE PRODUCCIÓN AUTOMOTRIZ
6106,6041400025,MAESTRÍA EN TRIBUTACIÓN
6107,7033100285,"MAESTRÍA EN GESTIÓN, IMPARTICIÓN Y PROCURACIÓN DE JUSTICIA"
6108,7103100011,MAESTRÍA EN SEGURIDAD PREVENCIÓN Y CONTROL DE RIESGOS LABORALES
6109,6091345010,ESPECIALIDAD EN NEFROLOGÍA PARA ENFERMERÍA
6110,7033100286,MAESTRÍA EN JUDICATURA
6111,7033100287,MAESTRÍA EN EL PROCESO PENAL ACUSATORIO ADVERSARIAL
6112,7033200032,MAESTRÍA EN CRIMINOLOGÍA Y CRIMINALÍSTICA
6113,7042100297,MAESTRÍA EN ADMINISTRACIÓN ENERGÉTICA
6114,7031300073,MAESTRÍA EN CIENCIA POLÍTICA Y ADMINISTRACIÓN PÚBLICA
6115,7041400062,MAESTRÍA EN TRIBUTACIÓN
6116,6061300024,ESPECIALIDAD EN CIBERSEGURIDAD
6117,7031100218,MAESTRIA EN PSICOLOGIA CON ORIENTACION EN INTERVENCION COGNITIVO CONDUCTUAL
6118,6042100088,ESPECIALIDAD EN GESTION DE LA CADENA DE SUMINISTRO
6119,7031100219,"MAESTRÍA EN PSICOLOGÍA JURÍDICA, CRIMINOLOGÍA Y CIENCIAS FORENSES"
6120,7042300063,MAESTRÍA EN GOBERNANZA Y ESTRATEGIA INTERNACIONAL
6121,6092208011,ESPECIALIDAD EN ENFERMERÍA DE LA SALUD PÚBLICA
6122,7011100067,MAESTRÍA EN PEDAGOGÍA DE LAS CIENCIAS DE LA SALUD
6123,7094100009,MAESTRÍA EN DESARROLLO CORPORAL Y SALUD
6124,7011200101,MAESTRÍA EN CIENCIAS DE LA EDUCACIÓN CON TERMINAL EN INVESTIGACIÓN EDUCATIVA
6125,7033100288,MAESTRÍA EN ADMINISTRACIÓN DE JUSTICIA Y LITIGACIÓN ORAL
6126,7033200033,MAESTRÍA EN PSICOLOGÍA CRIMINAL Y FORENSE
6127,7033200034,MAESTRÍA EN PERFILACIÓN CRIMINOLÓGICA
6128,7033200035,MAESTRÍA EN VALUACIÓN FORENSE
6129,7033100289,MAESTRÍA EN AMPARO Y MEDIOS DE CONTROL DE LA CONSTITUCIONALIDAD
6130,7011500021,MAESTRÍA EN ESTUDIOS ECONÓMICOS
6131,7011300043,MAESTRÍA EN INTERVENCIÓN EDUCATIVA PARA LA EDUCACIÓN BÁSICA
6132,7011100068,MAESTRÍA EN PEDAGOGÍA DE LA INICIACIÓN DEPORTIVA
6133,7033100290,MAESTRIA EN JUICIO ORAL Y SISTEMA PENAL ACUSATORIO
6134,7042100298,MAESTRÍA EN ESTUDIOS EMPRESARIALES
6135,7031200081,MAESTRÍA EN ESTUDIOS SOCIALES Y CULTURALES
6136,7031500049,MAESTRIA EN METODOS ESTADISTICOS APLICADOS
6137,7081100082,MAESTRÍA EN AGROECOLOGÍA Y SUSTENTABILIDAD
6138,7033200036,MAESTRÍA EN COMPORTAMIENTO CRIMINAL Y DELINCUENCIAL.
6139,7031500050,MAESTRIA EN DESARROLLO SUSTENTABLE Y NEGOCIACION DE CONFLICTOS
6140,7031300074,MAESTRIA EN SISTEMAS POLITICOS COMPLEJOS
6141,7022200016,MAESTRIA EN ESPAÑOL COMO SEGUNDA LENGUA “L2”
6142,7031300075,MAESTRÍA EN DERECHOS POLITICOS Y PROCESOS ELECTORALES
6143,7012702028,MAESTRÍA EN EDUCACIÓN ESPECIAL E INCLUSIÓN EDUCATIVA
6144,7012702029,MAESTRÍA EN EDUCACIÓN CON ENFOQUE EN EDUCACIÓN EN LÍNEA
6145,8042300008,DOCTORADO EN CIENCIAS ADMINISTRATIVAS Y DE LO FISCAL
6146,7101100023,MAESTRIA EN ORGANIZACION DEL DEPORTE Y LA RECREACION
6147,7042500124,MAESTRÍA EN DISEÑO Y GESTION DE LA INOVACION
6148,6091302004,ESPECIALIDAD EN CUIDADOS DE HERENCIA Y ACCESOS VASCULARES
6149,7071400017,MAESTRÍA EN CIENCIAS DE LA INGENIERIA BIOMEDICA
6150,8071400010,DOCTORADO EN CIENCIAS DE LA INGENIERIA BIOMEDICA
6151,6012702006,ESPECIALIDAD EN PROFESIONALIZACIÓN DE LA ENSEÑANZA EN COMPETENCIAS DOCENTES
6152,8052300016,DOCTORADO EN CIENCIA EN MANEJO AGROECOLÓGICO DE PLAGAS Y ENFERMEDADES
6153,6101500016,ESPECIALIDAD EN NUTRICIÓN Y ALIMENTOS FUNCIONALES
6154,6033100129,ESPECIALIDAD EN JUICIOS ORALES CON ENFOQUE PROCESAL PENAL
6155,6041300023,ESPECIALIDAD EN COSTOS
6156,6012603005,ESPECIALIDAD EN ENSEÑANZA DEL IDIOMA INGLÉS
6157,6012603006,ESPECIALIDAD EN ENSEÑANZA DEL INGLÉS
6158,6012603007,ESPECIALIDAD EN LA ENSEÑANZA DEL INGLÉS
6159,6012603008,ESPECIALIDAD EN ENSEÑANZA DEL IDIOMA INGLÉS COMO SEGUNDA LENGUA
6160,6012603009,ESPECIALIDAD EN LA ENSEÑANZA DEL INGLÉS COMO LENGUA EXTRANJERA
6161,7061300037,MAESTRÍA EN SOFTWARE Y TECNOLOGÍAS DE INFORMACIÓN
6162,7062100031,MAESTRÍA EN REDES Y TECNOLOGÍAS DE INTERNET
6163,7062100032,MAESTRÍA EN ADMINISTRACIÓN DE REDES COMPUTACIONALES
6164,6061300019,ESPECIALIDAD EN PROYECTOS INFORMÁTICOS Y TECNOLOGÍA WEB
6165,7072100002,"MAESTRÍA EN CIENCIAS CON ORIENTACIÓN EN (ALIMENTOS, ENTOMOLOGÍA MÉDICA, MANEJO Y ADMINISTRACIÓN DE RECURSOS VEGETALES, NUTRICIÓN Y TECNOLOGÍA DE ALIMENTOS PARA ORGANISMOS ACUÁTICO,  MANEJO Y ADMINISTRACIÓN DE RECURSOS VEGETALES)"
6166,8072100001,"DOCTORADO EN CIENCIAS CON ORIENTACIÓN EN (ALIMENTOS, ENTOMOLOGÍA MÉDICA, MANEJO Y ADMINISTRACIÓN DE RECURSOS VEGETALES, NUTRICIÓN Y TECNOLOGÍA DE ALIMENTOS PARA ORGANISMOS ACUÁTICO,  MANEJO Y ADMINISTRACIÓN DE RECURSOS VEGETALES)"
6167,6011300003,ESPECIALIDAD EN DISEÑO DE PROYECTOS DE EDUCACIÓN DE PERSONAS JÓVENES Y ADULTAS PARA EL DESARROLLO SOCIAL
6168,8061100017,DOCTORADO EN CIENCIAS Y TECNOLOGÍAS DE LA INFORMACIÓN
6169,7062200061,MAESTRÍA EN TECNOLOGÍAS DE LA INFORMACIÓN  (BUSINESS INTELIGENCE)
6170,6062200015,ESPECIALIDAD EN MINERÍA DE DATOS
6171,6091328003,ESPECIALIDAD EN PERITAJE MEDICO
6172,7033100243,MAESTRÍA EN LEGISLACIÓN Y OPERACIÓN ADUANERA
6173,7033100270,MAESTRÍA EN MECANISMOS ALTERNATIVOS DE SOLUCIÓN DE CONTROVERSIAS EN MATERIA PENAL
6174,8073100020,DOCTORADO EN ARQUITECTURA Y URBANISM0
6175,7091100002,"MAESTRÍA EN SALUD, ARTE Y COMUNIDAD"
6176,7042000038,"MAESTRÍA EN GESTIÓN DE RECURSOS HUMANOS, TRABAJO Y ORGANIZACIONES"
6177,7011000024,MAESTRÍA EN PEDAGOGÍA DE LAS ARTES
6178,7033100277,MAESTRÍA DE DERECHO PROCESAL PENAL ACUSATORIO
6179,7011400041,MAESTRÍA EN EDUCACIÓN CON ORIENTACIÓN EN INNOVACIÓN Y TECNOLOGÍA EDUCATIVA
6180,8073100021,DOCTORADO EN ARQUITECTURA Y URBANISMO
6181,7011000025,MAESTRÍA EN  PEDAGOGÍA DE LAS ARTES
6182,7011000026,MAESTRÍA EN ADMINISTRACIÓN DE PERSONAL PÚBLICO
6183,6071500017,ESPECIALIDAD EN INDUSTRIA AEROESPACIAL
6184,8051300030,DOCTORADO EN CIENCIAS EN AGUA Y SUELO
6185,7072100019,MAESTRÍA EN CIENCIAS Y TECNOLOGÍA DE ALIMENTOS FUNCIONALES
6186,8081100034,DOCTORADO EN CIENCIAS EN PRODUCTIVIDAD EN AGROECOSISTEMAS
6187,7071200036,MAESTRÍA EN EFICIENCIA ENERGÉTICA Y ENERGÍAS RENOVABLES
6188,7061000007,MAESTRÍA EN INNOVACIÓN APLICADA
6189,6042500031,ESPECIALIDAD EN DIRECCIÓN Y GESTIÓN EDUCATIVA
6190,6011300010,ESPECIALIDAD EN CONVIVENCIA ESCOLAR ARMÓNICA
6191,6041400022,ESPECIALIDAD EN TECNOLOGÍA DIGITAL PARA LA ENSEÑANZA DE MATEMÁTICAS  
6192,8021500002,DOCTORADO EN ARTES Y DISEÑO
6193,7012604065,MAESTRÍA EN FORMACIÓN DE FORMADORES DE DOCENTES DE CIENCIAS NATURALES Y ENSEÑANZA DE LAS CIENCIAS
6194,6033100123,ESPECIALIDAD EN DERECHO JUDICIAL
6195,7042100292,MAESTRÍA EN DIRECCIÓN DE NEGOCIOS Y DESARROLLO EMPRESARIAL
6196,7011100065,MAESTRÍA EN GESTIÓN PEDAGÓGICA
6197,7042000039,MAESTRÍA EN DIRECCIÓN Y LIDERAZGO EN INSTITUCIONES EDUCATIVAS INNOVADORAS
6198,7031000014,MAESTRÍA EN EL ESTUDIO DE LAS ADICCIONES
6199,7011300041,MAESTRÍA EN EDUCACIÓN CON ORIENTACIÓN EN TUTORIA
6200,7042500116,MAESTRÍA EN GESTIÓN DE INSTITUCIONES Y CENTROS HOSPITALARIOS
6201,7042000040,MAESTRÍA EN ADMINISTRACIÓN DE NEGOCIOS CON ORIENTACIÓN EN HOSPITALIDAD
6202,7041100082,MAESTRÍA EN ADMINISTRACIÓN DE NEGOCIOS CON ORIENTACIÓN EN LOGÍSTICA
6203,7031100214,MAESTRÍA EN PSICOLOGÍA JURÍDICA Y CRIMINOLÓGICA
6204,6021400014,ESPECIALIDAD EN CÓDIGO CREATIVO PARA ANIMACIÓN Y VIDEO
6205,6021600012,ESPECIALIDAD EN DISEÑO DE CALZADO Y MARROQUINERÍA
6206,6021200004,ESPECIALIDAD EN DISEÑO ESCÉNICO
6207,6021600013,ESPECIALIDAD EN GERENCIA DE PROYECTOS DE ARQUITECTURA DE INTERIORES
6208,6073100026,ESPECIALIDAD EN ILUMINACIÓN DE INTERIORES
6209,7041200112,"MAESTRÍA EN NEGOCIOS, INNOVACIÓN Y CREATIVIDAD"
6210,6041100049,ESPECIALIDAD EN LOGÍSTICA
6211,6101600006,ESPECIALIDAD EN HOSPITALIDAD
6212,6042100087,ESPECIALIDAD EN DIRECCIÓN DE TALENTO
6213,8071200012,DOCTORADO EN ENERGIA
6214,7011300042,MAESTRÍA EN PSICOPEDAGOGÍA INFANTIL
6215,6011300011,ESPECIALIDAD EN INTERVENCIÓN PSICOPEDAGÓGICA EN LA INFANCIA
6216,6091345009,ESPECIALIDAD EN MEDICINA SUBACUÁTICA E HIPERBÁRICA
6217,6042500032,ESPECIALIDAD EN EMPRENDEDURÍA Y GESTIÓN DE LA CULTURA
6218,6091302003,ESPECIALIDAD Y RESIDENCIA EN ANGIOLOGÍA Y CIRUGÍA VASCULAR
6219,6091316012,ESPECIALIDAD Y RESIDENCIA EN GINECOLOGÍA Y OBSTETRICIA
6220,6091321008,ESPECIALIDAD Y RESIDENCIA EN MEDICINA DEL ENFERMO EN ESTADO CRÍTICO
6221,6091338005,ESPECIALIDAD Y RESIDENCIA EN OTORRINOLARINGOLOGÍA Y CIRUGÍA DE CABEZA Y CUELLO
6222,6092202014,ESPECIALIDAD EN ENFERMERÍA DEL PACIENTE EN ESTADO CRÍTICO
6223,6091312002,ESPECIALIDAD Y RESIDENCIA EN COLOPROCTOLOGÍA
6224,6091344005,"ESPECIALIDAD EN  INVASIÓN MÍNIMA, ENDOUROLÓGICA EN CIRUGÍA ROBÓTICA EN UROLOGÍA"
6225,7031100216,MAESTRÍA EN PSICOLOGÍA CON ACENTUACIÓN EN PSICOLOGÍA EDUCATIVA
6226,7091310003,MAESTRÍA EN MEDICINA REGENERATIVA ANTIENVEJECIMIENTO Y ESTÉTICA
6227,7051300073,MAESTRÍA EN SUSTENTABILIDAD Y RESPONSABILIDAD SOCIAL EMPRESARIAL
6228,8033100041,DOCTORADO INSTITUCIONAL EN DERECHO
6229,7052200021,MAESTRÍA CIENCIAS EN NANOTOLOGÍA Y QUÍMICA DE MATERIALES
6230,7052300027,MAESTRÍA EN GEOMÁTICA APLICADA A RECURSOS FORESTALES Y AMBIENTALES
6231,8051300031,DOCTORADO EN CIENCIAS EN BIODIVERSIDAD Y ECOLOGÍA
6232,7011400044,MAESTRÍA EN TECNOLOGÍAS E INNOVACIÓN EDUCATIVA
6233,6033100127,ESPECIALIDAD EN DERECHO EMPRESARIAL CORPORATIVO
6234,7041400060,MAESTRÍA EN ADMINISTRACIÓN CON ESPECIALIDAD EN IMPUESTOS Y FINANZAS
6235,7041400061,MAESTRÍA EN CONTABILIDAD CON ESPECIALIDAD EN IMPUESTOS
6236,7033100283,MAESTRÍA EN JUSTICIA PENAL Y SEGURIDAD PÚBLICA
6237,7011200100,MAESTRÍA EN EDUCACIÓN CON CAMPO EN PLANEACIÓN EDUCATIVA
6238,7031300069,MAESTRÍA EN POLÍTICA Y GESTIÓN ENERGÉTICA Y MEDIO AMBIENTAL
6239,7032100047,MAESTRÍA EN COMUNICACIÓN Y HUMANIDADES DIGITALES
6240,7041000006,MAESTRÍA EN ANALÍTICA E INTELIGENCIA DE NEGOCIOS
6241,8031100031,DOCTORADO EN SABERES SOBRE SUBJETIVIDAD Y VIOLENCIA
6242,7033100284,MAESTRÍA EN SISTEMA PENAL ACUSATORIO Y SEGURIDAD PÚBLICA
6243,8042000010,DOCTORADO EN ADMINISTRACIÓN MARÍTIMA Y PORTUARIA
6244,6033100128,ESPECIALIDAD EN DERECHO DEL MAR Y MARÍTIMO
6245,7071700025,MAESTRÍA EN CIENCIAS CON ESPECIALIDAD EN INGENIERÍA ELECTRÓNICA
6246,7081100083,"MAESTRÍA EN AGROECOLOGÍA, TERRITORIO Y SOBERANÍA ALIMENTARIA"
6247,7012702030,MAESTRÍA EN EDUCACIÓN CON PERSONAS JÓVENES Y ADULTAS
6248,7021500031,MAESTRÍA EN MULTIMEDIA INTERACTIVA
6249,8042100038,DOCTORADO EN DIRECCIÓN DEL TALENTO HUMANO
6250,7033100291,"MAESTRÍA EN GESTIÓN, IMPARTICIÓN Y PROCURACIÓN DE JUSTICIA"
6251,7101100024,MAESTRÍA EN CIENCIAS APLICADAS AL DEPORTE
6252,7033100292,MAESTRÍA EN DERECHO PROCESAL CIVIL CON JUICIO ORAL FAMILIAR
6253,7042200039,"MAESTRÍA EN ADMINISTRACIÓN, OPERACIÓN Y DIRECCIÓN DE EVENTOS, ALIMENTOS Y BEBIDAS"
6254,7031300076,"MAESTRÍA EN GOBIERNO, POLÍTICA Y ADMINISTRACIÓN PÚBLICA"
6255,7041200115,MAESTRÍA EN MERCADOTECNIA Y COMUNICACIÓN ESTRATÉGICA
6256,7033200037,MAESTRÍA EN PERITAJE SOCIAL FORENSE
6257,6012604011,ESPECIALIDAD EN GESTIÓN DE PROCESOS DE FORMACIÓN CONTINUA
6258,7011200102,MAESTRÍA EN GESTIÓN E INNOVACIÓN DEL APRENDIZAJE
6259,7104100010,MAESTRÍA EN SEGURIDAD Y DERECHOS HUMANOS
6260,6031100077,ESPECIALIDAD EN PSICOLOGÍA CLINICA INFANTO-JUVENIL
6261,6042100089,ESPECIALIDAD EN CALIDAD DE LOS PROCESOS
6262,6042500034,ESPECIALIDAD EN ADMINISTRACIÓN DE SERVICIOS DE SALUD Y REABILITACION
6263,7042500125,MAESTRÍA EN ADMINISTRACIÓN Y DIRECCIÓN DE SERVICIOS DE SALUD Y REABILITACION
6264,7094100010,MAESTRÍA EN FISIOTERAPIA DEL DEPORTE
6265,7042500126,MAESTRÍA EN ALTA DIRECCIÓN DE ENTIDADES DEPORTIVAS
6266,7041100084,MAESTRÍA EN DIRECCIÓN DE NEGOCIOS DE ALIMENTOS Y BEBIDAS
6267,6092208012,ESPECIALIDAD EN CUIDADOS DE HERIDAS Y ACCESOS VASCULARES
6268,7062300001,MAESTRÍA EN CIENCIA DE DATOS E INTELIGENCIA DE NEGOCIOS
6269,8031200034,DOCTORADO EN ESTUDIOS SOCIOTERRITORIALES
6270,6031200015,ESPECIALIDAD EN ANTROPOLOGÍA DE LA ALIMENTACIÓN
6271,7042400043,MAESTRÍA EN DIRECCIÓN Y GESTION DE HIDROCARBUROS
6272,7042100299,MAESTRÍA EN GESTION DE LA CALIDAD INDUSTRIAL
6273,7033100293,MAESTRÍA EN SISTEMA DE JUSTICIA Y LITIGACION ORAL
6274,7031300077,MAESTRÍA EN POLÍTICAS ANTICORRUPCIÓN
6275,6033100130,ESPECIALIDAD EN ADMINISTRACIÓN DE JUSTICIA PENAL
6276,6033100131,ESPECIALIDAD EN ADMINISTRACIÓN DE JUSTICIA FAMILIAR
6277,6033100132,ESPECIALIDAD EN ADMINISTRACIÓN DE JUSTICIA CIVIL
6278,7031300078,MAESTRÍA EN RELACIONES INTERNACIONALES DE GOBIERNOS Y ACTORES LOCALES
6279,8022300013,DOCTORADO EN ESTUDIOS LITERARIOS Y LINGÜÍSTICOS
6280,7071600020,MAESTRÍA EN CIENCIA DE PRODUCTOS FORESTALES
6281,8072100013,DOCTORADO EN CIENCIAS DE LA NUTRICIÓN TRASLACIONAL
6282,8091100003,DOCTORADO EN CIENCIAS DE LA SALUD OCUPACIONAL
6283,6091337008,ESPECIALIDAD EN CIRUGÍA DE TRAUMA TORACO-ABDOMINAL
6284,6091345011,ESPECIALIDAD EN CIRUGÍA ONCOLÓGICA DE CABEZA Y CUELLO
6285,6093201005,ESPECIALIDAD EN PRÓTESIS MAXILOFACIAL
6286,7033200038,MAESTRÍA EN CRIMINALISTICA Y CIENCIAS PERICIALES
6287,7033200039,MAESTRÍA EN PSICOLOGIA CRIMINOLOGICA Y FORENSE
6288,7062300002,MAESTRÍA EN CINEMATOGRAFIA
6289,6093207004,ESPECIALIDAD EN PROTESIS DENTAL FIJA Y REMOVIBLE
6290,7012702031,MAESTRÍA EN INVESTIGACION Y DOCENCIA
6291,7042100300,MAESTRÍA EN GESTIÓN EMPRESARIAL Y EMPRENDIMIENTO SOCIAL
6292,7012604067,MAESTRIA EN ENSEÑANZA DE CIENCIAS EXACTAS
6293,7061100029,MAESTRIA EN CIENCIAS EN EL AREA DE CIENCIA Y TECNOLOGIA DEL ESPACIO
6294,7095600056,MAESTRIA EN SALUD MENTAL
6295,7031500051,MAESTRIA EN DERECHO CORPORATIVO Y EMPRESARIAL
6296,8011200039,DOCTORADO EN INVESTIGACION JURIDICA
6297,6031300023,ESPECIALIDAD EN AMPARO Y PROCESAL CONSTITUCIONAL
6298,7094100011,MAESTRIA EN REHABILITACION COGNOSCITIVA
6299,7011300044,MAESTRIA EN PROBLEMAS DE APRENDIZAJE
6300,8011200040,DOCTORADO EN EVALUACION PARA LA CALIDAD EDUCATIVA
6301,7012604068,MAESTRIA EN DIDACTICA DE LENGUAS Y CULTURAS INDOAMERICANAS
6302,7031100220,MAESTRÍA EN MERCADOTECNIA Y PSICOLOGÍA DEL CONSUMIDOR
6303,8073200008,"DOCTORADO EN DISEÑO PARA LA REHABILITACIÓN, RECUPERACIÓN Y CONSERVACIÓN DEL PATRIMONIO CONSTRUIDO"
6304,8031100032,DOCTORADO EN PSICOLOGÍA SOCIAL
6305,7071600021,MAESTRÍA EN SOCIEDADES SUSTENTABLES
6306,7042100301,MAESTRIA DEL DESARROLLO DEL CAPITAL HUMANO
6307,6092208013,ESPECIALIDAD EN ENFERMERÍA EN ADMINISTRACIÓN Y DOCENCIA
6308,6091328004,ESPECIALIDAD EN DACTILOSCOPIA FORENSE
6309,6033200017,ESPECIALIDAD EN DOCUMENTOSCOPÍA Y GRAFOSCOPÍA FORENSE
6310,6091342017,COMPLEMENTARIO DE LA LICENCIATURA EN RADIOLOGÍA E IMAGENOLOGÍA
6311,6092208014,ESPECIALIDAD EN ENFERMERÍA EN NEFROLOGÍA
6312,7022200017,MAESTRÍA EN LENGUAS EXTRANJERAS
6313,6011300012,ESPECIALIDAD EN EDUCACIÓN Y TRANSFORMACIÓN HUMANA
6314,7042400044,MAESTRÍA EN ADMINISTRACIÓN DE INTEGRIDAD DE INFRAESTRUCTURA Y DUCTOS
6315,7031100221,MAESTRÍA EN PSICOLOGÍA CLÍNICA DEL DEPORTE
6316,6033100133,ESPECIALIDAD EN DERECHO JUDICIAL PENAL ACUSATORIO
6317,8033100042,DOCTORADO EN DERECHO JUDICIAL PENAL ACUSATORIO
6318,6062300002,ESPECIALIDAD EN LIDERAZGO TRANSFORMACIONAL
6319,7041100085,MAESTRÍA EN NEGOCIOS INTERNACIONALES (MASTER IN INTERNATIONAL MANAGEMENT)
6320,7031100222,"MAESTRÍA EN SEXOLOGÍA EDUCATIVA, SENSIBILIZACIÓN Y MANEJO DE GRUPOS"
6321,7011300045,MAESTRÍA EN INTERVENCIÓN EN DIFICULTADES DEL APRENDIZAJE
6322,8012604003,"DOCTORADO EN INCLUSIÓN, POLÍTICAS PÚBLICAS E INVESTIGACIÓN"
6323,7031300079,"MAESTRÍA EN CIENCIAS CON LÍNEAS TERMINALES EN POLÍTICAS PÚBLICAS, COMERCIO INTERNACIONAL, CALIDAD Y COMPETITIVIDAD, ADMINISTRACIÓN DE INSTITUCIONES DE SALUD, ADMINISTRACIÓN DE INSTITUCIONES DE EDUCACIÓN"
6324,7052300028,MAESTRÍA EN PLANEACIÓN ESPACIAL
6325,7012604069,MAESTRÍA DE ACTUALIZACION E INNOVACION EDUCATIVA
6326,7011500022,MAESTRÍA EN ENSEÑANZA EDUCATIVA PARA PROFESIONISTAS
6327,7033100294,MAESTRÍA EN DERECHO ENERGÉTICO Y AMBIENTAL
6328,7022100013,MAESTRÍA EN TEOLOGÍA CON ACENTUACIÓN EN PREDICACIÓN EXPOSITIVA
6329,7062300003,MAESTRÍA EN ALTA DIRECCIÓN Y LIDERAZGO INTELIGENTE
6330,7042500127,MAESTRÍA EN DIRECCIÓN GENERAL CON ÉNFASIS EN MARKETING
6331,7042500128,MAESTRÍA EN DIRECCIÓN GENERAL CON ÉNFASIS EN EMPRESAS
6332,7041100086,MAESTRÍA EN EMPRENDIMIENTO E INNOVACIÓN
6333,7071700026,MAESTRÍA EN INGENIERÍA COMERCIAL
6334,7042100302,MAESTRÍA EN ADMINISTRACIÓN DE NEGOCIOS CON ACENTUACIÓN EN CALIDAD Y PROCESOS
6335,7041200116,MAESTRÍA EN ADMINISTRACIÓN DE NEGOCIOS CON ACENTUACIÓN EN MERCADOTECNIA Y FINANZAS
6336,7042100303,MAESTRÍA EN ADMINISTRACIÓN DE NEGOCIOS CON ACENTUACIÓN EN NEGOCIOS INTERNACIONALES Y LOGÍSTICA
6337,7031300080,MAESTRÍA EN ESTRATEGIAS LEGALES Y DE GESTIÓN DEL CAPITAL HUMANO
6338,7031300081,MAESTRÍA EN ESTRATEGIAS FISCALES CON ACENTUACIÓN EN OBLIGACIONES DE SEGURIDAD SOCIAL
6339,6033100134,ESPECIALIDAD EN PROTECCIÓN LABORAL Y PATRIMONIAL
6340,7031300082,MAESTRÍA EN GESTIÓN DE PETRÓLEO Y GAS
6341,8011200041,DOCTORADO EN GESTIÓN DE INSTITUCIONES EDUCATIVAS
6342,8011500018,DOCTORADO EN EDUCACIÓN POÉTICA
6343,8033100043,DOCTORADO EN CULTURA DE DERECHOS HUMANOS
6344,6042500035,ESPECIALIDAD EN GESTIÓN Y EVALUACIÓN DE LOS APRENDIZAJES DESDE EL ENFOQUE POR COMPETENCIAS
6345,6071100006,ESPECIALIDAD EN MANUFACTURA AUTOMOTRIZ
6346,7073100094,MAESTRÍA EN ESTUDIOS SOBRE MIGRACIÓN
6347,7021400029,MAESTRÍA EN CINE
6348,6062200016,ESPECIALIDAD EN SEGURIDAD DE LA INFORMACIÓN
6349,7073100095,MAESTRÍA EN REHABILITACIÓN AMBIENTAL TERRESTRE
6350,7042400045,MAESTRÍA EN GOBIERNO DE TECNOLOGÍA DE INFORMACIÓN
6351,7031200082,MAESTRÍA EN ESTUDIOS SOBRE MIGRACIÓN
6352,6062300003,ESPECIALIDAD EN SEGURIDAD DE LA INFORMACIÓN
6353,8031100033,DOCTORADO EN ORIENTACIÓN Y DESARROLLO HUMANO
6354,7062100035,MAESTRÍA EN INGENIERÍA DE SISTEMAS EMPRESARIALES
6355,7073200036,MAESTRÍA EN SISTEMAS Y PLANEACIÓN
6356,7062200066,"MAESTRÍA EN SISTEMAS, PLANEACIÓN E INFORMÁTICA"
6357,7021100025,MAESTRÍA EN MUSEOS
6358,7031100223,MAESTRÍA EN ORIENTACIÓN Y DESARROLLO HUMANO
6359,6033100135,ESPECIALIDAD EN DERECHO MERCANTIL Y CORPORATIVOS
6360,7041400063,MAESTRÍA EN PLANEACIÓN FISCAL CORPORATIVA
6361,7011500023,MAESTRÍA EN COMPETENCIAS EDUCATIVAS EN LA EDUCACIÓN SUPERIOR
6362,7011300046,MAESTRIA EN PAIDOLOGÍA
6363,7012702032,MAESTRIA EN PROCESOS INCLUSIVOS
6364,6092204008,ESPECIALIDAD EN ENFERMERÍA EN ATENCIÓN EN EL HOGAR
6365,6073100027,ESPECIALIDAD EN ARQUITECTURA
6366,6051100003,"PROGRAMA ÚNICO DE ESPECIALIDADES EN CIENCIAS BIOLÓGICAS, FÍSICAS Y MATEMÁTICAS"
6367,6071700006,ESPECIALIDAD EN CONTROL
6368,7031100224,MAESTRÍA EN HIPNOSIS Y PSICOTERAPIA ERICKSONIANA
6369,6061300025,ESPECIALIDAD EN DESARROLLO DE SOFTWARE
6370,7031100225,MAESTRÍA EN PSICOLOGÍA FORENSE
6371,6101100005,ESPECIALIDAD EN FUTBOL
6372,6031500022,ESPECIALIDAD EN JUSTICIA ORAL EN MATERIA FAMILIAR
6373,7011100069,MAESTRÍA EN PSICOPEDAGOGÍA Y DOCENCIA EN EDUCACIÓN MEDIA SUPERIOR Y SUPERIOR
6374,6033100136,ESPECIALIDAD EN JUSTICIA PENAL PARA ADOLESCENTES
6375,7095600057,MAESTRÍA EN EDUCACIÓN PARA LA SALUD
6376,6092208015,ESPECIALIDAD EN ENFERMERÍA EN CUIDADOS PALIATIVOS
6377,6092203006,ESPECIALIDAD EN ENFERMERÍA EN GERONTOLOGÍA Y GERIATRÍA
6378,7092208001,MAESTRÍA EN ENFERMERÍA GERENCIAL
6379,7042300064,MAESTRÍA EN GESTIÓN Y FINANZAS PÚBLICAS
6380,7094100012,MAESTRÍA EN FISIOTERAPIA EN GERIATRÍA
6381,6032100016,ESPECIALIDAD EN COMUNICACIÓN CORPOTRATIVA
6382,8042300009,DOCTORADO EN ADMINISTRACIÓN PÚBLICA Y POLÍTICAS PÚBLICAS
6383,8011500019,DOCTORADO EN EDUCACIÓN
6384,6042500036,ESPECIALIDAD EN ADMINISTRACIÓN HOSPITALARIA
6385,6011500007,ESPECIALIDAD EN LA ENSEÑANZA DE LAS CIENCIAS SOCIALES
6386,6101100006,ESPECIALIDAD EN LA ENSEÑANZA DE EDUCACIÓN FÍSICA
6387,6051300010,ESPECIALIDAD EN LA ENSEÑANZA DE CIENCIAS NATURALES
6388,6021200005,ESPECIALIDAD EN LA ENSEÑANZA DE LAS ARTES
6389,6053100002,ESPECIALIDAD EN LA ENSEÑANZA DE LAS MATEMÁTICAS
6390,6012603012,ESPECIALIDAD EN LA ENSEÑANZA DE INGLÉS
6391,6022300004,ESPECIALIDAD EN LA ENSEÑANZA DE ESPAÑOL Y LITERATURA
6392,7012603019,MAESTRÍA EN LA ENSEÑANZA DE INGLÉS
6393,7053100019,MAESTRÍA EN LA ENSENANZA DE LAS MATEMATICAS
6394,7021200009,MAESTRÍA EN LA ENSEÑANZA DE LAS ARTES
6395,7051300077,MAESTRÍA EN LA ENSEÑANZA DE LAS CIENCIAS NATURALES
6396,7031500052,MAESTRÍA EN LA ENSEÑANZA DE LAS CIENCIAS SOCIALES
6397,7012601015,MAESTRÍA EN LA ENSEÑANZA DE EDUCACIÓN FÍSICA
6398,7031500053,MAESTRÍA EN CONSEJERÍA PARA LA FAMILIA
6399,7022100014,MAESTRÍA EN TEOLOGÍA Y POSTMODERNISMO
6400,7031500054,MAESTRÍA EN DERECHO MERCANTIL Y MEDIOS ALTERNOS
6401,7041400064,MAESTRÍA EN DIRECCIÓN DE RECURSOS HUMANOS
6402,7072400017,MAESTRÍA EN PROCESOS INDUSTRIALES
6403,6033100137,ESPECIALIDAD EN LITIGACIÓN ESTRATÉGICA EN EL SISTEMA PENAL ACUSATORIO
6404,8031300026,DOCTORADO EN POLÍTICA Y GOBIERNO
6405,8011100023,DOCTORADO EN DESARROLLO CURRICULAR
6406,7031300083,MAESTRÍA EN AUDITORÍAS ESPECIALES Y OTROS SERVICIOS DE ATESTIGUAMIENTO
6407,7071600022,MAESTRÍA EN MEDIO AMBIENTE Y RESPONSABILIDAD SOCIAL
6408,7071600023,"MAESTRÍA EN PAISAJE, PATRIMONIO Y ESTUDIOS TERRITORIALES"
6409,7091326001,MAESTRÍA EN MEDICINA HÓLISTICA
6410,8091345010,DOCTORADO EN SEXOLOGÍA HUMANISTA
6411,7091345010,MAESTRÍA EN NEUROPSICOLOGÍA EDUCATIVA
6412,7012601016,MAESTRÍA EN EDUCACIÓN PARA EL DESARROLLO DE COMPETENCIAS DOCENTES
6413,7041100087,MAESTRÍA EN ADMINISTRACIÓN (DIRECCIÓN DE NEGOCIOS)
6414,7022500025,MAESTRÍA EN PATRIMONIO CULTURAL DE MÉXICO
6415,7021400030,MAESTRÍA EN EDUCACIÓN AUDIOVISUAL
6416,8042500013,DOCTORADO EN LIDERAZGO Y ALTA DIRECCIÓN
6417,7021200010,MAESTRÍA Y DOCTORADO EN CARTOGRAFÍAS DEL ARTE CONTEMPORÁNEO
6418,8021200001,"DOCTORADO EN ARTES (ARTES VISUALES, ARTES ESCÉNICAS E INTERDISCIPLINA)."
6419,6093203008,ESPECIALIDAD EN ORTOPEDIA MAXILAR
6420,6042100090,ESPECIALIDAD EN ADMINISTRACIÓN Y GESTIÓN FISCAL
6421,7031100226,MAESTRÍA EN PSICOTERAPIA GESTALT INTEGRATIVA
6422,6011500008,ESPECIALIDAD EN FORMACIÓN ARTÍSTICA Y DIBUJO
6423,7041200117,MAESTRÍA EN VISUAL MERCHANDISING Y RETAIL DESIGN
6424,7052300029,MAESTRÍA EN CARTOGRAFÍAS DEL ARTE CONTEMPORÁNEO
6425,8052300017,DOCTORADO EN CARTOGRAFÍAS DEL ARTE CONTEMPORÁNEO
6426,7011200103,MAESTRÍA  EN EDUCACIÓN CON ÉNFASIS EN ATENCIÓN A LA DIVERSIDAD
6427,7011500024,MAESTRÍA  EN PEDAGOGÍA DE LA CULTURA FÍSICA Y EL DEPORTE
6428,7011300047,MAESTRÍA EN PRÁCTICAS DOCENTES
6429,7011200104,MAESTRIA EN GESTION DE PROCESOS EDUCATIVOS
6430,7073100096,MAESTRÍA EN DISEÑO ARQUITECTÓNICO SUSTENTABLE
6431,7033100295,MAESTRIA EN DERECHO JUDICIAL CON ENFASIS EN ORALIDAD
6432,7021200011,MAESTRÍA EN EDUCACIÓN ARTÍSTICA ESCOLAR    CAMPO: INNOVACIÓN DEL ARTE 
6433,7073100097,MAESTRÍA EN DISEÑO SUSTENTABLE
6434,7062200067,MAESTRÍA EN TECNOLOGÍAS DE LA COMPUTACIÓN Y REDES
6435,6071200010,ESPECIALIDAD EN TECNOLOGIAS DE SOLDADURA
6436,6033100138,"ESPECIALIDAD EN DERECHO A LA INFORMACIÓN, FISCALIZACIÓN Y COMBATE A LA CORRUPCIÓN"
6437,7033100296,MAESTRÍA EN DERECHOS HUMANOS CON PERSPECTIVA INTERNACIONAL Y COMPARADA
6438,8032100005,DOCTORADO EN PERIODISMO
6439,6041200045,ESPECIALIDAD EN ESTRATEGIAS DE MARKETING
6440,7021400031,MAESTRIA EN REALIDAD VIRTUAL Y VIDEO JUEGOS
6441,7012604070,MAESTRÍA EN EDUCACIÓN Y PROFESIONALIZACIÓN DOCENTE
6442,8011200042,DOCTORADO EN GESTIÓN E INTERVENCIÓN EDUCATIVA
6443,7041100088,MAESTRÍA EN EMPRENDIMIENTO E INNOVACIÓN DE NEGOCIOS
6444,7101100025,MAESTRÍA EN CIENCIAS DEL DEPORTE DE ALTO RENDIMIENTO
6445,7042500129,MAESTRÍA EN ADMINISTRACIÓN DE LAS TECNOLOGÍAS DE LA INFORMACIÓN E INTERNET
6446,7012604071,MAESTRÍA EN INNOVACIÓN Y DESARROLLO EDUCATIVO
6447,7041300049,MAESTRÍA EN ADMINISTRACIÓN Y BANCA
6448,7041300050,MAESTRÍA EN COMERCIALIZACIÓN BANCARIA
6449,6061300026,ESPECIALIDAD EN PROGRAMACIÓN DE TECNOLOGÍAS MÓVILES
6450,8031500009,DOCTORADO EN CIENCIAS DEL DESARROLLO HUMANO
6451,8081100035,DOCTORADO EN CIENCIAS AGRÍCOLAS EN EL TRÓPICO
6452,7022200018,MAESTRÍA EN INVESTIGACIÓN Y TRADUCCIÓN DEL IDIOMA INGLES
6453,7021500032,MAESTRÍA EN TENDENCIAS CREATIVAS PARA EL DISEÑO
6454,7042100304,MAESTRÍA EN GESTIÓN EMPRESARIAL Y FINANZAS
6455,7012702033,MAESTRÍA EN EDUCACIÓN ESPECIAL INCLUSIVA
6456,7072400018,MAESTRÍA EN EXPLORACIÓN Y PRODUCCIÓN DE HIDROCARBUROS
6457,7071200038,MAESTRÍA EN ENERGÍA Y DESARROLLO SUSTENTABLE
6458,6031500023,ESPECIALIDAD EN PREVENCIÓN DE RIESGOS LABORALES
6459,7033100297,MAESTRÍA EN SISTEMA PENAL ACUSATORIO Y AMPARO
6460,6033100139,ESPECIALIDAD EN SISTEMA DE JUSTICIA PARA ADOLESCENTES
6461,7031100227,MAESTRIA EN PSICOLOGÍA ORGANIZACIONAL Y GESTIÓN DEL TALENTO HUMANO 
6462,8022600015,DOCTORADO EN FILOSOFIA Y DERECHO
6463,6073100028,ESPECIALIDAD EN ARQUITECTURA SUSTENTABLE
6464,6092208016,ESPECIALIDAD CON ÉNFASIS EN ENFERMERÍA EN CUIDADOS INTENSIVOS 
6465,6092208017,ESPECIALIDAD CON ÉNFASIS EN GESTIÓN Y DOCENCIA EN LOS SERVICIOS DE ENFERMERÍA 
6466,7104100011,MAESTRÍA EN SEGURIDAD Y MEDIO AMBIENTE
6467,7033100298,MAESTRIA EN JUICIO DE AMPARO Y DERECHOS FUNDAMENTALES
6468,6094100005,ESPECIALIDAD EN PREVENCIÓN Y REHABILITACIÓN DE LESIONES DEPORTIVAS
6469,7094200020,MAESTRÍA EN NUTRICIÓN CLÍNICA Y HOSPITALARIA 
6470,7031500055,MAESTRIA EN TERAPIA RACIONAL EMOTIVA
6471,6092207007,ESPECIALIDAD CON ÉNFASIS EN ENFERMERÍA QUIRÚRGICA
6472,7033200040,MAESTRIA EN GRAFOLOGIA 
6473,7042100305,MAESTRIA EN CAPACITACIÓN Y DESARROLLO
6474,7042200040,MAESTRÍA EN GESTIÓN DE RESTAURANTES Y ARTES CULINARIAS
6475,7033100299,MAESTRIA EN DERECHO Y CONSULTORIA EMPRESARIAL
6476,7031500056,MAESTRÍA EN SOLUCIONES SISTÉMICAS SOCIALES
6477,8052200021,DOCTORADO EN CIENCIAS EN QUÍMICA APLICADA 
6478,7052200022,MAESTRÍA EN CIENCIAS EN QUÍMICA APLICADA
6479,7071600024,"MAESTRÍA EN INGENIERÍA, TECNOLOGÍA Y GESTIÓN AMBIENTAL"
6480,7031100228,MAESTRIA EN CIENCIAS EN INTERVENCION PSICOSOCIAL
6481,7031500057,MAESTRÍA EN GERONTOLOGÍA SOCIAL INTEGRAL 
6482,8033100044,"DOCTORADO EN DERECHOS HUMANOS: JUSTICIABILIDAD DE LOS DERECHOS ECONOMICOS, SOCIALES, CULTURALES Y AMBIENTALES "
6483,7033100300,MAESTRIA EN DERECHO PENAL E INVESTIGACIÓN FORENSE
6484,7033100301,MAESTRIA EN DERECHO PROCESAL ADVERSARIAL ORAL
6485,7011100070,"MAESTRIA EN CURRICULUN, INNOVACION Y DIAGNOSTICO DE LA EDUCACION"
6486,8012500005,DOCTORADO EN INTERNACIONALIZACION Y ACREDITACION DE LA EDUCACION SUPERIOR
6487,8011200043,"DOCTORADO EN POLITICA EDUCATIVA, ESTUDIOS SOCIALES Y CULTURALES"
6488,7033100302,MAESTRÍA EN JUICIOS ORALES EN MATERIA DE LO PENAL
6489,7031300084,MAESTRÍA EN AUDITORÍAS ESPECIALES  
6490,6012604012,ESPECIALIDAD EN FORMACIÓN INTEGRAL DE ÁRBITROS Y JUECES
6491,7012604072,MAESTRÍA EN GESTIÓN DE LA ACTIVIDAD FÍSICA
6492,7011200105,MAESTRÍA EN ALTA DIRECCIÓN DE SERVICIOS EDUCATIVOS
6493,7033100303,MAESTRÍA EN DERECHO PROCESAL PENAL CON ÉNFASIS EN EL SISTEMA PENAL ACUSATORIO Y ORAL 
6494,7022500026,MAESTRÍA EN HISTORIA Y ETNOHISTORIA
6495,7022500027,MAESTRÍA EN ESTUDIOS ARQUEOLÓGICOS
6496,8022500014,DOCTORADO EN ESTUDIOS ARQUEOLÓGICOS
6497,6021200006,ESPECIALIDAD EN ESTUDIOS DEL MOVIMIENTO
6498,7021000011,MAESTRÍA EN DESARROLLO DE PROYECTOS INCLUSIVOS EN ARTES
6499,7021300019,MAESTRÍA EN INTERPRETACIÓN DE MÚSICA MEXICANA DE CONCIERTO
6500,7021200012,MAESTRÍA EN INVESTIGACIÓN TEATRAL
6501,7071000020,MAESTRÍA EN INGENIERÍA Y TECNOLOGÍA DE MATERIALES
6502,7031300085,MAESTRÍA EN GOBERNANZA Y GOBIERNOS LOCALES
6503,7041200118,MAESTRIA EN IMAGEN
6504,8011200044,DOCTORADO EN INNOVACIÓN Y ADMINISTRACIÓN ESTRATÉGICA DE INSTITUCIONES EDUCATIVAS
6505,7072000018,MAESTRÍA EN MANUFACTURA ADITIVA
6506,7071000021,MAESTRÍA EN ALTA DIRECCIÓN EN INGENIERÍA DE PROYECTOS
6507,7072000019,MAESTRÍA EN INGENIERÍA DE MANUFACTURA 4.0
6508,7062200068,MAESTRÍA EN INTERNET DE LAS COSAS (IOT)
6509,7042000046,MAESTRÍA EN GESTIÓN DE LA CALIDAD EN ESTABLECIMIENTOS DE SALUD 
6510,8042500014,DOCTORADO EN ALTA DIRECCIÓN EN ESTABLECIMIENTOS DE SALUD 
6511,6011000004,ESPECIALIDAD EH TECNOLOGIAS Y DISEÑOS PARA LA EDUCACIÓN
6512,7071000022,MAESTRÍA EN INGENIERÍA PARA LA DIRECCIÓN DE OPERACIONES 2016 
6513,8101100005,DOCTORADO EN EDUCACIÓN FÍSICA Y ENTRENAMIENTO DEPORTIVO
6514,7011400047,MAESTRIA EN TUTORIA VIRTUAL
6515,7041100089,MAESTRIA EN LOGISTICA INVERSA Y SUSTENTABILIDAD
6516,7031200083,MAESTRIA EN CIENCIAS ANDRAGOGICAS
6517,8042500015,DOCTORADO EN 
6518,8042100039,DOCTORADO EN ADMINISTRACIÓN DE OPERACIONES
6519,7042000047,MAESTRÍA EN CIENCIAS DE LA ADMINISTRACIÓN EN EL ÁREA DE GESTIÓN DE NEGOCIOS
6520,7042000048,MAESTRÍA EN CIENCIAS DE LA ADMINISTRACIÓN EN EL ÁREA DE GESTIÓN DE LA INFORMACIÓN
6521,7042500130,MAESTRIA EN CIENCIAS DE LA ADMINISTRACION EN EL AREA DE GESTION DE NEGOCIOS
6522,7031000018,MAESTRIA EN LOGOTERAPIA Y DESARROLLO HUMANO
6523,8031100034,DOCTORADO EN PSICOLOGÍA HUMANISTA   
6524,8031100035,MAESTRIA “PSICOLOGÍA DEL DEPORTE”   
6525,7042000049,MAESTRÍA EN GESTIÓN DE LA INDUSTRIA DE LA MANUFACTURA
6526,7021200013,MAESTRÍA EN DIRECCIÓN DE ARTE DIGITAL
6527,7041100090,MAESTRÍA EN EMPRENDIMIENTO E INNOVACIÓN DIGITAL
6528,7041400065,MAESTRÍA EN ESTRATEGÍAS FISCALES E IMPOSITIVAS
6529,7042000050,MAESTRÍA EN GESTIÓN DE RIESGOS FINANCIEROS
6530,7042100306,MAESTRÍA EN ADMINISTRACIÓN DE RECURSOS DE LA EMPRESA 
6531,7033100304,MAESTRÍA EN JUICIO ORAL EN MATERIA PENAL
6532,7033100305,MAESTRÍA EN ARGUMENTACIÓN JURÍDICA Y LITIGACIÓN ORAL
6533,7041200119,MAESTRÍA EN NEUROMARKETING Y DESARROLLO DE NEGOCIOS
6534,7042300065,MAESTRÍA EN GESTION DE GOBIERNOS CONFIABLES
6535,7062200069,MAESTRIA EN SEGURIDAD INFORMÁTICA Y TEGNOLOGÍAS DE LA INFORMACIÓN
6536,7041200120,MAESTRÍA EN ALTA DIRECCIÓN EN FINANZAS
6537,7041400066,MAESTRÍA EN AUDITORÍA Y FISCALIZACIÓN
6538,8033100045,DOCTORADO EN DERECHO CIVIL Y FAMILIAR
6539,7011000028,MAESTRÍA EN MEDIACIÓN INTERCULTURAL 
6540,7011500025,MAESTRIA EN LIDERAZGO Y GESTIÓN DE INSTITUCIONES EDUCATIVAS
6541,7042500131,MAESTRÍA EN DIRECCIÓN Y SUPERVISIÓN DE CENTROS ESCOLARES
6542,7012300018,MAESTRÍA EN DOCENCIA PARA LA EDUCACIÓN BÁSICA 
6543,6033100140,ESPECIALIDAD EN DERECHO PROCESAL ORAL FAMILIAR
6544,6033100141,ESPECIALIDAD EN DERECHO PROCESAL ORAL MERCANTIL
6545,6033100142,ESPECIALIDAD EN DERECHO PROCESAL ORAL CIVIL
6546,7033100306,MAESTRÍA EN JUICIOS ORALES Y TÉCNICAS DE LITIGACIÓN
6547,7104100012,MAESTRÍA EN SEGURIDAD CIUDADANA CON ESPECIALIDAD EN CRIMINALÍSTICA
6548,8042500016,DOCTORADO EN ADMINISTRACIÓN INTERNACIONAL
6549,7071000023,MAESTRÍA EN INGENIERÍA Y GESTIÓN DE CALIDAD
6550,7031200084,MAESTRÍA EN CIENCIAS EN INTERVENCIÓN PSICOSOCIAL
6551,7062000003,MAESTRÍA EN INTELIGENCIA LOGÍSTICA 
6552,7011000029,MAESTRÍA EN LIDERAZGO Y GESTIÓN DE INSTITUCIONES EDUCATIVAS 
6553,7042100307,MAESTRÍA EN 
6554,7011500026,MAESTRÍA EN EDUCACIÓN CON ÉNFASIS EN COMPETENCIAS 
6555,7042300066,MAESTRIA EN GOBIERNO RESPONSIBLE Y GESTIÓN SOSTENIBLE
6556,8011500020,DOCTORADO EN EDUCACIÓN Y DESARROLLO SUSTENTABLE
6557,7041300051,MAESTRÍA EN ADMINISTRACIÓN DE RIESGOS EMPRESARIALES
6558,7041300052,MAESTRIA EN MICROFINANZAS
6559,7095600058,MAESTRÍA EN SALUD PÚBLICA Y SUSTENTABILIDAD
6560,6011500009,ESPECIALIDAD EN EDUCACIÓN ELEMENTAL Y BILINGÜE
6561,7031100229,MAESTRÍA EN PSICOLOGÍA INDUSTRIAL
6562,7042500132,MAESTRÍA EN GERENCIA DE RECURSOS HUMANOS 
6563,7101600013,MAESTRÍA EN TURISMO
6564,7042100308,MAESTRÍA EN DESARROLLO DEL POTENCIAL CREATIVO
6565,7062200070,MAESTRÍA EN ADMINISTRACIÓN CON ESPECIALIDAD EN SISTEMAS
6566,7041100091,MAESTRÍA EN ADMINISTRACIÓN CON ESPECIALIDAD EN RELACIONES INDUSTRIALES 
6567,7042100309,MAESTRÍA EN ADMINISTRACIÓN CON ESPECIALIDAD EN INVESTIGACIÓN DE OPERACIONES  
6568,8042100040,DOCTORADO EN ADMINISTRACIÓN Y ALTA DIRECCIÓN
6569,7021600031,MAESTRÍA EN DISEÑO Y DESARROLLO DE PRODUCTOS PLÁSTICOS
6570,7031300086,"MAESTRÍA EN GÉNERO, SOCIEDAD Y POLÍTICAS PÚBLICAS"
6571,6092208018,ESPECIALIDAD EN ENFERMERÍA GERONTOGERIÁTRICA 
6572,7041300053,MAESTRIA EN FINANZAS Y ADMINISTRACION
6573,7071000024,MAESTRÍA EN CIENCIAS E INGENIERÍA ELECTROMAGNÉTICA 
6574,7041400067,MAESTRÍA EN SISTEMAS DE AUDITORIA 
6575,7031000019,MAESTRÍA EN GESTIÓN DE DESARROLLO TURÍSTICO
6576,6033100143,ESPECIALIDAD EN JUSTICIA ALTERNATIVA
6577,7031500058,MAESTRÍA EN GERONTOLOGÍA SOCIAL Y ESTRATEGIAS DE ATENCIÓN AL ADULTO MAYOR
6578,6011200020,ESPECIALIDAD EN CALIDAD
6579,6012701006,ESPECIALIDAD EN ESTIMULACIÓN TEMPRANA 
6580,7012500033,MAESTRÍA EN DOCENCIA DE EDUCACIÓN SUPERIOR 
6581,7012604073,MAESTRÍA EN ESTRATEGIAS DE CREATIVIDAD
6582,6042100091,ESPECIALIDAD EN GESTION DE LA INDUSTRIA PORTUARIA    
6583,7041300054,MAESTRIA EN ADMINISTRACION DEL AREA DE FINANZAS 
6584,8031000013,DOCTORADO EN TANATOLOGÍA
6585,8031100036,DOCTORADO EN INTERVENCIÓN PSICOLÓGICA Y EDUCATIVA
6586,6092208019,ESPECIALIDAD DE AUXILIAR DE ENFERMERÍA
6587,7073100098,"MAESTRÍA EN ARQUITECTURA, MEDIO AMBIENTE Y ENERGÍA"
6588,7011500027,MAESTRIA EN EDUCACIÓN BASADA EN COMPETENCIAS PARA EL DESARROLLO DEL ARTE  
6589,7012604074,MAESTRÍA EN COMPETENCIAS DIGITALES 
6590,7072100026,MAESTRÍA EN CIENCIAS GASTRONÓMICAS  
6591,7033100307,MAESTRÍA EN DERECHO PARLAMENTARIO Y TÉCNICAS LEGISLATIVAS   
6592,7095000007,MAESTRIA EN CIENCIAS DE ENFERMERIA  
6593,7022300029,MAESTRÍA EN LITERATURA APLICADA
6594,8033100046,DOCTORADO EN CIENCIAS PENALES Y JUICIOS ORALES 
6595,7041200121,MAESTRÍA EN MERCADOTECNIA DIGITAL Y REDES SOCIALES  
6596,7042100310,MAESTRÍA EN DIRECCIÓN EMPRESARIAL E INTELIGENCIA ESTRATÉGICA   
6597,7033100308,MAESTRÍA EN SISTEMA NACIONAL ANTICORRUPCIÓN
6598,7051300078,MAESTRIA EN SOCIOECOLOGIA  
6599,7041400068,MAESTRÍA EN TRANSPARENCIA Y RENDICIÓN DE CUENTAS  
6600,7022600029,MAESTRÍA EN PENSAMIENTO FILOSÓFICO Y ÉTICO   
6601,7094100013,MAESTRÍA EN FISIOTERAPIA GERIÁTRICA 
6602,7012500034,MAESTRÍA EN EDUCACIÓN SUPERIOR INTERNACIONAL  
6603,7051300079,MAESTRÍA EN CIENCIAS EN ECOLOGÍA Y MANEJO DE RECURSOS COSTEROS Y MARINOS
6604,7042100311,MAESTRÍA EN DESARROLLO Y DIRECCIÓN DE LA INNOVACIÓN  
6605,7042000051,MAESTRÍA EN ADMINISTRACIÓN DE NEGOCIOS ACUÍCOLAS   
6606,7094200021,MAESTRÍA EN NUTRICIÓN PEDIÁTRICA
6607,7095600059,MAESTRIA EN CIENCIAS EN SISTEMAS Y POLITICAS DE SALUD  
6608,7094200022,MAESTRIA EN CIENCIAS EN NUTRICIÓN POBLACIONAL
6609,8095000002,DOCTORADO EN CALIDAD DE LOS SISTEMAS DE SALUD  
6610,7021100026,MAESTRÍA EN FOTOGRAFÍA Y ESTUDIOS VISUALES
6611,8033100047,DOCTORADO INTERINSTITUCIONAL EN DERECHOS HUMANOS
6612,7071200039,MAESTRÍA EN ENERGÍA SUSTENTABLE 
6613,7042400046,MAESTRÍA EN GERENCIA DE PROYECTOS DE LA CONSTRUCCIÓN   
6614,8011500021,DOCTORADO INTERINSTITUCIONAL EN ECONOMÍA SOCIAL SOLIDARIA
6615,7031500059,MAESTRÍA EN SOCIEDAD Y PATRIMONIO 
6616,7033100309,MAESTRIA EN CIENCIAS PENALES Y SISTEMA ORAL  
6617,7042100312,MAESTRIA EN ADMINISTRACIÓN DE NEGOCIOS GLOBAL   
6618,8011200045,DOCTORADO EN INVESTIGACIÓN APLICADA A LA INSDUSTRIA 
6619,7021500033,MAESTRIA EN DISEÑO Y PRODUCCIÓN DE MULTIMEDIOS  
6620,7011200106,MAESTRIA EN INVESTIGACIÓN Y CONSULTORÍA EDUCATIVA   
6621,7011200107,MAESTRIA EN ESTUDIOS PARA EL DESARROLLO  
6622,6031500024,ESPECIALIDAD EN PREVENCIÓN SOCIAL DE LA VIOLENCIA Y LA DELINCUENCIA   
6623,7033200041,MAESTRIA EN CRIMINOLOGÍA Y SISTEMAS DE PREVENCIÓN DEL DELITO
6624,7062200071,MAESTRIA EN TECNOLOGIA DE REDES E INFORMATICA 
6625,6092208020,ESPECIALIDAD EN ENFERMERÍA EN SALUD LABORAL  
6626,7011300048,MAESTRÍA EN INTERCULTURALIDAD PARA LA PAZ Y LOS CONFLICTOS ESCOLARES
6627,7012000070,MAESTRÍA EN INTERVENCIÓN DOCENTE (MID) 
6628,7101300002,MAESTRIA EN CONSULTORIA DE IMAGEN PERSONAL Y EMPRESARIAL
6629,7031000020,MAESTRÍA EN COMPORTAMIENTO HUMANO Y LIDERAZGO
6630,6092206011,ESPECIALIDAD DE ENFERMERÍA EN PEDIATRÍA  
6631,6092205002,ESPECIALIDAD DE ENFERMERÍA ONCOLÓGICA  
6632,7071000025,MAESTRÍA EN INGENIERÍA EN SUSTENTABILIDAD ENERGÉTICA 
6633,7042500133,MAESTRÍA EN ADMINISTRACIÓN Y GESTIÓN PUBLICA  
6634,7042200041,MAESTRÍA EN DIRECCIÓN Y GESTIÓN TURÍSTICA  
6635,7091345011,MAESTRÍA EN MATERNO INFANTIL   
6636,7012000071,MAESTRÍA EN EDUCACIÓN ÁREA DOCENTE  
6637,8031200035,DOCTORADO EN ESTUDIOS ANTROPOLÓGICOS
6638,8031100037,DOCTORADO EN PSICOTERAPIAS HUMANISTAS
6639,6042500037,ESPECIALIZACIÓN EN ADMINISTRACIÓN Y GESTIÓN EDUCATIVAS  
6640,6011500010,ESPECIALIZACIÓN EN DIDÁCTICA 
6641,7012000072,MAESTRÍA EN DIDÁCTICA
6642,8011500022,DOCTORADO EN DIDÁCTICA
6643,8042500017,DOCTORADO EN ADMINISTRACIÓN Y GESTIÓN EDUCATIVAS
6644,7012000073,MAESTRÍA EN TUTORIA DOCENTE
6645,7042500134,MAESTRÍA EN DIRECCIÓN DE ORGANIZACIONES DE SALUD
6646,7041200122,MAESTRÍA EN IMAGEN DIRECTIVA
6647,8011400014,DOCTORADO EN GESTIÓN DE INSTITUCIONES EDUCATIVAS INNOVADORAS
6648,8042500018,DOCTORADO EN CIENCIAS DE LA GESTIÓN EDUCATIVA
6649,8022100002,DOCTORADO EN TEOLOGÍA
6650,8031200036,DOCTORADO EN ESTUDIOS DEL DESARROLLO.PROBLEMAS Y PERSPECTIVAS LATINOAMERICANAS
6651,7011000030,MAESTRIA EN PLANEACIÓN Y EVALUACIÓN GUBERNAMENTAL
6652,7071000026,MAESTRÍA EN INGENIERÍA DE HIDROCARBUROS Y SUS ENERGÉTICOS ASOCIADOS
6653,7071000027,MAESTRÍA EN INGENIERÍA DE OPERACIONES ESTRATÉGICAS  
6654,7042500135,MAESTRÍA EN GESTIÓN Y CAMBIO ORGANIZACIONAL   
6655,7042100313,MAESTRÍA EN ADMINISTRACIÓN E INNOVACIÓN EMPRESARIAL   
6656,7042000052,MAESTRÍA EN ADMINISTRACIÓN DE ENERGÍAS RENOVABLES 
6657,6042500038,ESPECIALIZACIÓN EN ADMINISTRACIÓN Y DOCENCIA EN ENFERMERIA  
6658,8011000005,DOCTORADO EN SOCIOFORMACIÓN Y SOCIEDAD DEL CONOCIMIENTO
6659,7012601017,MAESTRÍA EN DOCENCIA Y DESARROLLO DE COMPETENCIAS  
6660,7072000020,MAESTRÍA EN INGENIERÍA DE PRODUCTOS Y PROCESOS
6661,8042500019,DOCTORADO EN CIENCIAS DE LA GESTIÓN ADMINISTRATIVA
6662,7091200003,MAESTRÍA EN HOMEOPATÍA   
6663,8053200004,DOCTORADO EN ANÁLISIS CUANTITATIVO DEL RIESGO  
6664,6081100011,ESPECIALIDAD EN AGRICULTURA FAMILIAR Y NEGOCIOS
6665,7011000031,MAESTRÍA EN LA ENSEÑANZA DEL ESPAÑOL    
6666,7031100230,MAESTRÍA EN ESTUDIOS EN PSICOANÁLISIS
6667,7073100099,"MAESTRÍA EN TERRITORIO, TURISMO Y PATRIMONIO   "
6668,7073200037,MAESTRÍA EN TECNOLOGÍAS EN MATERIALES AVANZADOS  
6669,8042500020,DOCTORADO EN LIDERAZGO EDUCATIVO
6670,6081100012,ESPECIALIDAD EN PALMA DE ACEITE
6671,6033100144,ESPECIALIDAD EN EL NUEVO SISTEMA PENAL ACUSATORIO Y ADVERSARIAL 
6672,6042500039,ESPECIALIDAD EN ADMINISTRACIÓN EN LOS SERVICIOS DE SALUD  
6673,7031300087,MAESTRÍA EN RELACIONES INTERNACIONALES Y COMERCIO EXTERIOR    
6674,8042500021,DOCTORADO EN EDUCACIÓN Y ADMINISTRACIÓN EDUCATIVA  
6675,7042200042,MAESTRÍA EN ALTA DIRECCIÓN DE RESTAURANTES  
6676,8101100006,DOCTORADO EN ACTIVIDAD FÍSICA Y DEPORTE  
6677,6101000002,ESPECIALIDAD DE CONSULTORIA TURÍSTICA   
6678,6061000002,ESPECIALIDAD EN DISEÑO DE PROYECTOS  
6679,7095000008,MAESTRÍA EN DIRECCIÓN ESTRATÉGICA EN SALUD  
6680,7092208002,MAESTRÍA EN ENFERMERÍA CON ENFOQUE EN GESTIÓN SANITARÍA 
6681,7031100231,MAESTRÍA EN INTERVENCIÓN PSICOLÓGICA EN EL DESARROLLO Y LA EDUCACIÓN  
6682,7094200023,MAESTRÍA EN NUTRICIÓN DIETÉTICA VEGETARIANA   
6683,7021500034,MAESTRÍA EN DISEÑO DE PROYECTOS MULTIMEDIA
6684,8032100006,DOCTORADO EN IMAGEN PÚBLICA
6685,7073100100,MAESTRÍA EN CONSERVACIÓN DE ACERVOS DOCUMENTALES
6686,7101500014,MAESTRÍA EN DIRECCIÓN Y LOGÍSTICA DE EVENTOS TURÍSTICOS Y GASTRONÓMICOS
6687,7082100012,MAESTRÍA EN PRODUCCIÓN DE BOVINOS EN EL TRÓPICO  
6688,8053100011,DOCTORADO EN CIENCIAS CON ESPECIALIDAD EN MATEMÁTICA EDUCATIVA     
6689,7033100310,MAESTRÍA EN DERECHO PROCESAL CIVIL CON ORIENTACIÓN EN JUICIOS ORALES 
6690,7033100311,MAESTRÍA EN DERECHO Y CIENCIA POLÍTICA  
6691,7031000021,LICENCIATURA EN DERECHO CORPORATIVO Y NEGOCIOS INTERNACIONALES    
6692,8071400011,DOCTORADO EN CIENCIAS DE LA INGENIERIA  
6693,7103100012,MAESTRÍA EN SEGURIDAD E HIGIENE Y SUSTENTABILIDAD  
6694,7042100314,MAESTRÍA EN ADMINISTRACIÓN DE NEGOCIOS (MBA) 
6695,8042300010,"DOCTORADO EN GOBIERNO, GESTIÓN Y DEMOCRACIA   "
6696,7042300067,"MAESTRÍA EN GOBIERNO, GESTIÓN Y DEMOCRACIA  "
6697,7022300030,MAESTRÍA EN ESTUDIOS DEL DISCURSO Y LITERACIDADES ACADEMICAS  
6698,7081000003,MAESTRÍA EN PRODUCCIÓN AGROALIMENTARIA   
6699,7011200108,MAESTRÍA EN GESTIÓN Y LIDERAZGO DE INSTITUCIONES EDUCATIVAS
6700,7033100312,MAESTRÍA EN DEFENSA FISCAL
6701,7071600025,MAESTRÍA EN INGENIERÍA FORESTAL 
6702,7051300080,MAESTRÍA EN RECURSOS NATURALES Y MEDIO AMBIENTE EN ZONAS ÁRIDAS  
6703,7041400069,MAESTRÍA EN MATERIA FISCAL 
6704,6031300024,ESPECIALIDAD EN MIGRACIÓN INTERNACIONAL   
6705,6104100005,ESPECIALIDAD EN ESTUDIOS DE LA FRONTERA MÉXICO-ESTADOS UNIDOS 
6706,6104100006,ESPECIALIDAD EN ESTUDIOS DE LAS CIUDADES LATINOAMERICANAS  
6707,7031300088,MAESTRÍA EN ESTUDIOS DE MIGRACIÓN INTERNACIONAL    
6708,6104100007,ESPECIALIDAD EN ESTUDIOS DE LAS CIUDADES DEL SIGLO XXI
6709,8071000016,DOCTORADO EN CIENCIAS DE LA INGENIERIA CON ORIENTACIONES EN TELECOMUNICACIONES E INGENIERIA BIOMÉDICA
6710,7022600030,MAESTRÍA EN FILOSOFÍA Y CIENCIAS DE LA FAMILIA 
6711,8052100020,DOCTORADO EN CIENCIAS FISICAS     
6712,7012000074,MAESTRÍA EN DOCENCIA EN CIENCIAS DE LA ENFERMERÍA    
6713,7011500028,MAESTRÍA EN CIENCIAS DE LA SALUD CON ESPECIALIDAD EN EPIDEMIOLOGÍA     
6714,7092208003,MAESTRÍA EN CIENCIAS EN ENFERMERÍA   
6715,7042500136,MAESTRÍA EN DIRECCIÓN DE AGRONEGOCIOS MBA  
6716,7033100313,"MAESTRÍA EN DERECHOS HUMANOS, AMPARO Y CONSTITUCIONAL    "
6717,7072000021,MAESTRÍA EN PROCESOS DEL TEQUILA   
6718,7042000053,MAESTRÍA EN SISTEMAS DE GESTIÓN DE CALIDAD PARA LA INNOVACIÓN 
6719,6042000007,ESPECIALIDAD EN SISTEMAS DE GESTIÓN DE CALIDAD PARA LA INNOVACIÓN  
6720,7041200123,MAESTRÍA EN MARKETING DIGITAL Y VENTAS  
6721,7061300043,MAESTRÍA EN CIBERSEGURIDAD 
6722,6042000008,ESPECIALIDAD EN GESTIÓN ESTRATÉGICA DE MARCA 
6723,7041400070,MAESTRÍA EN VALUACIÓN INMOBILIARIA Y FE PUBLICA   
6724,7033100314,MAESTRÍA EN DERECHO PENAL ADVERSARIAL   
6725,8071000017,DOCTORADO EN  INGENIERÍA  DE SISTEMAS EMPRESARIALES     
6726,6021000003,"ESPECIALIDAD EN MODELAJE, ANIMACIÓN E INTERACTIVIDAD  "
6727,7091345012,MAESTRÍA EN ENDOCRINOLOGÍA GINECOLÓGICA E INFERTILIDAD  
6728,7011100071,MAESTRÍA EN EDUCACIÓN CON ÉNFASIS EN INNOVACIÓN PEDAGÓGICA  
6729,7021500035,MAESTRÍA EN DISEÑO Y PUBLICIDAD 
6730,6094100006,ESPECIALIDAD EN VALUACIÓN DE DAÑO MORAL 
6731,7033100315,MAESTRÍA EN DERECHO ELECTORAL Y DERECHO PROCESAL ELECTORAL
6732,8042300011,DOCTORADO EN ADMINISTRACIÓN TRIBUTARIA    
6733,7031300089,MAESTRÍA EN GEOPOLÍTICA 
6734,8071000018,"DOCTORADO EN CIENCIAS DE LA INGENIERÍA CON ORIENTACIONES EN INGENIERÍA ELECTRÓNICA, INGENIERÍA EN TELECOMUNICACIONES E INGENIERÍA BIOMÉDICA"
6735,7041100092,MAESTRÍA EN DIRECCIÓN Y OPERACIONES DE CALIDAD
6736,7041200124,MAESTRÍA EN MARKETING DIGITAL Y COMERCIO ELECTRÓNICO
6737,7095000009,MAESTRÍA EN EJERCICIO FÍSICO PARA LA SALUD Y EL ALTO RENDIMIENTO DEPORTIVO
6738,7094200024,MAESTRIA EN CIENCIAS DE LA NUTRICION Y ALIMENTOS MEDICINALES     
6739,6041300024,ESPECIALIDAD EN FINANZAS EMPRESARIALES
6740,6073100029,ESPECIALIDAD EN URBANISMO
6741,7062300004,MAESTRÍA EN TECNOLOGÍAS DE LA INFORMACIÓN Y LA COMUNICACIÓN EN EDUCACIÓN
6742,8011200046,DOCTORADO EN DESARROLLO DE LA EDUCACION
6743,7042300068,MAESTRÍA EN GESTIÓN PÚBLICA PARA LA BUENA ADMINISTRACIÓN
6744,7104100013,MAESTRÍA EN GESTIÓN INTEGRAL DEL RIESGO DE DESASTRES
6745,6091340008,ESPECIALIDAD EN MEDICINA NUCLEAR PEDIÁTRICA
6746,6091340009,ESPECIALIDAD EN TRASPLANTE DE CÉLULAS PROGENITORAS HEMATOPOYETICAS EN PEDIATRÍA
6747,8022000010,DOCTORADO EN ESTUDIOS TERRITORIALES
6748,7031300090,MAESTRÍA EN GOBIERNO Y BUENA POLÍTICA
6749,7071000028,MAESTRÍA EN SISTEMAS INTEGRADOS DE GESTIÓN 
6750,7091345013,MAESTRÍA EN NUTRICIÓN EN OBESIDAD Y DIABETES   
6751,7071200040,MAESTRÍA EN CIENCIAS EN ENERGÍAS RENOVABLES 
6752,8051000003,DOCTORADO EN CIENCIAS EN SUSTENTABILIDAD DE LOS RECURSOS NATURALES Y ENERGÍA  
6753,8052000005,DOCTORADO EN CIENCIAS EN ENERGÍAS RENOVABLES  
6754,6033100145,"ESPECIALIDAD EN DERECHO PROCESAL PENAL, ACUSATORIO Y ORAL "
6755,7031000022,MAESTRÍA EN DESARROLLO HUMANO Y LIDERAZGO
6756,7073200038,MAESTRÍA EN COSTOS Y CONSTRUCCIÓN EN EDIFICACIÓN
6757,6041400026,ESPECIALIDAD EN AUDITORÍA GUBERNAMENTAL 
6758,7041400071,MAESTRÍA EN CONTABILIDAD Y AUDITORÍA GUBERNAMENTAL  
6759,7062300005,MAESTRÍA EN INGENIERÍA EN TECNOLOGÍAS DE LA INFORMACIÓN Y LAS COMUNICACIONES  
6760,6042100092,ESPECIALIDAD EN ADMINISTRACIÓN DE LAS PEQUEÑAS EMPRESAS  
6761,7104100014,MAESTRÍA EN SEGURIDAD CIUDADANA Y ESTUDIO DELINCUENCIAL  
6762,7061000009,MAESTRÍA EN ANALÍSIS DE INFORMACIÓN 
6763,7012000075,MAESTRÍA EN EDUCACIÓN Y DESARROLLO PROFESIONAL DOCENTE  
6764,8042500022,DOCTORADO EN GESTIÓN ADMINISTRATIVA 
6765,7031000023,MAESTRIA EN SEXUALIDAD Y EQUIDAD DE GENERO   
6766,6033100146,ESPECIALIDAD EN JUSTICIA INTEGRAL PARA ADOLESCENTES
6767,7031300091,MAESTRÍA EN GESTIÓN Y ADJUDICACIÓN JUDICIAL  
6768,7081100084,MAESTRÍA EN ESTRATEGIA AGROEMPRESARIAL
6769,7081100085,MAESTRÍA EN GESTIÓN DEL DESARROLLO RURAL
6770,7081100086,MAESTRÍA EN CIENCIAS EN BIOTECNOLOGÍA AGRÍCOLA 
6771,7081000004,MAESTRÍA EN CIENCIAS EN AGROFORESTERÍA PARA EL DESARROLLO SOSTENIBLE
6772,7081200012,MAESTRÍA EN CIENCIAS EN PROTECCIÓN VEGETAL
6773,8081100036,DOCTORADO EN CIENCIAS EN DESARROLLO RURAL REGIONAL
6774,8081100037,DOCTORADO EN CIENCIAS EN AGRICULTURA MULTIFUNCIONAL PARA EL DESARROLLO SOSTENIBLE
6775,8081200003,DOCTORADO EN CIENCIAS EN HORTICULTURA
6776,7041300055,MAESTRÍA EN FINANZAS PARA MICROEMPRESARIOS
6777,8081100038,DOCTORADO EN CIENCIAS EN CIENCIAS AGRARIAS
6778,7041100093,MAESTRÍA EN DIRECCIÓN Y CONTROL DE NEGOCIOS
6779,6022300005,ESPECIALIZACIÓN EN PROMOCIÓN DE LA LECTURA 
6780,6021400010,ESPECIALIZACIÓN EN ESTUDIOS CINEMATOGRÁFICOS 
6781,6091341005,ESPECIALIZACIÓN EN ENFERMERÍA PSIQUIÁTRICA Y SALUD MENTAL 
6782,6031100078,ESPECIALIZACIÓN EN REHABILITACIÓN PSICOSOCIAL 
6783,7022500028,MAESTRÍA EN HISTORIA CONTEMPORÁNEA 
6784,8052200022,DOCTORADO EN MATERIALES Y NANOCIENCIA 
6785,6042100093,ESPECIALIDAD EN ADMINISTRACIÓN DEL CAPITAL HUMANO
6786,7042500137,MAESTRÍA EN ADMINISTRACIÓN DE SERVICIOS DE SALUD Y HOSPITALARIOS
6787,7012000076,MAESTRÍA EN METODOLOGÍA DE LA FORMACIÓN Y DE LA ENSEÑANZA APRENDIZAJE 
6788,6071300013,ESPECIALIZACIÓN EN INGENIERÍA EN ELECTROMECÁNICA
6789,6071300014,ESPECIALIZACIÓN EN INGENIERÍA EN MECATRONICA
6790,8042100041,DOCTORADO EN DIRECCIÓN DE PROYECTOS 
6791,7031100232,MAESTRÍA EN CUIDADOS PALIATIVOS   
6792,7051100026,MAESTRÍA EN MANEJO Y APROVECHAMIENTO INTEGRAL DE RECURSOS BIÓTICOS 
6793,7042100315,MAESTRIA EN DESARROLLO HUMANO Y ORGANIZACIONAL  
6794,8051100027,DOCTORADO EN MANEJO Y APROVECHAMIENTO INTEGRAL DE RECURSOS BIÓTICOS
6795,6051100004,ESPECIALIDAD EN MANEJO Y APROVECHAMIENTO INTEGRAL DE RECURSOS BIÓTICOS
6796,7033200042,MAESTRÍA EN CRIMINOLOGÍA CON ORIENTACIÓN EN SEGURIDAD Y PREVENCIÓN
6797,7033200043,MAESTRÍA EN CRIMINOLOGÍA CON ORIENTACIÓN EN SEGURIDAD EMPRESARIAL
6798,7042100316,MAESTRÍA EN ADMINISTRACIÓN CON ORIENTACIÓN EN GESTIÓN DE CAPITAL HUMANO
6799,7041200125,MAESTRÍA EN ADMINISTRACIÓN CON ORIENTACIÓN EN ESTRATEGIAS DE MERCADOTECNIA 
6800,7042100317,MAESTRÍA EN INNOVACIÓN Y EMPRENDIMIENTO EMPRESARIAL
6801,6041100051,ESPECIALIDAD EN INGENIERÍA DE INDUSTRIA INTELIGENTE
6802,6091345012,ESPECIALIDAD EN NEURORRADIOLOGÍA
6803,7042100318,MAESTRÍA EN ADMINISTRACIÓN Y GESTIÓN DIRECTIVA
6804,8011200047,DOCTORADO EN INNOVACIÓN EDUCATIVA Y GESTIÓN
6805,7041300056,MAESTRÍA EN ADMINISTRACIÓN CAMPO FINANZAS  
6806,8062100003,DOCTORADO EN CIENCIAS APLICADAS Y TECNOLOGÍA  
6807,7042100319,MAESTRÍA EN ADMINISTRACIÓN DE EMPRESAS GLOBAL (MBA GLOBAL) 
6808,7041200126,MAESTRÍA EN MERCADOTECNIA Y COMUNICACIÓN VISUAL 
6809,7041100094,MAESTRÍA EN INNOVACIÓN Y EMPRENDIMIENTO 
6810,7033100316,MAESTRÍA EN SISTEMA PENAL ACUSATORIO Y ORAL  
6811,6102100004,ESPECIALIDAD EN TRÁNSITO TERRESTRE
6812,7033100317,MAESTRÍA EN PROCURACIÓN Y ADMINISTRACIÓN DE LA JUSTICIA CON ÉNFASIS EN EL SISTEMA ACUSATORIO MEXICANO
6813,6033100147,ESPECIALIDAD EN DERECHO PENAL ACUSATORIO Y ORAL 
6814,7094200025,MAESTRÍA EN NUTRICIÓN Y ALIMENTACIÓN SUSTENTABLE 
6815,7031000024,MAESTRÍA EN CIENCIAS (NANOTECNOLOGÍA)
6816,7022500029,MAESTRIA EN ENSEÑANZA DE LENGUAS Y CULTURA (MELyC)  
6817,6032100017,ESPECIALIDAD EN COMUNICACIÓN POLÍTICA   
6818,7071000029,MAESTRÍA EN OPCION TERMINAL: METROLOGIA  
6819,7071000030,MAESTRÍA EN CIENCIAS EN MECATRÓNICA    
6820,7071000031,MAESTRÍA EN CIENCIA Y TECNOLOGÍA EN  MECATRÓNICA    
6821,7071000032,MAESTRÍA EN LA OPCION TERMINAL MECATRONICA  
6822,7071100022,MAESTRÍA EN LA OPCION TERMINAL DISEÑO Y DESARROLLO DE SISTEMAS MECANICOS  
6823,8071300020,DOCTORADO EN LA OPCION TERMINAL MECATRONICA   
6824,8071100004,DOCTORADO EN LA OPCION TERMINAL DISEÑO Y DESARROLLO DE SISTEMAS MECANICOS  
6825,7033200044,"MAESTRÍA EN CRIMINOLOGÍA, PROCESOS DE LA CULTURA Y ESTRATEGIAS DE INTERVENCIÓN "
6826,6092208021,ESPECIALIDAD EN ADMINISTRACIÓN Y GESTIÓN DE LOS SERVICIOS DE ENFERMERIA
6827,7033100318,"MAESTRÍA EN RETÓRICA, ARGUMENTACIÓN JURÍDICA Y LITIGACIÓN ORAL "
6828,7042500138,MAESTRÍA EN GESTIÓN Y ADMINISTRACIÓN DE CENTROS EDUCATIVOS    
6829,7031100233,MAESTRÍA HUMANISTA CON ORIENTACIÓN GESTALT   
6830,7101600014,MAESTRÍA EN DIRECCIÓN HOTELERA Y TURISMO
6831,7041100095,MAESTRÍA EN DIRECCIÓN DE NEGOCIOS INTERNACIONALES 
6832,7021100027,"MAESTRÍA EN ARTE, CULTURA Y EDUCACIÓN "
6833,7012000077,MAESTRÍA EN EDUCACIÓN INCLUSIVA Y ATENCIÓN A LA DIVERSIDAD
6834,7041200127,MAESTRÍA EN COMUNICACIÓN Y MARKETING
6835,8051100028,DOCTORADO EN CIENCIAS EN BIOLOGÍA EXPERIMENTAL  
6836,7071600026,MAESTRÍA EN INGENIERÍA DE LOS RECURSOS HÍDRICOS   
6837,7095600060,MAESTRÍA EN EJERCICIO FÍSICO PARA LA SALUD Y EL  DEPORTE
6838,8071300021,DOCTORADO EN CIENCIAS EN AUTOMATIZACIÓN Y CONTROL   
6839,7011000032,MAESTRÍA EN EDUCACIÓN ÁREA ADMINISTRACIÓN EDUCATIVA     
6840,7033100319,MAESTRÍA EN METODOLOGÍA DE LA INVESTIGACIÓN CRIMINALÍSTICA APLICADA AL SISTEMA DE JUSTICIA PENAL 
6841,7012000078,MAESTRÍA EN COMPETENCIAS PARA EL DESEMPEÑO DOCENTE   
6842,7042000054,MAESTRÍA EN ADMINISTRACIÓN Y LA ALTA DIRECCIÓN
6843,8021400002,DOCTORADO EN CINEMATOGRAFÍA
6844,7021600032,MAESTRÍA EN ARQUITECTURA EN DISEÑO DE INTERIORES 
6845,7033100320,MAESTRÍA FISCAL CONTABLE
6846,6033100148,ESPECIALIDAD EN SISTEMA PENAL ACUSATORIO CON ÉNFASIS EN CIENCIAS FORENSES 
6847,8011500023,DOCTORADO EN CIENCIAS DE LA EDUCACIÓN FAMILIAR
6848,7071700027,MAESTRÍA EN INTERINSTITUCIONAL EN CIENCIA Y TECNOLOGÍA EN METROLOGÍA
6849,7071300044,MAESTRÍA EN 
6850,8071300022,DOCTORADO EN 
6851,7011200109,MAESTRÍA EN GESTIÓN EDUCATIVA Y COMPETENCIAS PROFESIONALES
6852,8071300023,DOCTORADO EN CIENCIA Y TECNOLOGÍA EN MECATRÓNICA
6853,7071100023,MAESTRÍA EN 
6854,7071300045,MAESTRÍA EN MECATRÓNICA GERMANO MEXICANA 
6855,7012000079,MAESTRÍA EN HABILIDADES DOCENTES
6856,6091334004,ESPECIALIDAD EN TERAPIA ENDOVASCULAR NEUROLÓGICA
6857,7073200039,MAESTRÍA EN DISEÑO DE ESTRUCTURAS URBANAS
6858,7012604075,MAESTRÍA EN HABILIDADES DOCENTES
6859,7061000010,MAESTRÍA EN COMUNICACIÓN Y RELACIONES PUBLÍCAS   
6860,7071100024,MAESTRÍA INTERINSTITUCIONAL EN CIENCIA Y TECNOLOGÍA EN METROLOGÍA
6861,7071300046,MAESTRÍA INTERINSTITUCIONAL EN CIENCIA Y TECNOLOGÍA EN MECATRÓNICA
6862,7071300047,MAESTRÍA EN CIENCIAS EN MECATRÓNICA GERMANO MEXICANA 
6863,8071100005,DOCTORADO INTERINSTITUCIONAL EN CIENCIA Y TECNOLOGÍA EN DISEÑO Y DESARROLLO DE SISTEMAS MECÁNICOS 
6864,8071300024,DOCTORADO INTERINSTITUCIONAL EN CIENCIA Y TECNOLOGÍA EN MECATRÓNICA
6865,7071100025,MAESTRÍA INTERINSTITUCIONAL EN CIENCIA Y TECNOLOGÍA EN DISEÑO Y DESARROLLO DE SISTEMAS MECÁNICOS
6866,7071200041,MAESTRÍA EN GESTIÓN DE ENERGÍA RENOVABLE
6867,7062200072,MAESTRÍA EN ADMINISTRACIÓN DE SISTEMAS DE INFORMACIÓN
6868,6071500019,ESPECIALIZACIÓN EN INDUSTRIA AEROESPACIAL   
6869,7053100020,MAESTRÍA EN MATEMÁTICAS DEL BACHILLERATO
6870,7033200045,MAESTRÍA EN DERECHO PROCESAL PENAL E INVESTIGACIÓN CRIMINAL
6871,7022000015,MAESTRÍA EN PAZ Y SEGURIDAD 
6872,7062200073,MAESTRÍA EN ADMINISTRACIÓN DE TECNOLOGÍAS DE INFORMACIÓN
6873,7022400005,MAESTRÍA EN MULTICULTURALIDAD Y PLURILINGÜISMO
6874,7041100096,MAESTRÍA EN ALTA DIRECCIÓN Y HABILIDADES DIRECTIVAS
6875,7021600033,MAESTRÍA EN ESTUDIOS Y PROCESOS CREATIVOS EN ARTE Y DISEÑO  
6876,8071000019,DOCTORADO EN CIENCIAS DE LA INGENIERÍA AVANZADA (DOCIA)  
6877,8011000006,DOCTORADO EN COGNICIÓN Y APRENDIZAJE  
6878,7032100049,MAESTRÍA EN GLOBAL POLITICS AND TRANSPACIFIC STUDIES 
6879,7022200019,"MAESTRÍA INTERINSTITUCIONAL EN DEUTSCH ALS FREMDSPRACHE: ESTUDIOS INTERCULTURALES DE LENGUA, LITERATURA Y CULTURA ALEMANAS   "
6880,7071000033,MAESTRÍA EN CIENCIAS EN INGENIERÍA DEL AGUA Y LA ENERGÍA    
6881,7073100101,MAESTRÍA EN ESTUDIOS Y GESTIÓN AMBIENTAL    
6882,7042100320,MAESTRÍA EN ADMINISTRACIÓN DE LAS ORGANIZACIONES
6883,7071000034,MAESTRÍA EN INGENIERÍA LOGÍSTICA 
6884,8033100048,DOCTORADO EN DERECHO CONSTITUCIONAL Y DERECHOS HUMANOS
6885,7033200046,MAESTRÍA EN CIENCIA FORENSE CON ÉNFASIS EN CRIMINALÍSTICA
6886,6031100079,ESPECIALIDAD EN TERAPIA BREVE 
6887,7031100234,MAESTRÍA EN TERAPIA BREVE    
6888,7011500029,MAESTRÍA EN PROCESOS Y ESTRATEGIAS PSICOLÓGICAS EN EDUCACIÓN
6889,8081200004,DOCTORADO EN CIENCIAS HORTOFRUTÍCOLAS 
6890,7042500139,MAESTRÍA EN DIRECCIÓN Y GESTIÓN DE SALUD  
6891,7042500140,MAESTRÍA EN DIRECCIÓN Y ESTRATEGIAS DE RECURSOS HUMANOS
6892,6011500011,ESPECIALIDAD EN PROCESOS Y ESTRATEGIAS PSICOLÓGICAS EN EDUCACIÓN
6893,6033100149,ESPECIALIDAD EN MEDIACIÓN    
6894,7072000022,MAESTRÍA EN INGENIERÍA ECONOMICA Y FINANCIERA
6895,7042500141,MAESTRÍA EN DIRECCIÓN DE PERSONAL Y GESTIÓN DE RECURSOS HUMANOS  
6896,7033200047,"MAESTRÍA EN CRIMINALÍSTICA, CRIMINOLOGÍA E INVESTIGACIÓN CRIMINAL  "
6897,7072000023,MAESTRÍA EN SISTEMAS DE MANUFACTURA
6898,8011000007,DOCTORADO EN PENSAMIENTO CRÍTICO   
6899,6041200046,ESPECIALIDAD EN PUBLICIDAD Y DISEÑO  
6900,8061100019,DOCTORADO EN CIENCIAS DE LA INFORMACIÓN
6901,6042000009,ESPECIALIDAD EN ADMINISTRACIÓN DE OPERACIONES 
6902,6042500040,ESPECIALIDAD EN 
6903,6042500041,ESPECIALIDAD EN ADMINISTRACIÓN DE RECURSOS  
6904,7042500142,MAESTRÍA EN CALIDAD AVANZADA 
6905,7011300049,MAESTRÍA EN ORIENTACIÓN EDUCATIVA Y VOCACIONAL  
6906,7101600015,MAESTRÍA EN DESARROLLO TURÍSTICO  
6907,7062000004,MAESTRÍA EN CIENCIA DE LOS DATOS Y PROCESAMIENTO DE DATOS MASIVOS (BIG DATA)  
6908,7011400048,MAESTRÍA EN EDUCACIÓN Y ENTORNOS VIRTUALES DE APRENDIZAJE  
6909,7033200048,"MAESTRÍA EN CRIMINOLOGÍA, CRIMINALÍSTICA Y DERECHO PROCESAL PENAL "
6910,7033100321,MAESTRÍA EN DERECHO TRIBUTARIO
6911,7042500143,MAESTRÍA EN GESTIÓN Y ADMINISTRACIÓN ESCOLAR
6912,7042100321,MAESTRÍA EN COACHING Y BIENESTAR INTEGRAL
6913,7011000033,MAESTRÍA EN EDUCACIÓN CON GESTIÓN EDUCATIVA Y COMPETENCIAS DOCENTES
6914,6061000003,ESPECIALIDAD EN DISEÑO Y PROGRAMACIÓN DE SITIOS WEB
6915,6021000004,ESPECIALIDAD EN ANIMACIÓN DIGITAL    
6916,8031200037,DOCTORADO EN ESTUDIOS FEMINISTAS
6917,6033200018,ESPECIALIDAD EN ANÁLISIS CRIMINAL
6918,7031000025,MAESTRÍA INTELIGENCIA EMOCIONAL EN EDUCACIÓN 
6919,8012000007,DOCTORADO EN FORMACIÓN DE SUJETOS CON SENTIDO Y PROYECTO EN LA TRANSFORMACIÓN SOCIAL 
6920,7012000080,MAESTRÍA EN FORMACIÓN DE SUJETOS PARA LA TRANSFORMACIÓN SOCIAL
6921,6011000005,ESPECIALIDAD EN DIDÁCTICA CRÍTICA Y TRANSFORMACIÓN SOCIAL   
6922,7033100322,MAESTRÍA EN SISTEMA DE JUSTICIA ADVERSARIAL   
6923,7022000016,MAESTRÍA EN ESTUDIOS DE CULTURA Y SOCIEDAD  
6924,8022000011,DOCTORADO EN ESTUDIOS DE CULTURA Y SUBJETIVIDAD   
6925,8042000011,DOCTORADO EN ALTA DIRECCION GUBERNAMENTAL  
6926,7062000005,MAESTRÍA EN BIOPROGRAMACIÓN NEUROLINGUÍSTICA  
6927,7042500144,MAESTRÍA EN DIRECCIÓN Y ADMINISTRACIÓN DEPORTIVA  
6928,8031100038,DOCTORADO EN PSICOTERAPIA SISTÉMATICA FAMILIAR Y DE PAREJA 
6929,7041100097,MAESTRÍA EN NEGOCIOS AGROINDUSTRIALES   
6930,7031500060,MAESTRÍA EN ANÁLISIS ECONÓMICO Y SOCIAL 
6931,7051000003,MAESTRÍA EN EXPLORACIÓN Y APROVECHAMIENTO SUSTENTABLE DE LOS RECURSOS MINERALES  
6932,7031300092,MAESTRÍA EN GOBIERNO 
6933,7012500035,MAESTRÍA EN EDUCACIÓN PARA UNA CIUDADANÍA GLOBAL 
6934,7011000034,MAESTRÍA EN DESARROLLO DE COMPETENCIAS INTEGRALES PARA FIGURAS EDUCATIVAS DE EDUCACIÓN BÁSICA Y MEDIA SUPERIOR  
6935,7033100323,MAESTRÍA EN DERECHO PROCESAL Y LITIGACIÓN ORAL 
6936,6062000002,ESPECIALIDAD EN PROTOCOLO DE CRISIS DIGITAL  
6937,7031300093,MAESTRÍA EN GOBERNANZA DIGITAL    
6938,7012000081,MAESTRÍA EN EDUCACIÓN CON ESPECIALIDAD EN ADMINISTRACIÓN DE LA DOCENCIA SUPERIOR  
6939,7012000082,MAESTRÍA EN EDUCACIÓN CON ESPECIALIDAD EN METODOLOGÍA DE LA DOCENCIA SUPERIOR 
6940,7022500030,MAESTRÍA EN HISTORIA DEL NORESTE MEXICANO Y TEXAS
6941,6042500042,ESPECIALIDAD ADMINISTRACIÓN Y DOCENCIA EN ENFERMERÍA 
6942,7053200009,MAESTRÍA EN CIENCIA DE DATOS Y OPTIMIZACIÓN    
6943,6022000002,ESPECIALIDAD EN GRAFOSCOPIA Y DOCUMENTOS CUESTIONADOS  
6944,7031000026,MAESTRÍA EN PERITO VALUADOR INMOBILIARIO 
6945,7072000024,MAESTRÍA EN INGENIERÍA EN SISTEMAS DE CALIDAD Y PRODUCTIVIDAD  
6946,8091345011,DOCTORADO EN COUCHING ONTOLÓGICO   
6947,7033200049,MAESTRÍA EN PSICOLOGÍA CRIMINOLÓGICA 
6948,7042500145,MAESTRÍA EN GESTIÓN DE LOS SERVICIOS DE SALUD   
6949,7042000055,MAESTRÍA EN ADMINISTRACIÓN SOSTENIBLE  
6950,7042200043,MAESTRÍA EN GESTIÓN DE NEGOCIOS DE ALIMENTOS Y BEBIDAS 
6951,7104100015,MAESTRÍA EN SEGURIDAD E HIGIENE INDUSTRIAL Y SUSTENTABILIDAD 
6952,8033100049,DOCTORADO EN DERECHO E INVESTIGACIÓN JURÍDICA  
6953,8011000008,DOCTORADO EN EDUCACIÓN PARA LA INCLUSIÓN ESCOLAR Y SOCIAL    
6954,7053200010,"MAESTRÍA EN PLANEACIÓN, EVALUACIÓN Y GESTIÓN EDUCATIVA   "
6955,7104100016,MAESTRÍA EN SEGURIDAD INDUSTRIAL 
6956,7042100322,MAESTRÍA EN ALTA DIRECCIÓN (MBA)
6957,7042200044,MAESTRÍA EN GESTIÓN TURÍSTICA Y SPA 
6958,7022300031,MAESTRÍA EN LITERATURA HISPANO AMERICANA    
6959,7031000027,MAESTRÍA EN CIENCIAS  ECONÓMICO-SOCIALES   
6960,7104100017,MAESTRÍA EN GESTIÓN INTEGRAL DE RIESGOS Y PROTECCIÓN CIVIL   
6961,7011300050,MAESTRÍA EN PAZ Y SOLUCIÓN DE CONFLICTOS  
6962,8031400016,DOCTORADO EN ECONOMÍA Y FINANZAS 
6963,8031000014,DOCTORADO EN ESTUDIOS PARA LA PAZ   
6964,8022000012,DOCTORADO EN BIOÉTICA Y DERECHOS HUMANOS 
6965,7031000028,MAESTRÍA EN BIOÉTICA Y DERECHO 
6966,7042000056,MAESTRÍA EN ALTA DIRECCIÓN EN GESTIÓN EMPRESARIAL 
6967,7072000025,MAESTRÍA EN INGENIERÍA DIDÁCTICA  
6968,7012000083,MAESTRÍA EN EDUCACIÓN TELESECUNDARIA 
6969,7071200042,MAESTRÍA EN ENERGÍA RENOVABLE Y PROYECTOS ENERGÉTICOS 
6970,7051000004,MAESTRÍA EN GESTIÓN MEDIOAMBIENTAL   
6971,7011000035,MAESTRÍA EN CREATIVIDAD EDUCATIVA  
6972,7042100323,MAESTRÍA EN ALTA DIRECCIÓN DE EMPRESAS 
6973,7042000057,MAESTRÍA EN PROJECT MANAGEMENT    
6974,7041100098,"MAESTRÍA EN LOGISTICA, TRANSPORTE Y DISTRIBUCIÓN INTERNACIONAL   "
6975,7041200128,MAESTRÍA EN MARKETING DIGITAL Y COMUNICACIÓN 
6976,7041200129,"MAESTRÍA EN RELACIONES PÚBLICAS, EVENTOS Y PROTOCOLO  "
6977,7062000006,MAESTRÍA EN DIRECCIÓN DE SISTEMAS Y TECNOLOGÍAS DE LA INFORMACIÓN 
6978,7012000084,MAESTRÍA EN DOCENCIA DE LAS ARTES 
6979,6071000006,ESPECIALIDAD EN MOTORES DIÉSEL   
6980,7041000007,MAESTRÍA EN COMERCIALIZACIÓN Y VENTAS 
6981,6071000007,ESPECIALIDAD EN INGENIERÍA MECATRÓNICA INDUSTRIAL 
6982,7095000010,MAESTRÍA EN NEUROPEDAGOGÍA EN EL ÁMBITO EDUCATIVO 
6983,7012601018,MAESTRÍA EN EDUCACIÓN PARA LA CULTURA FÍSICA 
6984,7012701009,MAESTRÍA EN EDUCACIÓN INFANTIL EN EL ÁREA DE COMPETENCIAS DIDÁCTICAS 
6985,8033100050,DOCTORADO EN DERECHO CONSTITUCIONAL PENAL Y AMPARO   
6986,8011000009,DOCTORADO EN GESTIÓN INSTITUCIONAL  
6987,6012000019,ESPECIALIDAD EN PRÁCTICA DIRECTIVA  
6988,7051300081,MAESTRÍA EN GESTIÓN DE RIESGOS Y CAMBIO CLIMÁTICO 
6989,7033200050,MAESTRÍA EN CIENCIAS FORENSES BIOMÉDICAS
6990,7041100099,MAESTRÍA EN PROYECTOS PRODUCTIVOS Y SUSTENTABLES 
6991,7022200020,MAESTRÍA EN EDUCACIÓN CRÍTICA DE LENGUAS  
6992,7031500061,MAESTRÍA EN ACCIÓN SOCIAL EN CONTEXTOS GLOBALES 
6993,7022300032,MAESTRÍA EN MEDIACIÓN PEDAGÓGICA PARA LA ANIMACIÓN DE LA LECTURA Y ESCRITURA
6994,8033200007,DOCTORADO EN DERECHO PROCESAL PENAL Y CIENCIAS FORENSES  
6995,7071000035,MAESTRÍA EN INGENIERÍA EN ENERGÍAS RENOVABLES 
6996,8095000003,DOCTORADO EN MICROBIOLOGÍA MÉDICA   
6997,7095000011,MAESTRÍA EN MICROBIOLOGÍA MÉDICA 
6998,7062200074,MAESTRÍA EN CÓMPUTO APLICADO   
6999,7062000007,MAESTRÍA EN CIENCIAS EN BIOINGENIERÍA Y CÓMPUTO INTELIGENTE  
7000,8042000012,DOCTORADO EN GESTIÓN INTEGRAL DE RIESGOS Y PROTECCIÓN CIVIL   
7001,8021300002,DOCTORADO EN DIRECCIÓN MUSICAL   
7002,8021300003,DOCTORADO EN TEORÍA Y DIDÁCTICA DEL SOLFEO 
7003,7021300020,MAESTRÍA EN TEORÍA Y DIDÁCTICA DEL SOLFEO  
7004,8021300004,DOCTORADO EN ARMONÍA MODAL Y ATONAL     
7005,7021300021,MAESTRÍA EN ARMONÍA MODAL Y ATONAL   
7006,7021300022,MAESTRÍA EN DIRECCIÓN MUSICAL   
7007,8021300005,DOCTORADO EN DIDÁCTICA Y TEORÍA DEL SOLFEO  
7008,7011000036,MAESTRÍA EN DESARROLLO DE LA CALIDAD EDUCATIVA  
7009,6041000002,ESPECIALIDAD EN ADMINISTRACIÓN DE NEGOCIOS PETROLEROS 
7010,6033100150,ESPECIALIDAD DE DERECHO PENAL
7011,6033200019,ESPECIALIDAD EN CRIMINALÍSTICA DE CAMPO 
7012,6033200020,ESPECIALIDAD EN GRAFOSCOPIA DACTILOSCOPIA Y DOCUMENTOSCOPIA
7013,6073100030,ESPECIALIDAD EN ARQUITECTURA Y URBANISMO
7014,6073100031,ESPECIALIDAD EN PLANEACIÓN Y DISEÑO DE EDIFICIOS PARA LA SALUD
7015,6073100032,ESPECIALIDAD EN ESPACIO PÚBLICO Y MOVILIDAD URBANA
7016,6073200008,ESPECIALIDAD EN COMPONENTES INDUSTRIALIZADOS PARA LA EDIFICACIÓN
7017,7095000012,MAESTRÍA EN DIRECCIÓN Y GESTIÓN DE ENFERMERÍA  
7018,7094000001,MAESTRÍA EN DESARROLLO HUMANO Y TERAPIAS ALTERNATIVAS
7019,7104100018,MAESTRÍA EN GESTIÓN DE POLÍTICAS PÚBLICAS Y GUBERNAMENTALES 
7020,8104100001,DOCTORADO EN GESTIÓN DE POLÍTICAS PÚBLICAS Y GUBERNAMENTALES 
7021,6011000006,ESPECIALIDAD EN PRÁCTICA DOCENTE Y GESTIÓN EDUCATIVA 
7022,6031500025,ESPECIALIDAD EN DERECHO SOCIAL   
7023,6062000003,ESPECIALIDAD EN APLICACIONES MOVILES    
7024,6062000004,ESPECIALIDAD EN SISTEMAS DE CALIDAD E INNOVACIÓN TECNOLÓGICA  
7025,7091341001,MAESTRÍA EN TERAPIA COGNITIVO CONDUCTUAL E INTERVENCIÓN EN CRISIS  
7026,7081100087,MAESTRÍA EN PRODUCCIÓN ANIMAL 
7027,7042300069,MAESTRÍA EN GESTIÓN DE POLÍTICAS PÚBLICAS 
7028,7031000029,MAESTRÍA EN LEGISLACIÓN FISCAL Y CORPORATIVA
7029,7042000058,MAESTRÍA EN ADMINISTRACIÓN Y DIRECCIÓN DE PROYECTOS    
7030,6031000005,ESPECIALIDAD EN AUDITORIA INTERNA    
7031,7093207006,MAESTRÍA EN TERAPÉUTICA ENDOPERIODONTAL  
7032,7093207007,MAESTRÍA EN ODONTOLOGÍA GERIÁTRICA  
7033,8051000004,DOCTORADO EN GESTIÓN INTEGRAL DE RIEGOS Y PROTECCIÓN CIVIL  
7034,7012300019,MAESTRÍA EN EDUCACIÓN SECUNDARIA   
7035,6012200001,ESPECIALIDAD EN LA PRÁCTICA EDUCATIVA PARA LA MEJORA DE LOS APRENDIZAJES EN EL NIVEL PRIMARIA
7036,7033100324,MAESTRÍA EN JUICIOS ORALES EN MATERIA PENAL  
7037,7042000059,MAESTRÍA EN INNOVACIÓN Y ESTRATEGIAS EMPRESARIALES
7038,7031000030,MAESTRÍA EN MEDICACIÓN Y JUSTICIA RESTAURATIVA EN EDUCACIÓN 
7039,7022600031,MAESTRÍA EN 
7040,7022600032,MAESTRÍA EN ANÁLISIS EXISTENCIAL-FENOMENOLÓGICO
7041,7104100019,MAESTRÍA EN ASUNTOS INTERNOS POLICIALES 
7042,7033200051,MAESTRÍA EN LA DIRECCIÓN PERICIAL DEL JUICIO ORAL   
7043,7033200052,MAESTRÍA EN EL ANÁLISIS DE LOS PERFILES CRIMINALES  
7044,7033100325,"MAESTRÍA EN EL ANÁLISIS, SEGUIMIENTO Y LUCHA CONTRA EL NARCOTRÁFICO  "
7045,7104200002,MAESTRÍA EN INTELIGENCIA MILITAR Y GEOESTRATÉGIA 
7046,7104100020,MAESTRÍA EN INTELIGENCIA POLICIAL Y SEGURIDAD NACIONAL 
7047,6011000007,ESPECIALIDAD EN DIDÁCTICA DEL ESPAÑOL
7048,6093207005,ESPECIALIDAD EN CIRUGÍA BUCAL E IMPLANTOLOGÍA   
7049,7031100235,MAESTRÍA EN CUIDADOS PALIATIVOS Y PSICOONCOLOGÍA  
7050,8042000013,DOCTORADO EN ALTA DIRECCIÓN DE ORGANIZACIONES   
7051,7042000060,MAESTRÍA EN DIRECCIÓN ESTRATÉGICA E INNOVACIÓN TECNOLÓGICA   
7052,7062000008,MAESTRÍA EN GESTIÓN DE TECNOLOGÍAS DE INFORMACIÓN EN LAS ORGANIZACIONES   
7053,6011000008,ESPECIALIDAD EN COMPETENCIAS PARA LA DOCENCIA   
7054,7042500146,MAESTRÍA EN ADMINISTRACIÓN Y GERENCIA DE INSTITUCIONES DE SALUD 
7055,8091345012,DOCTORADO EN SALUD MENTAL  
7056,8031400017,"DOCTORADO EN ECONOMÍA, POBREZA Y DESARROLLO SOCIAL "
7057,6091342018,COMPLEMENTARIO DE LA LICENCIATURA EN RADIOLOGÍA
7058,6031100080,ESPECIALIDAD EN ASESORÍA PSICOLÓGICA EN EL CAMPO LEGAL
7059,6095000001,ESPECIALIDAD EN SEGURIDAD E HIGIENE MENTAL ESCOLAR   
7060,7031100236,MAESTRÍA EN EVALUACIÓN Y REABILITACIÓN NEUROPSICOLÓGICA   
7061,6031100081,ESPECIALIDAD EN PSICOLOGÍA DE LA PRODUCTIVIDAD 
7062,7031000031,MAESTRÍA EN DESARROLLO HUMANO Y CRECIMIENTO PERSONAL 
7063,7011000037,MAESTRÍA EN DESARROLLO INFANTIL EN EDUCACIÓN INICIAL PREESCOLAR  
7064,7011000038,MAESTRÍA EN DETECCIÓN Y DESARROLLO DE LAS INTELIGENCIAS MÚLTIPLES 
7065,7011000039,MAESTRÍA EN ENTRENAMIENTO Y DESARROLLO DE LA INTELIGENCIA EMOCIONAL  
7066,7061000011,"MAESTRÍA EN FORMACIÓN DE EQUIPOS DE TRABAJO EFECTIVOS, NEGOCIACIÓN Y RESOLUCIÓN DE CONFLICTOS"
7067,7031000032,"MAESTRÍA EN LIDERAZGO PROFESIONAL, HABILIDADES DIRECTIVAS Y GERENCIALES "
7068,7031100237,MAESTRÍA EN PSICOLOGÍA HUMANISTA INFANTIL EN EL AULA 
7069,7031100238,MAESTRÍA EN PSICOTERAPIA BREVE E INTERVENCIÓN EN CRISIS 
7070,7091341002,"MAESTRÍA EN PSICOTERAPIA CENTRADA EN LA PERSONA, UN ENFOQUE COMUNICACIONAL "
7071,7094000002,MAESTRÍA EN PSICOTERAPIA CON PSICODRAMA 
7072,7095000013,MAESTRÍA EN PSICOTERAPIA INFANTIL ENFOQUE HUMANISTA   
7073,7094000003,MAESTRÍA EN PSICOTERAPIA RACIONAL EMOTIVA CONDUCTUAL 
7074,7095000014,"MAESTRÍA EN PSICOTERAPIA, DANZA Y MOVIMIENTO   "
7075,7101000001,MAESTRÍA EN REENTRENAMIENTO MULTIMODAL DEL TDA/H  
7076,7094000004,MAESTRÍA EN REESTRUCTURACIÓN PSICOLÓGICA DE EXPERIENCIAS TRAUMÁTICAS  
7077,7033200053,MAESTRÍA EN CIENCIAS FORENSES E INVESTIGACIÓN CRIMINAL 
7078,7061300044,MAESTRÍA EN 
7079,7061000012,MAESTRÍA EN CIENCIA DE LOS DATOS 
7080,7031500062,MAESTRÍA EN RESOLUCIÓN DE CONFLICTOS   
7081,8095000004,DOCTORADO EN CIENCIAS DE NUTRICIÓN Y DIETÉTICA 
7082,6094200007,ESPECIALIDAD EN NUTRICIÓN EN EL DEPORTE  
7083,6031100082,ESPECIALIDAD EN PSICOLOGÍA DEL DEPORTE   
7084,7033100326,MAESTRÍA EN DERECHO CON ACENTUACIÓN EN AMPARO FISCAL Y LABORAL
7085,7012400024,MAESTRÍA PARA LA PROFESIONALIZACIÓN DE LA PRÁCTICA DE ENSEÑANZA EN EDUCACIÓN MEDIA SUPERIOR
7086,8033100051,DOCTORADO EN DERECHOS HUMANOS Y LITIGACIÓN ORAL   
7087,7011400049,MAESTRÍA EN EDUCACIÓN Y NUEVAS TECNOLOGÍAS  
7088,7042100324,MAESTRÍA EN DIRECCIÓN DE EMPRESAS Y COMPETITIVIDAD ORGANIZACIONAL 
7089,7042100325,MAESTRÍA EN DIRECCIÓN DE EMPRESAS Y FINANZAS CORPORATIVAS 
7090,8011200048,DOCTORADO EN INVESTIGACIÓN CON ENFOQUE EDUCATIVO
7091,7021000012,MAESTRÍA EN ARTE CONTEMPORÁNEO EN MÉXICO 
7092,7022600033,MAESTRÍA EN FILOSOFÍA CON ENFOQUE ÉTICO-AXIOLÓGICO  
7093,7022000017,MAESTRÍA EN IDENTIDAD MEXICANA 
7094,7011100072,MAESTRÍA EN DISEÑO CURRICULAR 
7095,7012000085,MAESTRÍA EN FORMACIÓN Y ADMINISTRACIÓN DEL TALENTO HUMANO 
7096,7042100326,MASTER OF BUSINESS ADMINISTRATION   
7097,6031000006,ESPECIALIDAD EN TRASTORNOS AUTISTAS  
7098,6011000009,ESPECIALIDAD EN ATENCIÓN TEMPRANA  
7099,6091345013,ESPECIALIDAD EN PSICOSOCIOLOGÍA  
7100,7094000005,MAESTRÍA EN NEUROMANAGEMENT Y GESTIÓN DEL TALENTO 
7101,7091339001,MAESTRÍA EN PATOLOGÍAS DEL LENGUAJE Y EL HABLA
7102,7094000006,MAESTRÍA EN PSICOPEDAGOGÍA TERAPÉUTICA
7103,6091345014,ESPECIALIDAD EN PSICOONCOLOGÍA  
7104,7041000008,MAESTRÍA EN MARKETING DIGITAL Y NEGOCIOS 
7105,7033200054,MAESTRÍA EN INVESTIGACIÓN CRIMINAL
7106,7101000002,MAESTRÍA EN CIENCIAS DEL DEPORTE Y ACTIVACIÓN FÍSICA 
7107,7042000061,MAESTRÍA EN GESTIÓN Y DIRECCIÓN ESCOLAR  
7108,7042300070,MAESTRÍA EN ADMINISTRACIÓN PÚBLICA Y POLÍTICA PÚBLICA
7109,8051000005,DOCTORADO EN RECURSOS NATURALES Y MEDIO AMBIENTE EN ZONAS ÁRIDAS
7110,8101000001,DOCTORADO EN CIENCIAS DEL DEPORTE 
7111,8011000010,DOCTORADO EN POLÍTICA EDUCATIVA 
7112,8011000011,DOCTORADO EN GERENCIA EDUCATIVA 
7113,8033100052,DOCTORADO EN SISTEMA DE JUSTICIA PENAL  
7114,8104100002,DOCTORADO EN SEGURIDAD PÚBLICA Y CIENCIAS POLICIALES 
7115,8011000012,DOCTORADO EN EDUCACIÓN SEXOLÓGICA  
7116,6022600007,ESPECIALIDAD EN FILOSOFÍA DEL DERECHO  
7117,6042000010,ESPECIALIDAD EN GERENCIAMIENTO Y ADMINISTRACIÓN GUBERNAMENTAL   
7118,7095000015,MAESTRÍA EN ALTA GERENCIA DE LOS SERVICIOS DE SALUD 
7119,7011000040,MAESTRÍA EN EDUCACIÓN EN EL ÁREA DE EDUCACIÓN ARTISTICA 
7120,8094000001,DOCTORADO EN ESTUDIOS INTERDISCIPLINARIOS SOBRE LA CONSTRUCCIÓN CORPORAL 
7121,6095000002,ESPECIALIDAD EN GESTIÓN DE PROCESOS PARA EL SISTEMA DE SALUD
7122,7021500036,MAESTRÍA EN GESTIÓN DEL DISEÑO EDITORIAL  
7123,7071600027,MAESTRÍA EN INGENIERÍA Y TECNOLOGÍA AMBIENTAL  
7124,7011000041,MAESTRÍA EN EDUCACIÓN MONTESSORI 
7125,6031000007,ESPECIALIDAD EN MEDIACIÓN Y RESOLUCIÓN DE CONFLICTOS 
7126,7073200040,MAESTRÍA EN CONSERVACIÓN Y RESTAURACIÓN DEL PATRIMONIO EDIFICADO 
7127,7091334004,MAESTRÍA EN PSICOLOGÍA NEUROEDUCATIVA
7128,7072000026,"MAESTRÍA EN ROBÓTICA, AUTOMATIZACIÓN Y CONTROL EN MANUFACTURA "
7129,7041000009,MAESTRÍA MBA EN BANCA Y FINANZAS CUANTITATIVAS 
7130,6091340010,ESPECIALIDAD EN MEDIACIÓN PEDAGÓGICA DEL DESARROLLO LINGÜÍSTICO 
7131,8031100039,DOCTORADO EN PSICOLOGÍA APLICADA  
7132,8051300033,DOCTORADO EN GESTIÓN AMBIENTAL  
7133,7041000010,MAESTRÍA EN CONTABILIDAD E IMPUESTOS  
7134,7021000013,"MAESTRÍA EN DISEÑO, PUBLICIDAD E IMAGEN CORPORATIVA"
7135,7021600034,MAESTRÍA EN DISEÑO Y EVALUACIÓN ESTRUCTURAL 
7136,7033100327,MAESTRÍA EN DERECHO PENAL Y POLÍTICA CRIMINAL  
7137,7011200110,MAESTRÍA EN DOCENCIA E INVESTIGACIÓN EDUCATIVA  
7138,6092208022,ESPECIALIDAD EN ENFERMERÍA CON OPCIÓN TERMINAL EN ADMINISTRACIÓN Y GESTIÓN DEL CUIDADO DE LA SALUD 
7139,6092202015,ESPECIALIDAD EN ENFERMERÍA CON OPCIÓN TERMINAL EN ATENCIÓN AL ADULTO EN ESTADO CRÍTICO
7140,7011200111,MAESTRÍA EN INVESTIGACIÓN INTERDISCIPLINAR EN EDUCACIÓN SUPERIOR 
7141,8091345013,DOCTORADO EN CIENCIAS COGNITIVAS   
7142,8031100040,DOCTORADO EN PSICOLOGÍA DE LA SALUD  
7143,6031300025,ESPECIALIDAD EN DERECHOS POLÍTICOS CON PERSPECTIVA INTERNACIONAL Y COMPARADA  
7144,7071600028,MAESTRÍA EN INGENIERÍA AMBIENTAL Y SEGURIDAD
7145,8033200008,DOCTORADO EN INVESTIGACIÓN CRIMINAL 
7146,7041400072,MAESTRÍA EN CONTRIBUCIONES Y PROCESOS FISCALES 
7147,7021000014,MAESTRÍA EN GESTIÓN DE LA CULTURA  
7148,8021000011,DOCTORADO EN GESTIÓN DE LA CULTURA     
7149,6091345015,ESPECIALIDAD EN TANATOLOGÍA 
7150,6033100151,ESPECIALIDAD EN SISTEMA PENAL ACUSATORIO MEXICANO Y JUICIO ORAL  
7151,7031000033,MAESTRÍA EN LA LOCALIZACIÓN Y SEGUIMIENTO DE LOS DELITOS TECNOLÓGICOS  
7152,7091345014,MAESTRÍA EN PSICOPROFILAXIS PERINATAL 
7153,8031100041,DOCTORADO EN TEORÍA E INVESTIGACIÓN PSICOANALÍTICA  
7154,7041200130,MAESTRÍA EN PUBLICIDAD Y DISEÑO MULTIMEDIA  
7155,7012400025,MAESTRÍA EN EDUCACIÓN MEDIA SUPERIOR (MEMS) 
7156,6051000001,ESPECIALIDAD EN GESTIÓN INTEGRAL DEL RIESGO  
7157,8022600016,DOCTORADO EN FILOSOFÍA CON ACENTUACIÓN EN HERMENÉUTICA Y ESTUDIOS SOCIOCULTURALES 
7158,7033100328,MAESTRÍA EN INVESTIGACIÓN JURÍDICA  
7159,7012000086,MAESTRÍA EN EDUCACIÓN ESPECIAL CON ÉNFASIS EN APRENDIZAJE Y LENGUAJE
7160,7031300094,MAESTRÍA EN CIENCIAS SOCIALES PARA EL DISEÑO DE POLÍTICAS PÚBLICAS 
7161,7042000062,MAESTRÍA EN ADMINISTRACIÓN EN CALIDAD Y PRODUCTIVIDAD 
7162,6041000003,ESPECIALIDAD EN VALUACIÓN AGROPECUARIA  
7163,6022600008,"ESPECIALIDAD EN FILOSOFÍA, ÉTICA Y CIUDADANÍA "
7164,7021000015,MAESTRÍA EN DISEÑO Y DESARROLLO INTEGRAL DE VIDEOJUEGOS
7165,7021000016,MAESTRÍA EN VISUALIZACIÓN ARQUITECTÓNICA  
7166,8042000014,DOCTORADO EN GESTIÓN Y NEGOCIOS 
7167,6092208023,ESPECIALIDAD EN ENFERMERÍA EN URGENCIAS MÉDICAS 
7168,7101300003,MAESTRÍA EN COSMIATRÍA  
7169,6071000008,ESPECIALIZACIÓN EN DISEÑO MECATRÓNICO 
7170,6101500017,ESPECIALIZACIÓN EN LOGÍSTICA Y CADENA DE SUMINISTRO  
7171,7031000034,MAESTRÍA EN MECANISMOS ALTERNOS DE SOLUCIÓN DE CONTROVERSIAS 
7172,7011000042,MAESTRÍA EN INNOVACIÓN SOCIAL Y GESTIÓN DEL BIENESTAR
7173,7012000087,MAESTRÍA EN ESTUDIOS DEL TURISMO   
7174,7073100102,"MAESTRÍA EN ARQUITECTURA, URBANISMO Y DISEÑO    "
7175,8073100022,"DOCTORADO EN ARQUITECTURA, URBANISMO Y DISEÑO      "
7176,7092208004,MAESTRÍA EN ENFERMERÍA EN SALUD COMUNITARIA   
7177,7041000011,MAESTRÍA EN NEGOCIOS SOCIALES   
7178,8041000003,DOCTORADO EN NEGOCIOS SOCIALES  
7179,8011000013,DOCTORADO EN VALUACIÓN  
7180,8042200006,DOCTORADO EN TURISMO  
7181,8094200004,DOCTORADO EN NUTRICIÓN Y CIENCIAS DE LA CONDUCTA   
7182,7021000017,MAESTRÍA EN DRAMATURGIA ESCÉNICA Y LITERARIA  
7183,8051000006,"DOCTORADO EN SOCIEDAD, ESPACIO Y PODER   "
7184,7031000035,MAESTRÍA EN PROYECTOS SOCIALES    
7185,7021000018,MAESTRÍA EN COMPOSICIÓN DE MÚSICA PARA CINEMATOGRAFÍA 
7186,6031000008,ESPECIALIDAD EN INTEGRIDAD PÚBLICA Y ESTRATEGIAS ANTICORRUPCIÓN 
7187,6011300013,ESPECIALIDAD EN INTERVENCIÓN DIDÁCTICA
7188,6061000004,ESPECIALIDAD EN POSICIONAMIENTO HIPERMEDIA
7189,7091345015,MAESTRÍA EN LABORATORIO CLÍNICO 
7190,7012000088,MAESTRÍA EN CALIDAD DE LA EDUCACIÓN BÁSICA Y MEDIA SUPERIOR 
7191,8095000005,DOCTORADO EN ALTA DIRECCIÓN Y ORGANIZACIÓN DE SISTEMAS DE SALUD  
7192,7095000016,MAESTRÍA EN SALUD PÚBLICA Y SALUD MATERNA PERINATAL 
7193,6092208024,ESPECIALIDAD EN URGENCIAS Y EMERGENCIAS EN ENFERMERÍA  
7194,7071000036,MAESTRÍA EN MODELACIÓN Y OPTIMIZACIÓN DE PROCESOS    
7195,7062000009,MAESTRÍA EN CÓMPUTO ESTADÍSTICO 
7196,7021000019,MAESTRÍA EN NUEVA GESTIÓN CULTURAL EN PATRIMONIO Y ARTE   
7197,6071000009,"ESPECIALIDAD EN VALUACIÓN DE INMUEBLES, MAQUINARIA Y EQUIPO   "
7198,7021500037,MAESTRÍA EN DISEÑO GRÁFICO INTERACTIVO 
7199,7033100329,MAESTRÍA EN JUSTICIA ALTERNATIVA  
7200,8062000001,"DOCTORADO EN INNOVACIÓN, TECNOLOGÍA Y HÁBITAT   "
7201,6091309005,ESPECIALIDAD EN RINOLOGÍA Y CIRUGÍA PLÁSTICA FACIAL   
7202,6022600009,ESPECIALIDAD EN ÉTICA DE LAS INVESTIGACIONES  
7203,7021000020,MAESTRÍA EN ARTE PARA LA EDUCACIÓN  
7204,7012000089,MAESTRÍA EN DIDÁCTICA DE LAS CIENCIAS  
7205,6042400015,ESPECIALIDAD EN ADMINISTRACIÓN EMPRESARIAL DE LA CONSTRUCCIÓN    
7206,6041000004,ESPECIALIDAD EN INNOVACIÓN INDUSTRIAL 
7207,7051000005,MAESTRÍA EN SUSTENTABILIDAD METROPOLITANA   
7208,7021000021,MAESTRÍA EN ARTES EXPRESIVAS EN EL DESARROLLO INTEGRAL 
7209,7041200131,MAESTRÍA EN MARKETING DIGITAL E INNOVACIÓN CON REDES SOCIALES 
7210,8033100053,DOCTORADO EN FISCAL  
7211,8101100007,DOCTORADO EN CULTURA FÍSICA CON OPCIÓN TERMINAL EN EDUCACIÓN FÍSICA  
7212,8101000002,DOCTORADO EN CULTURA FÍSICA CON OPCIÓN TERMINAL EN ENTRENAMIENTO DEPORTIVO
7213,8033100054,DOCTORADO EN DERECHO PENAL CONSTITUCIONAL   
7214,7011000043,"MAESTRÍA EN EDUCACIÓN, DIDÁCTICA E INVESTIGACIÓN  "
7215,7031000036,MAESTRÍA EN ESTRATEGIAS PARA EL DESARROLLO EMOCIONAL Y SOCIAL    
7216,7041200132,MAESTRÍA EN IMAGEN PÚBLICA Y COMUNICACIÓN ESTRATÉGICA  
7217,7041000012,MAESTRÍA EN DESARROLLO Y TRANSFORMACIÓN DE LOS NEGOCIOS EN LA ERA DIGITAL 
7218,7091324003,MAESTRÍA EN CIENCIAS DE LA CULTURA FÍSICA  
7219,7095000017,MAESTRÍA EN INVESTIGACIÓN MULTIDISCIPLINARIA     
7220,7021000022,MAESTRÍA EN DISEÑO Y DESARROLLO DE VIDEOJUEGOS    
7221,7041000013,MAESTRÍA EN GESTIÓN ESTRATÉGICA DE LOS NEGOCIOS INTERNACIONALES  
7222,7071000037,MAESTRÍA EN CIENCIAS PARA LA INGENIERÍA ENERGÉTICA   
7223,7101100026,MAESTRÍA EN ENTRENAMIENTO Y GESTIÓN DEPORTIVA  
7224,8011400015,DOCTORADO EN TECNOLOGÍA EDUCATIVA CON ENFOQUE SISTÉMICO   
7225,6094100007,ESPECIALIDAD EN FISIOTERAPIA EN REHABILITACIÓN DEPORTIVA  
7226,6091337009,ESPECIALIDAD EN FISIOTERAPIA EN TRAUMATOLOGÍA Y ORTOPEDIA   
7227,6091334005,ESPECIALIDAD DE FISIOTERAPIA EN REHABILITACIÓN NEUROLÓGICA  
7228,7051000006,MAESTRÍA EN CIENCIAS EN MANEJO SUSTENTABLE DE RECURSOS NATURALES 
7229,7011000044,MAESTRÍA EN AMBIENTES NTERCULTURALES DE APRENDIZAJE  
7230,7012000090,MAESTRÍA EN EDUCACIÓN PERMANENTE   
7231,6091334006,ESPECIALIDAD EN PROGRAMACIÓN NEUROLINGÜISTICA  
7232,6092208025,"ESPECIALIDAD DE ENFERMERÍA CON OPCIÓN TERMINAL EN: CUIDADOS INTENSIVOS; MÉDICO QUIRÚRGICA; PEDIATRIA; ADMINISTRACIÓN DE LOS SERVICIOS DE ENFERMERÍA, MATERNO INFANTIL Y SALUD PÚBLICA"
7233,7071000038,MAESTRÍA EN INGENIERÍA DE SISTEMAS EMBEBIDOS
7234,8022500015,DOCTORADO EN ESTUDIOS HISTÓRICOS
7235,7071000039,MAESTRÍA DE GEOLOGÍA DEL PETROLEO 
7236,8094000002,DOCTORADO EN TERAPIA GESTALT DE CAMPO  
7237,7062000010,MAESTRÍA EN TECNOLOGÍAS DE INFORMACIÓN EMERGENTES 
7238,8012000008,DOCTORADO EN EDUCACIÓN CON CONCENTRACIÓN EN EDUCACIÓN EN VALORES  
7239,8011200049,DOCTORADO EN EDUCACIÓN CON CONCENTRACIÓN EN GESTIÓN EDUCATIVA  
7240,7042100327,MAESTRÍA EN INNOVACIÓN CON ENFOQUE EMPRESARIAL  
7241,6021400015,ESPECIALIDAD EN DIRECCIÓN Y CINE FOTOGRAFÍA
7242,7021400032,MAESTRÍA EN REALIZACIÓN CINEMATOGRÁFICA
7243,8062000002,DOCTORADO EN CIENCIAS Y TECNOLOGÍAS AVANZADAS 
7244,6081400001,ESPECIALIDAD EN ACUACULTURA    
7245,7081400011,MAESTRÍA EN ACUACULTURA   
7246,7031300095,MAESTRÍA EN PROYECTOS DE COOPERACIÓN INTERNACIONAL   
7247,7042000063,MAESTRÍA EN COACHING PERSONAL Y LIDERAZGO ORGANIZACIONAL  
7248,7041200133,MAESTRÍA EN DIRECCIÓN ESTRATEGICA EN MARKETING   
7249,7094200026,MAESTRÍA EN NUTRICIÓN Y DIETETICA VEGETARIANA 
7250,7103100013,MAESTRÍA EN INTERVENCIÓN SOCIAL Y COMUNITARIA  
7251,7101000003,MAESTRÍA EN INNOVACIÓN Y BIOTECNOLOGÍA DE LOS ALIMENTOS  
7252,6042000011,ESPECIALIDAD DE NUEVAS HERRAMIENTAS PARA LA GESTIÓN DE EMPRESAS FAMILIARES 
7253,7081000005,MAESTRIA EN CIENCIAS E INNOVACIÓN DE PRODUCCION ORGANICA E N AMBIENTES ARIDOS Y COSTEROS 
7254,8011000014,DOCTORADO EN EDUCACIÓN Y CULTURA DIGITAL PEDAGÓGICA 
7255,7021000023,MAESTRÍA EN ARTE
7256,7021300023,MAESTRÍA EN ARTES MUSICALES   
7257,7031500063,MAESTRÍA EN INVESTIGACIÓN HUMANÍSTICA  
7258,7052000004,MAESTRÍA EN INGENIERÍA EN HIDROLOGÍA 
7259,6091316013,ESPECIALIDAD EN CIRUGÍA GINECOLÓGICA AVANZADA DE MÍNIMA INVASIÓN    
7260,6091345016,ESPECIALIDAD EN CIRUGÍA ARTICULAR   
7261,7021400033,MAESTRÍA EN COMUNICACIÓN VISUAL Y MEDIOS DIGITALES
7262,6093207006,ESPECIALIDAD EN ODONTOLOGÍA RESTAURATIVA 
7263,7071200043,MAESTRÍA EN GESTIÓN DE LA ENERGÍA   
7264,7011000045,MAESTRÍA EN LIDERAZGO Y GESTIÓN EDUCATIVA   
7265,7042000064,MAESTRÍA EN MBA PARA LA INNOVACIÓN DEL DESARROLLO EMPRESARIAL CON ENFOQUE INTERNACIONAL 
7266,7011000046,MAESTRÍA EN INNOVACIÓN DIDÁCTICA 
7267,7041000014,MAESTRÍA EN EMPRENDIMIENTO E INNOVACIÓN DE NEGOCIOS TURÍSTICOS  
7268,8031500010,DOCTORADO EN CONSEJERIA FAMILIAR 
7269,7031200085,MAESTRÍA EN ANTROPOLOGÍA CRISTIANA   
7270,7062300006,MAESTRÍA EN REDES Y SEGURIDAD  
7271,7033100330,MAESTRÍA EN TRABAJO SOCIAL JURÍDICO   
7272,8095200010,DOCTORADO EN BIOMEDICINA EXPERIMENTAL 
7273,8093100001,DOCTORADO EN CIENCIAS ODONTOLÓGICAS Y DE LA SALUD  
7274,7022300033,"MAESTRÍA EN LENGUA, LITERATURA Y TRADUCCIÓN  "
7275,7022200021,MAESTRÍA EN ENSEÑANZA DEL IDIOMA INGLES   
7276,7031000037,MAESTRÍA EN CIENCIAS SOCIALES CON ÉNFASIS EN ESTUDIOS REGIONALES
7277,7042400047,MAESTRÍA EN GESTIÓN DE ENERGÍAS RENOVABLES  
7278,7072400019,MAESTRÍA EN GESTIÓN PETROLERA   
7279,7072000027,MAESTRÍA EN INGENIERÍA EMPRESARIAL   
7280,8104100003,DOCTORADO EN CIENCIAS POLICIALES Y SEGURIDAD PÚBLICA  
7281,8033100055,DOCTORADO EN PROCEDIMIENTOS DE JUSTICIA ORAL EN MÉXICO  
7282,8073200009,DOCTORADO EN PATRIMONIO Y DESARROLLO SUSTENTABLE 
7283,7071000040,MAESTRÍA EN ENERGÍAS RENOVABLES Y EFICIENCIA ENERGÉTICA 
7284,7011000047,MAESTRÍA EN LIDERAZGO Y EDUCACIÓN
7285,8062000003,DOCTORADO EN INNOVACIÓN EN AMBIENTES LOCALES
7286,7071500025,MAESTRÍA EN CIENCIAS EN INGENIERÍA AERONÁUTICA Y ESPACIAL
7287,7041000015,MAESTRÍA DE LA INNOVACIÓN RURAL SUSTENTABLE   
7288,7041200134,MAESTRÍA EN MERCADOTECNIA DE LA IMAGEN  
7289,7061000013,MAESTRÍA EN DESARROLLO WEB Y MÓVIL   
7290,7042000065,MAESTRÍA EN ADMINISTRACIÓN OPERACIONAL DE CADENAS COMERCIALES 
7291,7033100331,MAESTRÍA EN DERECHO ADVERSARIAL   
7292,8071200013,DOCTORADO EN CIENCIAS EN TERMOFLUÍDOS
7293,7033100332,MAESTRÍA EN DERECHO Y LITIGACIÓN LABORAL    
7294,6071000010,ESPECIALIDAD EN INGENIERÍA DE SISTEMAS EN AGUAS PROFUNDAS (OFFSHORE)
7295,7051300082,MAESTRÍA EN SOSTENIBILIDAD E INNOVACIÓN EN TECNOLOGÍA AMBIENTAL
7296,6071000011,ESPECIALIDAD EN CONTROVERSIAS SOCIOAMIENTALES EN HIDROCARBUROS    
7297,7033100333,"MAESTRÍA EN SISTEMA DE JUSTICIA PENAL, ACUSATORIO Y ORAL   "
7298,7021000024,MAESTRÍA EN INTERIORISMO Y DISEÑO DEL PAISAJE    
7299,7041200135,MAESTRÍA EN MARKETING & DIGITAL BUSINESS   
7300,8041300005,DOCTORADO EN BIG DATA Y FINANZAS CUANTITATIVAS 
7301,8062200011,DOCTORADO EN INFORMATICA    
7302,7042100328,MAESTRÍA EN ADMINISTRACIÓN DE EMPRESAS MBA 
7303,7042000066,MAESTRÍA EN ADMINISTRACIÓN Y GESTIÓN AVANZADA DE PROYECTOS    
7304,7011000048,MAESTRÍA EN GESTIÓN DE APRENDIZAJES 
7305,7042100329,MAESTRÍA EN DIRECCIÓN DE EMPRESAS DE MANUFACTURA
7306,7041200136,MAESTRÍA EN DIRECCIÓN DE EMPRESAS DE MANUFACTURA Y DISEÑO DE PRODUCTOS
7307,7041200137,MAESTRÍA EN DIRECCIÓN DE EMPRESAS DE MANUFACTURA Y GESTIÓN DE CALIDAD
7308,8033100056,DOCTORADO EN ORDENAMIENTO TERRITORIAL Y DIMENSIONES CIENTÍFICAS DE LA PROTECCIÓN DEL PATRIMONIO 
7309,7073200041,MAESTRÍA EN CIENCIAS DE LA CONSTRUCCIÓN CON ACENTUACIÓN EN INTERVENCIÓN SUSTENTABLE DEL HÁBITAT
7310,7041000016,MAESTRÍA EN ADMINISTRACIÓN DE INSTITUCIONES PÚBLICAS O EN INNOVACIÓN DE NEGOCIOS
7311,8011000015,DOCTORADO EN DESARROLLO HUMANO CON ORIENTACIÓN PEDAGÓGICA 
7312,7041200138,MAESTRÍA EN DIRECCIÓN COMERCIAL Y MARKETING   
7313,7041200139,MAESTRÍA EN MARKETING DIGITAL Y SOCIAL MEDIA 
7314,7041200140,MAESTRÍA EN DIRECCIÓN DE EMPRESAS DE MANUFACTURA Y LOGÍSTICA 
7315,6102100005,ESPECIALIDAD EN ACCIDENTOLOGÍA  VIAL  
7316,7042400048,MAESTRÍA EN DIRECCIÓN DE LA CONSTRUCCIÓN
7317,7042400049,MAESTRÍA EN DIRECCIÓN DE LA CONSTRUCCIÓN Y DISEÑO ARQUITECTÓNICO
7318,7094200027,MAESTRÍA EN SERVICIOS DE ALIMENTACIÓN INSTITUCIONAL
7319,7042400050,MAESTRÍA EN DIRECCIÓN DE LA CONSTRUCCIÓN Y DISEÑO ARQUITECTÓNICO SUSTENTABLE
7320,7062000011,MAESTRÍA EN GESTIÓN Y DESARROLLO DE NUEVAS TECNOLOGÍAS  
7321,7081100088,MAESTRÍA EN CIENCIAS Y TECNOLOGÍA AGRÍCOLA Y FORESTAL SUSTENTABLE   
7322,8071000020,DOCTORADO EN CIENCIAS EN INGENIERÍA CON ÉNFASIS EN ANÁLISIS Y MODELACIÓN DE SISTEMAS
7323,8062100004,DOCTORADO EN CIENCIAS EN INGENIERÍA DE TELECOMUNICACIONES
7324,7081200013,MAESTRÍA EN FITOMEJORAMIENTO  
7325,7073200042,MAESTRÍA EN DIRECCIÓN DE LA CONSTRUCCIÓN Y DISEÑO DE ESPACIOS INTERIORES
7326,7073200043,MAESTRÍA EN DIRECCIÓN DE LA CONSTRUCCIÓN Y GESTIÓN DE PROYECTOS
7327,6011000010,ESPECIALIDAD EN INTERVENCIÓN SOCIAL  
7328,6031000009,ESPECIALIDAD EN MÉTODOS ALTERNATIVOS DE RESOLUCIÓN DE CONFLICTOS 
7329,7071000041,MAESTRÍA EN INGENIERÍA CLÍNICA    
7330,7073100103,MAESTRÍA EN DIRECCIÓN DE LA CONSTRUCCIÓN Y PLANEACIÓN URBANA 
7331,6021600014,ESPECIALIDAD EN COMUNICACIÓN Y ESTILISMO DE MODA
7332,6061100002,ESPECIALIDAD EN VISUALIZACIÓN DE DATOS
7333,7021000025,MAESTRÍA EN FOLKLOR DANCÍSTICO MEXICANO   
7334,7021000026,MAESTRÍA EN EDUCACIÓN DE LAS ARTES  
7335,7031100239,MAESTRÍA EN PSICOLOGÍA INTEGRATIVA   
7336,6062000005,ESPECIALIDAD EN PROTOCOLO 
7337,7042500147,MAESTRÍA EN ADMINISTRACIÓN EN SERVICIOS DE LA SALUD    
7338,7042000067,MAESTRÍA EN GESTIÓN DE LA CALIDAD DEL TALENTO HUMANO   
7339,7041300057,MAESTRÍA EN FINANZAS DIRECTIVAS  
7340,6031100083,ESPECIALIDAD EN INTERVENCIÓN PSICOANALÍTICA
7341,7042300071,MAESTRÍA EN CONTRALORÍA GUBERNAMENTAL
7342,7102100012,MAESTRÍA EN MOVILIDAD Y TRANSPORTE
7343,6031000010,ESPECIALIDAD EN INTERVENCIÓN PSICOANÁLITICA 
7344,7042000068,MAESTRÍA EN ADMINISTRACIÓN CON ACENTUACIÓN EN NEGOCIOS  
7345,7082100013,MAESTRÍA EN ENTOMOLOGÍA MÉDICA Y VETERINARIA 
7346,6011400013,ESPECIALIDAD EN ENSEÑANZA INTERACTIVA
7347,6011000011,ESPECIALIDAD EN GESTIÓN DE APRENDIZAJES  
7348,8051000007,DOCTORADO EN CONSERVACIÓN Y RESTAURACIÓN DEL MEDIO NATURAL 
7349,6041300025,ESPECIALIDAD EN FINANZAS Y MERCADOS 
7350,6042400016,ESPECIALIDAD EN ECONOMÍA Y GESTIÓN DEL AGUA 
7351,6091342019,ESPECIALIDAD EN RADIOLOGÍA VASCULAR E INTERVENCIONISTA
7352,7042500148,"MAESTRÍA EN EDUCACIÓN, DIRECCIÓN Y GESTIÓN DE INSTITUCIONES EDUCATIVAS"
7353,7011300051,MAESTRÍA EN EDUCACIÓN CON ORIENTACIÓN EN TUTORIAS
7354,7062100036,MAESTRÍA EN GESTIÓN DE TÉCNICAS DE INFORMACIÓN
7355,7062000012,MAESTRÍA EN TECNOLOGÍA DIGITAL PARA LA EDUCACIÓN  
7356,6042200012,ESPECIALIDAD EN ADMINISTRACIÓN Y COSTOS DE ALIMENTOS Y BEBIDAS   
7357,7033100334,"MAESTRÍA EN DERECHO CONSTITUCIONAL, AMPARO Y JUICIOS ORALES "
7358,7031000038,MAESTRÍA EN INTERPRETACIÓN Y ARGUMENTACIÓN JURÍDICA    
7359,7033100335,MAESTRÍA EN PROCEDIMIENTOS ADMINISTRATIVOS DE JUSTICIA Y LITIGACIÓN ORAL
7360,6091344006,"ALTA ESPECIALIDAD EN MÍNIMA INVASIÓN, ENDOUROLOGÍA Y CIRUGÍA ROBÓTICA EN UROLOGÍA"
7361,7033200055,"MAESTRÍA EN CRIMINOLOGÍA, POLÍTICA CRIMINAL Y CIENCIAS DE LA SEGURIDAD"
7362,6091344007,ESPECIALIDAD Y RESIDENCIA EN UROLOGÍA GINECOLÓGICA
7363,7022100015,MAESTRÍA EN PENSAMIENTO SOCIAL CRISTIANO
7364,7031000039,MAESTRÍA EN ESTUDIOS DE GÉNERO Y PREVENCIÓN DE LA VIOLENCIA 
7365,8031000015,DOCTORADO EN ESTUDIOS DE GÉNERO Y PREVENCIÓN DE LA VIOLENCIA 
7366,7021400034,MAESTRÍA EN ESCRITURA CINEMATOGRÁFICA
7367,7011000049,MAESTRÍA EN PROCESOS DE ENSEÑANZA APRENDIZAJE EN LAS ORGANIZACIONES   
7368,7062300007,MAESTRÍA EN COMUNICACIÓN EN MEDIOS MASIVOS 
7369,7033100336,MAESTRÍA EN  DERECHO  PRIVADO Y DE LOS NEGOCIOS 
7370,6091341006,ESPECIALIDAD EN ENFERMERÍA EN PSIQUIATRÍA Y SALUD MENTAL
7371,7095000018,MAESTRÍA EN GESTIÓN DE SISTEMAS DE SALUD  
7372,7042000069,MAESTRÍA EN ADMINISTRACIÓN FINANCIERA Y DE MERCADO
7373,7012500036,"MAESTRÍA EN APRENDIZAJE, COGNICIÓN Y DESARROLLO EDUCATIVO"
7374,7053200011,MAESTRÍA EN ANÁLISIS Y VISUALIZACIÓN DE DATOS MASIVOS
7375,7042000070,MAESTRÍA EN ADMINISTRACIÓN Y GERENCIAMIENTO EMPRESARIAL 
7376,7041200141,MAESTRÍA EN COMUNICACIÓN E IDENTIDAD CORPORATIVA
7377,7042500149,MAESTRÍA EN DIRECCIÓN Y ADMINISTRACIÓN DE EQUIPOS DE SALUD
7378,7042000071,MAESTRÍA EN ADMINISTRACIÓN CON ACENTUACIÓN EN DIRECCIÓN DE INSTITUCIONES EDUCATIVAS   
7379,7011000050,MAESTRÍA EN EDUCACIÓN INCLUSIVA E INTERCULTURAL
7380,7061300045,MAESTRÍA EN INGENIERÍA DE SOFTWARE Y SISTEMAS INFORMÁTICOS
7381,7042300072,MAESTRÍA EN LIDERAZGO Y DIRECCIÓN DE CENTROS EDUCATIVOS
7382,7041200142,MAESTRÍA EN NEUROMARKETING
7383,7011300052,MAESTRÍA EN ORIENTACIÓN EDUCATIVA FAMILIAR
7384,7021200014,MAESTRÍA EN TEATRO Y ARTES ESCÉNICAS
7385,7011400050,MAESTRÍA EN TECNOLOGÍA EDUCATIVA Y COMPETENCIAS DIGITALES
7386,8041000004,DOCTORADO EN ANALÍTICA DE NEGOCIOS  
7387,8022600017,DOCTORADO EN FILOSOFÍA CON ACENTUACIÓN EN ESTUDIOS DE LA CULTURA   
7388,8022600018,DOCTORADO EN FILOSOFÍA CON ACENTUACIÓN EN ESTUDIOS DE LA EDUCACIÓN     
7389,6041000005,ESPECIALIDAD EN DIRECCIÓN DE NEGOCIOS 
7390,8091345014,DOCTORADO EN SEXUALIDAD HUMANA 
7391,7042500150,MAESTRÍA EN DIRECCIÓN Y ADMINISTRACIÓN EN SALUD
7392,7021000027,"MAESTRÍA EN ARTE CONTEMPORÁNEO, MERCADOS Y NEGOCIOS"
7393,6092208026,ESPECIALIDAD EN ENFERMERÍA EN OBSTETRICIA   
7394,7061100030,MAESTRÍA EN CIENCIAS DE LA COMPUTACIÓN CON FORMACIÓN EN BASES DE DATOS 
7395,7041200143,MAESTRÍA EN NEGOCIOS DE MODA
7396,7092207003,MAESTRÍA EN ENFERMERÍA QUIRÚRGICA     
7397,7092208005,MAESTRÍA EN ENFERMERÍA EN URGENCIAS MÉDICAS   
7398,7092208006,MAESTRÍA EN ENFERMERÍA NEONATAL   
7399,7051100027,MAESTRÍA EN CIENCIAS EN BIOLOGÍA
7400,7104200003,MAESTRÍA EN INTELIGENCIA PARA LA SEGURIDAD NACIONAL
7401,6042300011,ESPECIALIDAD EN ADMINISTRACIÓN EDUCATIVA Y DESARROLLO DE HABILIDADES DIRECTIVAS
7402,7033100337,MAESTRÍA EN CIENCIAS PERICIALES (ENFOQUE PENAL) 
7403,7033200056,MAESTRÍA EN CRIMINOLOGÍA Y SEGURIDAD CIUDADANA    
7404,6094200008,ESPECIALIDAD EN NUTRICIÓN CLÍNICA EN LA OBESIDAD 
7405,6094000001,ESPECIALIDAD EN GERONTOLOGÍA SOCIAL Y CALIDAD DE VIDA EN EL ADULTO MAYOR  
7406,7094000007,MAESTRÍA EN INVESTIGACIÓN DE MEDICINA FÍSICA Y REHABILITACIÓN  
7407,6092208027,ESPECIALIDAD EN LA ADMINISTRACIÓN DE LA ATENCIÓN DE ENFERMERÍA   
7408,7053100021,MAESTRÍA EN DIDÁCTICA DE LAS MATEMÁTICAS Y DE LAS CIENCIAS   
7409,7042000072,MAESTRÍA EN ALTA DIRECCIÓN DE HOTELES  
7410,7031100240,MAESTRÍA EN PSICOLOGÍA CLÍNICA CON ESPECIALIDAD EN TERAPIA COGNITIVO CONDUCTUAL  
7411,7042200045,MAESTRÍA EN DIRECCIÓN Y GESTIÓN HOTELERA 
7412,7103100014,MAESTRÍA GESTIÓN DE RIESGOS EN PROTECCIÓN CIVIL  
7413,7012604076,MAESTRÍA EN INNOVACIÓN PARA LA CALIDAD DE EDUCACIÓN FÍSICA
7414,7062000013,MAESTRÍA EN TECNOLOGÍAS DE LA COMPUTACIÓN   
7415,6012604013,ESPECIALIDAD EN INTERVENCIÓN EDUCATIVA EN MATEMÁTICAS
7416,6012604014,ESPECIALIDAD EN INTERVENCIÓN EDUCATIVA EN ESTUDIOS JUDAICOS
7417,6104100008,ESPECIALIDAD EN HECHOS DE TRÁNSITO TERRESTRE  
7418,6011000012,ESPECIALIDAD EN DIDÁCTICA E INTERVENCIÓN EDUCATIVA  
7419,7061000014,"MAESTRÍA EN PROTOCOLO, NEGOCIACIONES Y RELACIONES INTERNACIONALES  "
7420,7032100050,MAESTRÍA EN PERIODISMO DEPORTIVO   
7421,7094000008,MAESTRÍA EN FISIOTERAPIA NEUROLÓGICA   
7422,7042000073,MAESTRÍA EN ADMINISTRACIÓN Y SISTEMAS    
7423,7062000014,MAESTRÍA EN INNOVACIÓN Y GESTIÓN DE PROYECTOS DE TECNOLOGÍAS DE LA INFORMACIÓN  
7424,7042000074,MAESTRÍA EN ADMINISTRACIÓN DE SPA    
7425,7042000075,MAESTRÍA EN ALTA DIRECCIÓN CON ENFASIS EN ADMINISTRACIÓN FINANCIERA  
7426,7031300096,MAESTRÍA EN POLÍTICA Y GESTIÓN DEL DESARROLLO SOCIAL 
7427,6011400014,ESPECIALIDAD EN ASISTENCIA EDUCATIVA
7428,6082100013,ESPECIALIDAD EN REPRODUCCIÓN ANIMAL    
7429,6095000003,ESPECIALIDAD EN GERENCIA Y GESTIÓN D LOS SERVICIOS DE SALUD   
7430,7104100021,MAESTRÍA EN DESARROLLO DE POLÍTICAS PUBLICAS EN MATERIA DE SEGURIDAD 
7431,8071000021,DOCTORADO EN CIENCIA Y TECNOLOGÍA DE LA LUZ Y LA MATERIA     
7432,7031000040,MAESTRÍA EN ESTUDIO Y SOLUCIÓN DE PROBLEMAS PÚBLICOS  
7433,7031000041,MAESTRÍA EN PENSAMIENTO CRITICO Y HERMENEUTICA   
7434,6041000006,ESPECIALIDAD EN VALUACIÓN DE ACTIVOS INTANGIBLES  
7435,8041000005,DOCTORADO EN IMPUESTOS   
7436,7042000076,MAESTRÍA EN ADMINISTRACIÓN DE LA SEGURIDAD
7437,8022000013,DOCTORADO EN HUMANIDADES CON ESPECIALIDAD EN PATRIMONIO Y CULTURA PARA LA PAZ
7438,8052000006,DOCTORADO EN CIENCIAS CON ORIENTACIÓN EN MEDICINA MOLECULAR   
7439,8022000014,DOCTORADO EN FILOSOFÍA E HISTORIA DE LAS IDEAS   
7440,7061000015,MAESTRÍA EN CIENCIAS DEL PROCESAMIENTO DE LA INFORMACIÓN   
7441,7012702034,MAESTRÍA EN PSICOMOTRICIDAD
7442,7031100241,MAESTRÍA EN PSICOTERAPIA DE LAS ADICCIONES
7443,7031100242,"MAESTRÍA EN PSICOTERAPIA PSICOANALÍTICA CON NIÑOS, PÚBERES Y ADOLESCENTES"
7444,6061300027,ESPECIALIDAD EN DISEÑO WEB MULTIMEDIA
7445,8022500016,DOCTORADO EN HISTORIA GLOBAL
7446,8022300014,DOCTORADO EN CREACIÓN E INVESTIGACIÓN LITERARIAS: NOVELA
7447,7081100089,MAESTRÍA EN AGROBIOTECNOLOGÍA
7448,7101100027,MAESTRÍA EN ENTRENAMIENTO DEPORTIVO
7449,7011000051,MAESTRÍA EN EDUCACIÓN PARA LA DIVERSIDAD CULTURAL
7450,8051300034,DOCTORADO EN CIENCIAS EN ESTUDIOS PARA LA SOSTENIBILIDAD Y MEDIO AMBIENTE  
7451,8011000016,DOCTORADO EN EDUCACIÓN PARA LA DIVERCIDAD CULTURAL   
7452,7051300083,MAESTRÍA EN CIENCIAS EN ESTUDIOS PARA LA SOSTENIBILIDAD Y MEDIO AMBIENTE  
7453,8031400018,DOCTORADO EN ECONOMÍA Y NEGOCIOS INTERNACIONALES    
7454,6051200004,ESPECIALIDAD EN TOXICOLOGÍA FORENSE
7455,8082100004,DOCTORADO EN ENTOMOLOGÍA MÉDICA Y VETERINARIA 
7456,6082100014,ESPECIALIDAD EN ENTOMOLOGÍA MÉDICA Y VETERINARIA    
7457,7033100338,MAESTRÍA EN DERECHO PRIVADO CON ORIENTACIÓN EN DERECHO CORPORATIVO   
7458,7033100339,MAESTRÍA EN DERECHO PRIVADO CON ORIENTACIÓN EN DERECHO DE LOS NEGOCIOS  
7459,7033100340,MAESTRÍA EN DERECHO Y RELACIONES LABORALES   
7460,7071200044,MAESTRÍA EN REGULACIÓN CON ORIENTACIÓN EN ENERGÍA  
7461,7071000042,MAESTRÍA EN REGULACIÓN CON ORIENTACIÓN EN MEJORA REGULATORIA  
7462,7071000043,MAESTRÍA EN REGULACIÓN CON ORIENTACIÓN EN SECTORES REGULADOS   
7463,7073100104,MAESTRÍA EN ARQUITECTURAS AVANZADAS  
7464,7072000028,MAESTRÍA EN DISEÑO Y DESARROLLO DE ENVASE Y EMBALAJE  
7465,7021400035,MAESTRÍA EN ARTE Y DISEÑO DE VIDEOJUEGOS   
7466,7041100100,MAESTRÍA EN EMPRENDIMIENTO Y NUEVOS NEGOCIOS   
7467,6092208028,ESPECIALIDAD EN ENFERMERÍA MATERNO INFANTIL   
7468,7031100243,MAESTRÍA EN INTERVENCIÓN PSICOLÓGICA FAMILIAR Y DE PAREJA  
7469,7042000077,MAESTRÍA EN GESTIÓN DE HOSPITALES Y SERVICIOS DE SALUD 
7470,6051000002,ESPECIALIDAD EN IMPACTO AMBIENTAL 
7471,8031300027,DOCTORADO EN CIENCIAS SOCIALES JURÍDICAS Y POLÍTICAS    
7472,6091319005,ESPECIALIDAD EN ALGOLOGÍA EN PEDIATRÍA 
7473,6091301012,ESPECIALIDAD EN ALGOLOGÍA EN PEDIATRÍA
7474,6053100003,ESPECIALIDAD EN MATEMÁTICA EDUCATIVA   
7475,7101000004,MAESTRÍA EN COMPETENCIAS PROFESIONALES PARA LA EDUCACIÓN FÍSICA  
7476,7011100073,MAESTRÍA EN NEUROEDUCACIÓN Y OPTMIZACIÓN COGNITIVA  
7477,7031100244,MAESTRÍA EN PSICOLOGÍA CON ÁREA TERMINAL EN PROBLEMAS DE APRENDIZAJE 
7478,7031100245,MAESTRÍA EN PSICOLOGÍA CON ÁREA TERMINAL EN TRASTORNOS DEL LENGUAJE 
7479,6033100152,"ESPECIALIDAD EN EL SISTEMA INTEGRAL DE JUSTICIA PENAL PARA NIÑAS, NIÑOS Y ADOLESCENTES "
7480,7033100341,MAESTRÍA EN DERECHO CON ORIENTACIÓN EN DERECHO CIVIL Y FAMILIAR CON LITIGACIÓN ORAL  
7481,7033100342,"MAESTRÍA EN DERECHO CON ORIENTACIÓN EN DERECHO CONSTITUCIONAL, DERECHOS HUMANOS Y AMPARO    "
7482,7033100343,MAESTRÍA EN DERECHO CON ORIENTACIÓN EN DERECHO CORPORATIVO Y LABORAL
7483,7033100344,MAESTRÍA EN SISTEMA ACUSATORIO Y JUICIOS ORALES 
7484,8042000015,DOCTORADO EN ADMINISTRACIÓN Y GESTIÓN DE NEGOCIOS    
7485,7053100022,MAESTRÍA EN CIENCIAS ÁREA MATEMÁTICA EDUCATIVA   
7486,7031000042,MAESTRÍA EN CIENCIAS DEL DESARROLLO REGIONAL  
7487,7031000043,MAESTRÍA EN DESARROLLO Y SUSTENTABILIDAD   
7488,6011400015,ESPECIALIDAD EN EDUCACIÓN CON TECNOLOGÍAS DIGITALES
7489,7073200044,MAESTRÍA EN CONSTRUCCIÓN DE VÍAS TERRESTRES
7490,7041100101,MAESTRÍA EN NEGOCIOS DE CONSTRUCCIÓN
7491,6042100094,ESPECIALIDAD EN DESARROLLO DE PROYECTOS DE ASOCIACIÓN PUBLICO-PRIVADA
7492,7101600016,"MAESTRÍA EN TURISMO, DESARROLLO Y PATRIMONIO   "
7493,6031500026,ESPECIALIDAD EN JUSTICIA FAMILIAR  
7494,6071200011,ESPECIALIDAD EN CONSTRUCCIÓN SUSTENTABLE Y EFICIENCIA ENERGÉTICA
7495,7031500064,MAESTRÍA EN JUSTICIA FAMILIAR   
7496,7031000044,MAESTRÍA EN DESARROLLO HUMANO Y SEXUALIDAD 
7497,7102100013,MAESTRÍA EN GESTIÓN LOGÍSTICA Y CADENAS DE SUMINISTRO
7498,7021600035,MAESTRÍA EN DISEÑO ESTRATÉGICO DE PRODUCTO Y SERVICIO   
7499,7031000045,MAESTRÍA EN MÉTODOS DE LA INVESTIGACIÓN CIENTÍFICA   
7500,7031300097,MAESTRÍA EN GOBIERNO URBANO Y CIUDAD   
7501,6092202016,ESPECIALIDAD EN ENFERMERÍA EN CUIDADO AL PACIENTE EN ESTADO CRITICO   
7502,7022000018,MAESTRÍA EN COMPETENCIA LINGÜÍSTICA Y LITERARIA
7503,7031500065,MAESTRÍA EN TRABAJO SOCIAL E INTERVENCIÓN SOCIAL 
7504,6093207007,ESPECIALIDAD EN PRÓTESIS BUCAL E IMPLANTOLOGÍA
7505,7011300053,MAESTRÍA EN PSICOPEDAGOGÍA Y PROBLEMAS DE INTERVENCIÓN EDUCATIVA  
7506,7041100102,MAESTRÍA EN NEGOCIOS DEL COMERCIO EXTERIOR   
7507,6031100084,ESPECIALIDAD EN ORIENTACIÓN PSICOLÓGICA CON ENFOQUE GUESTALT  
7508,7041200144,"MAESTRÍA EN MARKETING DIGITAL, VENTAS Y MEDIOS ONLINE   "
7509,7042500151,MAESTRÍA EN GESTIÓN DE LAS ARTES Y POLÍTICAS CULTURALES
7510,7042400051,MAESTRÍA EN ECONOMÍA Y REGULACIÓN ENERGÉTICAS
7511,8031400019,DOCTORADO EN ECONOMÍA Y REGULACIÓN ENERGÉTICAS
7512,7011000052,MAESTRÍA EN SOSTENIBILIDAD PARA EL DESARROLLO REGIONAL   
7513,7031300098,MAESTRÍA EN GOBIERNO Y ALTA GERENCIA PÚBLICA LOCAL  
7514,7011000053,MAESTRÍA EN ACOMPAÑAMIENTO EDUCATIVO   
7515,7031100246,MAESTRÍA EN PSICOLOGÍA DEL DESARROLLO HUMANO  
7516,6101500018,ESPECIALIDAD EN COCINA LATINOAMERICANA  
7517,6033100153,ESPECIALIDAD EN DERECHO CONSTITUCIONAL   
7518,6021000005,ESPECIALIDAD EN GRÁFICAS Y ARTES APLICADAS 
7519,7031100247,MAESTRÍA EN FELICIDAD Y PSICOLOGÍA POSITIVA  
7520,7012500037,MAESTRÍA EN EDUCACIÓN CON ÉNFASIS EN METODOLOGÍA DE LA ENSEÑANZA SUPERIOR 
7521,7031300099,MAESTRÍA EN GOBIERNO Y ALTA GERENCIA PÚBLICA LOCAL EN ÁREA TERMINAL EN FUNCIÓN PÚBLICA Y GESTIÓN DE RECURSOS HUMANOS 
7522,7031300100,MAESTRÍA EN GOBIERNO Y ALTA GERENCIA PÚBLICA LOCAL EN ÁREA TERMINAL EN POLÍTICAS PÚBLICAS CON PERSPECTIVA DE GÉNERO  
7523,7031300101,MAESTRÍA EN GOBIERNO Y ALTA GERENCIA PÚBLICA LOCAL EN ÁREA TERMINAL EN PROMOCIÓN ECONÓMICA Y DESARROLLO ESTRATÉGICO LOCAL  
7524,7031300102,MAESTRÍA EN GOBIERNO Y ALTA GERENCIA PÚBLICA LOCAL EN ÁREA TERMINAL EN MARKETING POLÍTICO Y COMUNICACIÓN INSTITUCIONAL 
7525,7031300103,MAESTRÍA EN GOBIERNO Y ALTA GERENCIA PÚBLICA LOCAL EN ÁREA TERMINAL EN ORDENACIÓN TERRITORIAL Y URBANISMO SOSTENIBLE   
7526,7094000009,MAESTRÍA EN INTERVENCIÓN PSICOPEDAGÓGICA EN DIFICULTADES DE APRENDIZAJE Y TRASTORNOS DE CONDUCTA 
7527,6011100029,ESPECIALIDAD EN ESTRATEGIAS PEDAGÓGICAS    
7528,7071600029,MAESTRÍA EN CIENCIA Y TECNOLOGÍA DE LA LUZ Y LA MATERIA 
7529,7011000054,"MAESTRÍA EN EDUCACIÓN DE LA ACTIVIDAD FÍSICA, DEPORTE Y SALUD "
7530,6041400027,ESPECIALIDAD EN FISCALIZACIÓN DE OBRA PÚBLICA  
7531,7033100345,MAESTRÍA EN DERECHO PENAL Y SISTEMA ACUSATORIO 
7532,7041000017,MAESTRÍA EN MARKETING Y MEDIOS DIGITALES   
7533,6041000007,ESPECIALIDAD EN MARKETING Y MEDIOS DIGITALES  
7534,6041000008,ESPECIALIDAD EN NEGOCIACIÓN Y MEDIACIÓN   
7535,7041000018,MAESTRÍA EN NEGOCIACIÓN Y MEDIACIÓN   
7536,8041000006,DOCTORADO EN NEGOCIACIÓN Y MEDIACIÓN   
7537,7042000078,MAESTRÍA EN COMMUNITY MANAGEMENT Y SOCIAL MEDIA  
7538,7041100103,MAESTRÍA EN CREACIÓN Y DESARROLLO DE EMPRESAS DIGITALES  
7539,7031000046,MAESTRÍA EN DIRECCIÓN INNOVADORA DE RECURSOS HUMANOS   
7540,6092208029,ESPECIALIDAD EN ENFERMERÍA EN EL CUIDADO DE HERIDAS Y ACCESOS VASCULARES      
7541,7033100346,MAESTRÍA EN DIRECCIÓN PERICIAL DEL JUICIO ORAL 
7542,7011000055,MAESTRÍA EN GESTIÓN DE SABERES PARA EL APRENDIZAJE  
7543,7042000079,MAESTRÍA EN INNOVACIÓN Y GESTIÓN DEL CAMBIO
7544,7042000080,MAESTRÍA EN DESEMPEÑO Y GESTIÓN ESCOLAR  
7545,7011000056,MAESTRÍA EN INNOVACIÓN PEDAGÓGICA   
7546,7073100105,"MAESTRÍA EN ARQUITECTURA HOSPITALARIA: DISEÑO, ORGANIZACIÓN Y GESTIÓN "
7547,7042000081,MAESTRÍA EN ADMINISTRACIÓN GUBERNAMENTAL  
7548,7012000091,MAESTRÍA EN INNOVACIÓN DE LA PRÁCTICA DOCENTE DE MATEMÁTICAS  
7549,7101400001,MAESTRÍA EN DIRECCIÓN ESTRATÉGICA DE EMPRESAS DE SERVICIOS 
7550,6021600015,ESPECIALIDAD EN DISEÑO AMBIENTAL
7551,8022300015,DOCTORADO EN ESTUDIOS CRÍTICOS DE GÉNERO
7552,6011300014,ESPECIALIDAD EN EDUCACIÓN SOCIOEMOCIONAL 
7553,6094200009,ESPECIALIDAD EN NUTRICIÓN GERONTOLÓGICA
7554,6033100154,ESPECIALIDAD EN PERICIAL CONTABLE Y ADMINISTRATIVA 
7555,7033100347,MAESTRÍA EN DERECHO PROCESAL FAMILIAR Y JUICIOS ORALES  
7556,7011000057,MAESTRÍA EN LIDERAZGO PEDAGÓGICO PARA DIRECTORES DE EDUCACIÓN BÁSICA
7557,8031000016,DOCTORADO EN DESARROLLO HUMANO Y CRECIMIENTO PERSONAL  
7558,8011000017,DOCTORADO EN EDUCACIÓN ESPECIAL E INCLUSIÓN SOCIAL 
7559,8073100023,DOCTORADO EN ESTUDIOS INTERDISCIPLINARIOS DE ARQUITECTURA Y MEDIO AMBIENTE 
7560,8042000016,DOCTORADO EN LIDERAZGO Y DESARROLLO ORGANIZACIONAL 
7561,8091345015,DOCTORADO EN REENTRENAMIENTO MULTIMODAL DEL TDA/H
7562,7101500015,MAESTRÍA EN COCINA DE VANGUARDIA Y ALTA GERENCIA   
7563,7033100348,MAESTRÍA EN DERECHO GENERAL  
7564,7021400036,MAESTRÍA EN EDICIÓN Y POSTPRODUCCIÓN AUDIOVISUAL  
7565,7011000058,MAESTRÍA EN EDUCACIÓN ESPECIAL E INCLUSIÓN SOCIAL  
7566,7021400037,MAESTRÍA EN EFECTOS VISUALES   
7567,7033100349,MAESTRÍA EN JUICIOS DE AMPARO      
7568,7041200145,MAESTRÍA EN MERCADOTECNIA DIGITAL Y DISEÑO GRÁFICO   
7569,7091334005,MAESTRÍA EN NEUROCIENCIAS PARA LA EDUCACIÓN 
7570,7094200028,MAESTRÍA EN NUTRICIÓN APLICADA A LAS CIENCIAS DEL DEPORTE   
7571,7094200029,MAESTRÍA EN NUTRICIÓN CLÍNICA Y COMPORTAMIENTO ALIMENTARIO   
7572,7021500038,MAESTRÍA EN PRODUCCIÓN Y DISEÑO PUBLICITARIO  
7573,7094000010,MAESTRÍA EN TÉCNICA TERAPÉUTICA PSICOLÓGICA    
7574,7031500066,MAESTRÍA EN TRABAJO Y SEGURIDAD SOCIAL   
7575,8041300006,DOCTORADO EN FINANZAS Y EMPRESA
7576,6022200008,ESPECIALIDAD EN INGLES ENFOCADA A LAS CIENCIAS SOCIALES  
7577,8031300028,DOCTORADO EN SISTEMAS PENALES Y POLÍTICA CRIMINAL
7578,6061300028,ESPECIALIDAD EN SOFTWARE APLICADO A LA ESCENA DEL CRIMEN  
7579,7033100350,MAESTRÍA EN JUICIOS ORALES Y SISTEMA ACUSATORIO ADVERSARIAL 
7580,7042000082,MAESTRÍA EN GERENCIA Y DESARROLLO ORGANIZACIONAL
7581,7042200046,MAESTRÍA EN ALTA DIRECCIÓN E INNOVACIÓN DE EMPRESAS CULINARIAS    
7582,7012604077,MAESTRÍA EN ENSEÑANZA DE LA HISTORIA DE MÉXICO
7583,7011300054,MAESTRÍA EN ORIENTACIÓN VOCACIONAL Y PROFESIONAL
7584,7071300048,"MAESTRÍA EN ROBÓTICA, PROGRAMACIÓN Y DISEÑO E IMPRESIÓN 3D APLICADOS A LA EDUCACIÓN"
7585,7031300104,"MAESTRÍA EN DIDÁCTICA DE LA HISTORIA, GEOGRAFÍA Y CIENCIAS POLÍTICAS"
7586,7042500152,MAESTRÍA EN DIRECCIÓN Y GESTIÓN DE CENTROS EDUCATIVO
7587,7042500153,MAESTRÍA EN DIRECCIÓN Y GESTIÓN DE CENTROS EDUCATIVOS
7588,7011200112,MAESTRÍA EN EDUCACIÓN INCLUSIVA PARA NIÑOS Y ADOLESCENTES EN SITUACIÓN DE EXCLUSIÓN SOCIAL
7589,7011400051,MAESTRÍA EN EDUCACIÓN DIGITAL E-LEARNING Y REDES SOCIALES 
7590,7031500067,MAESTRÍA EN COOPERACIÓN INTERNACIONAL PARA EL DESARROLLO DE LOS PUEBLOS
7591,7022500031,MAESTRÍA EN ENSEÑANZA DE LATÍN Y CULTURA CLÁSICA
7592,7042500154,MAESTRÍA EN ADMINISTRACIÓN ESTRATÉGICA DE RECURSOS HUMANOS 
7593,7062300008,MAESTRÍA EN GAMIFICACIÓN Y RECURSOS DIGITALES 
7594,7071000044,MAESTRÍA EN GESTIÓN EN EL SECTOR ELÉCTRICO    
7595,7042500155,MAESTRÍA EN ADMINISTRACIÓN EN SERVICIOS DE SALUD  
7596,6022200009,ESPECIALIDAD EXPERTO EN EL APRENDIZAJE INTEGRADO DE CONTENIDO Y ALEMÁN COMO LENGUA EXTRANJERA
7597,7033100351,"MAESTRÍA EN LITIGACIÓN ORAL, ADMINISTRACIÓN Y PROCURACIÓN DE JUSTICIA"
7598,7041300058,MAESTRÍA EN FINANZAS Y NEGOCIOS INTERNACIONALES   
7599,7072000029,MAESTRÍA EN INGENIERÍA DE SISTEMAS Y OPTIMIZACIÓN   
7600,7042000083,MAESTRÍA EN GESTIÓN DE PROYECTOS PARA EL DESARROLLO SOLIDARIO 
7601,7051000007,MAESTRÍA EN CIENCIAS EN CONSERVACIÓN Y APROVECHAMIENTO DE RECURSOS NATURALES 
7602,8051000008,DOCTORADO EN CIENCIAS EN CONSERVACIÓN Y APROVECHAMIENTO DE RECURSOS NATURALES 
7603,8022600019,DOCTORADO EN FILOSOFÍA Y CIENCIAS HUMANAS  
7604,6031100085,ESPECIALIDAD EN PSICOTERAPIA BREVE  
7605,7031100248,MAESTRÍA EN PSICOTERAPIA BREVE  
7606,7041000019,MAESTRÍA EN CONSULTORÍA ORGANIZACIONAL  
7607,7022100016,MAESTRÍA EN TEOLOGÍA BÍBLICA    
7608,7031500068,MAESTRÍA EN CONSEJERÍA    
7609,8033100057,DOCTORADO EN EL NUEVO SISTEMA PENAL ACUSATORIO  
7610,7042000084,MAESTRÍA EN ADMINISTRACIÓN ESBELTA   
7611,7042000085,MAESTRÍA EN GESTIÓN DE CALIDAD CON ENFOQUE EN SISTEMAS INTEGRADOS DE CALIDAD 
7612,7042000086,MAESTRÍA EN GESTIÓN DE CALIDAD CON ENFOQUE A ESTADISTICA APLICADA PARA LA TOMA DE DECISIONES  
7613,7042000087,MAESTRÍA EN GESTIÓN DEL TALENTO HUMANO CON ENFOQUE A DESARROLLO ORGANIZACIONAL 
7614,7042000088,MAESTRÍA EN GESTIÓN DEL TALENTO HUMANO CON ENFOQUE A LAS RELACIONES LABORALES 
7615,7041300059,MAESTRÍA EN ADMINISTRACIÓN CON ENFOQUE EN FINANZAS 
7616,7041100104,MAESTRÍA EN COMERCIO INTERNACIONAL Y LOGÍSTICA  
7617,7033100352,"MAESTRÍA EN DERECHO PROCESAL ORAL EN MATERIA CIVIL, MERCANTIL Y FAMILIAR  "
7618,7101500016,MAESTRÍA EN CIENCIAS EN INOCUIDAD ALIMENTARIA 
7619,6041000009,ESPECIALIDAD EN CONSULTORÍA DE EMPRESAS FAMILIARES  
7620,7041000020,MAESTRÍA EN DIRECCIÓN Y CONSULTORÍA DE EMPRESAS FAMILIARES  
7621,8042500023,"DOCTORADO EN ADMINISTRACIÓN, DERECHO Y ECONOMÍA DE LA SALUD  "
7622,6061000005,ESPECIALIDAD EN DESARROLLO DE APLICACIONES PARA INTERNET DE LAS COSAS 
7623,7033100353,"MAESTRÍA EN DERECHO PROCESAL ORAL MERCANTIL, CIVIL Y FAMILIAR "
7624,7022000019,MAESTRÍA EN RELACIÓN DE AYUDA 
7625,7031100249,MAESTRÍA EN TANATOLOGÍA EDUCATIVA  
7626,7081000006,MAESTRÍA EN TECNOLOGÍA DE SEMILLAS   
7627,7011000059,MAESTRÍA EN PEDAGOGÍAS EMERGENTES 
7628,7094200030,MAESTRÍA EN NUTRICIÓN EN EL DEPORTE  
7629,7021000028,MAESTRÍA EN ANIMACIÓN TRADICIONAL  
7630,7031000047,MAESTRÍA EN SUICIDIOLOGÍA  
7631,7031100250,MAESTRÍA EN VICTIMOLOGÍA  E INTERVENCIÓN PSICOLÓGICA 
7632,7011400052,MAESTRÍA EN EDUCACIÓN Y TECNOLOGÍAS APLICADAS 
7633,6022600010,ESPECIALIDAD ÉTICA EN LAS ORGANIZACIONES   
7634,6042000012,ESPECIALIDAD EN FORMULACIÓN Y EVALUACIÓN DE PROYECTOS    
7635,7073100106,MAESTRÍA EN ORDENAMIENTO TERRITORIAL   
7636,7104100022,MAESTRÍA EN GESTIÓN INTEGRAL DEL RIESGO     
7637,6022500003,ESPECIALIDAD EN HISTORIA Y ARQUEOLOGÍA MAYA     
7638,7095000019,MAESTRÍA EN SEGURIDAD Y SALUD EN EL TRABAJO   
7639,7011000060,MAESTRÍA EN CIENCIAS DE LA EDUCACIÓN NUTRICIONAL   
7640,8011000018,DOCTORADO EN EDUCACIÓN Y AMBIENTES DE APRENDIZAJE DIGITAL     
7641,8011000019,DOCTORADO EN CIENCIAS DE LA EDUCACIÓN ESPECIAL EN INCLUSIÓN Y BARRERAS DE APRENDIZAJE   
7642,8021600003,DOCTORADO EN CIENCIAS Y ARTES DE LA MODA
7643,6092100004,ESPECIALIDAD DE ENFERMERIA OSBSTETRICA
7644,7041400073,MAESTRÍA EN AUDITORIA Y CONTROL INTERNO GUBERNAMENTAL 
7645,6041200047,ESPECIALIDAD EN ORGANIZACIÓN DE EVENTOS  
7646,6071000012,ESPECIALIDAD EN SISTEMAS DE RESPONSABILIDADES 
7647,7031000048,MAESTRÍA EN RESPONSABILIDADES ADMINISTRATIVAS Y SISTEMAS ANTICORRUPCIÓN
7648,6042000013,ESPECIALIDAD EN ALTA GERENCIA  
7649,7042000089,MAESTRÍA EN GESTIÓN Y ALTA GERENCIA PÚBLICA
7650,7042000090,MAESTRÍA EN ADMINISTRACIÓN Y GESTIÓN DEL FACTOR HUMANO
7651,7041000021,MAESTRIA EN FINANZAS Y FISCAL  
7652,6031300026,ESPECIALIDAD EN BUEN GOBIERNO 
7653,7091345016,MAESTRÍA EN MEDICINA REGENERATIVA   
7654,6031000011,"ESPECIALIDAD EN DERECHOS DE NIÑAS, NIÑOS Y ADOLECENTES  "
7655,8061000001,DOCTORADO EN INNOVACIÓN Y GESTIÓN ORGANIZACIONAL     
7656,7042100330,MAESTRÍA EN ALTA DIRECCIÓN Y GERENCIAMIENTO EMPRESARIAL 
7657,6093207008,ESPECIALIDAD EN IMPLANTOLOGIA   
7658,7041300060,MAESTRÍA EN BANCA Y RIESGOS FINANCIEROS  
7659,7022500032,MAESTRÍA EN HISTORIA CULTURAL  
7660,8091345016,DOCTORADO EN INVESTIGACIÓN MULTIDISCIPLINARIA EN SALUD   
7661,7021400038,MAESTRÍA EN DISEÑO DE INFORMACIÓN Y COMUNICACIÓN DIGITAL   
7662,7022300034,MAESTRÍA EN LITERATURAS INTERAMERICANAS    
7663,7031100251,MAESTRÍA EN PSICOLOGÍA TRANSDISCIPLINARIA
7664,7042000091,MAESTRÍA EN LIDERAZGO POSITIVO Y LIBERTAD   
7665,7033100354,MAESTRÍA EN CIENCIAS JURÍDICAS Y TÉCNICAS DE LITIGACIÓN ORAL  
7666,8033200009,DOCTORADO EN CIENCIAS FORENSES E INVESTIGACION CRIMINAL    
7667,8012000009,DOCTORADO EN DOCENCIA Y GESTIÓN EDUCATIVA 
7668,8033100058,DOCTORADO EN CIENCIAS JURÍDICAS Y JUICIOS ORALES   
7669,8031000017,DOCTORADO EN LIDERAZGO  Y DESARROLLO HUMANO   
7670,8031100042,DOCTORADO EN PSICOTERAPIA GESTALT CON ENFOQUE INTEGRAL  
7671,8062000004,DOCTORADO EN TECNOLOGÍAS DE LA INFORMACIÓN      
7672,6011400016,ESPECIALIDAD EN APLICACIÓN DE RECURSOS TECNOLÓGICOS EN EL PROCESO EDUCATIVO  
7673,6011400017,ESPECIALIDAD EN EDUCACIÓN EN LINEA    
7674,6051100005,ESPECIALIDAD EN ENSEÑANZA CON ACENTUACIÓN EN BIOLOGÍA  
7675,6012604015,ESPECIALIDAD EN ENSEÑANZA CON ACENTUACIÓN EN ESPAÑOL  
7676,6052100002,ESPECIALIDAD EN ENSEÑANZA CON ACENTUACIÓN EN FÍSICA   
7677,6012604016,ESPECIALIDAD EN ENSEÑANZA CON ACENTUACIÓN EN FORMACIÓN CÍVICA Y ÉTICA  
7678,6052300010,ESPECIALIDAD EN ENSEÑANZA CON ACENTUACIÓN EN GEOGRAFÍA   
7679,6022500004,ESPECIALIDAD EN ENSEÑANZA CON ACENTUACIÓN EN HISTORIA  
7680,6022200010,ESPECIALIDAD EN ENSEÑANZA CON ACENTUACIÓN EN LENGUA EXTRANJERA
7681,6053100004,ESPECIALIDAD EN ENSEÑANZA CON ACENTUACIÓN EN MATEMÁTICAS  
7682,6052200004,ESPECIALIDAD EN ENSEÑANZA CON ACENTUACIÓN EN QUÍMICA
7683,6062000006,ESPECIALIDAD EN ENSEÑANZA CON ACENTUACIÓN EN TECNOLOGÍA 
7684,6091345017,ESPECIALIDAD EN INTERVENCIÓN EN CRISIS  
7685,6011000013,ESPECIALIDAD EN LIDERAZGO Y GESTIÓN EDUCATIVA   
7686,6091345018,ESPECIALIDAD EN NEUROEDUCACIÓN Y PEDAGOGÍA SOCIOEMOCIONAL
7687,7042000092,MAESTRÍA EN ADMINISTRACIÓN CON ACENTUACIÓN EN DESARROLLO ORGANIZACIONAL
7688,7041400074,MAESTRÍA EN ADMINISTRACIÓN CON ACENTUACIÓN EN ESTUDIOS FISCALES 
7689,7042000093,MAESTRÍA EN ADMINISTRACIÓN CON ACENTUACIÓN EN FINANZAS INTERNACIONALES  
7690,7042000094,MAESTRÍA EN ADMINISTRACIÓN CON ACENTUACIÓN EN GERENCIA GLOBAL  
7691,7041000022,MAESTRÍA EN ADMINISTRACIÓN CON ACENTUACIÓN EN NEGOCIOS INTERNACIONALES 
7692,7041300061,MAESTRÍA EN ADMINISTRACIÓN DE NEGOCIOS Y FINANZAS   
7693,7031000049,MAESTRÍA EN CIBERNÉTICA SOCIAL  
7694,7011400053,MAESTRÍA EN EDUCACIÓN PARA EL USO DE LA TECNOLOGÍA 
7695,7011000061,MAESTRÍA EN HUMANISMO CRISTIANO Y COACHING EDUCATIVO 
7696,7041200146,MAESTRÍA EN MERCADOTECNIA Y COMERCIALIZACIÓN  
7697,7011000062,MAESTRÍA EN NEUROEDUCACIÓN  
7698,7091340001,MAESTRÍA EN PLANEACIÓN PEDAGÓGICA 
7699,6094000002,ESPECIALIDAD EN TERAPIA PSICOANALÍTICA
7700,7094100014,MAESTRÍA EN TERAPIA PSICOANALÍTICA 
7701,7031400039,"MAESTRÍA EN ECONOMÍA, GESTIÓN Y POLÍTICAS DE INNOVACIÓN"
7702,7091322002,MAESTRÍA EN REHABILITACIÓN NEUROLÓGICA
7703,7033100355,MAESTRÍA EN SISTEMA PENAL ACUSATORIO Y SEGURIDAD CIUDADANA
7704,6041000010,ESPECIALIDAD EN DIRECCIÓN DE NEGOCIOS GASTRONÓMICOS  
7705,6033100155,ESPECIALIDAD EN SISTEMA INTEGRAL DE JUSTICIA PENAL PARA ADOLECENTES 
7706,6031100086,ESPECIALIDAD EN EVALUACIÓN PSICOLÓGICA FORENSE  
7707,6012000020,ESPECIALIDAD EN PROCESOS PRIMARIOS   
7708,6071000013,ESPECIALIDAD EN MANTENIMIENTO CON ACENTUACIÓN ELÉCTRICA 
7709,6022200011,ESPECIALIDAD EN INGLES PARA LOS NEGOCIOS  
7710,6073200009,ESPECIALIDAD EN LAMINACIÓN    
7711,6072400002,ESPECIALIDAD EN ACERO    
7712,6071000014,ESPECIALIDAD EN MANTENIMIENTO CON ACENTUACIÓN MECÁNICA    
7713,7033200057,"MAESTRÍA EN PSICOLOGÍA JURÍDICA, CRIMINAL Y CIENCIAS FORENSES  "
7714,7011000063,MAESTRÍA EN EDUCACIÓN EN COMPETENCIAS  
7715,7072000030,MAESTRÍA EN INGENIERÍA EN SISTEMAS PRODUCTIVOS E INDUSTRIA 4.0.
7716,8011000020,DOCTORADO EN CIENCIAS DE LA EDUCACIÓN E INNOVACIÓN EDUCATIVA 
7717,7101000005,MAESTRÍA EN GESTIÓN Y DIRECCIÓN DEL DEPORTE    
7718,6022000003,ESPECIALIDAD EN HUMANIDADES  
7719,6021000006,"ESPECIALIDAD EN MODELAJE, ANIMACIÓN E INTERACTIVIDAD VIRTUAL"
7720,7011000064,MAESTRÍA EN INNOVACIÓN PARA LA EDUCACIÓN EN CIENCIAS DE LA SALUD    
7721,7011000065,MAESTRÍA EN EDUCACIÓN HUMANISTA Y NEUROCIENCIA   
7722,7061000016,"MAESTRÍA EN TECNOLOGÍAS DE LA  INFORMACIÓN CON ACENTUACIÓN EN SISTEMAS DE INFORMACIÓN, TECNOLOGÍA DE SOFTWARE Y TELEMÁTICA"
7723,6041000011,ESPECIALIDAD BANCARIA EN TECNOLOGÍAS DE LA INFORMACIÓN   
7724,7062000015,MAESTRÍA EN DIRECCIÓN Y TRANSFORMACIÓN  
7725,7011000066,MAESTRÍA EN EDUCACIÓN PARA LA INNOVACIÓN Y EL EMPRENDIMIENTO  
7726,8051100029,DOCTORADO EN BIOLOGÍA INTEGRATIVA  
7727,8012500006,DOCTORADO EN INNOVACION EN EDUCACION SUPERIOR 
7728,8031100043,DOCTOR EN INVESTIGACION PSICOLOGICA EN EDUCACION INCLUSIVA  
7729,8011200050,DOCTORADO EN INVESTIGACIONES ECONOMICAS Y SOCIALES 
7730,8091345017,DOCTORADO EN MICOLOGIA APLICADA   
7731,6021500019,ESPECIALIZACION EN DISEÑO DE CARTEL  
7732,7051100028,MAESTRIA EN BIOLOGIA INTEGRATIVA   
7733,7081000007,MAESTRIA EN DESARROLLO AGROPECUARIO  
7734,7022200022,MAESTRIA EN LENGUA Y CULTURA NAHUA   
7735,7094200031,MAESTRIA EN NUTRICION Y CALIDAD DE VIDA   
7736,7011000067,MAESTRÍA EN EDUCACIÓN CON ENFOQUE EN COMPETENCIAS 
7737,7071000045,MAESTRÍA EN INGENIERÍA PARA LA MANUFACTURA INTELIGENTE
7738,7051000008,MAESTRÍA EN ECOEMPRENDURISMO   
7739,7051000009,MAESTRÍA EN ECOTECNOLOGÍAS E INNOVACIÓN SOSTENIBLE  
7740,7011000068,MAESTRÍA EN GESTIÓN INTERCULTURAL   
7741,7042200047,MAESTRÍA EN INNOVACIÓN Y SUSTENTABILIDAD TURÍSTICA  
7742,7091338001,MAESTRÍA EN NEUROLIDERAZGO Y COACHING COGNITIVO   
7743,7041000023,MAESTRÍA EN ADMINISTRACIÓN DE EMPRESAS Y GESTIÓN DE PROYECTOS  
7744,7041000024,MAESTRÍA EN INTELIGENCIA DE NEGOCIOS Y GESTIÓN DEL CONOCIMIENTO
7745,7031000050,MAESTRÍA EN EDUCACIÓN DE LA SEXUALIDAD 
7746,6094000003,ESPECIALIDAD EN REHABILITACIÓN ORAL E IMPLANTOLOGÍA    
7747,6033100156,ESPECIALIDAD EN DERECHO DIGITAL      
7748,7042100331,MAESTRÍA EN ADMINISTRACIÓN DE EMPRESAS SOSTENIBLES     
7749,7042000095,MAESTRÍA EN GESTIÓN INDUSTRIAL  
7750,7033100356,MAESTRÍA EN GESTIÓN Y PRÁCTICA FISCAL   
7751,7021500039,MAESTRÍA EN CREATIVIDAD Y ESTRATEGIAS PUBLICITARIAS  
7752,7042000096,MAESTRÍA EN CALIDAD Y LOGÍSTICA    
7753,7011000069,MAESTRÍA EN DISEÑO Y GESTIÓN EN EDUCACIÓN VIRTUAL   
7754,7071000046,MAESTRÍA EN INGENIERÍA DE LA INNOVACIÓN INDUSTRIAL   
7755,7041000025,MAESTRÍA EN LOGÍSTICA E INDUSTRIA   
7756,8011000021,DOCTORADO EN AMBIENTES DE APRENDIZAJE    
7757,7101500017,MAESTRÍA EN GESTIÓN DE LA GASTRONOMÍA TRADICIONAL MEXICANA  
7758,6091345019,ESPECIALIDAD EN CIRUGÍA DE TÓRAX GENERAL  
7759,7061100031,MAESTRÍA EN CIENCIAS COMPUTACIONALES Y SISTEMAS DE INFORMACIÓN
7760,8021000012,DOCTORADO EN ARTE CORTOMETRAJE Y ANIMACIÓN   
7761,8061000002,DOCTORADO EN INNOVACIÓN TECNOLÓGICA   
7762,8062000005,DOCTORADO EN DIDÁCTICA DIGITAL   
7763,7021400039,MAESTRÍA EN ARTE DIGITAL E HIPERMEDIA  
7764,7033100357,MAESTRÍA EN JUICIOS ORALES Y ARGUMENTACIÓN JURÍDICA   
7765,7033100358,"MAESTRÍA EN DERECHO, JUICIOS ORALES Y JUSTICIA ALTERNATIVA "
7766,7031000051,MAESTRÍA EN INTERVENCIONES SISTÉMICAS EN ORGANIZACIONES 
7767,6092208030,"ESPECIALIDAD DE ENFERMERÍA LÍNEAS TERMINALES CUIDADOS INTENSIVOS, QUIRÚRGICA Y URGENCIAS "
7768,6091345020,ESPECIALIDAD MÉDICA EN MEDICINA DEL TRABAJO Y AMBIENTAL    
7769,7073100107,MAESTRÍA EN INGENIERÍA DE VÍAS TERRESTRES Y MOVILIDAD   
7770,8011000022,DOCTORADO EN EDUCACIÓN MULTIMODAL  
7771,8011200051,DOCTORADO EN INVESTIGACIÓN DE LA EDUCACIÓN    
7772,7104100023,"MAESTRÍA EN PROTECCIÓN CIVIL, SEGURIDAD LABORAL Y EMERGENCIAS "
7773,6104100009,ESPECIALIDAD EN PROTECVIÓN CIVIL Y GESTIÓN INTEGRAL DE RIESGOS 
7774,6092208031,ESPECIALIDAD EN ADMINISTRACIÓN Y GESTIÓN EN SERVICIOS DE ENFERMERIA  
7775,7061000017,MAESTRÍA EN COMUNICACIÓN EFECTIVA E INTERVENCIÓN SOCIAL   
7776,7104100024,MAESTRÍA EN TRANSPARENCIA Y GOBIERNO ABIERTO   
7777,7011000070,MAESTRÍA EN AMBIENTES INTERCULTURALES DE APRENDIZAJE  
7778,7101300004,MAESTRÍA EN COSMETOLOGIA Y ESTÉTICA   
7779,7041200147,MAESTRÍA EN MERCADOTECNIA Y COMUNICACIÒN EMPRESARIAL  
7780,7041000026,MAESTRÍA EN TRANSFORMACIÒN DIGITAL A EMPRESAS 4.0  
7781,7031100252,MAESTRÍA EN PSICOLOGÍA CON ORIENTACIONES EN PSICOLOGÍA SOCIAL   
7782,7031100253,MAESTRÍA EN PSICOLOGÍA CON ORIENTACIÓN EN PSICOLOGÍA ECOLÓGICA Y CONDUCTUAL  
7783,7101000006,MAESTRÍA EN ACTIVIDAD FÍSICA Y ESTILO DE VIDA   
7784,7031000052,MAESTRÍA EN ESTUDIOS TRANSDISCIPLINARES EN CIENCIA Y TECNOLOGÍA    
7785,7021400040,MAESTRÍA EN NARRATIVA GRÁFICA    
7786,8052000007,DOCTORADO EN CIENCIAS EN MICROBIOLOGÍA Y LA BIOTECNOLOGÍA MOLECULAR  
7787,6091345021,ESPECIALIDAD EN EDUCACIÓN NEUROCIENTÍFICA   
7788,7012000092,MAESTRÍA EN EDUCACIÓN MATEMÁTICA EN INTERCULTURALIDAD EN LA EDUCACIÓN PRIMARIA Y PREESCOLAR 
7789,7053100023,MAESTRÍA EN ENSEÑANZA DE LAS MATEMÁTICAS EN EL NIVEL MEDIO SUPERIOR  
7790,8033100059,DOCTORADO EN EL PROCESO PENAL ACUSATORIO Y ORAL  
7791,7042000097,MAESTRÍA EN ADMINISTRACIÓN CON ORIENTACIÓN EN ALTA DIRECCIÓN 
7792,7041200148,MAESTRÍA EN ADMINISTRACIÓN CON ORIENTACIÓN EN MERCADOTECNIA  
7793,7042200048,MAESTRÍA EN ADMINISTRACIÓN CON ORIENTACIÓN EN HOTELERÍA Y TURISMO 
7794,7042000098,MAESTRÍA EN ADMINISTRACIÓN CON ORIENTACIÓN EN ORGANIZACION DE EVENTOS   
7795,8072300004,DOCTORADO EN CIENCIA E INGENIERÍA DE MATERIALES 
7796,8052300018,DOCTORADO EN CIENCIAS DE LA TIERRA   
7797,7031100254,MAESTRÍA EN ESTUDIOS PSICOSOCIALES   
7798,7051000010,MAESTRÍA EN DIDÁCTICA DE LAS CIENCIAS BIOLÓGICAS Y QUÍMICAS  
7799,7042100332,"MAESTRÍA EN INNOVACIÓN Y COMPETITIVIDAD EN MICRO, PEQUEÑA Y MEDIANAS "
7800,7033100359,MAESTRÍA EN JUICIO ORAL CIVIL Y MERCANTIL  
7801,7033100360,"MAESTRÍA EN GÉNERO, DERECHO Y PROCESO PENAL  "
7802,7031500069,MAESTRÍA EN INNOVACIÓN Y RESPONSABILIDAD SOCIAL  
7803,7031000053,MAESTRÍA EN DESARROLLO Y FOMENTO DE LA INTELIGENCIA EMOCIONAL  
7804,7011100074,MAESTRÍA EN ESTRATEGIAS DIDÁCTICAS Y EVALUACIÓN DE COMPETENCIAS  
7805,6092206012,ESPECIALIDAD EN ENFERMERÍA DEL NEONATO
7806,6092208032,ESPECIALIDAD EN ENFERMERÍA EN LA CULTURA FÍSICA Y EL DEPORTE
7807,6031100087,PROGRAMA ÚNICO DE ESPECIALIDADES EN PSICOLOGÍA
7808,7033100361,MAESTRÍA EN DERECHO PROCESAL ORAL  
7809,6073200010,ESPECIALIDAD EN VÍAS TERRESTRES
7810,7071200045,MAESTRÍA EN INGENIERÍA ENERGÍA
7811,7012400026,MAESTRÍA EN DOCENCIA PARA LA EDUCACIÓN MEDIA SUPERIOR: CIENCIAS DE LA SALUD
7812,6073100033,PROGRAMA ÚNICO DE ESPECIALIDADES EN ARQUITECTURA
7813,8011100024,DOCTORADO EN PEDAGOGÍA DEL SUJETO  
7814,6012000021,ESPECIALIDAD EN DIRECCIÓN Y COACHING EDUCATIVO   
7815,6012000022,ESPECIALIDAD EN DOCENCIA E INNOVACIÓN    
7816,6041000012,ESPECIALIDAD EN INTELIGENCIA DE NEGOCIOS   
7817,6011000014,ESPECIALIDAD EN INCLUSIÓN EDUCATIVA   
7818,7021500040,MAESTRÍA EN COMUNICACIÓN DIGITAL E HIPERMEDIA   
7819,6042300012,ESPECIALIDAD EN POLÍTICAS Y GESTIÓN PÚBLICA   
7820,8011000023,DOCTORADO EN DOCENCIA Y CAPACITACIÓN     
7821,6082100015,ESPECIALIDAD EN MEDICINA VETERINARIA Y ZOOTECNIA
7822,7072000031,MAESTRÍA EN CORROSIÓN Y GESTIÓN DE INTEGRIDAD   
7823,8093207002,DOCTORADO EN CIENCIAS ODONTOLÓGICAS BÁSICAS
7824,8093207003,DOCTORADO EN CIENCIAS ODONTOLÓGICAS CLÍNICAS
7825,7093207008,MAESTRÍA EN CIENCIAS ODONTOLÓGICAS BÁSICAS
7826,7093207009,MAESTRÍA EN CIENCIAS ODONTOLÓGICAS CLÍNICAS
7827,6095400004,ESPECIALIDAD EN FARMACIA INDUSTRIAL
7828,6095400005,ESPECIALIDAD EN FARMACIA INDUSTRIAL
7829,6095600008,ESPECIALIDAD EN SALUD EN EL TRABAJO
7830,6092208033,ESPECIALIDAD EN ENFERMERÍA EN SALUD EN EL TRABAJO
7831,6053200006,ESPECIALIZACIÓN EN ESTADÍSTICA APLICADA   
7832,6021000007,ESPECIALIZACIÓN EN HISTORIA DEL ARTE 
7833,7091345017,MAESTRÍA EN CIENCIAS (FÍSICA MÉDICA)   
7834,7071200046,MAESTRÍA EN INGENIERÍA (ENERGÍA) 
7835,7072400020,MAESTRÍA EN CIENCIAS EN INGENIERÍA METALÚRGICA Y MATERIALES   
7836,7051000011,MAESTRÍA EN CIENCIAS: GENÉTICA DE LA BIODIVERSIDAD   
7837,8021500003,DOCTORADO EN ARTES Y DISEÑO (CINE DOCUMENTAL)
7838,7062100037,MAESTRÍA EN CIENCIAS EN TELECOMUNICACIONES
7839,6041300026,ESPECIALIZACIÓN EN INSTITUCIONES ADMINISTRATIVAS DE FINANZAS PÚBLICAS
7840,8071200014,DOCTORADO EN INGENIERÍA ENERGÍA
7841,6031200016,ESPECIALIDAD EN DESARROLLO SOCIAL
7842,6051300011,ESPECIALIDAD EN ECONOMÍA AMBIENTAL Y ECOLÓGICA
7843,6031400005,ESPECIALIDAD EN ECONOMÍA APLICADA
7844,6031400006,ESPECIALIDAD EN ECONOMÍA MONETARIA Y FINANCIERA
7845,6031400007,ESPECIALIDAD EN GÉNERO EN LA ECONOMÍA
7846,6031400008,ESPECIALIDAD EN HISTORIA DEL PENSAMIENTO ECONÓMICO
7847,6031400009,ESPECIALIDAD EN HISTORIA ECONÓMICA
7848,6041300027,ESPECIALIDAD EN MICROFINANZAS
7849,6031400010,ESPECIALIDAD EN TEORÍA ECONÓMICA
7850,6082100016,ESPECIALIDAD EN DIAGNÓSTICO VETERINARIO (MICROBIOLOGÍA)
7851,6082100017,ESPECIALIDAD EN DIAGNÓSTICO VETERINARIO (PATOLOGÍA CLÍNICA)
7852,6082100018,ESPECIALIDAD EN MEDICINA Y CIRUGÍA VETERINARIAS (ÉQUIDOS)
7853,6082100019,ESPECIALIDAD EN MEDICINA Y CIRUGÍA VETERINARIAS (FAUNA SILVESTRE)
7854,6082100020,ESPECIALIDAD EN MEDICINA Y CIRUGÍA VETERINARIAS (PERROS Y GATOS)
7855,6082100021,ESPECIALIDAD EN MEDICINA Y CIRUGÍA VETERINARIAS ETOLOGÍA CLÍNICA
7856,7061100032,MAESTRIA EN CIENCIAS EN COMPUTACION AVANZADA Y ELECTRONICA 
7857,7042100333,"MAESTRÍA EN INNOVACIÓN Y CONPETITIVIDAD EN MICRO, PEQUEÑAS Y MEDIANAS EMPRESAS "
7858,7031000054,MAESTRÍA EN PROGRAMACIÓN EN NEUROLINGÜISTICA Y COACHING   
7859,7022100017,MAESTRÍA EN ESPIRITUALIDAD Y FORMACIÓN EN LAS VOCACIONES
7860,7022100018,MAESTRÍA EN TEOLOGÍA Y PSICODINÁMICA DE LA FAMILIA
7861,7021000029,MAESTRÍA EN ARTE SACRO
7862,6022100003,ESPECIALIDAD DE EDUCCIÓN EN LA FE Y PERSPECTIVAS PEDAGÓGICO-PASTORALES
7863,7033100362,MAESTRÍA Y DOCTORADO EN CIENCIA JURÍDICA 
7864,7051000012,MAESTRÍA EN CIENCIAS: ÁREA DE BIOTECNOLOGÍA VEGETAL O TOXICOLOGÍA 
7865,7031100255,MAESTRÍA EN INVESTIGACIÓN EN PSICOLOGÍA   
7866,7042000099,MAESTRÍA EN DIRECCIÓN Y LIDERAZGO EMPRESARIAL
7867,7033100363,MAESTRÍA EN LITIGACIÓN Y DERECHO PROCESAL  
7868,7073100108,MAESTRIA EN PLANEACIÓN REGIONAL Y URBANA   
7869,7041300062,MAESTRÍA EN DIRECCION E INNOVACION LEAN SIX SIGMA 4.0 
7870,8022500017,DOCTORADO EN CIENCIAS HISTÓRICAS     
7871,7081000008,MAESTRÍA EN CIENCIAS AGROFORESTALES   
7872,7031300105,LICENCIATURA EN POLITICA COMUNAL  
7873,7011000071,MAESTRIA EN EDUCACIÓN COMUNITARIA PARA EL BUEN VIVIR  
7874,7101000007,MAESTRIA EN RECREACIÓN COMUNAL  
7875,6091345022,ESPECIALIDAD EN ENFERMERIA OBSTETRICA   
7876,7033100364,MAESTRÍA EN JUICIOS ORALES (ENFOQUE CIVIL)
7877,7061300046,MAESTRÍA EN DISEÑO DE SOFTWARE
7878,6033100157,ESPECIALIDAD EN JUSTICIA ELECTORAL 
7879,7042000100,MAESTRIA EN GESTION DE PROYECTOS ESTRATEGICOS SOSTENIBLES 
7880,7093207010,MAESTRÍA EN CIENCIAS CLÍNICAS ODONTOLÓGICAS 
7881,8093207004,DOCTORADO EN CIENCIAS CLÍNICAS ODONTOLÓGICAS 
7882,8091345018,DOCTORADO EN CIENCIAS EN BIOMEDICINA  
7883,7071000047,MAESTRÍA EN INGENIERÍA WEB 
7884,7041200149,MAESTRÍA EN NEUROMERCADOTECNIA APLICADA   
7885,6073200011,ESPECIALIDAD EN CONSERVACIÓN Y RESTAURACIÓN DE BIENES INMUEBLES  
7886,7101000008,MAESTRÍA EN GESTIÓN DE LA CULTURA FÍSICA   
7887,7091345018,MAESTRÍA EN FORMACIÓN BIOMÉDICA  
7888,7011000072,MAESTRÍA EN COMPETENCIAS PARA LA FORMACIÓN DOCENTE 
7889,6091345023,ESPECIALIDAD EN EL MANEJO TERAPEÚTICO DE ENFERMOS TERMINALES
7890,6033100158,ESPECIALIZACIÓN EN DERECHOS HUMANOS  
7891,6012000023,ESPECIALIZACIÓN EN ESTRATEGIAS DE ENSEÑANZA-APRENDIZAJE DE LA HISTORIA PARA LA EDUCACIÓN BÁSICA     
7892,7021600036,MAESTRÍA EN DISEÑO DE ESPACIOS INTERIORES 
7893,7031000055,MAESTRÍA EN DERECHO CORPORATIVO Y DESARROLLO EMPRESARIAL   
7894,8042100042,DOCTORADO EN CIENCIAS EMPRESARIALES  
7895,7042000101,MAESTRÍA EN GESTIÓN DE EVENTOS Y PROTOCOLO INSTITUCIONAL   
7896,7033100365,MAESTRÍA EN SISTEMA INTEGRAL DE JUSTICIA PENAL 
7897,7031000056,MAESTRÍA EN DESARROLLO ESTRATÉGICO ORGANIZACIONAL   
7898,7021500041,MAESTRÍA EN DISEÑO ESTRATÉGICO E INNOVACIÓN SOCIAL   
7899,6012400004,ESPECIALIDAD EN FUNDAMENTOS PARA LA PRÁCTICA DE ENSEÑANZA EN EDUCACIÓN MEDIA SUPERIOR     
7900,6094000004,ESPECIALIDAD EN ALTERNATIVAS TERAPÉUTICAS    
7901,6101300005,ESPECIALIDAD EN ESTÉTICA FACIAL Y CORPORAL   
7902,7062000016,MAESTRÍA EN ADMINISTRACIÓN DE REDES Y TELECOMUNICACIONES 
7903,7033100366,MAESTRÍA EN AUDITORÍA Y CALIDAD AMBIENTAL 
7904,7082100014,MAESTRÍA EN CIENCIAS EN SANIDAD Y PRODUCCIÓN ANIMAL   
7905,7042100334,MAESTRÍA EN GESTIÓN ESTRATÉGICA EMPRESARIAL   
7906,7042000102,MAESTRÍA EN ADMINISTRACIÓN CON ÉNFASIS EN RELACIONES INDUSTRIALES  
7907,7041300063,MAESTRÍA EN ADMINISTRACIÓN CON ÉNFASIS EN FINANZAS   
7908,7041000027,MAESTRÍA EN ADMINISTRACIÓN CON ÉNFASIS EN INVESTIGACIÓN DE OPERACIONES  
7909,7042000103,MAESTRÍA EN ADMINISTRACIÓN CON ÉNFASIS EN PRODUCCIÓN Y CALIDAD  
7910,7041200150,MAESTRÍA EN MERCADOTECNIA Y COMERCIALIZACIÓN ESTRATÉGICA 
7911,7031000057,MAESTRÍA EN DESARROLLO SOCIAL Y CULTURAL  
7912,7033200058,MAESTRÍA EN CRIMINOLOGÍA CON ENFOQUE EN PREVENCIÓN   
7913,7071000048,MAESTRÍA EN GEOLOGÍA DEL PETROLEO 
7914,8033100060,DOCTORADO EN CIENCIA JURÍDICA  
7915,7022600034,MAESTRÍA EN FÍLOSOFIA TEÓRICA Y PRÁCTICA   
7916,7042000104,MAESTRIA EN DIRECCION Y GESTIÓN DE NEGOCIOS INTERNACIONALES 
7917,7051300084,"MAESTRIA EN CONSERVACIÓN , FAUNA SILVESTRE Y SUSTENTABILIDAD "
7918,7033100367,MAESTRÍA EN DERECHO Y JUICIOS ORALES
7919,7031100256,MAESTRÍA EN PSICOTERAPIA ANALÍTICA DE GRUPO
7920,6051300012,"ESPECIALIDAD EN CONSERVACIÓN, FAUNA SILVESTRE Y SUSTENTABILIDAD  "
7921,8051300035,"DOCTORADO EN CONSERVACIÓN, FAUNA SILVESTRE Y SUSTENTABILIDAD "
7922,7041100105,MAESTRIA EN ADMINISTRACIÓN DE NEGOCIOS CON ORIENTACIÓN EN COMERCIO INTERNACIONAL   
7923,8042000017,DOCTORADO EN ADMINISTRACIÓN Y GESTIÓN DE SERVICIOS DE SALUD
7924,6042000014,ESPECIALIDAD EN ADMINISTRACIÓN Y GESTIÓN DE SERVICIOS DE SALUD 
7925,7031000058,MAESTRÍA EN DERECHO FISCAL Y FINANZAS PÚBLICAS  
7926,6093201006,ESPECIALIDAD EN PATOLOGÍA ORAL Y MAXILOFACIAL  
7927,6093207009,ESPECIALIDAD EN MATERIALES DENTALES Y BIOMATERIALES  
7928,6093207010,ESPECIALIDAD EN REHABILITACIÓN BUCAL E IMPLANTOLOGÍA    
7929,6093207011,ESPECIALIDAD EN PERIODONCIA E IMPLANTOLOGÍA ORAL         
7930,7041100106,MAESTRÍA EN ADMINISTRACIÓN DE NEGOCIOS EN EL ÁREA DE LOGÍSTICA 
7931,7041100107,MAESTRÍA EN ADMINISTRACIÓN DE NEGOCIOS EN EL ÁREA DE NEGOCIOS INTERNACIONALES 
7932,7041200151,MAESTRÍA EN ADMINISTRACIÓN DE NEGOCIOS EN EL ÁREA DE MERCADOTECNIA 
7933,7042500156,MAESTRÍA EN ADMINISTRACIÓN DE NEGOCIOS EN EL ÁREA DE DIRECCIÓN DE SERVICIOS DE SALUD 
7934,7042200049,MAESTRÍA EN ADMINISTRACIÓN DE NEGOCIOS EN EL ÁREA DE DIRECCIÓN DE SERVICIOS TURÍSTICOS  
7935,7042100335,MAESTRÍA EN ADMINISTRACIÓN DE NEGOCIOS EN EL ÁREA DE EMPRESA SOCIAL 
7936,7042500157,MAESTRÍA EN ADMINISTRACIÓN CON ÉNFASIS EN SISTEMAS 
7937,8033100061,DOCTORADO EN DERECHO CIVIL CON JUICIO ORAL  
7938,7033200059,MAESTRÍA EN CIENCIAS DEL DERECCHO Y LA CRIMINALISTICA 
7939,6042000015,ESPECIALIDAD EN GESTIÓN DE PROYECTOS DE AUTOMATIZACIÓN 
7940,7012500038,MAESTRIA  EN DOCENCIA UNIVERSITARIA 
7941,7095000020,MAESTRIA EN GESTION DE LA CALIDAD DE LOS SERVICIOS DE SALUD 
7942,7095000021,MAESTRIA EN GESTION DE SERVICIOS DE ATENCION PRIMARIA A LA SALUD
7943,7071000049,MAESTRIA EN INFRAESTRUCTURA E INGENIERIA CIVIL 
7944,7072400021,MAESTRIA EN INGENIERIA EN MINAS
7945,7051000013,MAESTRIA EN CAMBIO CLIMATICO 
7946,7042100336,MAESTRIA EN DIRECCION ESTRATEGICA EN EMPRESAS FAMILIARES 
7947,7042000105,MAESTRIA EN CONSULTORIA Y DESARROLLO ORGANIZACIONAL
7948,7095000022,MAESTRIA EN PROMOCION DE LA SALUD Y SALUD COMUNITARIA 
7949,8091345019,DOCOTORADO EN CIENCIAS DE LA NUTRICION 
7950,7031000059,MAESTRÍA EN EQUIDAD DE GÉNERO Y EDUCACIÓN SEXUAL 
7951,7091345019,MAESTRÍA EN PEDAGOGÍA HUMANISTA   
7952,7073100109,MAESTRÍA INTERDISCIPLINARIA EN CIUDADES SOSTENIBLES
7953,7011500030,MAESTRÍA INTERDISCIPLINAR EN ESTUDIOS DE PAZ   
7954,7011000073,MAESTRÍA EN EDUCACIÓN CON ENFOQUE DE ADMINISTRACIÓN DE INSTITUCIONES EDUCATIVAS 
7955,7033200060,MAESTRÍA EN CRIMINOLOGÍA CON ÉNFASIS EN SEGURIDAD HUMANA 
7956,7062000017,MAESTRÍA EN CIENCIAS TECNOLÓGICAS 
7957,8051300036,DOCTORADO EN CIENCIAS EN ESTUDIOS AMBIENTALES Y DE LA SUSTENTABILIDAD
7958,8042000018,DOCTORADO EN CIENCIAS ADMINISTRATIVAS DBA   
7959,6011000015,ESPECIALIDAD EN DIDÁCTICA CRITICA 
7960,7011000074,"MAESTRÍA EN EDUCACIÓN CON ORIENTACIÓN EN COMPETENCIAS, DIRECCIÓN Y GESTIÓN DE INSTITUCIONES EDUCATIVAS Y NUEVAS TECNOLOGÍAS"
7961,7101000009,MAESTRÍA EN ALTA GERENCIA PARA EL DEPORTE Y LA RECREACIÓN 
7962,7071000050,MAESTRÍA EN INGENIERÍA EN INTERNET DE LAS COSAS E INTELIGENCIA ARTIFICIAL 
7963,7041000028,MAESTRÍA EN MARKETING Y MERCADOS DE CONSUMO  
7964,7041000029,"MAESTRÍA EN ADUANAS, LOGISTICA Y NEGOCIOS INTERNACIONALES   "
7965,7042300073,MAESTRÍA EN PERSPECTIVA DE GÉNERO APLICADA A LOS PROCESOS JURÍDICOS Y DE GESTIÓN PÚBLICA 
7966,7011500031,MAESTRÍA EN TENDENCIAS GLOBALES EN EDUCACIÓN DISRUPTIVA E INNOVACIÓN
7967,6092208034,ESPECIALIDAD DE ENFERMERÍA EN GINECOLOGÍA Y OBSTETRICIA 
7968,7101000010,MAESTRÍA EN KINESIOLOGÍA DEPORTIVA
7969,7062000018,MAESTRÍA EN CIENCIA Y TECNOLOGÍA CON ESPECIALIDAD EN INGENIERÍA ÓPTICA Y TECNOLOGÍA DE LÁSERES
7970,8071000022,DOCTORADO EN CIENCIA Y TECNOLOGÍA EN MECATRÓNICA Y DISEÑO MECÁNICO 
7971,6031000012,ESPECIALIDAD EN PROTECCIÓN DE DATOS   
7972,6012000024,ESPECIALIDAD EN DOCENCIA Y TUTORÍA VIRTUAL  
7973,7092208007,MAESTRIA EN COMPETENCIAS GERENCIALES EN ENFERMERÍA 
7974,7051000014,MAESTRÍA EN 
7975,7051300085,MAESTRÍA EN CAMBIO CLIMÁTICO Y BIODIVERSIDAD
7976,7051000015,"MAESTRÍA EN AMBIENTES, SISTEMAS Y GESTIÓN DE EDUCACIÓN MULTIMODAL"
7977,6031000013,ESPECIALIDAD EN AUDITORIA    
7978,6094200010,ESPECIALIDAD EN NUTRICION Y DIETETICA APLICADA    
7979,7073200045,"MAESTRÍA EN ARQUITECTURA, CONSTRUCCIÓN Y PLANEACIÓN SUSTENTABLE  "
7980,7031100257,MAESTRÍA EN PSICOPATOLOGÍA FORENSE
7981,8033100062,DOCTORADO EN DERECHO CONSTITUCIONAL Y AMPARO 
7982,8051000009,DOCTORADO EN POLÍTICAS AMBIENTALES Y GOBERNANZA 
7983,8033100063,DOCTORADO EN POLÍTICAS PÚBLICAS PARA EL SECTOR SALUD   
7984,8033100064,"DOCTORADO EN POLÍTICAS PÚBLICAS, GOBIERNO LOCAL Y DESARROLLO  "
7985,7062000019,"MAESTRÍA EN ACCESO A LA INFORMACIÓN, TRANSPARENCIA Y COMBATE A LA CORRUPCIÓN   "
7986,7042100337,MAESTRÍA EN CALIDAD Y GESTIÓN EMPRESARIAL    
7987,7033100368,MAESTRÍA EN DEFENSA JURÍDICA Y DERECHOS HUMANOS   
7988,7051000016,MAESTRÍA EN GESTIÓN Y EVALUACIÓN AMBIENTAL   
7989,7052300030,MAESTRÍA EN CIENCIAS DE INFORMACIÓN GEOESPACIAL
7990,8052300019,DOCTORADO EN CIENCIAS DE INFORMACIÓN GEOESPACIAL
7991,6042100095,ESPECIALIDAD EN DISEÑO DEL MAÑANA: ESCENARIOS Y ESTRATEGIAS
7992,6091335009,"ESPECIALIDAD EN ÓRBITA, PÁRPADOS Y VÍA LAGRIMAL  "
7993,7012000093,MAESTRÍA EN EDUCACIÓN DE ADULTOS   
7994,7021000030,MAESTRÍA EN PRODUCCIÓN Y TEORÍA DE LAS ARTES VISUALES
7995,7041000030,MAESTRÍA EN ANALÍTICA DE NEGOCIOS 
7996,7033100369,MAESTRÍA EN DERECHO CONSTITUCIONAL Y SISTEMAS PROCESALES 
7997,7042300074,MAESTRÍA EN ADMINISTRACIÓN PÚBLICA Y GESTIÓN DE GOBIERNO 
7998,7071700028,MAESTRÍA EN INGENIERÍA INDUSTRIAL Y GESTIÓN DE LA CALIDAD
7999,7011400054,MAESTRÍA EN EDUCACIÓN A DISTANCIA   
8000,7042100338,MAESTRÍA EN INNOVACIÓN PARA EL DESARROLLO EMPRESARIAL   
8001,6093207012,ESPECIALIDAD EN IMPLANTOLOGÍA Y REHABILITACIÓN BUCAL   
8002,7031500070,MAESTRÍA EN DERECHO SOCIAL     
8003,8051300037,DOCTORADO EN RECURSOS NATURALES Y ECOLOGÍA   
8004,7042300075,MAESTRÍA EN GOBIERNO Y GESTIÓN PÚBLICA    
8005,7042000106,MAESTRÍA EN ECONOMÍA SOCIAL   
8006,7071000051,MAESTRÍA EN CIENCIAS E INGENIERÍAS  
8007,7062000020,MAESTRÍA EN TECNOLOGÍAS DE INFORMACIÓN EMERGENTES APLICADAS A LA EDUCACIÓN 
8008,7022600035,MAESTRÍA INTERDISCIPLINARIA EN FILOSOFÍA Y HUMANIDADES
8009,7021400041,MAESTRÍA EN PLANEACIÓN Y TÁCTICAS DE MEDIOS
8010,6031100088,ESPECIALIDAD EN PSICOLOGÍA FORENSE
8011,8031100044,DOCTORADO EN NEURODERECHO Y PSICOPATOLOGÍA FORENSE
8012,6033200021,ESPECIALIDAD EN DOCUMENTOSCOPÍA Y GRAFOSCOPÍA 
8013,7011000075,MAESTRÍA EN TECNOPEDAGOGÍA Y EDUCACIÓN VIRTUAL 
8014,8101600001,DOCTORADO INTERNACIONAL EN TURISMO 
8015,7033100370,MAESTRÍA EN JUSTICIA INTERNACIONAL
8016,7011000076,MAESTRÍA EN DESARROLLO DE LA SUBJETIVIDAD 
8017,6033200022,ESPECIALIDAD EN VICTIMOLOGÍA
8018,7071000052,MAESTRÍA EN INGENIERÍA PARA LA SOSTENIBILIDAD ENERGÉTICA   
8019,8011000024, DOCTORADO EN CIENCIAS PARA LA SOSTENIBILIDAD E INTERCULTURALIDAD 
8020,7053200012,MAESTRÍA EN CONTROL AUTOMÁTICO Y SISTEMAS DINÁMICOS 
8021,7021500042,MAESTRÍA EN CIENCIAS EN DISEÑO E INNOVACIÓN DE PRODUCTO 
8022,6011000016,ESPECIALIDAD DE GÉNERO E INTERCULTURALIDAD 
8023,7012000094,MAESTRÍA EN DOCENCIA EN ARTES 
8024,7011000077,MAESTRÍA EN PEDAGOGÍA Y GESTIÓN EDUCATIVA 
8025,8011100025,DOCTORADO EN EDUCACIÓN Y DESARROLLO CURRICULAR 
8026,7011000078,"MAESTRÍA DE INCLUSIÓN SOCIAL, GÉNERO Y DERECHOS HUMANOS "
8027,8012000010,DOCTORADO EN EDUCACIÓN Y DOCENCIA   
8028,7052000005,MAESTRÍA EN GEOGRAFÍA Y GESTIÓN TERRITORIAL 
8029,6042000016,ESPECIALIDAD EN ADMINISTRACIÓN Y OPERACIÓN ADUANERA INTERNACIONAL   
8030,7041000031,MAESTRÍA EN DIRECCIÓN DE NEGOCIOS INTERNACIONALES Y GESTIÓN ADUANERA PORTUARIA    
8031,7042000107,"MAESTRÍA EN LOGÍSTICA ADUANERA, MARÍTIMA Y PORTUARIA  "
8032,7033100371,MAESTRÍA EN DERECHO ADUANERO Y COMERCIO EXTERIOR   
8033,8031000018,"DOCTORADO EN CIENCIA, TECNOLOGIA Y CULTURA  "
8034,7071000053,MAESTRÍA EN INGENIERÍA Y TECNOLOGÍA  
8035,7042100339,MAESTRÍA EN INNOVACIÓN COMPETITIVIDAD EMPRESARIAL  
8036,6021000008,ESPECIALIDAD EN INNOVACIÓN
8037,6033100159,"ESPECIALIDAD EN LÓGICA, ARGUMENTACIÓN JURÍDICA Y ÉTICA EN LA PROCURACIÓN DE JUSTICIA "
8038,7011400055,MAESTRÍA EN ALTAS CAPACIDADES Y EDUCACIÓN INCLUSIVA
8039,6091342020,ESPECIALIDAD EN IMAGENOLOGÍA PEDIÁTRICA
8040,6091340011,ESPECIALIDAD EN CIRUGÍA LAPAROSCÓPICA PEDIÁTRICA
8041,7051200036,MAESTRIA EN CIENCIAS CON ESPECIALIDAD EN BIOTECNOLOGIA GENOMICA   
8042,7011300055,MAESTRÍA EN EDUCACIÓN CON ORIENTACIÓN EN INTERVENCIÓN EDUCATIVA  
8043,8022500018,DOCTORADO EN HISTORIA APLICADA
8044,7051300086,MAESTRÍA EN ECONOMÍA AMBIENTAL
8045,7033100372,MAESTRÍA EN MÉTODOS PARA EL ANÁLISIS DE POLÍTICAS PÚBLICAS
8046,7022500033,MAESTRÍA EN HISTORIA INTERNACIONAL
8047,6092100005,PROGRAMA ÚNICO DE ESPECIALIDADES EN ENFERMERÍA
8048,6031300027,PROGRAMA ÚNICO DE ESPECIALIDADES EN CIENCIAS POLÍTICAS Y SOCIALES
8049,6042000017,PROGRAMA ÚNICO DE ESPECIALIDADES EN CIENCIAS DE LA ADMINISTRACIÓN
8050,6093100003,PROGRAMA DE ESPECIALIZACIONES EN ODONTOLOGÍA
8051,7042100340,MAESTRÍA EN GESTIÓN EMPRESARIAL Y EMPRENDIMIENTO 
8052,7011200113,MAESTRÍA EN ALTA DIRECCIÓN EDUCATIVA Y SUPERVICIÓN ESCOLAR
8053,7081100090,MAESTRÍA EN CIENCIAS EN RECURSOS FITOGENÉRICOS POTENCIALES PARA LA AGRICULTURA
8054,7031500071,"MAESTRÍA EN ESTUDIOS SOCIALES: TRABAJO, REGULACIÓN LABORAL Y ORGANIZACIÓN "
8055,6041100052,ESPECIALIDAD EN PROTOCOLO Y DESARROLLO DE NEGOCIOS EN MERCADOS EMERGENTES 
8056,7042100341,MAESTRÍA EN GESTIÓN DE LAS PEQUEÑAS Y MEDIANAS EMPRESAS  
8057,7042000108,MAESTRÍA EN GESTIÓN CORPORATIVA 
8058,7012000095,MAESTRÍA EN PROFESIONALIZACIÓN DE LA DOCENCIA EN EDUCACIÓN MEDIA SUPERIOR Y SUPERIOR
8059,8041100002,DOCTORADO EN ADMINISTRACIÓN DE NEGOCIOS SOSTENIBLES
8060,8051300038,DOCTORADO EN ENERGÍAS RENOVABLES 
8061,8012604004,DOCTORADO IBEROAMERICANO EN INVESTIGACIÓN Y DOCENCIA
8062,8061000003,DOCTORADO IBEROAMERICANO EN PROYECTOS
8063,6011500012,ESPECIALIDAD EN ISO 21001
8064,7011200114,MAESRTÍA EN SISTEMAS DE GESTÍON PARA ORGANIZACIONES EDUCATIVAS
8065,7042000109,MAESRTÍA EN ADMINISTRACIÓN Y GESTIÓN DE INFORMACIÓN DIGITAL
8066,7033100373,MAESTRÍA EN DERECHO ORAL FAMILIAR 
8067,7011500032,MAESTRÍA EN SISTEMAS DE GESTÍON PARA ORGANIZACIONES EDUCATIVAS
8068,7042000110,MAESTRÍA EN ADMINISTRACIÓN Y GESTIÓN DE INFORMACIÓN DIGITAL 
8069,7042000111,MAESTRÍA EN GESTIÓN Y EMPRENDIMIENTO CULTURAL
8070,7041100108,MAESTRÍA EN INTELIGENCIA COMERCIAL INTERNACIONAL
8071,8095000006,DOCTORADO EN CIENCIAS PARA LA ACTIVIDAD FÍSICA DE LA SALUD 
8072,8051300039,DOCTORADO EN EDUCACIÓN AMBIENTAL
8073,8051300040,DOCTORADO EN ECOTURISMO Y TURISMO SOSTENIBLE 
8074,8051300041,DOCTORADO EN PAISAJE Y AMBIENTE 
8075,7021500043,"MAESTRÍA EN DISEÑO, CREACIÓN, PRODUCCIÓN Y GESTIÓN DE PROYECTOS AUDIOVISUALES"
8076,7051300087,"MAESTRÍA EN EFICIENCIA ENERGÉTICA, CAMBIO CLIMÁTICO Y SOSTENIBILIDAD "
8077,7051300088,MAESTRÍA EN GESTIÓN DE PROYECTOS AMBIENTALES
8078,7104100025,"MAESTRÍA EN SEGURIDAD, DEFENSA Y GEOESTRATEGIA"
8079,7042200050,MAESTRÍA EN SOSTENIBILIDAD TURISTICA Y ECOTURISMO
8080,7012601019,MAESTRÍA EN EDUCACIÓN FÍSICA Y DIRECCIÓN DE CENTROS DEPORTIVOS
8081,7033100374,MAESTRÍA EN JUICIOS ORALES EN EL SISTEMA ACUSATORIO
8082,6011500013,ESPECIALIDAD EN EDUCACIÒN POR COMPETENCIAS
8083,8095000007,DOCTORADO EN CIENCIAS DE LA ACTIVIDAD FISICA PARA LA SALUD 
8084,7073100110,"MAESTRÍA EN HÁBITAT, URBANISMO Y EDIFICACIÓN SOTENIBLE"
8085,6092100006,PROFESIONALIZACIÓN PARA LA LICENCIATURA EN ENFERMERÍA
8086,8071000023,DOCTORADO EN INVESTIGACIÓN APLICADA A LA INDUSTRIA
8087,7022200023,MAESTRÍA EN ENSEÑANZA DEL INGLÉS COMO LENGUA ADICIONAL AL ESPAÑOL
8088,8062200012,DOCTORADO EN SISTEMAS DE INFORMACIÓN
8089,7021600037,MAESTRÍA EN MODA Y DISEÑO
8090,7062200075,MAESTRÍA EN SEGURIDAD INFORMÁTICA Y GESTIÓN DE LAS TECNOLOGÍAS DE LA INFORMACIÓN
8091,7011200115,MAESTRÍA EN ALTA DIRECCIÓN DE INSTITUCIONES EDUCATIVAS
8092,7012100008,MAESTRÍA EN EDUCACIÓN INICIAL
8093,8011500024,DOCTORADO EN EDUCACIÓN Y COMUNICACIÓN SOCIAL
8094,8012604005,DOCTORADO EN ENSEÑANZA DE LAS MATEMÁTICAS
8095,8012601003,DOCTORADO EN EDUCACIÓN FÍSICA Y ACTIVIDAD DEPORTIVA
8096,7012603020,MAESTRÍA EN LA ENSEÑANZA DEL ESPAÑOL Y LITERATURA
8097,7012601020,MAESTRÍA EN ENTRENAMIENTO DEPORTIVO CON ENFÁSIS EN FÚTBOL
8098,7073100111,MAESTRÍA EN URBANISMO Y ARQUITECTURA DEL PAISAJE
8099,7073200046,MAESTRÍA EN GESTIÓN Y CONSTRUCCIÓN DE LA IMAGEN PÚBLICA
8100,8011000025,DOCTORADO EN AMBIENTES Y SISTEMAS EDUCATIVOS MULTIMODALES
8101,6041400028,ESPECIALIDAD EN CONTABILIDAD E IMPUESTOS
8102,7011400056,MAESTRÍA EN EDUCACIÓN Y TECNOLOGÍA
8103,7042000112,MAESTRÍA EN INNOVACIÓN PARA LA GESTIÓN EMPRESARIAL
8104,7022200024,MAESTRÍA EN INNOVACIÓN Y DIDÁCTICA DEL INGLÉS
8105,7095600061,MAESTRÍA EN SALUD COMUNITARIA 
8106,7033200061,MAESTRÍA EN LITIGACIÓN ORAL PENAL Y CRIMINALÍSTICA
8107,8042100043,DOCTORADO EN DIRECCIÓN E INNOVACIÓN 
8108,7011100075,MAESTRÍA EN PEDAGOGÍA DE LA CULTURA FÍSICA Y EL DEPORTE
8109,7041100109,MAESTRÍA EN INNOVACIÓN Y NEGOCIOS 
8110,7033200062,MAESTRÍA EN CIENCIAS FORENSES EN EL SISTEMA DE JUSTICIA PENAL
8111,7042000113,MAESTRÍA EN ADMINISTRACIÓN Y FINANZAS CORPORATIVAS
8112,7042500158,MAESTRÍA EN ADMINISTRACIÓN DE RECURSOS HUMANOS Y DESARROLLO ORGANIZACIONAL
8113,7071000054,MAESTRÍA EN INGENIERÍA PARA LA CALIDAD  
8114,7031300106,MAESTRÍA DE LA JURISDICCIÓN CONSTITUCIONAL 
8115,7042500159,MAESTRÍA EN ADMINISTRACIÓN DEPORTIVA EN CENTROS ESCOLARES
8116,7033100375,MAESTRÍA EN DERECHO DE LA FUNCIÓN JUDICIAL
8117,6051000003,ESPECIALIDAD EN MICROBIOLOGÍA 
8118,7042500160,MAESTRÍA DE ADMINISTRACIÓN DE HOSPITALES
8119,7041300064,MAESTRÍA DE VALUACIÓN DE BIENES E INMUEBLES
8120,7031500072,MAESTRÍA EN DESARROLLO COMUNITARIO  E INTERCULTURALIDAD 
8121,7042000114,MAESTRÍA EN LIDERAZGO CREATIVO
8122,6042000018,ESPECIALIDAD EN LIDERAZGO CREATIVO
8123,6032100018,ESPECIALIDAD EN COMUNICACIÓN Y PERIODISMO
8124,6062100010,ESPECIALIDAD EN COMUNICACIÓN DIGITAL
8125,8042100044, DOCTORADO EN ADMINISTRACIÓN Y DESARROLLO 
8126,6101500019, ESPECIALIDAD EN ALTA DIRECCIÓN OPERATIVA EN NEGOCIOS GASTRONÓMICOS Y ALIMENTARIOS
8127,6022000004,ESPECIALIDAD EN DIRECCIÓN DEL FACTOR HUMANO
8128,6102100006,ESPECIALIDAD EN DIRECCIÓN LOGÍSTICA GLOBAL
8129,6041400029,ESPECIALIDAD EN FISCALIZACIÓN DE IMPUESTOS EN MÉXICO
8130,7041300065,MAESTRIA DE VALUACION DE BIENES MUEBLES E INMUEBLES
8131,7071700029,MAESTRIA EN SISTEMAS INDUSTRIALES SUSTENTABLES
8132,6041100053,ESPECIALIDAD EN COMERCIO EXTERIOR Y DERECHO ADUANERO
8133,7031500073,MAESTRÍA EN 
8134,8011200052,DOCTORADO EN EDUCACIÓN Y LIDERAZGO DE INSTITUCIONES
8135,7031500074,MAESTRÍA EN TRABAJO SOCIAL HUMANISTA PROFESIONALIZANTE
8136,7031100258,MAESTRÍA EN PSICOLOGÍA CLÍNICA INFANTIL 
8137,8041100003,DOCTORADO EN VALUACIÓN DE BIENES PATRIMONIALES
8138,6041100054,ESPECIALIDAD EN VALUACIÓN INMOBILIARIA E INDUSTRIAL
8139,7042100342,MAESTRÍA EN GESTIÓN DE CAPITAL HUMANO
8140,6041000013,ESPECIALIDAD EN SOSTENIBILIDAD CORPORATIVA
8141,7101100028,MAESTRÍA EN COMUNICACIÓN DEPORTIVA CON ORIENTACIÓN EN MERCADOTECNIA DEPORTIVA
8142,7094100015,MAESTRÍA EN TERAPIA FÍSICA Y READAPTACIÓN DEPORTIVA
8143,7041300066,MAESTRÍA EN FORMULACIÓN Y EVALUACIÓN DE PROYECTOS
8144,7012000096,MAESTRÍA EN DOCENCIA Y CAPACITACIÓN
8145,6041100055,ESPECIALIDAD EN BIENES RAÍCES 
8146,6061100003,ESPECIALIDAD EN CIENCIA Y TECNOLOGÍA DE DATOS
8147,6022400002,ESPECIALIDAD EN CORRECCIÓN DE ESTILO LIGÜÍSTICO
8148,6041200048,ESPECIALIDAD EN DIRECCIÓN DE MERCADOTECNIA
8149,6011200021,ESPECIALIDAD EN DOCENCIA E INNOVACIÓN DIGITAL
8150,6041200049,ESPECIALIDAD EN IMAGEN PÚBLICA
8151,6041200050,ESPECIALIDAD EN ESPECIALIDAD EN INTELIGENCIA DE MERCADOS Y TENDENCIAS DE CONSUMO
8152,7042100343,MAESTRÍA EN ADMINISTRACIÓN DE LA CADENA DE SUMINISTROS
8153,7053200013,MAESTRÍA EN ANÁLISIS E INTERPRETACIÓN DE DATOS DIGITALES
8154,7021500044,MAESTRÍA EN ANIMACIÓN DIGITAL
8155,7041200152,MAESTRÍA EN CONSULTORÍA Y MERCADOTECNIA POLÍTICA
8156,7042100344,MAESTRÍA EN DIRECCIÓN ESTRATÉGICA E INNOVACIÓN DE OPERACIONES
8157,7012604078,MAESTRÍA EN DOCENCIA E INTERVENCIÓN PEDAGÓGICA Y APRENDIZAJE ESCOLAR
8158,7022600036,"MAESTRÍA EN FILOSOFÍA, ARTE Y CULTURA DE MÉXICO"
8159,7042100345,MAESTRÍA EN GESTIÓN Y LIDERAZGO EMPRESARIAL
8160,7062200076,MAESTRÍA EN GESTIÓN DE LA COMUNICACIÓN EN ENTORNOS DIGITALES
8161,7022500034,MAESTRÍA EN HISTORIA DE LATINOAMÉRICA
8162,7041200153,MAESTRÍA EN IMAGEN PÚBLICA
8163,7071600030,MAESTRÍA EN INGENIERÍA EN ECOLOGÍA URBANA
8164,7042100346,MAESTRÍA EN LIDERAZGO EN INNOVACIÓN DE SERVICIOS
8165,7042100347,MAESTRÍA EN LIDERAZGO EN ORGANIZACIONES INTELIGENTES
8166,7041100110,MAESTRÍA EN LOGÍSTICA Y COMERCIO EN ENTORNOS DIGITALES
8167,7041200154,MAESTRÍA EN MERCADOTECNIA DIGITAL Y VENTAS
8168,7031200086,MAESTRÍA EN SOCIOLOGÍA DE CULTURAS LATINOAMERICANAS
8169,8042100045,DOCTORADO EN INNOVACIÓN
8170,6033100160,ESPECIALIDAD EN DERECHOS DE LAS PERSONAS DEFENSORAS DE DERECHOS HUMANOS Y PERIODISTAS
8171,7031000060,MAESTRÍA EN INVESTIGACIÓN SOCIAL
8172,7031000061,MAESTRÍA EN CIENCIAS SOCIALES PARA EL DESARROLLO INTERDISCIPLINARIO
8173,6031300028,ESPECIALIDAD EN DERECHOS DE LAS PERSONAS MIGRANTES Y REFUGIADAS 
8174,7011400057,MAESTRÍA EN INNOVACIÓN TECNOLÓGICA EDUCATIVA
8175,7011000079,MAESTRÍA EN EDUCACIÓN CON ÉNFASIS EN ATENCIÓN A LA DIVERSIDAD
8176,7101100029,MAESTRÍA EN COMUNICACIÓN DEPORTIVA CON ORIENTACIÓN EN PERIODISMO DEPORTIVO
8177,7051100029,MAESTRÍA EN ESTUDIO BIOLÓGICO DE LA CONDUCTA
8178,7031100259,MAESTRÍA EN PSICOTERAPIA PSICOANALÍTICA DE NIÑOS
8179,6022400003,ESPECIALIDAD EN CORRECCIÓN DE ESTILO LINGÜÍSTICO
8180,6041200051,ESPECIALIDAD EN INTELIGENCIA DE MERCADOS Y TENDENCIAS DE CONSUMO
8181,7042100348,MAESTRÍA EN ALTA DIRECCIÓN Y SUPERVISIÓN EDUCATIVA
8182,6022600011,ESPECIALIDAD EN MEDIACIÓN CIUDADANA 
8183,7101100030,MAESTRÍA EN PSICOLOGÍA DE LA ACTIVIDAD FÍSICA Y DEPORTE
8184,7101100031,MAESTRÍA EN ENTRENAMIENTO Y ALIMENTACIÓN APLICADO AL FITNESS
8185,7094100016,MAESTRÍA EN REHABILITACIÓN Y READAPTACIÓN DEPORTIVA
8186,7051100030,MAESTRÍA EN FISIOLOGÍA DE EJERCICIO
8187,7101100032,MAESTRÍA EN ENTRENAMIENTO EN DEPORTE ADAPTADO
8188,7042500161,MAESTRÍA EN DIRECCIÓN Y GESTIÓN DEPORTIVA
8189,7011100076,MAESTRÍA EN GESTIÓN PARA EL AUTOAPRENDIZAJE
8190,7041300067,MAESTRÍA EJECUTIVA EN FINANZAS CORPORATIVAS
8191,8094200005,"DOCTORADO EN NUTRICIÓN CON TERMINALES EN: NUTRICIÓN DEPORTIVA, GERIÁTRICA, NUTRICIÓN EN SALUD PÚBLICA, NUTRIGENÓMICA Y NUTRICIÓN DE PRECISIÓN"
8192,7033100376,MAESTRÍA EN DERECHO INDÍGENA
8193,8071600010,DOCTORADO EN CIENCIAS DE LA SUSTENTABILIDAD
8194,6033100161,ESPECIALIDAD EN MEDIOS ALTERNOS DE SOLUCIÓN DE CONFLICTOS  Y JUSTICIA RESTAURATIVA
8195,7033100377,MAESTRÍA EN EL SISTEMA DE JUSTICIA PENAL ACUSATORIO ADVERSARIAL Y ORAL
8196,7031100260,MAESTRÍA EN PSICOLOGÍA Y ORIENTACIÓN ESCOLAR
8197,7042400052,MAESTRÍA EN INGENIERÍA Y ADMINISTRACIÓN DE NEGOCIOS PETROLEROS
8198,6042100096,ESPECIALIDAD GESTIÓN DE CADENAS PRODUCTIVAS
8199,7021400042,MAESTRÍA EN MODELADO Y ANIMACIÓN 3D
8200,7021500045,MAESTRÍA EN DESARROLLO Y PROGRAMACIÓN DE VIDEOJUEGOS 
8201,7021500046,MAESTRÍA EN ARTE CONCEPTUAL Y GUIÓN GRÁFICO 
8202,7101300005,MAESTRÍA EN DISEÑO DE CALZADO Y COMPLEMENTOS
8203,7021500047,MAESTRÍA EN FOTOGRAFÍA PARA MODA Y PUBLICIDAD
8204,7021400043,MAESTRÍA EN PRODUCCIÓN DE EFECTOS VISUALES 
8205,6033200023,ESPECIALIDAD EN CRIMINOLOGÍA CORPORATIVA
8206,7031000062,MAESTRÍA EN INCLUSIÓN SOCIAL Y GÉNERO
8207,8011200053,DOCTORADO EN FORMACIÓN EMPRESARIAL Y EDUCATIVA
8208,7062200077,MAESTRÍA EN GESTIÓN ESTRATÉGICA DE TECNOLOGÍAS DE INFORMACIÓN
8209,7011400058,MAESTRÍA EN TECNOLOGÍA EDUCATIVA Y DISEÑO INSTRUCCIONAL
8210,7091315003,MAESTRÍA EN ATENCIÓN INTEGRAL GERONTOLÓGICA
8211,7095600062,MAESTRÍA EN NEUROEDUCACIÓN Y DESARROLLO COGNITIVO
8212,7031100261,MAESTRÍA EN PREVENCIÓN Y ATENCIÓN DEL ABUSO SEXUAL INFANTIL
8213,7031100262,MAESTRÍA EN TERAPIA SEXUAL Y DE PAREJA
8214,7011100077,MAESTRÍA EN EDUCACIÓN CON ENFOQUE EN PEDAGOGÍA Y DIDÁCTICA
8215,6092208035,ESPECIALIDAD DE ENFERMERÍA EN NEFROLOGÍA
8216,6091336015,ESPECIALIDAD EN PSICOONCOLOGÍA Y CUIDADOS PALIATIVOS
8217,7042400053, MAESTRÍA EN DIRECCIÓN DE EMPRESAS INDUSTRIALES
8218,8011200054,DOCTORADO EN PEDAGOGÍA E INVESTIGACIÓN EDUCATIVA
8219,8071200015,DOCTORADO EN ENERGÍA Y AMBIENTE
8220,8011200055,DOCTORADO EN DOCENCIA E INVESTIGACIÓN
8221,7033100378,MAESTRÍA EN JUICIOS ORALES EN MATERIA PENAL Y MERCANTIL
8222,8033100065,DOCTORADO EN ANTICORRUPCIÓN Y SISTEMAS DE JUSTICIA
8223,7031100263,MAESTRÍA EN PSICOTERAPIA CON PROGRAMACIÓN NEUROLINGÜÍSTICA
8224,8091341001,DOCTORADO EN PSICOTERAPIA INFANTIL HUMANISTA
8225,8091334002,DOCTORADO EN NEUROEDUCACIÓN
8226,8033100066,DOCTORADO EN ANTICORRUPCIÓN Y SISTEMA DE JUSTICIA
8227,7041400075,"MAESTRÍA EN CONTADURÍA Y ESTRATEGIAS CORPORATIVAS CON ACENTUACIÓN EN OBLIGACIONES TRIBUTARIAS, ACENTUACIÓN EN AUDITORÍA Y FINANZAS O ACENTUACIÓN EN CONTABILIDAD Y AUDITORÍA GUBERNAMENTAL"
8228,7011500033,MAESTRÍA EN EDUCACIÓN CON ACENTUACIÓN EN NEUROAPRENDIZAJE
8229,7041400076,MAESTRÍA EN AUDITORÍA FISCAL
8230,7042100349,MAESTRÍA EN ADMINISTRACIÓN DE LA PRODUCCIÓN
8231,7041100111,MAESTRÍA EN ESTRATEGIAS FISCALES CON ACENTUACIÓN EN COMERCIO EXTERIOR Y DERECHO ADUANERO
8232,8041400006,DOCTORADO EN CONSULTORÍA FISCAL Y EMPRESARIAL
8233,7031100264,MAESTRÍA EN DESPROGRAMACIÓN
8234,7012604079,MAESTRÍA EN ENSEÑANZA DE LAS CIENCIAS EXACTAS
8235,7041400077,MAESTRÍA EN CONTADURÍA Y ESTRATEGIAS CORPORATIVAS CON ACENTUACIÓN EN CONTABILIDAD Y AUDITORÍA GUBERNAMENTAL
8236,6021500020,ESPECIALIDAD EN DISEÑO E INNOVACIÓN CURRICULAR
8237,7011200116,MAESTRÍA EN EDUCACIÓN CON ACENTUACIÓN EN GESTIÓN EDUCATIVA
8238,7011100078,MAESTRÍA EN EDUCACIÓN CON ACENTUACIÓN EN GESTIÓN CURRICULAR
8239,7011200117,MAESTRÍA EN EDUCACIÓN CON ACENTUACIÓN EN GESTIÓN DOCENTE
8240,6012604017,ESPECIALIDAD EN HABILIDADES DOCENTES CON ENFOQUE PERSONALISTA
8241,7042500162,MAESTRÍA EN ADMINISTRACIÓN DE CLÍNICAS Y HOSPITALES
8242,7033100379,MAESTRÍA EN JUICIO ORAL CIVIL Y FAMILIAR
8243,7033100380,MAESTRÍA EN SISTEMA PENAL ACUSATORIO ADVERSARIAL
8244,7033100381,MAESTRÍA EN JUSTICIA PENAL PARA ADOLESCENTES
8245,8104100004,DOCTORADO EN SEGURIDAD PÚBLICA
8246,7041300068,MAESTRÍA EN GESTIÓN DE ÉTICA E INTEGRIDAD EN LAS FINANZAS CORPORATIVAS
8247,7042100350,MAESTRÍA EN GESTIÓN DE PROYECTOS ENERGÉTICOS E INVERSIÓN SUSTENTABLE
8248,6042400017,ESPECIALIDAD EN INVERSIÓN ENERGÉTICA SUSTENTABLE
8249,7041400078,MAESTRÍA EN AUDITORÍA INTEGRAL Y GESTIÓN DE RIESGOS
8250,7042100351,MAESTRÍA EN ALTA GESTIÓN Y DIRECCIÓN DE NEGOCIOS (MBA)
8251,6041100056,ESPECIALIDAD EN VALUACIÓN DE NEGOCIOS
8252,8011200056,DOCTORADO EN EDUCACIÓN Y DESARROLLO INSTITUCIONAL
8253,7042100352,MAESTRÍA EN ADMINISTRACIÓN DE INSTITUCIONES
8254,7041300069,MAESTRÍA EN FINANZAS Y ESTRATEGIAS EMPRESARIALES
8255,7033100382,MAESTRÍA EN DERECHO PENAL Y LITIGACIÓN ORAL
8256,6033100162,"ESPECIALIDAD EN INTERPRETACIÓN, ARGUMENTACIÓN Y REDACCIÓN JURÍDICA"
8257,8011200057,DOCTORADO EN INVESTIGACIÓN DE LAS CIENCIAS DE LA EDUCACIÓN
8258,8095600014,DOCTORADO EN CALIDAD DE LOS SISTEMAS DE SALUD
8259,7041200155,MAESTRÍA EN DIRECCIÓN COMERCIAL Y MERCADOTECNIA
8260,7042100353,"MAESTRÍA EN IDENTIDAD, ESTRATEGIA Y GESTIÓN DE MARCAS "
8261,7041300070,MAESTRÍA EN FINANZAS INTERNACIONALES
8262,7053100024,MAESTRÍA EN ANÁLISIS DE DATOS A GRAN ESCALA
8263,7042100354,MAESTRÍA EN INNOVACIÓN Y DISEÑO
8264,6012604018,ESPECIALIDAD EN DOCENCIA DE LAS CIENCIAS EXACTAS
8265,6071300015,ESPECIALIDAD EN ROBÓTICA Y VISIÓN ARTIFICIAL
8266,7033100383,MAESTRÍA EN DERECHO PENAL Y SISTEMA ACUSATORIO ADVERSARIAL
8267,7051000017,"MAESTRÍA EN AMBIENTES, SISTEMAS Y GESTIÓN EN EDUCACIÓN MULTIMODAL"
8268,7042100355,MAESTRÍA EN HABILIDADES DE ALTA DIRECCIÓN
8269,7041100112,MAESTRÍA EN MECANISMOS ALTERNOS DE SOLUCIÓN DE CONFLICTOS
8270,7062200078,MAESTRÍA EN TECNOLOGÍA APLICADA EN COMPETENCIAS PROFESIONALES
8271,7071200047,MAESTRÍA EN TECNOLOGÍA APLICADA EN COMPETENCIAS PROFESIONALES LÍNEA TERMINAL TECNOLOGÍA DE PROCESOS ENERGÉTICOS
8272,7071400018,MAESTRÍA EN TECNOLOGÍA APLICADA EN COMPETENCIAS PROFESIONALES LÍNEA TERMINAL TECNOLOGÍA DE PROCESOS QUÍMICOS
8273,7042500163,MAESTRÍA EN ADMINISTRACIÓN Y GESTIÓN DE LOS SERVICIOS DE ENFERMERÍA
8274,7062200079,MAESTRÍA EN TECNOLOGÍA APLICADA
8275,8051000010,DOCTORADO EN NEUROCIENCIAS
8276,8031100045,DOCTORADO EN TALENTO HUMANO
8277,6033100163,ESPECIALIDAD EN EL SISTEMA INTEGRAL DE JUSTICIA PENAL PARA ADOLESCENTES
8278,6095600009,ESPECIALIDAD EN EPIDERMIOLOGÍA DESCRIPTIVA
8279,6022100004,ESPECIALIDAD EN ESPIRITUALIDAD
8280,7095600063,MAESTRÍA EN ATENCIÓN PRIMARIA DE LA SALUD
8281,7033100384,MAESTRÍA EN DERECHO PENAL TRIBUTARIO
8282,7073100112,MAESTRÍA EN DISEÑO APLICADO A BIOCLIMÁTICA
8283,7021500048,MAESTRÍA EN DISEÑO GRÁFICO SUSTENTABLE
8284,7101100033,MAESTRÍA EN FÍSICOCONSTRUCTIVISMO Y FITNESS
8285,7071300049,MAESTRÍA EN MECATRÓNICA Y AUTOMATIZACIÓN PARA LA INDUSTRIA 4.0
8286,7011100079,MAESTRÍA EN PEDAGOGÍA E INNOVACIÓN
8287,8031200038,DOCTORADO EN ESTUDIOS PSICOSOCIALES
8288,8095400006,DOCTORADO EN CIENCIAS DE LA SALUD Y FARMACÉUTICAS
8289,7091341003,MAESTRÍA EN TRASTORNOS DE LA CONDUCTA ALIMENTARIA
8290,7033100385,MAESTRÍA EN DERECHO FAMILIAR Y DERECHOS HUMANOS
8291,7033100386,MAESTRÍA EN DERECHO FISCAL Y CONTABILIDAD ADMINISTRATIVA
8292,7031100265,MAESTRÍA EN MEDIACIÓN Y PROGRAMACIÓN NEUROLINGÜÍSTICA (PNL)
8293,7094200032,MAESTRÍA EN NUTRICIÓN VEGETAL
8294,8042100046,DOCTORADO EN GESTIÓN DE RECURSOS
8295,6101300006,ESPECIALIDAD EN DERMOCOSMÉTICA
8296,6092203007,ESPECIALIDAD EN ENFERMERÍA GERIÁTRICA Y TANATOLOGÍA
8297,6071700007,ESPECIALIDAD EN DISEÑO Y COORDINACIÓN DE PROYECTOS BIM E INGENIERÍA DE COSTOS
8298,7042100356,MAESTRÍA EN CREACIÓN Y DESARROLLO DE EMPRESAS SOCIALES Y SOLIDARIAS
8299,6041100057,ESPECIALIDAD EN LOGÍSTICA INTERNACIONAL Y GESTIÓN ADUANERA
8300,7073100113,MAESTRÍA EN ARQUITECTURA Y AMBIENTE
8301,7071200048,MAESTRÍA EN ALTA DIRECCIÓN CON ÉNFASIS EN ENERGÍAS RENOVABLES
8302,7073100114,MAESTRÍA EN ALTA DIRECCIÓN CON ÉNFASIS EN DESARROLLO SUSTENTABLE
8303,7042500164,MAESTRÍA EN ALTA DIRECCIÓN CON ÉNFASIS EN ADMINISTRACIÓN DE EMPRESAS DEPORTIVAS
8304,6011100030,ESPECIALIDAD EN ESTRATEGIAS DE ENSEÑANZAS
8305,8051200035,DOCTORADO EN BIOLOGÍA MOLECULAR Y CELULAR
8306,7095200016,MAESTRÍA EN BIOMEDICINA
8307,7042400054,MAESTRÍA EN CIENCIAS EN INGENIERÍA CON ÉNFASIS EN PROYECTOS DE GESTIÓN DE LA CONSTRUCCIÓN
8308,6033200024,ESPECIALIDAD EN POLIGRAFÍA
8309,6101500020,ESPECIALIDAD EN GESTIÓN DE ALIMENTOS Y BEBIDAS
8310,7042200051,MAESTRÍA EN ALTA DIRECCIÓN DE EMPRESAS GASTRONÓMICAS
8311,8011500025,DOCTORADO EN EDUCACIÓN CONTEMPORÁNEA
8312,7101500018,MAESTRÍA EN ALTA REPOSTERÍA Y PANADERÍA INTERNACIONAL
8313,6041100058,ESPECIALIDAD EN MEDIACIÓN Y TRANSFORMACIÓN POSITIVA DE CONFLICTOS
8314,7031000063,MAESTRÍA EN DESARROLLO HUMANO DIFERENCIAL
8315,6031100089,ESPECIALIDAD EN NEUROPSICOLOGÍA INFANTIL
8316,7041400079,MAESTRÍA DE IMPUESTOS Y DERECHO FISCAL
8317,7071300050,MAESTRÍA EN AUTOMATIZACIÓN ROBÓTICA DE PROCESOS RPA
8318,6033100164,ESPECIALIDAD EN EL INTERÉS SUPERIOR DE LA NIÑEZ Y ADOLESCENCIA
8319,6042100097,ESPECIALIDAD EN GESTIÓN DEL RIESGO Y MANEJO DE DESASTRES
8320,8012604006,DOCTORADO EN EDUCACIÓN MATEMÁTICA
8321,7021400044,MAESTRÍA EN ESTUDIOS Y PRODUCCIÓN DE LA IMAGEN
8322,7031100266,MAESTRÍA EN PSICOLOGÍA Y SALUD
8323,7021100028,MAESTRÍA EN CREACIÓN ARTÍSTICA
8324,6033200025,ESPECIALIDAD EN INVESTIGACIÓN CRIMINAL Y FORENCE
8325,6033100165,ESPECIALIDAD EN JUICIO ORAL CIVIL
8326,6033100166,ESPECIALIDAD EN JUICIO ORAL MERCANTIL
8327,7073100115,MAESTRÍA EN ARQUITECTURAS RADICALES
8328,7071100026,MAESTRÍA EN MANTENIMIENTO INDUSTRIAL Y CONFIABILIDAD
8329,7042100357,MAESTRÍA EN ADMINISTRACIÓN E INTELIGENCIA EMPRESARIAL
8330,7042200052,MAESTRÍA EN DESARROLLO TURÍSTICO SUSTENTABLE
8331,7041400080,MAESTRÍA EN ANÁLISIS Y GESTIÓN FINANCIERA
8332,8031300029,"DOCTORADO EN CIENCIAS SOCIALES, JURÍDICAS Y POLÍTICAS"
8333,7033200063,"MAESTRÍA EN CRIMINOLOGÍA, PSICOLOGÍA FORENSE Y PERFILACIÓN CRIMINAL"
8334,7011200118,MAESTRÍA EN PROCESOS DE EVALUACIÓN EDUCATIVA
8335,8011000026,DOCTORADO EN EDUCACIÓN SISTÉMICA Y HOLÍSTICA
8336,7031300107,MAESTRÍA EN LITIGACIÓN INTERNACIONAL EN DERECHOS HUMANOS
8337,6033100167,ESPECIALIDAD EN LITIGACIÓN ORAL
8338,7091322003,"MAESTRÍA EN EL MANEJO CLÍNICO DE HERIDAS, ESTOMAS Y QUEMADURAS"
8339,7061300047,MAESTRÍA EN SEGURIDAD CIBERNÉTICA
8340,7033100387,"MAESTRÍA EN DERECHO PROCESAL CIVIL, FAMILIAR Y MERCANTIL ORAL"
8341,7033200064,MAESTRÍA EN DERECHO PROCESAL PENAL CON ENFOQUE EN CRIMINALÍSTICA
8342,7042100358,MAESTRÍA EN ADMINISTRACIÓN DE EMPRESAS PARA EJECUTIVOS
8343,7042200053,MAESTRÍA EN RECREACIÓN Y ADMINISTRACIÓN DEL TIEMPO LIBRE
8344,7012601021,MAESTRÍA EN DOCENCIA DE LA CULTURA FÍSICA
8345,6031500027,ESPECIALIDAD EN ORIENTACIÓN FAMILIAR
8346,6042500043,ESPECIALIZACIÓN POSTÉCNICA EN ADMINISTRACIÓN EN SERVICIOS DE ENFERMERÍA
8347,6041200052,ESPECIALIDAD EN ESTRATEGIAS DE IMAGEN Y PERCEPCIÓN PÚBLICA
8348,7041400081,MAESTRÍA EN ADMINISTRACIÓN. ÁREA DE IMPUESTOS Y FINANZAS
8349,7042100359,MAESTRÍA EN ALTA DIRECCIÓN CORPORATIVA
8350,7041400082,MAESTRÍA EN CONTABILIDAD. ÁREA DE IMPUESTOS
8351,8011400016,DOCTORADO EN EDUCACIÓN CON TECNOLOGÍAS DE APRENDIZAJE Y CONOCIMIENTO (TAC) EN ENTORNOS VIRTUALES
8352,7073100116,MAESTRÍA EN CONSERVACIÓN DEL PATRIMONIO ARQUITECTÓNICO
8353,6091321009,ESPECIALIZACIÓN EN MEDICINA CRÍTICA
8354,6093204007,ESPECIALIZACIÓN EN ORTODONCIA
8355,6091342021,ESPECIALIZACIÓN EN IMAGENOLOGÍA DIAGNÓSTICA Y TERAPÉUTICA
8356,7042100360,MAESTRÍA EN ADMINISTRACIÓN DE PROYECTOS EMPRESARIALES
8357,6033200026,ESPECIALIDAD EN CRIMINALÍSTICA Y JUICIOS ORALES
8358,7033200065,MAESTRÍA EN CRIMINALÍSTICA Y JUICIOS ORALES
8359,7033100388,MAESTRÍA EN DERECHO PROCESAL CONSTITUCIONAL Y SISTEMAS ORALES
8360,6022200012,ESPECIALIDAD EN TRADUCCIÓN TÉCNICAS DE COMPRENSIÓN DE TEXTOS Y REDACCIÓN DEL IDIOMA INGLÉS
8361,8031100046,DOCTORADO EN PSICOANÁLISIS Y ANÁLISIS GRUPAL
8362,7042000115,MAESTRÍA EN LIDERAZGO SOCIAL CRISTIANO
8363,8051300042,DOCTORADO EN CIENCIAS EN LA ESPECIALIDAD DE ECOLOGÍA HUMANA
8364,7042100361,MAESTRÍA EN ADMINISTRACIÓN E INTELIGENCIA DE NEGOCIOS
8365,7041300071,MAESTRÍA EN ESTRATEGIAS FISCALES
8366,7032200010,MAESTRÍA EN BIBLIOTECOLOGÍA Y ESTUDIOS DE LA INFORMACIÓN (A DISTANCIA) 
8367,7071200049,MAESTRÍA EN INGENIERÍA EN ENERGÍA
8368,8071200016,DOCTORADO EN INGENIERÍA EN ENERGÍA 
8369,7052300031,MAESTRÍA EN CIENCIAS DE LAS SOSTENIBILIDAD  
8370,8052300020,DOCTORADO EN CIENCIAS DE LAS SOSTENIBILIDAD  
8371,7021300024,MAESTRÍA EN MÚSICA (TECNOLOGÍA MUSICAL)  
8372,7031300108,MAESTRÍA EN CIENCIAS PARA LA PAZ 
8373,8042500024,DOCTORADO EN ADMINISTRACIÓN DE INSTITUCIONES DE SALUD
8374,8041300007,DOCTORADO EN ADMINISTRACIÓN Y FINANZAS
8375,7042100362,MAESTRÍA EN ALTA DIRECCIÓN ESTRATÉGICA
8376,7031100267,MAESTRÍA EN PSICOLOGÍA DE LAS ORGANIZACIONES Y GESTIÓN DEL TALENTO HUMANO
8377,7042100363,MAESTRÍA EN INNOVACIÓN Y EMPRENDIMIENTO DE NEGOCIOS
8378,6041400030,ESPECIALIZACIÓN EN TRIBUTACIÓN EMPRESARIAL
8379,7041400083,MAESTRÍA EN ESTUDIOS TRIBUTARIOS
8380,7011100080,MAESTRÍA EN CIENCIAS PARA EL APRENDIZAJE
8381,6011500014,ESPECIALIZACIÓN EN ENSEÑANZA Y DIVULGACIÓN DE LA FILOSOFÍA
8382,7071200050,MAESTRÍA EN CIENCIAS EN TECNOLOGÍA ENERGÉTICA
8383,6042400018,ESPECIALIZACIÓN EN ADMINISTRACIÓN Y GESTIÓN DE PROYECTOS ARQUITECTÓNICOS Y URBANOS
8384,7052300032,MAESTRÍA  EN CIENCIAS EN GESTIÓN INTEGRAL DE CUENCAS HIDROGRÁFICAS
8385,6011100031,ESPECIALIDAD EN ESTRATEGIAS DE ENSEÑANZA
8386,7031200087,"MAESTRÍA EN ESTUDIOS FRANCÓFONOS: PEDAGOGÍA, LINGÜÍSTICA Y ESTUDIOS INTERCULTURALES"
8387,7041100113,MAESTRÍA EN COMERCIO
8388,6042100098,ESPECIALIDAD EN DESARROLLO ORGANIZACIONAL CON ENFOQUE SISTÉMICO
8389,8011300007,DOCTORADO EN EDUCACIÓN PARA LA FAMILIA
8390,7071100027,MAESTRÍA EN INGENIERÍA DE MANTENIMIENTO Y CONFIABILIDAD
8391,7033100389,MAESTRÍA EN DERECHO PROCESAL PENAL Y JUICIOS ORALES
8392,7042100364,MAESTRÍA EN DESARROLLO ORGANIZACIONAL Y TALENTO HUMANO
8393,7042200054,MAESTRÍA EN INNOVACIÓN EN EXPERIENCIAS TURÍSTICAS SUSTENTABLES
8394,7041100114,MAESTRÍA EN ECOEMPRENDIMIENTO
8395,7042100365,MAESTRÍA EN DIRECCIÓN ADMINISTRATIVA Y DESARROLLO DE POTENCIAL HUMANO
8396,8011500026,DOCTORADO EN NEUROCIENCIAS EDUCATIVAS
8397,7011500034,MAESTRÍA EN EDUCACIÓN Y NEUROCIENCIAS
8398,7081100091,MAESTRÍA EN PRODUCCIÓN ANIMAL SOSTENIBLE
8399,7101100034,MAESTRÍA EN ACTIVIDAD FÍSICA Y DEPORTE PARA EL BIENESTAR HUMANO
8400,7011000080,MAESTRÍA EN EDUCACIÓN Y CONVIVENCIA
8401,7011200119,MAESTRÍA EN EDUCACIÓN CAMPO DIRECCIÓN Y GESTIÓN EDUCATIVA
8402,7033200066,MAESTRÍA EN PSICOTRAUMATOLOGÍA CLINICA Y FORENSE
8403,7041200156,MAESTRÍA EN COMUNICACIÓN Y MERCADOTECNIA DEPORTIVA
8404,8031400020,DOCTORADO EN ECONOMÍA PÚBLICA Y DESARROLLO LOCAL
8405,6033100168,ESPECIALIDAD EN DERECHO DEL TRABAJO Y SUGURIDAD SOCIAL
8406,7021000031,MAESTRÍA EN GESTIÓN DEL PATRIMONIO CULTURAL 
8407,7041200157,MAESTRÍA EN COMUNICACIÓN Y MERCADOTECNIA DIGITAL
8408,7011200120,MAESTRÍA EN INVESTIGACIÓN EDUCATIVA Y HERMENÉUTICA
8409,7022400006,MAESTRÍA EN TRADUCCIÓN E INTERPRETACIÓN DE LENGUAS INDÍGENAS 
8410,6021600016,ESPECIALIDAD EN DISEÑO APLICADO A EXPERIENCIAS DE CONSUMO
8411,7061100033,MAESTRÍA EN CIENCIAS EN TECNOLOGÍAS AVANZADAS E INTEGRADAS
8412,6011200022,ESPECIALIDAD EN INNOVACIÓN EDUCATIVA
8413,7073100117,MAESTRÍA EN ARQUITECTURA Y DISEÑO URBANO
8414,6091337010,SUBESPECIALIDAD EN CIRUGÍA DE COLUMNA VERTEBRAL 
8415,7071700030,MAESTRÍA EN INGENIERÍA EN GESTIÓN DE PROCESOS INDUSTRIALES
8416,7101100035,MAESTRÍA EN LAS CIENCIAS APLICADAS A LA ACTIVIDAD FÍSICA Y DEPORTE
8417,8031200039,DOCTORADO EN DESARROLLO REGIONAL CON ÉNFASIS EN AMÉRICA DEL NORTE
8418,7091323002,MAESTRÍA EN URGENCIAS MÉDICO QUIRÚRGICAS
8419,7042100366,MAESTRÍA EN GESTIÓN DE PROYECTOS Y DE EMPRESAS CONSTRUCTORAS
8420,6042500044,ESPECIALIDAD EN ADMINISTRACIÓN Y GESTIÓN EN ENFERMERÍA
8421,6104100010,ESPECIALIDAD EN INTELIGENCIA POLICIAL
8422,7011500035,MAESTRÍA EN CIENCIAS DE EDUCACIÓN
8423,6031100090,ESPECIALIDAD EN FUNDAMENTOS DE LA TANATOLOGÍA
8424,6042500045,ESPECIALIDAD EN GESTIÓN DEL EQUIPAMIENTO HOSPITALARIO
8425,6101100007,ESPECIALIDAD EN CIENCIAS APLICADAS A LA ACTIVIDAD FÍSICA Y DEPORTES
8426,6042000019,ESPECIALIDAD EN LIDERAZGO Y COMPETITIVIDAD
8427,7042100367,MAESTRÍA EN GESTIÓN DE LA COMPETITIVIDAD
8428,7042100368,MAESTRÍA EN COMUNICACIÓN CON ORIENTACIÓN EN DIRECCIÓN
8429,7021500049,MAESTRÍA EN DISEÑO MULTIMEDIA CON ORIENTACION EN APLICACIONES WEB Y MOVILES
8430,7021500050,MAESTRÍA EN DISEÑO MULTIMEDIA CON ORIENTACION EN PRODUCCION FOTOGRAFICA
8431,7033100390,MAESTRÍA EN DERECHO CON ORIENTACION EN PROCURACION Y ADMINISTRACION DE JUSTICIA
8432,7042100369,MAESTRÍA EN ADMINISTRACION DE NEGOCIOS CON ORIENTACION EN DIRECCION DE EMPRESAS
8433,7042000116,MAESTRÍA EN ADMINISTRACIÓN DE NEGOCIOS CON ORIENTACIÓN EN DESARROLLO ORGANIZACIONAL
8434,7042400055,MAESTRÍA EN ADMINISTRACION DE NEGOCIOS CON ORIENTACION EN DESARROLLO SOSTENIBLE
8435,7071700031,MAESTRÍA EN INGENIERÍA EN SISTEMAS INDUSTRIALES SUSTENTABLES
8436,7041100115,MAESTRÍA EN LOGÍSTICA Y NEGOCIOS SUSTENTABLES
8437,7042100370,MAESTRÍA EN ADMINISTRACIÓN DE EMPRESAS Y ALTA DIRECCIÓN
8438,7073200047,MAESTRÍA EN INGENIERÍA CIVIL EN CONSTRUCCIÓN Y ESTRUCTURAS
8439,7081100092,MAESTRÍA EN CIENCIAS EN BIOTECNOLOGÍA AGROPECUARIA
8440,7042300076,MAESTRÍA EN CONTRATACIONES Y ENAJENACIONES PÚBLICAS
8441,7011100081, MAESTRÍA EN PEDAGOGÍA DEL ACOMPAÑAMIENTO EMOCIONAL
8442,7031100268,MAESTRÍA EN PSICOTERAPIA MÉDICA
8443,8031400021,DOCTORADO EN ECONOMÍA CIRCULAR
8444,6033100169,ESPECIALIDAD EN FORMACIÓN NOTARIAL
8445,6033200027,ESPECIALIDAD EN SISTEMA PENAL ACUSATORIO CON ÉNFASIS EN CRIMINALÍSTICA DE CAMPO
8446,6033200028,ESPECIALIDAD EN SISTEMA PENAL ACUSATORIO CON ÉNFASIS EN CRIMINALÍSTICA DE LABORATORIO
8447,7021500051,MAESTRÍA EN DISEÑO PUBLICITARIO Y ANIMACIÓN DIGITAL
8448,7041100116,MAESTRÍA EN INTELIGENCIA DE NEGOCIO
8449,7104100026,MAESTRÍA EN PROTECCIÓN DE DATOS
8450,7071700032,MAESTRÍA EN INGENIERÍA DE SISTEMAS INDUSTRIALES SUSTENTABLES
8451,7011400059,MAESTRÍA EN TECNOLOGÍAS PARA EL APRENDIZAJE ORGANIZACIONAL
8452,8033100067,DOCTORADO EN DERECHO PROCESAL CONSTITUCIONAL Y DERECHOS HUMANOS
8453,8031300030,DOCTORADO EN GOBIERNO Y POLÍTICAS PÚBLICAS
8454,7012000097,MAESTRÍA EN EDUCACIÓN: CAMPO FORMACIÓN DOCENTE
8455,7051100032,MAESTRÍA EN CIENCIAS (BIOLOGÍA)
8456,6092201002,ESPECIALIDAD EN ENFERMERÍA CARDIOLÓGICA
8457,7012604080,MAESTRÍA EN EDUCACIÓN EN DESARROLLO DEL PENSAMIENTO LÓGICO-MATEMÁTICO
8458,7011000081,"MAESTRÍA EN EDUCACIÓN EN SOCIEDAD, PENSAMIENTO Y LENGUAJE"
8459,7011200121,MAESTRÍA EN EDUCACIÓN DE GESTIÓN E INNOVACIÓN EDUCATIVA
8460,7011000082,MAESTRÍA EN EDUCACIÓN Y ECOLOGÍA
8461,7031300109,MAESTRÍA EN DERECHOS HUMANOS E INSTRUMENTOS INTERNACIONALES
8462,8022000015,DOCTORADO IBEROAMERICANO EN TEORÍAS ESTÉTICAS
8463,7073100118,MAESTRÍA EN ARQUITECTURA DEL PAISAJE PATRIMONIAL
8464,7072300005,MAESTRÍA EN CIENCIA Y TECNOLOGÍA DE NANOMATERIALES
8465,8033100068,DOCTORADO IBEROAMERICANO EN DERECHOS HUMANOS
8466,6091337011,ESPECIALIDAD EN ATENCIÓN MÉDICA Y QUIRÚRGICA DE LOS PADECIMIENTOS DE LA COLUMNA VERTEBRAL
8467,7104100027,"MAESTRÍA EN SEGURIDAD PUBLICA, SEGURIDAD NACIONAL Y JUICIOS ORALES "
8468,7033100391,MAESTRÍA EN DERCHOS HUMANOS E INSTRUMENTOS INTERNACIONALES
8469,6033100170,ESPECIALIDAD EN ANTICORRUPCIÓN Y SISTEMA DE JUSTICIA
8470,6104100011,ESPECIALIDAD EN ARGUMENTACIÓN POLICIAL
8471,6104100012,ESPECIALIDAD EN GESTIÓN INTEGRAL DE RIESGOS DE DESASTRES
8472,6042000020,ESPECIALIDAD EN ADMINISTRACIÓN DE LA SEGURIDAD PRIVADA
8473,6104100013,"ESPECIALIDAD EN HABILIDADES, INTELIGENCIA Y ESTRATEGIAS PARA LA SEGURIDAD INTEGRAL DE LAS CORPORACIONES"
8474,6033100171,ESPECIALIDAD EN DERECHO POLICIAL
8475,6033100172,ESPECIALIDAD EN AMPARO Y ARGUMENTACIÓN JURÍDICA
8476,6061300029,ESPECIALIDAD EN SEGURIDAD CIBERNÉTICA
8477,6033200029,ESPECIALIDAD EN INVESTIGACIÓN PRIVADA
8478,6104100014,ESPECIALIDAD EN ESTRATEGIAS DE SEGURIDAD INTERNACIONAL
8479,6033100173,ESPECIALIDAD EN CORREDURÍA PÚBLICA
8480,7041200158,MAESTRÍA EN DIRECCIÓN DE MARKETING DIGITAL Y SOCIAL 
8481,7032100051,MAESTRÍA EN COMUNICACIÓN Y DESARROLLO ORGANIZACIONAL 
8482,7041100117,MAESTRÍA EN COMERCIO Y NEGOCIOS INTERNACIONALES 
8483,7061300048,MAESTRÍA EN SISTEMAS COMPUTACIONALES Y SEGURIDAD INFORMÁTICA 
8484,7071700033,"MAESTRÍA EN INGENIERÍA INDUSTRIAL, CALIDAD Y SUSTENTABILIDAD "
8485,6033100174,ESPECIALIDAD EN PERSPECTIVA DE GÉNERO APLICADA A LOS PROCESOS JURÍDICOS Y DE GESTIÓN PÚBLICA 
8486,7061300049,MAESTRÍA EN INTERNET 
8487,6092100007,ESPECIALIDAD DE ENFERMERÍA OBSTÉTRICA
8488,8011200058,DOCTORADO EN PRÁCTICAS EDUCATIVAS Y CALIDAD
8489,7042500165,MAESTRÍA EN GESTIÓN DE LOS SERVICIOS DE LA SALUD
8490,7031400040,MAESTRÍA EN ECONOMÍA CIRCULAR 
8491,7012604081,MAESTRÍA EN INNOVACIÓN DE LA EDUCACIÓN MATEMÁTICA
8492,7101100036,MAESTRÍA EN EJERCICIO FÍSICO Y ALIMENTACIÓN EN EL DEPORTE
8493,7061300050,MAESTRÍA EN INTERNET DE LAS COSAS
8494,8011200059,DOCTORADO EN INVESTIGACIÓN E INNOVACIÓN EDUCATIVA
8495,7042100371,MAESTRÍA EN ALTA GESTIÓN DE ORGANIZACIONES 
8496,7081100093,MAESTRÍA EN PRODUCCIÓN Y PROCESAMIENTO AGRÍCOLA
8497,7081100094,MAESTRÍA EN PRODUCCIÓN Y PROCESAMIENTO PECUARIO
8498,8042500025,DOCTORADO EN GESTIÓN EDUCATIVA Y POLÍTICAS PÚBLICAS
8499,7071700034,MAESTRÍA EN INGENIERÍA PARA LA INNOVACIÓN TECNOLÓGICA
8500,8071700007,DOCTORADO EN INGENIERÍA PARA LA INNOVACIÓN TECNOLÓGICA
8501,6094100008,ESPECIALIDAD EN FISIOTERAPIA PEDIÁTRICA
8502,7071700035,MAESTRÍA EN OPTIMIZACIÓN ENERGÉTICA
8503,7093203007,MAESTRÍA EN ESTOMATOLOGÍA INTEGRAL DEL NIÑO Y EL ADOLESCENTE
8504,7094300003,MAESTRÍA DE CIENCIAS DE LA ACUPUNTURA
8505,6042100099,ESPECIALIDAD EN GESTIÓN DE NEGOCIOS
8506,8012601004,DOCTORADO EN EDUCACIÓN FÍSICA
8507,7012000098,MAESTRÍA EN DOCENCIA Y ORIENTACIÓN ESCOLAR
8508,7012604082,MAESTRÍA EN EDUCACIÓN Y DESARROLLO DEL PENSAMIENTO LÓGICO-MATEMÁTICO
8509,6012500012,ESPECIALIDAD EN PRÁCTICA DOCENTE UNIVERSITARIA
8510,8031400022,DOCTORADO EN ECONOMÍA SOCIAL SOLIDARIA
8511,7095200017,MAESTRÍA EN INVESTIGACIÓN BIOMÉDICA
8512,6033100175,ESPECIALIDAD EN DERECHO LABORAL Y DE LA SEGURIDAD SOCIAL
8513,7033100392,MAESTRIA EN DERECHOS HUMANOS Y JUICIO DE AMPARO
8514,7012000099,MAESTRÍA EN DOCENCIA Y EVALUACIÓN EDUCATIVA
8515,7042100372,MAESTRÍA EN INNOVACIÓN Y COMPETITIVIDAD EMPRESARIAL
8516,7011400060,MAESTRÍA EN TECNOLOGÍAS PARA LA EDUCACIÓN
8517,7042100373,MAESTRÍA EN GESTIÓN Y EVALUACIÓN DE PROYECTOS 
8518,7012604083, MAESTRÍA EN DOCENCIA DE LAS CIENCIAS NATURALES
8519,7071700036,MAESTRÍA EN TECNOLOGÍA PRODUCTIVA 
8520,8073100024,DOCTORADO EN ESTUDIOS SOCIALES Y TERRITORIALES
8521,7011200122,MAESTRÍA EN EDUCACIÓN E INNOVACIÓN PEDAGÓGICA
8522,7042000117,MAESTRÍA EN LIDERAZGO ESTRATÉGICO INTERNACIONAL
8523,7042500166,MAESTRÍA EN GESTIÓN DE ADICCIONES
8524,7011200123,MAESTRÍA EN DESARROLLO DE ESTRATEGIAS DIDÁCTICAS
8525,7011200124,MAESTRÍA EN CIENCIAS DE LA EDUCACIÓN CON TERMINAL EN ADMINISTRACIÓN EDUCATIVA 
8526,7012500039,MAESTRÍA EN CIENCIAS DE LA EDUCACIÓN CON TERMINAL EN DOCENCIA SUPERIOR 
8527,7053200014,MAESTRÍA EN ANÁLISIS ESTADÍSTICO Y COMPUTACIÓN 
8528,7062000021,MAESTRÍA EN CIENCIAS CON ORIENTACIÓN EN ROBÓTICA 
8529,6011000017,ESPECIALIDAD EN INTERVENCIÓN PSICOPEDAGÓGICA PARA EDUCACIÓN SECUNDARIA
8530,6031100091,ESPECIALIDAD EN NEUROPSICOLOGÍA EDUCATIVA
8531,7012000100,MAESTRÍA EN COMPETENCIAS DOCENTES E INVESTIGACIÓN EDUCATIVA
8532,6033100176,ESPECIALIDAD EN DERECHOS HUMANOS Y SISTEMA PENAL ACUSATORIO
8533,6041100059,ESPECIALIDAD EN INGENIERÍA DE PRODUCTO
8534,6071200012,ESPECIALIDAD EN PROYECTOS ENERGÉTICOS GLOBALES
8535,6071300016,ESPECIALIDAD EN SISTEMAS ROBÓTICOS INTELIGENTES
8536,7041100118,MAESTRÍA EN DIRECCIÓN DE LA MANUFACTURA Y CALIDAD
8537,7042100374,MAESTRÍA EN GESTIÓN DE LA INNOVACIÓN TECNOLÓGICA Y PROPIEDAD INTELECTUAL
8538,7031400041,MAESTRÍA EN INGENIERÍA DE ECONOMÍA CIRCULAR
8539,7042100375,MAESTRÍA EN DESARROLLO ESTRATÉGICO DE LAS ORGANIZACIONES
8540,7072100027,MAESTRÍA EN NEGOCIOS AGROALIMENTARIOS
8541,7011100082,MAESTRÍA EN FORMACIÓN PEDAGÓGICA TRANSDISCIPLINARIA
8542,6011300015,"ESPECIALIDAD EN GESTIÓN DE LA CONVIVENCIA EN LA ESCUELA, VIOLENCIA, DERECHOS HUMANOS Y CULTURA DE PAZ"
8543,7042000118,MAESTRÍA EN GESTIÓN DE NEGOCIOS INTERNACIONALES
8544,6091344008,ESPECIALIDAD EN UROLOGÍA PEDIÁTRICA
8545,8011000027,DOCTORADO EN EDUCACIÓN Y DIVERSIDAD
8546,8042100047,DOCTORADO EN DIRECCIÓN ESTRATÉGICA Y GESTIÓN DE LA INNOVACIÓN
8547,7011200125,MAESTRÍA EN GESTIÓN DEL CONOCIMIENTO E INTERVENCIÓN DOCENTE
8548,7042500167,MAESTRÍA EN ADMINISTRACIÓN MARITIMA-PORTUARIA Y ADUANAS MARITIMAS
8549,6041100060,ESPECIALIDAD EN LOGÍSTICA OPERATIVA
8550,6061300030,ESPECIALIDAD EN INGENIERÍA Y CALIDAD DE PROYECTOS DE SOFTWARE
8551,6031100092,ESPECIALIDAD EN TERAPIA FAMILIAR BAJO EL MODELO DE LA TEORÍA DE LA IDENTIDAD
8552,8012602001,"DOCTORADO EN EDUCACIÓN, ARTE Y CULTURA"
8553,6012000025,FORMACIÓN PARA LA DOCENCIA
8554,7042100376,MAESTRÍA EN GESTIÓN DE NEGOCIOS DIGITALES
8555,7031200088,MAESTRÍA EN ESTUDIOS INTERDISCIPLINARIOS EN DESARROLLO HUMANO
8556,7052300033,MAESTRÍA EN HIDROLOGÍA
8557,7071600031,MAESTRÍA EN CIENCIAS CON ORIENTACIÓN EN INGENIERÍA AMBIENTAL
8558,7073200048,MAESTRÍA EN CIENCIAS CON ORIENTACIÓN EN INGENIERÍA ESTRUCTURAL
8559,7073200049,MAESTRÍA EN CIENCIAS CON ORIENTACIÓN EN MATERIALES DE CONSTRUCCIÓN
8560,7071600032,MAESTRÍA EN INGENIERÍA CON ORIENTACIÓN EN INGENIERÍA AMBIENTAL
8561,7073200050,MAESTRÍA EN INGENIERÍA CON ORIENTACIÓN EN INGENIERÍA ESTRUCTURAL
8562,7102100014,MAESTRÍA EN INGENIERÍA CON ORIENTACIÓN EN INGENIERÍA DE TRÁNSITO Y VÍAS TERRESTRE
8563,6041100061,ESPECIALIDAD EN VALUACIÓN DE BIENES AERONÁUTICOS
8564,7041200159,MAESTRÍA EN DIRECCIÓN DE MARKETING DIGITAL Y REDES SOCIALES
8565,7042100377,MAESTRÍA EN DIRECCIÓN E INNOVACIÓN DE EMPRESAS DIGITALES
8566,7033100393,MAESTRÍA EN ARGUMENTACION JURÍDICA E INTERPRETACIÓN DE TEXTOS LEGALES
8567,8031000019,DOCTORADO EN INTERVENCIÓN EN LAS ORGANIZACIONES
8568,7011100083,MAESTRÍA EN PEDAGOGÍA Y PLANEACIÓN INSTITUCIONAL
8569,7062200080,MAESTRÍA TECNOLOGÍAS DE LA INFORMACIÓN APLICADAS A LOS NEGOCIOS
8570,7021000032,MAESTRÍA EN ESTUDIOS INTERDISCIPLINARIOS EN ARTE Y HUMANIDADES
8571,7031100269,MAESTRÍA EN EVALUACIÓN Y REHABILITACIÓN NEUROPSICOLÓGICA
8572,6033200030,ESPECIALIDAD EN VALUACIÓN FORENSE
8573,8082100005,DOCTORADO EN CIENCIAS EN SANIDAD Y PRODUCCIÓN ANIMAL
8574,7033100394,MAESTRÍA EN DERECHO Y PROCESOS ORALES
8575,7041200160,MAESTRÍA EN MERCADOTECNIA Y COMUNICACIÓN DIGITAL
8576,6033100177,ESPECIALIDAD PARA AGENTES DEL MINISTERIO PÚBLICO EN EL SISTEMA DE JUSTICIA PENAL
8577,6033200031,ESPECIALIDAD EN PERITO CON ACENTUACIÓN
8578,6033100178,ESPECIALIDAD EN MECANISMOS ALTERNOS DE SOLUCIÓN DE CONTROVERSIAS
8579,6031100093,ESPECIALIDAD EN PSICOTRAUMATOLOGÍA
8580,6033100179,"ESPECIALIDAD EN TRANSPARENCIA, RENDICIÓN DE CUENTAS Y COMBATE A LA CORRUPCIÓN"
8581,8022500019,DOCTORADO EN HISTORIA Y TEORÍA CRÍTICA DEL ARTE
8582,7052300034,MAESTRÍA EN HIDROGEOLOGÍA
8583,7071300051,MAESTRÍA EN INGENIERÍA CON ORIENTACIÓN EN MECATRÓNICA
8584,7011200126,MAESTRÍA EN INNOVACIÓN EN DIRECCIÓN Y ORGANIZACIÓN EN INSTITUCIONES EDUCATIVAS
8585,7041400084,MAESTRÍA EN CONTADURÍA CON ORIENTACIÓN EN FINANZAS
8586,8042500026,DOCTORADO EN DIRECCIÓN E INNOVACIÓN DIGITAL EN LOS SISTEMAS DE SALUD
8587,8012000011,DOCTORADO EN COMPETENCIAS DOCENTES PARA LA TRANSFORMACIÓN DIGITAL
8588,8061300008,DOCTORADO EN TECNOLOGÍAS DE LA TRANSFORMACIÓN DIGITAL
8589,7012000101,MAESTRÍA EN COMPETENCIAS DOCENTES PARA LA TRANSFORMACIÓN DIGITAL
8590,8011200060,DOCTORADO EN EVALUACIÓN
8591,7042100378,MAESTRÍA EN ADMINISTRACIÓN DE NEGOCIOS ÁREA LOGÍSTICA
8592,7011200127,MAESTRÍA EN DESARROLLO HUMANO E INNOVACIÓN EDUCATIVA
8593,7061100034,MAESTRÍA EN CIENCIAS DE LA COMPUTACIÓN CON FORMACIÓN EN SISTEMA DE INFORMACIÓN Y BASE DE DATOS
8594,7031500075,MAESTRÍA EN TRABAJO SOCIAL EDUCATIVO
8595,7033200067,MAESTRÍA EN PERITAJE SOCIAL
8596,7011000083,MAESTRÍA EN EDUCACIÓN CON ÉNFASIS EN DESARROLLO HUMANO
8597,7022500035,MAESTRÍA EN HISTORIA Y HUMANIDADES DIGITALES
8598,7012000102,MAESTRÍA EN EDUCACIÓN CON ÉNFASIS EN COMPETENCIAS DIDÁCTICAS
8599,7011300056,MAESTRÍA EN PSICOPEDAGOGÍA DE GRUPOS VULNERABLES
8600,7042000119,MAESTRÍA EN LIDERAZGO Y DIRECCIÓN EDUCATIVA
8601,6062200017,ESPECIALIDAD EN INFORMÁTICA FORENCE
8602,6033100180,ESPECIALIDAD EN MEDIOS ALTERNOS DE SOLUCIÓN DE CONFLICTOS
8603,8011400017,DOCTORADO EN COMUNICACIÓN EDUCATIVA
8604,8011200061,DOCTORADO EN INVESTIGACIÓN EN CIENCIAS DE LA EDUCACIÓN
8605,8101100008,DOCTORADO EN EDUCACIÓN DEPORTIVA Y CIENCIAS DEL DEPORTE
8606,6062200018,ESPECIALIDAD EN INFORMÁTICA FORENSE
8607,6011300016,ESPECIALIDAD EN EDUCACIÓN E INTERVENCIÓN SOCIOEMOCIONAL
8608,7031300110,MAESTRÍA EN DERECHOS HUMANOS Y EMERGENTES
8609,7022300035,"MAESTRÍA EN CIENCIAS, ESPECIALIDAD FILOLOGÍA"
8610,7022400007,MAESTRÍA EN KU´AYUUIK: COMUNALINGÜÍSTICA MIXE
8611,7031200089,MAESTRÍA EN ESTUDIOS COMUNALES
8612,6104100015,ESPECIALIDAD EN SEGURIDAD PÚBLICA Y CRIMINOLOGÍA
8613,6091342022,ESPECIALIDAD EN ULTRASONIDO MUSCULOESQUELÉTICO Y LESIONES DEPORTIVAS
8614,6091342023,ESPECIALIDAD EN ULTRASONIDO GINECOLÓGICO Y MATERNO FETAL
8615,6091317009,ESPECIALIDAD EN HEMATO-ONCOLOGÍA PEDIÁTRICA
8616,8052000008,DOCTORADO EN CIENCIAS DE LA VIDA
8617,7041400085,MAESTRÍA EN AUDITORÍA Y SISTEMAS DE GESTIÓN DE LA CALIDAD EN SALUD
8618,7012000103,MAESTRÍA EN PRÁCTICA EDUCATIVA
8619,6011200023,ESPECIALIDAD EN EDUCACIÓN COMUNAL
8620,7031000064,MAESTRÍA EN DESARROLLO HUMANO SUSTENTABLE
8621,8042300012,DOCTORADO EN GOBERNANZA ESTRATÉGICA
8622,8011200062,DOCTORADO EN ADMINISTRACIÓN EDUCATIVA ESTRATÉGICA
8623,8042100048,DOCTORADO EN GERENCIA DE PROYECTOS
8624,7042000120,MAESTRÍA EN LIDERAZGO Y ACCIÓN HUMANITARIA 
8625,7042000121,MAESTRÍA EN DIRECCIÓN Y LIDERAZGO EN LAS ORGANIZACIONES
8626,7042000122,MAESTRÍA EN LIDERAZGO Y ACCIÓN HUMANITARIA INTERNACIONAL
8627,7042200055,MAESTRÍA EN DIRECCIÓN Y GESTIÓN DE EMPRESAS TURÍSTICO-GASTRONÓMICAS
8628,7031300111,MAESTRÍA EN IDIOMAS CON ENFOQUE EN DIPLOMACIA Y NEGOCIOS INTERNACIONALES
8629,8011200063,DOCTORADO EN INNOVACIÓN Y DESARROLLO DE LA EDUCACIÓN
8630,7071300052,"MAESTRÍA EN AUTOMATIZACIÓN INDUSTRIAL, MANUFACTURA DIGITAL Y ROBÓTICA"
8631,7032100052,MAESTRÍA EN CIENCIAS DE LA COMUNICACIÓN Y MEDIOS DIGITALES
8632,8042000019,DOCTORADO EN GESTIÓN INTEGRAL DEL RIESGO APLICADO A DESASTRES
8633,7031200090,MAESTRÍA EN ESTUDIOS INTERCULTURALES (MEI)
8634,7031400042,MAESTRÍA EN ECONOMÍA SOCIAL Y SOLIDARIA (MESS)
8635,6031000014,ESPECIALIDAD EN PRÁCTICAS DE CRIANZA
8636,7011300057,"MAESTRÍA EN INTERVENCIONES SISTÉMICAS, EDUCATIVAS Y FAMILIARES"
8637,6031200017,ESPECIALIDAD EN MEDIACIÓN FAMILIAR SISTÉMICA
8638,6031500028,ESPECIALIDAD EN PREVENCIÓN Y TRATAMIENTO DE LA VIOLENCIA FAMILIAR
8639,6011100032,ESPECIALIDAD EN ORIENTACIÓN PEDAGÓGICA SISTÉMICA
8640,7012000104,MAESTRÍA EN EDUCACIÓN EN EL ÁREA DE DOCENCIA Y GESTIÓN
8641,7011200128,MAESTRÍA EN EDUCACIÓN EN EL ÁREA DE INNOVACIÓN EDUCATIVA
8642,7033100395,MAESTRÍA EN DERECHOS HUMANOS EN EL SISTEMA JURÍDICO MEXICANO
8643,7042200056,MAESTRÍA EN GESTIÓN DE LA HOPITALIDAD
8644,6033200032,"ESPECIALIDAD EN GRAFOSCOPÍA, DACTILOSCOPÍA Y DOCUMENTOSCOPÍA"
8645,7041400086,MAESTRÍA EN AUDITORÍA Y EVALUACIÓN GUBERNAMENTAL
8646,7042200057,MAESTRÍA EN GESTIÓN DE LA HOSPITALIDAD
8647,6033100181,"ESPECIALIDAD EN DERECHOS HUMANOS DE NIÑAS, NIÑOS Y ADOLESCENTES"
8648,7042100379,MAESTRÍA EN COACHING Y DESARROLLO ORGANIZACIONAL
8649,7041100119,MAESTRÍA EN NEGOCIOS Y GESTIÓN DEL TURISMO
8650,6033100182,ESPECIALIDAD EN DERECHO PROCESAL FISCAL
8651,7052200023,MAESTRÍA EN METABOLISMO REDOX
8652,8042100049,DOCTORADO EN INNOVACIÓN PARA EL HÁBITAT SUSTENTABLE
8653,7022300036,MAESTRÍA EN ESTUDIOS EN LITERACIDAD
8654,7022300037,MAESTRÍA EN ESTUDIOS CRÍTICOS DEL LENGUAJE
8655,7042100380,MAESTRÍA EN DIRECCIÓN Y GESTIÓN DEL TALENTO HUMANO
8656,7062000022,MAESTRÍA EN TRANSFORMACIÓN DIGITAL E INDUSTRIAS 4.0
8657,7041200161,MAESTRÍA EN CONSULTORÍA DE IMAGEN
8658,6041200053,ESPECIALIDAD EN MERCADOTECNIA INTEGRAL
8659,8042500027,DOCTORADO EN LIDERAZGO Y DIRECCIÓN DE INSTITUCIONES EDUCATIVAS
8660,6011200024,ESPECIALIDAD EN PROCESOS EDUCATIVOS VIRTUALES
8661,7022100019,MAESTRÍA EN ESTUDIOS DE LA FE Y LAS RELIGIONES
8662,6101500021,ESPECIALIDAD EN GASTRONOMÍA EQUILIBRADA Y SALUDABLE
8663,7042400056,MAESTRÍA EN ADMINISTRACIÓN DE OBRA
8664,7031500076,"MAESTRÍA EN TRABAJO SOCIAL CON TERMINALES EN LAS ÁREAS DE: JURÍDICA, DESARROLLO HUMANO, DESARROLLO COMUNITARIO Y FAMILIAR"
8665,7031000065,MAESTRÍA EN DESARROLLO HUMANO Y BIENESTAR SUSTENTABLE
8666,7033100396,MAESTRÍA EN DERECHO Y FISCALIZACIÓN AMBIENTAL
8667,7042500168,MAESTRÍA EN GESTIÓN Y ADMINISTRACIÓN DE HOSPITALES
8668,7042100381,MAESTRÍA EN GERENCIA DE VENTAS
8669,8042000020,"DOCTORADO EN CIENCIAS CON TERMINALES EN LAS ÁREAS DE: CALIDAD CLÍNICA HOSPITALARIA, INNOVACIÓN EMPRESARIAL Y FINANZAS"
8670,6011000018,ESPECIALIDAD PARA LA ATENCIÓN A LA DIVERSIDAD
8671,7011000084,MAESTRÍA PARA LA ATENCIÓN A LA DIVERSIDAD CULTURAL
8672,6104100016,ESPECIALIDAD EN SEGURIDAD PÚBLICA EN INTELIGENCIA
8673,6104100017,ESPECIALIDAD EN SEGURIDAD PÚBLICA EN CIBERSEGURIDAD
8674,7104100028,MAESTRÍA EN SEGURIDAD PÚBLICA CON ACENTUACIÓN EN CIBERSEGURIDAD 
8675,7104100029,MAESTRÍA EN SEGURIDAD PÚBLICA CON ACENTUACIÓN EN INTELIGENCIA
8676,7042300077,MAESTRÍA EN ADMINISTRACIÓN PÚBLICA E INNOVACIÓN GUBERNAMENTAL
8677,7011000085,MAESTRÍA EN EDUCACIÓN EMOCIONAL
8678,6061300031,ESPECIALIDAD EN CIENCIA DE DATOS
8679,7073100119,MAESTRÍA EN DERECHO DEL ORDENAMIENTO Y DESARROLLO TERRITORIAL
8680,8031200040,DOCTORADO EN ESTUDIOS DE GÉNERO
8681,7094100017,MAESTRÍA EN FISIOTERAPIA PARA EL MANEJO DEL DOLOR
8682,7101100037,MAESTRÍA EN ENTRENAMIENTO DE ALTA COMPETENCIA
8683,8033100069,DOCTORADO EN DERECHO PROCESAL PENAL
8684,8031100047,DOCTORADO EN CIENCIAS DEL COMPORTAMIENTO SALUDABLE
8685,6094100009,ESPECIALIDAD EN FISIOTERAPIA DERMATOFUNCIONAL
8686,6094100010,ESPECIALIDAD EN TERAPIA MANUAL OSTEOPÁTICA
8687,7071700037,MAESTRÍA EN PROCESOS LABORALES Y ORGANIZACIONAL
8688,7031300112,MAESTRÍA EN CONSULTORÍA POLÍTICA
8689,6011100033,ESPECIALIDAD EN ESTRATEGIAS METODOLÓGICAS PARA ABATIR LOS PROBLEMAS DE LECTURA Y ESCRITURA
8690,6011100034,"ESPECIALIDAD EN AULAS INCLUSIVAS, DOCENTES INTERVENTORES"
8691,7041200162,MAESTRÍA EN MARKETING Y COMUNICACIÓN DIGITAL
8692,8031000020,DOCTORADO EN PSICOLOGÍA DEL DEPORTE 
8693,8031100048,DOCTORADO EN PSICOLOGÍA EDUCATIVA
8694,6041400031,ESPECIALIDAD EN CONTABILIDAD DE LOS GOBIERNOS
8695,6041300028,ESPECIALIDAD EN FINANZAS DE LOS GOBIERNOS LOCALES
8696,7041400087,MAESTRÍA EN CONTABILIDAD DE LOS GOBIERNOS
8697,7041300072,MAESTRÍA EN FINANZAS DE LOS GOBIERNOS LOCALES
8698,6042100100,ESPECIALIDAD EN PLANEACIÓN Y ORGANIZACIÓN DE EVENTOS
8699,7062000023,MAESTRÍA EN INDUSTRIA 4.0
8700,7102100015,MAESTRÍA EN LOGÍSTICA Y TRANSPORTE
8701,7041000032,MAESTRÍA EN GERENCIA COMERCIAL Y VENTAS
8702,7051000018,MAESTRÍA EN GESTIÓN AMBIENTAL Y EFICIENCIA ENERGÉTICA
8703,7012000105,MAESTRÍA EN ATENCIÓN A LAS NECESIDADES EDUCATIVAS DEL DESARROLLO
8704,7041100120,MAESTRÍA EN NEGOCIOS INTERNACIONALES Y COMERCIO EXTERIOR
8705,7061100035,MAESTRÍA EN CIENCIAS COMPUTACIONALES Y MATEMÁTICAS APLICADAS
8706,7071100028,"MAESTRÍA EN DISEÑO INDUSTRIAL, INNOVACIÓN Y DESARROLLO DEL PRODUCTO"
8707,7041200163,MAESTRÍA EN COMUNICACIÓN Y MARKETING POLÍTICO
8708,7011000086,MAESTRÍA EN MÉTODOS DE ENSEÑANZA EN EDUCACIÓN PERSONALIZADA
8709,7061000018,MAESTRÍA EN DIRECCIÓN Y GESTIÓN DE TECNOLOGÍAS DE LA INFORMACIÓN
8710,7053100025,"MAESTRÍA EN DIDÁCTICA DE LA CIENCIA, TECNOLOGÍA, INGENIERÍA Y MATEMÁTICAS"
8711,7042100382,MAESTRÍA EN ADMINISTRACIÓN DE ALTA DIRECCIÓN
8712,7033100397,MAESTRÍA EN AMPARO FISCAL
8713,7033100398,MAESTRÍA EN CUMPLIMIENTO NORMATIVO PENAL EMPRESARIAL
8714,7033100399,MAESTRÍA EN DERECHO PROCESAL LABORAL
8715,7033100400,MAESTRÍA EN DIRECCIÓN Y ADMINISTRACIÓN DE CENTROS PENITENCIARIOS
8716,7042100383,MAESTRÍA EN GESTIÓN DEL RIESGO EMPRESARIAL
8717,7104100030,MAESTRÍA EN INTELIGENCIA POLICIAL Y SEGURIDAD PÚBLICA
8718,7042100384,MAESTRÍA EN MIGRACIÓN
8719,7104100031,MAESTRÍA EN PREVENCIÓN Y COMBATE CONTRA LAS OPERACIONES CON RECURSOS DE PROCEDENCIA ILÍCITA
8720,7033100401,MAESTRÍA EN DERECHO PROCESAL MILITAR EN EL SISTEMA PENAL ACUSATORIO
8721,8042300013,DOCTORADO EN BUEN GOBIERNO Y GESTIÓN PÚBLICA
8722,7012604084,MAESTRÍA EN DOCENCIA DE LA LENGUA Y LITERATURA ESPAÑOLA
8723,7012604085,MAESTRÍA EN EDUCACIÓN Y LETRAS
8724,7011200129,MAESTRÍA EN EDUCACIÓN Y DESARROLLO FORMATIVO
8725,6011000019,ESPECIALIDAD EN EDUCACIÓN INCLUSIVA
8726,7051300089,MAESTRÍA EN SISTEMAS DE GESTIÓN AMBIENTAL
8727,7042100385,MAESTRÍA EN GESTIÓN DE RIESGO EMPRESARIAL
8728,6033100183,ESPECIALIDAD EN DERECHO NOTARIAL Y REGISTRAL
8729,7042100386,MAESTRÍA EN ALTA DIRECCIÓN E INTELIGENCIA COMPETITIVA
8730,7033100402,MAESTRÍA EN JUSTICIA PARA ADOLESCENTES
8731,7033100403,MAESTRÍA EN ANTICORRUPCIÓN Y SISTEMA DE JUSTICIA
8732,8033100070,DOCTORADO EN JUSTICIA PARA ADOLESCENTES
8733,8033100071,DOCTORADO EN CUMPLIMIENTO NORMATIVO PENAL EMPRESARIAL
8734,8104100005,DOCTORADO EN FUNCIÓN POLICIAL
8735,8042100050,DOCTORADO EN MIGRACIÓN
8736,7011400061,MAESTRÍA EN EDUCACIÓN CON TECNOLOGÍAS DEL APRENDIZAJE Y CONOCIMIENTO EN ENTORNOS VIRTUALES
8737,7012602010,MAESTRÍA EN EDUCACIÓN MUSICAL CON ÉNFASIS EN DIRECCIÓN CORAL
8738,8091345020,DOCTORADO EN INVESTIGACIÓN QUÍMICO BIOLÓGICA
8739,7095200018,MAESTRÍA EN BIOMÉDICA TRASLACIONAL
8740,8092100002,DOCTORADO EN CIENCIAS DE LA ENFERMERÍA
8741,7093100008,MAESTRÍA EN INVESTIGACIÓN ODONTOLÓGICA
8742,7101100038,MAESTRÍA EN GESTIÓN DE ENTIDADES DEPORTIVAS
8743,7042100387,MAESTRÍA EN GESTIÓN Y DESARROLLO DEL TALENTO HUMANO
8744,7042100388,MAESTRÍA EN COACHING EMPRESARIAL
8745,7011100084,MAESTRÍA EN PEDAGOGÍA PÓLITICA Y ADMINISTRACIÓN EDUCATIVA
8746,8011100026,DOCTORADO EN PEDAGOGÍA MODERNA
8747,6011200025,ESPECIALIDAD EN INNOVACIÓN Y TECNOLOGÍA EDUCATIVA
8748,6042100101,ESPECIALIDAD EN GESTIÓN DE PROYECTOS DE ARQUITECTURA Y URBANISMO
8749,7061300051,MAESTRÍA EN CIENCIAS DE DATOS APLICADA A LA INTELIGENCIA DE NEGOCIOS
8750,7042000123,MAESTRÍA EN COMPETENCIAS PROFESIONALES DE PROYECTOS
8751,7051300090,MAESTRÍA EN PROYECTOS DE GESTIÓN AMBIENTAL
8752,7042100389,"MAESTRÍA EN GESTIÓN INTEGRADA AL MEDIO AMBIENTE, CALIDAD Y PREVENCIÓN"
8753,7031100270,MAESTRÍA EN PSICOLOGÍA CRIMINAL CON ENFOQUE EN PSICOLOGÍA FORENSE
8754,7061300052,MAESTRÍA EN TRANSFORMACIÓN DIGITAL
8755,7041200164,MAESTRÍA EN MARKETING DIGITAL Y BIG DATA
8756,7101100039,MAESTRÍA EN ENTRENAMIENTO DEPORTIVO EN FUTBOL
8757,7101100040,MAESTRÍA EN ENTRENAMIENTO DEPORTIVO EN BALONCESTO
8758,6042100102,ESPECIALIDAD EN COACHING ORGANIZACIONAL
8759,7011200130,MAESTRÍA EN PEDAGOGÍA POLÍTICA Y ADMINISTRACIÓN EDUCATIVA
8760,7033100404,MAESTRÍA EN DERECHO PENAL CON ESPECIALIDAD EN JUICIOS ORALES
8761,7042500169,MAESTRÍA EN GERENCIA DE INSTITUCIONES DE SALUD
8762,7095600064,MAESTRÍA EN EDUCACIÓN MÉDICA CONTEMPORÁNEA
8763,7011200131,MAESTRÍA EN INNOVACIÓN EDUCATIVA Y HERRAMIENTAS DE COGNICIÓN
8764,7033100405,MAESTRÍA EN DERECHO APLICADO A INDUSTRIAS TECNOLÓGICAS
8765,6051300013,ESPECIALIDAD EN ESTRATEGIAS PARA CONFLICTOS SOCIOAMBIENTALES
8766,6011000020,ESPECIALIDAD EN PRÁCTICAS NARRATIVAS EN CONTEXTOS EDUCATIVOS
8767,6042000021,ESPECIALIDAD EN LIDERAZGO DIRECTIVO Y GESTIÓN EMPRESARIAL
8768,7012000106,MAESTRÍA EN EDUCACIÓN Y DOCENCIA BASADA EN COMPETENCIAS Y GESTIÓN EN TECNOLOGÍA EDUCATIVA
8769,6031300029,ESPECIALIDAD EN DERECHOS HUMANOS Y GARANTÍAS
8770,6033100184,ESPECIALIDAD EN DERECHO PROCESAL CONSTITUCIONAL
8771,6041100062,ESPECIALIDAD EN VALUACIÓN EN NEGOCIOS EN MARCHA  
8772,6033100185,Especialidad en Derecho Mexicano
8773,6033100186,ESPECIALIDAD EN DERECHO DE LA SEGURIDAD NACIONAL 
8774,6033100187,ESPECIALIDAD EN DERECHO AMBIENTAL Y MINERÍA
8775,6033100188,ESPECIALIDAD EN AUDITORÍA LEGAL  
8776,6042000022,ESPECIALIDAD EN COMPETENCIA ECONÓMICA
8777,6041400032,ESPECIALIDAD EN CUMPLIMIENTO FISCAL DE LA UNIDAD DE INTELIGENCIA FINANCIERA 
8778,7042100390,"MAESTRÍA EN ALTA DIRECCIÓN, DESARROLLO HUMANO Y COACHING INTEGRAL"
8779,7031400043,MAESTRÍA EN BIOECONOMÍA
8780,7042500170,MAESTRÍA EN DIRECCIÓN Y ADMINISTRACIÓN HOSPITALARIA
8781,7094000011,MAESTRÍA EN DIDÁCTICA Y MOTRICIDAD INFANTIL
8782,6033200033,ESPECIALIDAD EN BALÍSTICA TÉCNICA Y FORENSE
8783,6033200034,"ESPECIALIDAD EN GRAFOSCOPÍA, DOCUMENTOSCOPÍA Y LOFOSCOPÍA"
8784,6033200035,ESPECIALIDAD EN INVESTIGACIÓN Y RECONSTRUCCIÓN DE LA ESCENA DEL CRIMEN
8785,6033200036,ESPECIALIDAD EN PERFILACIÓN CRIMINAL
8786,6033200037,ESPECIALIDAD EN INVESTIGACIÓN CRIMINAL
8787,7101100041,MAESTRÍA EN CIENCIAS DE LA ACTIVIDAD FÍSICA Y DEL DEPORTE
8788,8101100009,DOCTORADO EN PSICOLOGÍA DE LA ACTIVIDAD FÍSICA Y DEL DEPORTE
8789,8022600020,DOCTORADO EN BIOÉTICA CON FORMACIÓN EN DERECHOS HUMANOS
8790,7012603021,MAESTRÍA EN ENSEÑANZA DE LENGUAS EXTRANJERAS
8791,8011000028,DOCTORADO EN HUMANIDADES CON OPCIÓN TERMINAL EN EDUCACIÓN
8792,6041200054,ESPECIALIDAD EN MARKETING DIGITAL
8793,6022200013,ESPECIALIDAD EN DOCENCIA DEL ESPAÑOL COMO LENGUA EXTRANJERA
8794,8033100072,DOCTORADO EN DERECHO Y PROCEDIMIENTOS ORALES
8795,7052100027,MAESTRÍA EN ASTROBIOLOGÍA
8796,7072400022,MAESTRÍA EN INGENIERÍA PETROLERA Y MEDIO AMBIENTE
8797,7032100053,MAESTRÍA EN PERIODISMO AMBIENTAL
8798,8051300043,DOCTORADO EN ECOLOGÍA Y GESTIÓN AMBIENTAL
8799,6033100189,ESPECIALIDAD EN JUICIOS ORALES EN MATERIA PENAL
8800,8033100073,DOCTORADO EN PROCESO PENAL ACUSATORIO
8801,6033100190,ESPECIALIDAD EN JUICIOS ORALES EN MATERIA CIVIL Y MERCANTIL
8802,6033100191,ESPECIALIDAD EN JUICIOS ORALES EN MATERIA FAMILIAR
8803,8033200010,DOCTORADO EN CRIMINOLOGÍA Y CRIMINALÍSTICA EN EL SISTEMA PENAL ACUSATORIO
8804,6031100094,ESPECIALIDAD EN PSICOLOGÍA FORENSE Y JURÍDICA
8805,6091302005,ESPECIALIDAD EN ANGIOLOGÍA Y CIRUGÍA VASCULAR Y ENDOVASCULAR
8806,7011400062,MAESTRÍA EN EDUCACIÓN Y TECNOLOGÍA DIGITAL
8807,8011200064,DOCTORADO EN EDUCACIÓN E INNOVACIÓN
8808,8031300031,DOCTORADO EN GOBERNANZA DE SOCIEDADES COMPLEJAS
8809,7042100391,MAESTRÍA EN CIENCIAS EMPRESARIALES Y ADMINISTRACIÓN PÚBLICA
8810,7011200132,MAESTRÍA EN INNOVACIÓN DOCENTE Y GESTIÓN EDUCATIVA
8811,7104100032,MAESTRÍA EN SEGURIDAD Y POLÍTICAS PÚBLICAS
8812,7101500019,MAESTRÍA EN REPOSTERÍA Y PANADERÍA
8813,8011300008,DOCTORADO EN INTERVENCIÓN E INNOVACIÓN EDUCATIVA
8814,8071600011,DOCTORADO EN HÁBITAT Y SUSTENTABILIDAD
8815,7041200165,MAESTRÍA EN MERCADOTECNIA DIGITAL Y ANALÍTICA DE CLIENTES
8816,7031300113,MAESTRÍA EN POLÍTICA Y ANALÍTICA PÚBLICAS
8817,7042100392,MAESTRÍA EN GESTIÓN DE LA INNOVACIÓN
8818,7101500020,MAESTRÍA EN GASTRODIPLOMACIA Y GASTRONOMÍA MEXICANA
8819,6091332009,ESPECIALIDAD EN BRONCOSCOPÍA INTERVENCIONISTA
8820,6091307004,ESPECIALIDAD EN CIRUGÍA NEUROLÓGICA
8821,6091309006,"ESPECIALIDAD EN CIRUGÍA PLÁSTICA, ESTÉTICA Y RECONSTRUCTIVA"
8822,6091342024,ESPECIALIDAD EN ENDOSCOPÍA DEL APARATO DIGESTIVO
8823,6091335010,ESPECIALIDAD EN GLAUCOMA
8824,6091318004,ESPECIALIDAD EN INFECTOLOGÍA DE ADULTOS
8825,6091334007,ESPECIALIDAD EN NEUROLOGÍA DE ADULTOS
8826,6093201007,ESPECIALIDAD EN REHABILITACIÓN ORAL Y MAXILOFACIAL
8827,8022300016,DOCTORADO EN LITERATURA Y CRÍTICA JURÍDICA CONTEMPORÁNEA
8828,7041300073,MAESTRÍA EN ADMINISTRACIÓN DEL GASTO PÚBLICO
8829,7042100393,MAESTRÍA EN DIRECCIÓN E INNOVACIÓN DE EMPRESAS DE ECONOMÍA SOCIAL
8830,7042200058,"MAESTRÍA EN GESTIÓN DE EVENTOS, BANQUETES, GRUPOS Y CONVENCIONES"
8831,8042500028,DOCTORADO EN DIRECCIÓN ESTRATÉGICA DE INSTITUCIONES DEL SECTOR SALUD
8832,7042200059,MAESTRÍA EN ADMINISTRACIÓN DE EMPRESAS DEL ENTRETENIMIENTO Y ESPARCIMIENTO
8833,7041300074,MAESTRÍA EN FINANZAS Y NEGOCIOS
8834,8011200065,DOCTORADO EN DESARROLLO E INNOVACIÓN DE INSTITUCIONES EDUCATIVAS
8835,7042100394,MAESTRÍA EN ALTA DIRECCIÓN INDUSTRIAL
8836,7101100042,MAESTRÍA EN READAPTACIÓN A LA ACTIVIDAD FÍSICA Y LA COMPETICIÓN DEPORTIVA
8837,7033100406,MAESTRÍA EN SISTEMA PENAL ACUSATORIO Y JUICIOS ORALES
8838,7073100120,MAESTRÍA EN ESTRUCTURAS ARQUITECTÓNICAS
8839,6095500002,ESPECIALIDAD EN LENTES DE CONTACTO
8840,8033100074,"DOCTORADO EN CIENCIAS JURÍDICAS, POLÍTICA Y GOBIERNO"
8841,8022600021,DOCTORADO EN FILOSOFÍA SOCIAL
8842,7032100054,MAESTRÍA EN DIRECCIÓN DE LA COMUNICACIÓN ESTRATÉGICA Y LA INNOVACIÓN
8843,7033100407,MAESTRÍA EN DERECHO ADMINISTRATIVO Y GESTIÓN PÚBLICA
8844,6042100103,ESPECIALIDAD EN INNOVACIÓN GUBERNAMENTAL EN LA GESTIÓN PARA RESULTADOS
8845,7081100095,MAESTRÍA EN AGRICULTURA SUSTENTABLE Y DE PRECISIÓN
8846,7033200068,MAESTRÍA EN INVESTIGACIÓN Y EVALUACIÓN CRIMINAL Y FORENSE
8847,7095200019,MAESTRÍA EN BIOMEDICINA TRASLACIONAL
8848,7101100043,MAESTRÍA EN EDUCACIÓN Y ALTA DIRECCIÓN DEPORTIVA
8849,7022400008,MAESTRÍA EN KU’AYUUJK: COMUNALINGÜÍSTICA MIXE
8850,7041200166,MAESTRÍA EN MARKETING DIGITAL Y COMUNICACIÓN ESTRATÉGICA
8851,7042100395,MAESTRÍA EN LOGISTICA GLOBAL Y CADENA DE SUMINISTROS
8852,7042100396,MAESTRÍA EN MARKETING Y GESTIÓN TURÍSTICA
8853,6022600012,ESPECIALIDAD EN FILOSOFÍA Y ÉTICA DE LA INNOVACIÓN
8854,6011400018,ESPECIALIDAD EN TECNOLOGÍA DE LA INNOVACIÓN EDUCATIVA
8855,6041100063,ESPECIALIDAD EN DISEÑO Y EVALUACIÓN DE PROYECTOS DE INVERSIÓN DE AGRONEGOCIOS
8856,8071700008,DOCTORADO EN INGENIERÍA EN TECNOLOGÍAS EMERGENTES
8857,6012701007,ESPECIALIDAD EN DESARROLLO DE LA INFANCIA Y ADOLESCENCIA
8858,7071100029,MAESTRÍA EN DISEÑO INDUSTRIAL Y PRODUCCIÓN
8859,7071100030,MAESTRÍA EN DISEÑO Y PRODUCCIÓN INDUSTRIAL
8860,7012601022,MAESTRÍA EN EDUCACIÓN DEPORTIVA
8861,7071100031,MAESTRÍA EN MANTENIMIENTO INDUSTRIAL
8862,7012701010,MAESTRÍA EN ORIENTACIÓN Y DESARROLLO DE LA INFANCIA Y ADOLESCENCIA
8863,7041200167,MAESTRÍA EN PUBLICIDAD Y MARKETING DIGITAL
8864,8011200066,DOCTORADO EN CIENCIAS POR INVESTIGACIÓN
8865,6095600010,ESPECIALIDAD EN SALUD MATERNO INFANTIL
8866,7071400019,MAESTRÍA EN TECNOLOGÍA DEL PETRÓLEO Y FLUIDOS DE PERFORACIÓN
8867,7051200037,MAESTRÍA EN CIENCIAS EN BIOTECNOLOGÍA APLICADA
8868,7042100397,MAESTRÍA EN EMPRENDIMIENTO E INNOVACIÓN EMPRESARIAL
8869,8011200067,DOCTORADO EN DOCENCIA E INVESTIGACIÓN SOCIAL
8870,7011200133,MAESTRÍA EN MEDIACIÓN ARTÍSTICA INTERDISCIPLINARIA
8871,7093206005,MAESTRÍA EN REHABILITACIÓN BUCAL
8872,7012000107,MAESTRÍA EN EDUCACIÓN PARA LA INNOVACIÓN DE LA PRÁCTICA DOCENTE
8873,6033100192,ESPECIALIDAD EN DERECHO FISCAL Y DE LA EMPRESA
8874,6031500029,ESPECIALIDAD EN PREVENCIÓN DE VIOLENCIA FAMILIAR
8875,6091341007,ESPECIALIDAD EN SALUD MENTAL Y PSIQUIATRÍA
8876,7033100408,MAESTRÍA EN ANTICORRUPCIÓN Y SISTEMA DE JUSTICIA PENAL
8877,7033100409,MAESTRÍA EN DERECHO CIVIL CORPORATIVO
8878,7071200051,MAESTRÍA EN ENERGÍA SOLAR
8879,7042100398,MAESTRÍA EN ADMINISTRACIÓN DE NEGOCIOS Y GESTIÓN DEL TALENTO
8880,7042100399,MAESTRÍA EN ADMINISTRACIÓN DE NEGOCIOS Y MERCADOTECNIA
8881,7042000124,MAESTRÍA EN ADMINISTRACIÓN DE NEGOCIOS Y TURISMO
8882,7053200015,MAESTRÍA EN BIOESTADÍSTICA Y POLÍTICAS PÚBLICAS
8883,7033200069,MAESTRÍA EN DERECHO Y CRIMINOLOGÍA
8884,7033100410,MAESTRÍA EN DERECHO Y PROCESO PENAL ACUSATORIO
8885,7042000125,MAESTRÍA EN DESARROLLO EMPRESARIAL SOSTENIBLE
8886,7011000087,MAESTRÍA EN EDUCACIÓN Y DIRECCIÓN DE INSTITUCIONES EDUCATIVAS
8887,7011200134,MAESTRÍA EN EDUCACIÓN Y EVALUACIÓN EDUCATIVA
8888,7011300058,MAESTRÍA EN EDUCACIÓN Y NECESIDADES ESPECIALES
8889,7041100121,MAESTRÍA EN ADMINISTRACIÓN DE NEGOCIOS (MBA)
8890,7033200070,MAESTRÍA EN CRIMINOLOGÍA FORENSE Y PERFILACIÓN CRIMINAL
8891,7042100400,MAESTRÍA EN INNOVACIÓN EN LA CADENA DE SUMINISTRO Y LOGÍSTICA INTERNACIONAL
8892,6073100034,ESPECIALIDAD EN ACCESIBILIDAD UNIVERSAL EN LA ARQUITECTURA Y LA CIUDAD
8893,7042300078,MAESTRÍA EN GESTIÓN Y POLÍTICAS METROPOLITANAS
8894,7071500026,MAESTRÍA EN ELECTRIFICACIÓN AUTOMOTRIZ
8895,8042100051,DOCTORADO EN INNOVACIÓN Y SUSTENTABILIDAD EN LOS NEGOCIOS
8896,7052300035,MAESTRÍA EN GEOLOGÍA
8897,8052300021,DOCTORADO EN GEOLOGÍA
8898,7011200135,MAESTRÍA EN POLÍTICAS EDUCATIVAS
8899,7011000088,MAESTRÍA EN EDUCACIÓN GESTALT HUMANISTA
8900,6021600017,ESPECIALIDAD EN DISEÑO Y DESARROLLO DE EQUIPAMIENTO
8901,8052200023,DOCTORADO EN CIENCIA DE BIOMATERIALES SUSTENTABLES
8902,7012500040,MAESTRÍA EN EDUCACIÓN EL ÁREA DE ENSEÑANZA SUPERIOR
8903,7011100085,MAESTRÍA EN EDUCACIÓN EL ÁREA DE DESARROLLO CURRICULAR
8904,7011200136,MAESTRÍA EN EDUCACIÓN EL ÁREA DE GESTIÓN EDUCATIVA
8905,7012500041,MAESTRÍA EN EDUCACIÓN EN EL ÁREA DE ENSEÑANZA SUPERIOR
8906,7011100086,MAESTRÍA EN EDUCACIÓN EN EL ÁREA DE DESARROLLO CURRICULAR
8907,7011200137,MAESTRÍA EN EDUCACIÓN EN EL ÁREA DE GESTIÓN EDUCATIVA
8908,8031300032,DOCTORADO EN POLÍTICAS PÚBLICAS Y COHESIÓN SOCIAL
8909,8042100052,DOCTORADO EN INNOVACIÓN Y GESTIÓN DE LA RESPONSABILIDAD SOCIAL
8910,7033100411,MAESTRÍA EN CIENCIAS DEL DERECHO Y LA CRIMINALÍSTICA
8911,8011200068,DOCTORADO EN DESARROLLO EDUCATIVO E INTERVENCIÓN PEDAGÓGICA
8912,6042100104,ESPECIALIDAD EN PEQUEÑAS Y MEDIANAS EMPRESAS
8913,7031100271,MAESTRÍA EN PSICOTERAPIA CON UN ENFOQUE PSICOANALÍTICO
8914,6022600013,ESPECIALIDAD EN EL RECONOCIMIENTO DE LAS EMOCIONES Y SU ENSEÑANZA EN LA ESCUELA
8915,6012400005,ESPECIALIDAD EN DOCENCIA DE LA HISTORIA
8916,7101100044,MAESTRÍA EN ACTIVIDAD FÍSICA PARA LA SALUD
8917,6012602004,ESPECIALIDAD EN EDUCACIÓN MUSICAL
8918,7062200081,MAESTRÍA EN GESTIÓN DE LA INFORMACIÓN EN ENTORNOS DIGITALES
8919,6031100095,ESPECIALIDAD EN PSICOLOGÍA CLÍNICA Y SALUD MENTAL
8920,6021400016,ESPECIALIDAD EN CINEMATOGRAFÍA (PRODUCCIÓN AUDIOVISUAL)
8921,7012500042,MAESTRÍA EN DOCENCIA UNIVERSITARIA PARA LA EDUCACIÓN DIGITAL
8922,8053100012,DOCTORADO EN CIENCIAS CON ESPECIALIDAD MATEMÁTICA EDUCATIVA
8923,7011200138,MAESTRÍA EN DESARROLLO EDUCATIVO E INVESTIGACIÓN
8924,8072100014,DOCTORADO EN CIENCIAS: PRODUCTOS NATURALES Y ALIMENTOS
8925,7042100401,MAESTRÍA EN ADMINISTRACIÓN DE NEGOCIOS Y DESARROLLO SOSTENIBLE
8926,7033100412,MAESTRÍA EN DERECHO PROCESAL Y CIVIL
8927,6042100105,ESPECIALIDAD EN ADMINISTRACIÓN DE NEGOCIOS EN ENTORNOS VIRTUALES
8928,7051300091,MAESTRÍA EN APROVECHAMIENTO SOSTENIBLE DE LOS RECURSOS NATURALES
8929,8042100053,DOCTORADO EN MANAGEMNT OGANIZACIONAL
8930,6033100193,ESPECIALIDAD EN EL NUEVO SISTEMA PENAL ACUSATORIO
8931,8031300033,DOCTORADO EN POLÍTICA EDUCATIVA Y DESARROLLO SOCIAL
8932,7081300009,MAESTRÍA TECNOLÓGICA EN MANEJO SUSTENTABLE DE BOSQUES
8933,7081300010,MAESTRÍA TECNOLÓGICA EN CONSERVACIÓN Y MANEJO SUSTENTABLE DE BOSQUES
8934,7031100272,MAESTRÍA EN PSICOLOGÍA ORGANIZACIONAL Y DEL TRABAJO
8935,7062200082,MAESTRÍA EN ALTA DIRECCIÓN EN SISTEMAS DE INFORMACIÓN
8936,7031200091,MAESTRÍA INTERINSTITUCIONAL EN ESTUDIOS URBANOS Y REGONALES
8937,7032100055,MAESTRÍA EN COMUNICACIÓN ORGANIZACIONAL Y MEDIOS DIGITALES
8938,7012702035,MAESTRÍA EN EDUCACIÓN ESPECIAL Y PSICOLOGÍA EDUCATIVA
8939,7042300079,MAESTRÍA EN GESTIÓN PÚBLICA Y CIENCIAS POLÍTICAS
8940,7062200083,MAESTRÍA EN TECNOLOGÍAS DE LA INFORMACIÓN Y SEGURIDAD INFORMÁTICA
8941,7041100122,MAESTRÍA EN DIRECCIÓN DE NEGOCIOS GASTRONÓMICOS Y TURÍSTICOS
8942,6032100019,ESPECIALIDAD EN COMUNICACIÓN ESTRATÉGICA EMPRESARIAL
8943,6101500022,ESPECIALIDAD EN GESTIÓN DE EMPRESAS DE ALIMENTOS Y BEBIDAS
8944,6021500021,ESPECIALIDAD EN CREACIÓN DE CONTENIDO DIGITAL
8945,6011300017,ESPECIALIDAD EN INTERVENCIÓN PSICOPEDAGÓGICA
8946,6031100096,ESPECIALIDAD EN EVALUACIÓN PSICOMÉTRICA
8947,6041400033,ESPECIALIDAD EN DEFENSA FISCAL
8948,6101600007,ESPECIALIDAD EN ORGANIZACIÓN Y LOGÍSTICA DE EVENTOS
8949,6041200055,ESPECIALIDAD EN MERCADOTECNIA POLÍTICA
8950,6091335011,ALTA ESPECIALIDAD EN SEGMENTO ANTERIOR
8951,7093203008,MAESTRÍA EN ODONTOLOGÍA INTEGRAL DEL NIÑO Y ADOLESCENTE
8952,7093206006,MAESTRÍA EN REHABILITACIÓN ORAL AVANZADA
8953,6091321010,SUBESPECIALIDAD EN MEDICINA DEL ENFERMO EN ESTADO CRÍTICO
8954,7062200084,MAESTRÍA EN DIRECCIÓN ADMINISTRATIVA PARA ENTORNOS DIGITALES
8955,7033100413,MAESTRÍA EN CLÍNICA EN DERECHO PROCESAL
8956,7011400063,MAESTRÍA EN CIENCIAS DE LA EDUCACIÓN Y COMPETENCIAS DIGITALES
8957,7042200060,MAESTRÍA EN GESTIÓN Y DESARROLLO DE PRODUCTOS Y EXPERIENCIAS TURÍSTICAS INNOVADORAS
8958,7012000108,MAESTRÍA EN DOCENCIA ON LINE
8959,8042100054,DOCTORADO EN ADMINISTRACIÓN DE NEGOCIOS DBA
8960,7042500171,MAESTRÍA EN ADMINISTRACIÓN AGROPECUARIA Y DESARROLLO SUSTENTABLE
8961,7081100096,MAESTRÍA EN CIENCIAS EN PRODUCCIÓN ANIMAL EN CLIMAS CÁLIDOS
8962,7081100097,MAESTRÍA EN CIENCIAS EN AGROBIOTECNOLOGÍA EN ZONAS ÁRIDAS
8963,7062200085,MAESTRÍA EN GESTIÓN DE TECNOLOGÍAS DE LA INFORMACIÓN Y LA COMUNICACIÓN
8964,7041300075,MAESTRÍA EN INTELIGENCIA FINANCIERA
8965,7094200033,MAESTRÍA EN CIENCIAS DE LA NUTRICIÓN
8966,8033100075,DOCTORADO EN DERECHO PENAL E INVESTIGACIÓN JURÍDICA
8967,7011200139,MAESTRÍA EN ADMINISTRACIÓN Y GESTIÓN ESCOLAR
8968,6041300029,ESPECIALIDAD EN ADMINISTRACIÓN Y FINANZAS
8969,7033100414,MAESTRÍA EN DERECHO PROCESAL CIVIL Y FAMILIAR
8970,8042400003,DOCTORADO EN GESTIÓN DE LA INGENIERÍA
8971,6031100097,"ESPECIALIDAD EN ESTUDIOS DE GÉNERO, MASCULINIDADES Y DIVERSIDAD"
8972,7021200015,"MAESTRÍA EN TEORÍA Y PRÁCTICA DE LAS ARTES ESCÉNICAS: ARTE DRAMÁTICO, DANZA Y MÚSICA"
8973,7101500021,MAESTRÍA EN CIENCIAS DE LA GASTRONOMÍA MEXICANA
8974,8101500001,DOCTORADO EN CIENCIAS DE LA GASTRONOMÍA MEXICANA
8975,7071600033,MAESTRÍA EN INGENIERÍA INDUSTRIAL Y MEDIO AMBIENTE
8976,7011400064,MAESTRÍA EN CIENCIAS DE LA EDUCACIÓN CON ACENTUACIÓN EN TECNOLOGÍA EDUCATIVA
8977,7011200140,MAESTRÍA EN CIENCIAS DE LA EDUCACIÓN CON ACENTUACIÓN EN GESTIÓN Y LIDERAZGO EN INSTITUCIONES EDUCATIVAS 
8978,8073200010,DOCTORADO EN INGENIERÍA DE LA CONSTRUCCIÓN
8979,6011400019,"ESPECIALIZACIÓN EN EDUCACIÓN Y TECNOLOGÍAS: USO, APLICACIÓN Y DISEÑO"
8980,6042100106,ESPECIALIDAD EN DIRECCIÓN DE PROYECTOS LOGÍSTICOS
8981,7102100016,MAESTRÍA EN LOGÍSTICA Y MOVILIDAD
8982,7042100402,MAESTRÍA EN GESTIÓN DE LA INNOVACIÓN EN LA ORGANIZACIÓN
8983,7033100415,MAESTRÍA EN DERECHO ESTRATÉGICO
8984,7021000033,MAESTRÍA EN GESTIÓN DE LAS INDUSTRIAS CULTURALES Y CREATIVAS
8985,7033100416,MAESTRÍA EN DIRECCIÓN JURÍDICA
8986,7101100045,MAESTRÍA EN ALTO RENDIMIENTO DEPORTIVO
8987,7051300092,MAESTRÍA EN CAMBIO CLIMÁTICO Y GESTIÓN DEL TERRITORIO
8988,7012604086,MAESTRÍA EN ENSEÑANZA DE CIENCIAS SOCIALES
8989,7012604087,MAESTRÍA EN ENSEÑANZA DE LA MATEMÁTICA
8990,7012604088,MAESTRÍA EN ENSEÑANZA DE CIENCIAS NATURALES
8991,7012604089,MAESTRÍA EN ENSEÑANZA DEL ESPAÑOL
8992,8033100076,DOCTORADO EN INNOVACIÓN JURÍDICA
8993,8031100049,DOCTORADO EN NEUROCIENCIAS COGNITIVAS Y EDUCACIÓN
8994,8042300014,DOCTORADO EN GOBERNANZA ESTRATÉGICA Y CIUDADES INTELIGENTES
8995,7101600017,MAESTRÍA EN DIRECCIÓN DE EMPRESAS TURÍSTICAS
8996,7041200168,MAESTRÍA EN MARKETING DIGITAL Y E-COMMERCE
8997,6021600018,ESPECIALIDAD DE DISEÑO Y EVALUACIÓN SISTÉMICA DE PROYECTOS
8998,6051300014,ESPECIALIDAD DE RESTAURACIÓN ECOSISTÉMICA
8999,7031100273,MAESTRÍA EN PSICOLOGÍA Y DESARROLLO ORGANIZACIONAL
9000,7021500052,MAESTRÍA EN DISEÑO EDITORIAL AVANZADO
9001,7011300059,MAESTRÍA EN ORIENTACIÓN VOCACIONAL Y DE VIDA
9002,6011000021,ESPECIALIDAD EN ESTRATEGIAS PEDAGÓGICAS PARA LA EDUCACIÓN INTERCULTURAL
9003,6012000026,ESPECIALIDAD EN INTERVENCIÓN INNOVADORA DEL DOCENTE EN SITUACIONES EMERGENTES
9004,7073100121,"MAESTRÍA EN URBANISMO, VIVIENDA Y MOVILIDAD"
9005,7073100122,MAESTRÍA EN ARQUITECTURA CON ORIENTACIÓN EN DISEÑO SUSTENTABLE
9006,7032100056,MAESTRÍA EN COMUNICACIÓN CON ORIENTACIÓN EN PUBLICIDAD Y MEDIOS DIGITALES
9007,7073100123,MAESTRÍA EN ARQUITECTURA Y PATRIMONIO CULTURAL
9008,7031300114,MAESTRÍA EN ASUNTOS PÚBLICOS PARA LA SUSTENTABILIDAD
9009,8021600004,DOCTORADO EN DISEÑO APLICADO
9010,7032100057,MAESTRÍA EN COMUNICACIÓN CON ORIENTACIÓN EN COMERCIO INTERNACIONAL
9011,7042100403,MAESTRÍA EN ADMINISTRACIÓN DE NEGOCIOS CON ORIENTACIÓN EN DIRECCIÓN DE VENTAS
9012,7011500036,MAESTRÍA EN CIENCIAS DE LA ENSEÑANZA
9013,7052200024,MAESTRÍA EN CIENCIAS EM MICRO Y NANOTECNOLOGÍA
9014,7012400027,MAESTRÍA EN ENSEÑANZA MEDIA SUPERIOR
9015,7095400006,MAESTRÍA EN CIENCIA Y TECNOLOGÍA DE VACUNAS Y BIOTERAPÉUTICOS
9016,8095400007,DOCTORADO EN CIENCIA Y TECNOLOGÍA DE VACUNAS Y BIOTERAPÉUTICOS
9017,6091311004,ESPECIALIDAD EN MANEJO NUTRICIO DEL SÍNDROME METABÓLICO
9018,7042400057,MAESTRÍA EN ADMINISTRACIÓN ESTRATÉGICA DE LA CALIDAD
9019,7042100404,MAESTRÍA EN ADMINISTRACIÓN Y GESTIÓN ESTRATEGICA DEL TALENTO HUMANO
9020,7033100417,MAESTRÍA EN DERECHO PROCESAL PENAL ACUSATORIO Y ADVERSARIAL
9021,7033100418,MAESTRÍA EN DERECHO CORPORATIVO Y PROTECCIÓN EMPRESARIAL
9022,7011000089,MAESTRÍA EN EDUCACIÓN Y DESARROLLO
9023,7042500172,MAESTRÍA EN DIRECCIÓN DE ORGANIZACIONES DEPORTIVAS
9024,7033100419,MAESTRÍA EN DERECHO LABORAL ORAL
9025,6071500020,ESPECIALIDAD EN INGENIERÍA AERONÁUTICA
9026,7094100018,MAESTRÍA EN FISIOTERAPIA DERMATOFUNCIONAL
9027,7012602011,MAESTRÍA EN TERAPIAS ARTÍSTICO-CREATIVAS
9028,6031500030,ESPECIALIDAD EN CONFIGURACIONES ORGANIZACIONALES
9029,6031500031,"ESPECIALIDAD EN SOCIEDAD, FAMILIA Y PAREJA"
9030,6011300018,ESPECIALIDAD EN EDUCACIÓN SISTÉMICA
9031,7011300060,MAESTRÍA EN EDUCACIÓN SISTÉMICA
9032,7041000033,MAESTRÍA EN ADMINISTRACIÓN DE NEGOCIOS CON ORIENTACIÓN EN GESTIÓN HOTELERA
9033,7032100058,MAESTRÍA EN COMUNICACIÓN EN IMAGEN PÚBLICA
9034,7031000066,MAESTRÍA EN DERECHO CON ORIENTACIÓN EN PROPIEDAD INTELECTUAL
9035,6011100035,ESPECIALIDAD EN DISEÑO DE EXPERIENCIAS
9036,6101500023,ESPECIALIDAD EN DISEÑO E INNOVACIÓN PARA ALIMENTOS
9037,6021500022,ESPECIALIDAD EN DISEÑO PARA LA INNOVACIÓN SOCIAL
9038,7022000020,MAESTRÍA EN HUMANIDADES Y CULTURA PROFESIONAL
9039,7101500022,MAESTRÍA INTERNACIONAL EN GASTRONOMÍA
9040,7011200141,MAESTRÍA EN ADMINISTRACIÓN UNIVERSITARIA
9041,7042200061,MAESTRÍA EN DESARROLLO Y GESTIÓN DE LA INDUSTRIA DEL ENTRETENIMIENTO
9042,6031300030,ESPECIALIDAD EN CULTURA DE LA PAZ
9043,6022300006,ESPECIALIDAD EN LENGUAS DE SEÑAS MEXICANA
9044,6022200014,ESPECIALIDAD EN TRADUCCIÓN E INTERPRETACIÓN DE TEXTOS INGLÉS – ESPAÑOL
9045,6101500024,"ESPECIALIDAD EN PRODUCCIÓN, COMERCIALIZACIÓN Y USOS DEL MEZCAL"
9046,7031100274,MAESTRÍA EN INCLUSIÓN SOCIAL
9047,7042100405,MAESTRÍA EN GESTIÓN ESTRATÉGICA GLOBAL DE EMPRESAS
9048,7095600065,MAESTRÍA EN EMPRENDIMIENTO DE ENTIDADES EN SALUD
9049,7042500173,MAESTRÍA EN GESTIÓN Y DIRECCIÓN DE INSTITUCIONES EDUCATIVAS
9050,7041200169,MAESTRÍA EN GESTIÓN ADMINISTRATIVA CON ENFOQUE EN MERCADOTECNIA
9051,6011200026,ESPECIALIDAD EN GESTIÓN DE LA EDUCACIÓN
9052,6062200019,ESPECIALIDAD EN ADMINISTRACIÓN DE TECNOLOGÍAS DE LA INFORMACIÓN
9053,7042100406,MAESTRÍA EN ADMINISTRACIÓN DE NEGOCIOS CON ESPECIALIZACIÓN EN INNOVACIÓN EMPRESARIAL
9054,7071200052,MAESTRÍA EN ADMINISTRACIÓN DE NEGOCIOS CON ESPECIALIZACIÓN EN ENERGÍA Y DESARROLLO SUSTENTABLE
9055,7041300076,MAESTRÍA EN ADMINISTRACIÓN DE NEGOCIOS CON ESPECIALIZACIÓN EN FINANZAS
9056,7042100407,MAESTRÍA EN ADMINISTRACIÓN DE NEGOCIOS CON ESPECIALIZACIÓN EN DIRECCIÓN DE PROYECTOS
9057,7072400023,MAESTRÍA EN ADMINISTRACIÓN DE NEGOCIOS CON ESPECIALIZACIÓN EN LA INDUSTRIA PETROLERA
9058,7095600066,MAESTRÍA EN SALUD PÚBLICA Y GERENCIA DE LOS SERVICIOS DE SALUD
9059,7073100124,MAESTRÍA EN CONSERVACIÓN DE BIENES INMUEBLES
9060,7012603022,MAESTRÍA EN LA ENSEÑANZA DEL IDIOMA INGLÉS PARA HABLANTES DE OTRAS LENGUAS (TESOL)
9061,7011500037,MAESTRÍA EN CIENCIAS EDUCATIVA CON ENFOQUE UNIVERSITARIO
9062,7042100408,MAESTRÍA EN GESTIÓN DE TALENTO HUMANO
9063,6033200038,ESPECIALIDAD EN CIENCIA FORENSE CON ÉNFASIS EN CRIMINALÍSTICA
9064,7033100420,MAESTRÍA EN PROCURACIÓN DE JUSTICIA FEDERAL
9065,7031300115,MAESTRÍA EN CONCILIACIÓN Y MEDIACIÓN DE CONFLICTOS
9066,7012000109,MAESTRÍA EN ENSEÑANZA E INNOVACIÓN EDUCATIVA
9067,7033200071,MAESTRÍA EN CIENCIAS PENALES CON ESPECIALIDAD EN EL ÁREA DE CRIMINOLOGÍA
9068,7033200072,MAESTRÍA EN CIENCIAS PENALES CON ESPECIALIZACIÓN EN CRIMINALÍSTICA
9069,6092207008,ESPECIALIDAD EN ENFERMERÍA QUIRÚRGICA PERIOPERATORIA
9070,6042500046,ESPECIALIDAD EN GESTIÓN DEL CUIDADO DE ENFERMERÍA
9071,7022600037,MAESTRÍA EN PRÁCTICAS FILOSÓFICAS
9072,7033100421,MAESTRÍA EN DERECHO PROCESAL CON ÉNFASIS EN LITIGACIÓN ORAL
9073,7095600067,MAESTRÍA EN SALUD PÚBLICA Y EPIDEMIOLOGÍA
9074,8095200011,DOCTORADO EN BIOMEDICINA (DBM)
9075,6033100194,ESPECIALIDAD EN EDUCACIÓN JURÍDICA
9076,7033100422,MAESTRÍA EN DERECHO PRIVADO Y DE LOS NEGOCIOS
9077,6033100195,ESPECIALIDAD EN DERECHOS HUMANOS Y PROCURACIÓN DE JUSTICIA
9078,7033100423,MAESTRÍA EN PROCURACIÓN DE JUSTICIA EN EL PROCESO PENAL ACUSATORIO Y ORAL
9079,7032100059,MAESTRÍA EN PERIODISMO Y PODER
9080,8092100003,DOCTORADO EN ENFERMERÍA
9081,6092202017,ESPECIALIDAD EN MEDICINA EN CUIDADOS INTENSIVOS
9082,6091323005,ESPECIALIDAD EN MEDICINA QUIRÚRGICA
9083,7061000019,MAESTRÍA EN INGENIERÍA APLICADA EN INNOVACIÓN TECNOLÓGICA
9084,8031400023,"DOCTORADO EN INNOVACIÓN, ADMINISTRACIÓN Y POLÍTICAS PÚBLICAS"
9085,6042100107,ESPECIALIDAD EN ALTA DIRECCIÓN PARA LA ADMINISTRACIÓN DE NEGOCIOS
9086,6031000015,ESPECIALIDAD EN INNOVACIÓN Y DESARROLLO DEL TALENTO HUMANO
9087,7033100424,MAESTRÍA EN POLÍTICAS JURÍDICAS DEL DERECHO
9088,7011100087,MAESTRÍA EN PRÁCTICAS PEDAGÓGICAS EN CONTEXTOS DIVERSOS
9089,6091313009,ALTA ESPECIALIDAD EN CIRUGÍA BARIATRICA
9090,7031100275,MAESTRÍA EN TERAPIA SISTÉMICA
9091,6021400017,ESPECIALIDAD EN DIRECCIÓN CINEMATOGRÁFICA  
9092,6021400018,ESPECIALIDAD EN GUION CINEMATOGRÁFICO
9093,7031100276,MAESTRÍA EN PSICOTRAUMATOLOGÍA
9094,6041100064,"ESPECIALIDAD EN VALUACIÓN DE NEGOCIOS, INTANGIBLES Y MARCAS"
9095,6071700008,ESPECIALIDAD EN INGENIERÍA DE COSTOS 
9096,7071700038,MAESTRÍA EN INGENIERÍA ECONÓMICA Y DE COSTOS
9097,7042300080,MAESTRÍA EN GOBIERNO ELECTRÓNICO Y ALTA DIRECCIÓN
9098,6033200039,ESPECIALIDAD EN CIENCIAS FORENSES CON CAPACITACIÓN EN CRIMINALÍSTICA
9099,6031000016,ESPECIALIDAD EN DOCUMENTACIÓN INTEGRAL DE CASOS DE TORTURA DE ACUERDO CON LAS DIRECTRICES DEL PROTOCOLO DE ESTAMBUL
9100,7033100425,MAESTRÍA EN JUSTICIA RESTAURATIVA Y MECANISMOS ALTERNATIVOS DE SOLUCIÓN DE CONTROVERSIAS EN MATERIA PENAL Y PENAL JUVENIL
9101,7031300116,MAESTRÍA EN ESTUDIOS DE VIOLENCIAS Y GESTIÓN DE CONFLICTOS
9102,8031300034,DOCTORADO EN ESTUDIOS POLÍTICOS Y SOCIALES
9103,7042000126,MAESTRÍA EN LIDERAZGO Y TRANSFORMACIÓN EDUCATIVA
9104,7061300053,"MAESTRÍA EN ACCESO A LA INFORMACIÓN, PROTECCIÓN DE DATOS Y GESTIÓN DOCUMENTAL"
9105,8011000029,"DOCTORADO HUMANISTA EN EDUCACIÓN, DIGITALIDAD Y PROSPECTIVA"
9106,8031300035,DOCTORADO EN GESTIÓN ESTRATÉGICA DE LAS ORGANIZACIONES
9107,7094100019,MAESTRÍA EN INTERVENCIÓN MOTRIZ
9108,7101100046,MAESTRÍA EN CIENCIAS EN ACTIVIDAD FÍSICA PARA LA SALUD
9109,8101100010,DOCTORADO EN CIENCIAS EN ACTIVIDAD FÍSICA PARA LA SALUD
9110,8095200012,DOCTORADO EN CIENCIAS BIOMÉDICAS Y ESTOMATOLÓGICAS
9111,7011100088,MAESTRÍA PRÁCTICAS PEDAGÓGICAS EN CONTEXTOS DIVERSOS
9112,6082100022,ESPECIALIDAD EN RUMIANTES
9113,6092204009,ESPECIALIDAD EN ENFERMERÍA COMUNITARIA Y DE FAMILIA
9114,8031200041,"DOCTORADO EN ESTUDIOS CONTEMPORÁNEOS: POLÍTICA, TERRITORIO Y SOCIEDAD"
9115,7031200092,MAESTRÍA EN ESTUDIOS DE LA CULTURA Y SISTEMAS DE COMUNICACIÓN
9116,7041300077,MAESTRÍA EN SEGUROS Y FINANZAS
9117,7041300078,MAESTRÍA EN SEGUROS Y FIANZAS
9118,7011400065,MAESTRÍA EN EDUCACIÓN Y TECNOLOGÍAS
9119,6031200018,ESPECIALIDAD EN ETNOGRAFÍA POLÍTICA Y ESPACIO PÚBLICO 
9120,7092100008,MAESTRÍA EN ENFERMERÍA DE PRÁCTICA AVANZADA
9121,8095400008,DOCTORADO EN CIENCIAS FARMACÉUTICAS 
9122,7071600034,MAESTRÍA EN CIENCIAS CON ORIENTACIÓN EN INGENIERÍA EN BIOSISTEMAS
9123,7072100028,MAESTRÍA EN CIENCIAS CON ORIENTACIÓN EN INGENIERÍA EN INDUSTRIAS ALIMENTARIAS
9124,7022600038,MAESTRÍA EN FILOSOFÍA ANTIGUA
9125,7033100426,MAESTRÍA EN ANTICORRUPCIÓN
9126,7041100123,MAESTRÍA EN INSTITUCIONES DE DERECHO FINANCIERO
9127,7041300079,MAESTRÍA INTERNACIONAL EN FINANZAS
9128,6071600017,ESPECIALIDAD EN BIODISEÑO
9129,6071600018,ESPECIALIDAD EN INGENIERÍA EN GESTIÓN AMBIENTAL
9130,6071300017,ESPECIALIDAD EN ROBÓTICA Y MANUFACTURA
9131,7032100060,MAESTRÍA EN COMUNICACIÓN POLÍTICA Y PÚBLICA
9132,7031400044,MAESTRÍA EN EVALUACIÓN SOCIECONÓMICA DE PROYECTOS DE INVERSIÓN
9133,7071000055,MAESTRÍA EN INGENIERÍA Y GESTIÓN DE LA CADENA DE SUMINISTRO
9134,7021400045,MAESTRÍA EN NARRATIVA Y PRODUCCIÓN AUDIOVISUAL
9135,7041200170,MAESTRÍA EN MERCADOTECNIA E INNOVACIÓN SOCIAL
9136,8033100077,DOCTORADO EN DERECHOS HUMANOS CON PERSPECTIVA INTERNACIONAL Y COMPARADA
9137,6033100196,ESPECIALIDAD EN DERECHO A LA BÚSQUEDA DE PERSONAS DESAPARECIDAS
9138,6033100197,ESPECIALIDAD EN LEGISLAR CON PERSPECTIVA DE DERECHOS HUMANOS
9139,7021400046,MAESTRÍA EN ARTE Y DISEÑO
9140,6033100198,ESPECIALIDAD EN FUNCIÓN MINISTERIAL
9141,6033100199,ESPECIALIDAD EN AMPARO Y GARANTÍAS CONSTITUCIONALES
9142,7033100427,MAESTRÍA EN POLÍTICAS ANTICORRUPCIÓN
9143,7041400088,MAESTRÍA EN FISCAL CONTABLE
9144,7031100277,MAESTRÍA EN TERAPIA FAMILIAR BREVE SISTÉMICA
9145,7031100278,MAESTRÍA EN ESTUDIOS DE SEXUALIDAD
9146,6012400006,ESPECIALIDAD EN LA ENSEÑANZA MEDIA SUPERIOR
9147,7095000023,"MAESTRÍA EN ESTÉTICA, OBESIDAD Y LONGEVIDAD "
9148,6061000006,ESPECIALIDAD EN INTELIGENCIA DE DATOS 
9149,7053200016,MAESTRÍA EN CIENCIAS ACTUARIALES
9150,7042000127,MAESTRÍA EN GESTIÓN DEL TURISMO DE SALUD
9151,6042000023,ESPECIALIDAD EN GESTIÓN ESTRATÉGICA DE MARCA (BRANDING)
9152,7091311002,MAESTRÍA EN MANEJO MULTIDISCIPLINARIO DEL SOBREPESO Y LA OBESIDAD
9153,6091338006,ESPECIALIDAD EN OTORRRINLARINGOLOGÍA Y CIRUGÍA DE CABEZA Y CUELLO
9154,6092202018,ESPECIALIDAD EN MEDICINA DEL ENFERMO ADULTO EN ESTADO CRÍTICO 
9155,7042300081,MAESTRÍA EN ALTA DIRECCIÓN DE GOBIERNO Y POLITÍCAS PÚBLICAS
9156,6011500015,ESPECIALIDAD EN 
9157,6011500016,ESPECIALIZACION EN ESTUDIOS DE GENERO
9158,6033100200,ESPECIALIDAD EN INSTITUCIONES DE DERECHO PROCESAL
9159,6072000009,ESPECIALIDAD EN SISTEMAS AVANZADOS DE MANUFACTURA
9160,7041100124,MAESTRÍA EN CONSULTORÍA ESTRATÉGICA DE NEGOCIOS
9161,7042500174,MAESTRÍA EN ADMINISTRACIÓN DE INSTITUCIONES EDUCATIVAS Y DOCENCIA
9162,7042500175,MAESTRÍA EN ADMINISTRACIÓN Y GESTIÓN DE ENFERMERÍA
9163,7042100409,MAESTRÍA EN GESTIÓN Y CALIDAD DE LOS SERVICIOS
9164,7031100279,MAESTRÍA EN ESTUDIOS DEL PROCESO DE LA MUERTE Y EL DESAPEGO
9165,7042300082,MAESTRÍA EN ADMINISTRACIÓN PÚBLICA Y ALTA DIRECCIÓN
9166,7041200171,MAESTRÍA EN MERCADOTECNIA E INNOVACIÓN
9167,8042500029,DOCTORADO EN ALTA DIRECCIÓN Y GESTIÓN DE POLÍTICAS DE SALUD
9168,8033100078,DOCTORADO EN ARGUMENTACIÓN JURÍDICA Y LITIGACIÓN ORAL
9169,8011100027,DOCTORADO EN EDUCACIÓN E INNOVACIÓN EDUCATIVA
9170,7042500176,MAESTRÍA EN ADMINISTRACIÓN ESTRATÉGICA Y GESTIÓN DIRECTIVA EN INSTITUCIONES DE SALUD
9171,7033200073,MAESTRÍA EN CRIMINOLOGÍA Y CIENCIAS DE LA CONDUCTA CRIMINAL
9172,7033100428,MAESTRÍA EN RACIONABILIDAD PROBATORIA Y ARGUMENTACIÓN JURÍDICA
9173,7041200172,MAESTRÍA EN VENTAS Y ALTA GERENCIA
9174,7061300054,MAESTRÍA EN DIRECCIÓN ESTRATÉGICA DE CIBERSEGURIDAD
9175,6062200020,ESPECIALIDAD EN GESTIÓN DE LA EXPERIENCIA DIGITAL DEL CLIENTE
9176,6042100108,ESPECIALIDAD EN INNOVACIÓN DIGITAL EMPRESARIAL
9177,7062200086,MAESTRÍA EN DIRECCIÓN ESTRATÉGICA DE TECNOLOGÍAS DE INFORMACIÓN
9178,7042100410,MAESTRÍA EN DIRECCIÓN DE INNOVACIÓN DIGITAL EMPRESARIAL
9179,6042100109,ESPECIALIDAD EN PLANEACIÓN ESTRATÉGICA DE TECNOLOGÍAS DE INFORMACIÓN
9180,7062200087,MAESTRÍA EN GESTIÓN DE LA EXPERIENCIA DIGITAL DEL CLIENTE
9181,7022500036,MAESTRÍA EN HISTORIA DEL ARTE Y CURADURÍA  
9182,8011500027,DOCTORADO EN EDUCACIÓN Y LIDERAZGO
9183,7011200142,MAESTRÍA EN EDUCACIÓN Y GESTIÓN EDUCATIVA
9184,7012604090,MAESTRÍA EN DOCENCIA DIGITAL
9185,6042000024,ESPECIALIDAD EN LIDERAZGO PEDAGÓGICO
9186,7042500177,MAESTRÍA EN GESTIÓN Y ADMINISTRACIÓN DE SERVICIOS DE SALUD
9187,6095300004,ESPECIALIDAD EN BIOÉTICA PARA LA  DELIBERACIÓN
9188,7094200034,MAESTRÍA EN NUTRICIÓN CLÍNICA ESPECIALIZADA 
9189,6033200040,ESPECIALIDAD EN JUICIOS ORALES ENFOCADO EN LA CRIMINOLOGÍA Y CIENCIAS FORENSES
9190,7042100411,MAESTRÍA EN GESTIÓN Y ADMINISTRACIÓN DE NEGOCIOS GASTRONÓMICOS
9191,7042100412,MAESTRÍA EN GESTIÓN E INNOVACIÓN EN LAS ORGANIZACIONES
9192,8031100050,DOCTORADO EN NEUROCIENCIA COGNITIVA Y DE LA CONDUCTA
9193,7031100280,MAESTRÍA EN NEUROCIENCIA COGNITIVA Y DE LA CONDUCTA
9194,7091311003,MAESTRÍA EN OBESIDAD Y NUTRICIÓN
9195,7041400089,MAESTRÍA EN AUDITORÍA Y FISCALIZACIÓN GUBERNAMENTAL
9196,7093204008,MAESTRÍA EN CIENCIAS ESTOMATOLÓGICAS EN EL ÁREA DE ORTODONCIA Y ORTOPEDIA DENTOFACIAL
9197,7093202005,MAESTRÍA EN CIENCIAS ESTOMATOLÓGICAS EN EL ÁREA DE ENDODONCIA
9198,7093203009,MAESTRÍA EN CIENCAS ESTOMATOLÓGICAS EN EL ÁREA DE ODONTOLOGÍA INFANTIL
9199,8033100079,DOCTORADO EN DERECHO TRIBUTARIO
9200,6033100201,ESPECIALIDAD EN ANTILAVADO DE DINERO SECTOR NO FINANCIERO
9201,7011500038,MAESTRÍA EN EDUCACIÓN PERSONALIZADA BASADA EN COMUNIDADES DE APRENDIZAJE
9202,7042100413,MAESTRÍA EN ALTA DIRECCIÓN Y ADMINISTRACIÓN DE LA CALIDAD TOTAL EMPRESARIAL
9203,6021400019,ESPECIALIDAD EN LOCUCIÓN DE VOZ
9204,7011200143,MAESTRÍA EN DIDÁCTICA E INNOVACIÓN PEDAGÓGICA
9205,6033100202,ESPECIALIDAD EN MATERIA DE JUSTICIA LABORAL
9206,8061100020,DOCTORADO EN CIENCIAS EN INTELIGENCIA COMPUTACIONAL
9207,7042300083,MAESTRÍA EN ADMINISTRACIÓN Y GESTIÓN DE POLÍTICAS PÚBLICAS
9208,6041400034,"ESPECIALIDAD EN PREVENCIÓN Y REPRESIÓN DE LAVADO DE DINERO, FRAUDE FISCAL Y COMPLIANCE"
9209,7042300084,MAESTRÍA EN ADMINISTRACIÓN CON ENFOQUE PÚBLICO
9210,8012702006,DOCTORADO EN CIENCIAS APLICADAS A LA EDUCACIÓN ESPECIAL
9211,6012701008,ESPECIALIDAD EN EDUCACIÓN INICIAL Y GESTIÓN DE INSTITUCIONES
9212,7022000021,MAESTRÍA EN ESTUDIOS INTERDISCIPLINARIOS EN HUMANIDADES
9213,6092100008,ESPECIALIDAD EN TERAPIAS DE INFUSIÓN PARA ENFERMERÍA
9214,6092100009,ESPECIALIDAD EN ENFERMERÍA OBSTÉTRICA Y PERINATAL
9215,6092206013,ESPECIALIDAD EN ENFERMERÍA EN CUIDADOS INTENSIVOS NEONATALES
9216,7061300055,MAESTRÍA EN CIENCIA DE DATOS E INTELIGENCIA ARTIFICIAL
9217,7033100429,MAESTRÍA EN ESTUDIOS AVANZADOS EN DERECHOS HUMANOS
9218,7021000034,"MAESTRÍA EN ESTUDIOS DE GÉNERO, ARTES Y HUMANIDADES"
9219,7031500077,MAESTRÍA EN ESTUDIOS INTERDISCIPLINARES SOBRE VIOLENCIA DE GÉNERO
9220,7011200144,MAESTRÍA EN INCLUSIÓN E INNOVACIÓN EDUCATIVA
9221,7041100125,MAESTRÍA EN INTELIGENCIA DE NEGOCIOS Y BIG DATA ANALYTICS
9222,7032100061,MAESTRÍA EN PERIODISMO PROSPECTIVO Y COMUNICACIÓN ESTRATÉGICA
9223,7031300117,MAESTRÍA EN POLÍTICAS PÚBLICAS PARA LA ATENCIÓN DE LA VIOLENCIA DE GÉNERO Y EL ACCESO A LA JUSTICIA
9224,6095200001,ESPECIALIDAD EN DESARROLLO Y GESTIÓN DE TECNOLOGÍA BIOMÉDICA
9225,6073100035,ESPECIALIDAD EN DISEÑO DE ILUMINACIÓN DE ESPACIOS EXTERIORES
9226,6073100036,ESPECIALIDAD EN DISEÑO DE ILUMINACIÓN DE ESPACIOS INTERIORES
9227,7061300056,MAESTRÍA EN BIG DATA
9228,7042100414,MAESTRÍA EN LOGÍSTICA Y CADENA DE SUMINISTRO
9229,8042100055,DOCTORADO EN DIRECCIÓN EMPRESARIAL
9230,7012500043,MAESTRÍA EN DOCENCIA MEDIA SUPERIOR Y SUPERIOR
9231,7011100089,MAESTRÍA EN PEDAGOGÍA Y ALTA DIRECCIÓN
9232,7061300057,MAESTRÍA EN INGENIERÍA Y CIENCIA DE DATOS
9233,7071300053,MAESTRÍA EN CIENCIAS EN ROBÓTICA E INTELIGENCIA ARTIFICIAL
9234,7095600068,MAESTRÍA EN EDUCACIÓN EN CIENCIAS DE LA SALUD
9235,7031500078,MAESTRÍA EN NEUROCIENCIAS DE LAS ADICCIONES
9236,7031200093,MAESTRÍA EN ESTUDIOS RURALES
9237,7051300093,"MAESTRÍA EN CIUDAD, CAMBIO CLIMÁTICO Y RESILIENCIA"
9238,7033200074,MAESTRÍA EN CRIMINALÍSTICA Y CRIMINOLOGÍA 
9239,7042500178,MAESTRÍA EN DIRECCIÓN E INNOVACIÓN EN LOS SISTEMAS DE SALUD
9240,7053200017,MAESTRÍA EN ESTADÍSTICA PARA CIENCIAS SOCIALES
9241,8031100051,DOCTORADO EN PSICOPATOLOGÍA FORENSE
9242,6033100203,ESPECIALIDAD EN EJECUCIÓN PENAL
9243,6104100018,ESPECIALIDAD EN INVESTIGACIÓN POLICIAL Y PROCESAMIENTO DE INDICIOS Y ELEMENTOS MATERIALES PROBATORIOS
9244,7031100281,MAESTRÍA EN PSICOLOGÍA FORENSE Y CRIMINOLÓGICA
9245,7031100282,MAESTRÍA EN PSICOPATOLOGÍA FORENSE Y ANÁLISIS CRIMINOLÓGICO
9246,7042100415,MAESTRÍA EN ADMINISTRACIÓN DE LA SEGURIDAD PATRIMONIAL Y GESTIÓN DE RIESGOS
9247,7032100062,MAESTRÍA EN CIBERCRIMINOLOGÍA Y CIBERSEGURIDAD
9248,7041100126,MAESTRÍA EN ADMINISTRACIÓN CON ENFOQUE EN NEGOCIOS INTERNACIONALES
9249,7041100127,MAESTRÍA EN ADMINISTRACIÓN CON ENFOQUE EN COMERCIO ELECTRÓNICO
9250,7042500179,MAESTRÍA EN ADMINISTRACIÓN CON ENFOQUE EN INSTITUCIONES EDUCATIVAS
9251,7031300118,MAESTRÍA EN CIENCIA DE LA CIUDAD
9252,7033100430,MAESTRÍA EN JUICIOS ORALES CON ENFOQUE PENAL
9253,7101100047,MAESTRÍA EN CIENCIAS DEL EJERCICIO CON ACENTUACIÓN EN ACTIVIDAD FÍSICA Y ACENTUACIÓN EN EL ADULTO MAYOR
9254,7022600039,MAESTRÍA EN ESTUDIOS DE ANTICORRUPCIÓN Y CULTURA DE LA LEGALIDAD
9255,7041300080,MAESTRÍA EN INGENIERÍA FINANCIERA Y GUBERNAMENTAL
9256,7062100038,MAESTRÍA EN REDES DE COMERCIO Y NEGOCIOS DIGITALES
9257,8033100080,DOCTORADO EN DERECHO CONSTITUCIONAL Y DEFENSA INTERNACIONAL DE LOS DERECHOS HUMANOS
9258,8011500028,DOCTORADO EN EDUCACIÓN Y DERECHO MAGISTERIAL
9259,7041100128,MAESTRÍA EN DIRECCIÓN INTERNACIONAL Y COMERCIO EXTERIOR 
9260,7041100129,MAESTRÍA EN DIRECCIÓN INTERNACIONAL Y LOGÍSTICA 
9261,7071700039,MAESTRÍA EN DIRECCIÓN INTERNACIONAL Y METROLOGÍA Y NORMALIZACIÓN 
9262,7033200075,MAESTRÍA EN AUDITORÍA FORENSE Y CUMPLIMIENTO
9263,6033200041,ESPECIALIDAD EN AUDITORÍA FORENSE
9264,7041100130,MAESTRÍA EN INTELIGENCIA DE NEGOCIOS Y ANÁLISIS DE DATOS MASIVOS
9265,7021100029,MAESTRÍA EN ESTUDIOS Y PRÁCTICAS MUSEALES
9266,7041100131,MAESTRÍA EN DIRECCIÓN LEAN DE OPERACIONES Y NEGOCIOS
9267,6033100204,ESPECIALIDAD EN CUMPLIMIENTO NORMATIVO
9268,6031200019,ESPECIALIDAD EN RESPONSABILIDAD DE SERVIDORES PÚBLICOS VINCULADOS A PARTICULARES
9269,7011500039,MAESTRÍA EN EDUCACIÓN CON FORMACIÓN EN COMPETENCIAS PROFESIONALES
9270,6042300013,ESPECIALIDAD EN RESPONSABILIDADES DE LOS SERVIDORES PÚBLICOS
9271,7021000035,MAESTRÍA EN FORMACIÓN Y APRECIACIÓN ARTÍSTICA
9272,8011100028,DOCTORADO EN EDUCACIÓN INNOVADORA
9273,7092206003,MAESTRÍA EN ENFERMERÍA PEDIÁTRICA
9274,7092202001,MAESTRÍA EN ENFERMERÍA EN CUIDADOS INTENSIVOS
9275,7091340002,MAESTRÍA EN PEDIATRÍA
9276,7031100283,MAESTRÍA EN PSICOLOGÍA Y ANÁLISIS ORGANIZACIONAL
9277,7012500044,MAESTRÍA EN EDUCACIÓN CON ÉNFASIS EN ORGANIZACIÓN Y ADMINISTRACIÓN DE LA EDUCACIÓN SUPERIOR
9278,6094100011,ESPECIALIDAD EN FISIOTERAPIA Y REHABILITACIÓN
9279,7021200016,MAESTRÍA EN ARTES Y EDUCACIÓN ARTÍSTICA
9280,7071700040,MAESTRÍA EN PROPIEDAD INTELECTUAL EN INVENCIONES
9281,6042100110,ESPECIALIDAD EN GESTIÓN Y EMPRENDIMIENTO DE PROYECTOS
9282,7042100416,MAESTRÍA EN GESTIÓN Y EMPRENDIMIENTO DE PROYECTOS
9283,7012702036,MAESTRÍA EN EDUCACIÓN CON ORIENTACIÓN EN INCLUSIÓN
9284,7031100284,MAESTRÍA EN PSICOTERAPIA DE ÚLTIMA GENERACIÓN
9285,7011200145,MAESTRÍA EN INNOVACIÓN EDUCATIVA EN CIENCIAS DE LA SALUD
9286,6033100205,ESPECIALIDAD EN DERECHO PARLAMENTARIO Y PRÁCTICA LEGISLATIVA
9287,7033100431,MAESTRÍA EN DERECHO CONSTITUCIONAL Y PARLAMENTARIO
9288,7093207011,MAESTRÍA EN IMPLANTOLOGÍA ORAL INTEGRAL
9289,6082100023,ESPECIALIDAD EN MEDICINA INTERNA Y CIRUGÍA DE PERROS Y GATOS
9290,7012000110,MAESTRÍA EN EDUCACIÓN CON ESPECIALIDAD EN ADMINISTRACIÓN DE LA EDUCACIÓN
9291,7012500045,MAESTRÍA EN EDUCACIÓN CON ESPECIALIDAD EN ADMINISTRACIÓN DE LA EDUCACIÓN SUPERIOR
9292,7012000111,MAESTRÍA EN EDUCACIÓN CON ESPECIALIDAD EN METODOLOGÍA DE LA DOCENCIA
9293,7012500046,MAESTRÍA EN EDUCACIÓN CON ESPECIALIDAD EN ORGANIZACIÓN Y ADMINISTRACIÓN EN LA DOCENCIA SUPERIOR
9294,6033100206,ESPECIALIDAD EN NUEVO SISTEMA PENAL ACUSATORIO EN MÉXICO
9295,7031000067,"MAESTRÍA EN DESARROLLO HUMANO, EDUCACIÓN E INTERCULTURALIDAD"
9296,8031000021,"DOCTORADO EN DESARROLLO HUMANO, EDUCACIÓN E INTERCULTURALIDAD"
9297,6041300030,ESPECIALIDAD EN CONSECUCIÓN DE FONDOS Y PATROCINIOS
9298,8042500030,DOCTORADO EN PLANEACIÓN Y GESTIÓN DE ORGANIZACIONES DE SALUD
9299,7042300085,MAESTRÍA EN ADMINISTRACIÓN PÚBLICA Y DERECHOS HUMANOS
9300,8042300015,DOCTORADO EN ADMINISTRACIÓN PÚBLICA Y CIENCIAS POLÍTICAS
9301,7012603023,MAESTRÍA EN ENSEÑANZA DE IDIOMAS E INTERCULTURALIDAD
9302,7061300058,MAESTRÍA EN DESARROLLO Y OPERACIONES DE SOFTWARE
9303,6042500047,ESPECIALIDAD EN ALTA DIRECCIÓN Y ADMINISTRACIÓN DE ORGANIZACIONES DEPORTIVAS
9304,6042400019,ESPECIALIDAD EN ADMINISTRACIÓN Y GESTIÓN DE LA CONSTRUCCIÓN
9305,7071300054,MAESTRÍA EN CIENCIAS DE LA INGENIERÍA MECATRÓNICA
9306,6094100012,ESPECIALIDAD EN FISIOTERAPIA DEPORTIVA
9307,7061300059,MAESTRÍA EN EMPRENDIMIENTO Y NEGOCIOS DIGITALES
9308,7042500180,MAESTRÍA EN GESTIÓN ESTRATÉGICA EN SERVICIOS DE SALUD
9309,7011000090,MAESTRÍA EN EDUCACIÓN Y DIRECCIÓN ESTRATÉGICA DE INSTITUCIONES
9310,8011000030,DOCTORADO EN EDUCACIÓN Y GESTIÓN DE INSTITUCIONES
9311,7042100417,MAESTRÍA EN CIENCIAS DE LA ADMINISTRACIÓN CON ESPECIALIDAD EN ADMINISTRACIÓN
9312,7041300081,MAESTRÍA EN CIENCIAS DE LA ADMINISTRACIÓN CON ESPECIALIDAD EN FINANZAS
9313,7062200088,MAESTRÍA EN CIENCIAS DE LA ADMINISTRACIÓN CON ESPECIALIDAD EN INFORMÁTICA
9314,7042500181,MAESTRÍA EN ADMINISTRACIÓN DE LOS SISTEMAS DE LA SALUD
9315,6011100036,ESPECIALIDAD EN DISEÑO INSTRUCCIONAL
9316,6101500025,ESPECIALIDAD EN REPOSTERÍA INTERNACIONAL
9317,7033100432,MAESTRÍA EN AMPARO Y DERECHOS HUMANOS
9318,7042100418,MAESTRÍA EN ALTA DIRECCIÓN EN INSTITUCIONES DE SALUD
9319,7011200146,MAESTRÍA EN INNOVACIÓN Y HABILIDADES DOCENTES
9320,8042100056,DOCTORADO EN LIDERAZGO Y DIRECCIÓN ESTRATÉGICA
9321,8033100081,DOCTORADO EN IMPARTICIÓN DE JUSTICIA
9322,8011200069,DOCTORADO EN GESTIÓN EDUCATIVA E INNOVACIÓN TECNOLÓGICA
9323,8012000012,DOCTORADO REGIONAL EN POLÍTICA Y PROCESOS EDUCATIVOS CON ÉNFASIS EN DIDÁCTICAS EMERGENTES Y CONTEXTOS VULNERABLES
9324,7012602012,MAESTRÍA EN EDUCACIÓN ARTÍSTICA Y GESTIÓN CULTURAL
9325,8061100021,DOCTORADO EN CIENCIAS EN INGENIERÍA Y TECNOLOGÍAS COMPUTACIONALES
9326,7061100036,MAESTRÍA EN CIENCIAS EN INGENIERÍA Y TECNOLOGÍAS COMPUTACIONALES
9327,6033100207,ESPECIALIDAD EN ADMINISTRACIÓN DE TRIBUNALES
9328,7041200173,MAESTRÍA EN PUBLICIDAD DIGITAL
9329,7091345020,MAESTRÍA MULTIDISCIPLINARIA EN DIABETES
9330,7042500182,MAESTRÍA EN DIRECCIÓN DE ORGANIZACIONES DE LA SALUD
9331,8051200036,DOCTORADO EN NEGOCIOS INTERNACIONALES CON ORIENTACIÓN EN BIOTECNOLOGÍA
9332,8095600015,DOCTORADO EN NEGOCIOS INTERNACIONALES CON ORIENTACIÓN EN NEGOCIOS EN LA SALUD
9333,8042100057,DOCTORADO EN NEGOCIOS INTERNACIONALES CON ORIENTACIÓN EMPRESARIAL
9334,8041100004,DOCTORADO EN NEGOCIOS INTERNACIONALES CON ORIENTACIÓN EN AGRONEGOCIOS
9335,6091330002,ESPECIALIDAD EN MEDICINA NUCLEAR E IMAGENOLOGÍA MOLECULAR
9336,7041200174,MAESTRÍA EN DIRECCIÓN DE MERCADOTECNIA E INNOVACIÓN EN INDUSTRIAS CREATIVAS
9337,7022000022,"MAESTRÍA DE INVESTIGACIÓN EN HUMANIDADES, CULTURA Y SOCIEDAD"
9338,7033100433,MAESTRÍA EN DERECHO ADMINISTRATIVO Y FUNCIÓN PÚBLICA
9339,8101100011,DOCTORADO EN CIENCIAS DE LA ACTIVIDAD FÍSICA Y EL DEPORTE
9340,7101100048,MAESTRÍA EN COACHING DEPORTIVO
9341,7042100419,MAESTRÍA EN ADMINISTRACIÓN Y GESTIÓN DE LA CALIDAD
9342,8042100058,DOCTORADO EN ALTA DIRECCIÓN DE EMPRESAS DE TECNOLOGÍA
9343,7012603024,MAESTRÍA EN ENSEÑANZA DE LA LENGUA INGLESA
9344,6022600014,ESPECIALIDAD EN FILOSOFÍA DE LOS DERECHOS HUMANOS 
9345,7041000034,MAESTRÍA EN PREVENCIÓN DE LAVADO DE DINERO Y FINANCIAMIENTO AL TERRORISMO
9346,7094100020,MAESTRÍA EN CIENCIAS APLICADAS A LA FISIOTERAPIA Y REHABILITACIÓN
9347,8032100007,DOCTORADO EN CIENCIAS DE LA COMUNICACIÓN
9348,7041400090,MAESTRÍA EN AUDITORÍA DE CUENTAS
9349,7042100420,MAESTRÍA EN CIENCIAS EMPRESARIALES
9350,7073100125,MAESTRÍA EN CIUDADES E INFRAESTRUCTURAS INTELIGENTES
9351,7042100421,MAESTRÍA EN DIRECCIÓN DE EMPRESAS DE COMUNICACIÓN
9352,7041200175,MAESTRÍA EN DIRECCIÓN DE INVESTIGACIÓN Y TÉCNICAS DE MERCADO
9353,7041200176,MAESTRÍA EN DIRECCIÓN DE MERCADOTECNIA DIGITAL Y COMERCIO ELECTRÓNICO
9354,7041200177,MAESTRÍA EN DIRECCIÓN DE MERCADOTECNIA Y COMUNICACIÓN POLÍTICA
9355,7042100422,MAESTRÍA EN DIRECCIÓN LOGÍSTICA Y OPERACIONES
9356,6041100065,ESPECIALIDAD EN NEGOCIOS INMOBILIARIOS
9357,6022600015,ESPECIALIDAD EN FILOSOFÍA Y HUMANIDADES
9358,6053200007,ESPECIALIDAD EN ANÁLISIS DE DATOS
9359,7022100020,MAESTRÍA EN ENSEÑANZA DE LA RELIGIÓN CATÓLICA
9360,7022200025,MAESTRÍA EN ESPAÑOL COMO LENGUA EXTRANJERA
9361,7072000032,MAESTRÍA EN GESTIÓN POR PROCESOS PARA LA TRANSFORMACIÓN DIGITAL
9362,7072000033,MAESTRÍA EN INDUSTRIA 4.0 Y TRANSFORMACIÓN DIGITAL
9363,7071500027,MAESTRÍA EN INFRAESTRUCTURAS PORTUARIAS
9364,7061300060,MAESTRÍA EN INGENIERÍA DE SOFTWARE Y SISTEMAS DE INFORMACIÓN
9365,7071500028,MAESTRÍA EN INGENIERÍA NAVAL Y OCEÁNICA
9366,8033100082,DOCTORADO EN DERECHO Y JUICIOS ORALES
9367,8062100005,DOCTORADO EN TECNOLOGÍAS Y MEDIOS DIGITALES
9368,7041400091,MAESTRÍA EN AUDITORÍA PÚBLICA
9369,7031300119,MAESTRÍA EN DESARROLLO DE PROYECTOS
9370,7042100423,MAESTRÍA EN DESARROLLO Y FACTOR HUMANO
9371,7012000112,MAESTRÍA EN EDUCACIÓN CON ACENTUACIÓN EN PREESCOLAR Y PRIMARIA
9372,7012000113,MAESTRÍA EN EDUCACIÓN Y PRÁCTICA DOCENTE
9373,7062200089,MAESTRÍA EN GESTIÓN DE TECNOLOGÍAS PARA AMBIENTES VIRTUALES DE APRENDIZAJE
9374,7033200076,MAESTRÍA EN POLIGRAFÍA
9375,7032100063,MAESTRÍA EN INVESTIGACIÓN PERIODÍSTICA Y ELABORACIÓN DE REPORTAJES DE TELEVISIÓN
9376,8033100083,DOCTORADO EN DERECHO INTERDISCIPLINARIO
9377,8012603001,DOCTORADO EN ENSEÑANZA Y APRENDIZAJE DE LENGUAS
9378,8031200042,DOCTORADO EN GÉNERO Y ESTUDIOS FEMINISTAS
9379,8091345021,DOCTORADO EN INVESTIGACIÓN Y EDUCACIÓN PARA LA SALUD
9380,8073100025,DOCTORADO EN PROCESOS TERRITORIALES
9381,6032100020,ESPECIALIDAD EN COMUNICACIÓN DE LA CIENCIA
9382,7021000036,MAESTRÍA EN ARTES INTER Y TRANSDISCIPLINARIEDAD
9383,7031300120,MAESTRÍA EN CIENCIAS DE GOBIERNO Y DESARROLLO SOSTENIBLE
9384,7031200094,MAESTRÍA EN GÉNERO Y ESTUDIOS FEMINISTAS
9385,7012603025,MAESTRÍA EN INNOVACIÓN EN LA ENSEÑANZA DE LENGUAS
9386,7081100098,MAESTRÍA EN TECNOLOGÍAS AGRÍCOLAS LIMPIAS
9387,7021600038,MAESTRÍA EN MULTICANALIDAD EN EL NEGOCIO DE LAS EMPRESAS DE MODA
9388,7032100064,MAESTRÍA EN PERIODISMO JUDICIAL
9389,7071200053,"MAESTRÍA EN PROYECTO, CONSTRUCCIÓN Y MANTENIMIENTO DE INFRAESTRUCTURAS ELÉCTRICAS DE ALTA TENSIÓN Y SUBESTACIONES ELÉCTRICAS"
9390,7032100065,MAESTRÍA EN COMUNICACIÓN POLÍTICA Y ASUNTOS PÚBLICOS
9391,7011100090,MAESTRÍA EN PSICOPEDAGOGÍA EDUCATIVA
9392,7041200178,"MAESTRÍA EN RELACIONES PÚBLICAS, IMAGEN Y PROTOCOLO INSTITUCIONAL"
9393,7041100132,MAESTRÍA EN ADMINISTRACIÓN DE NEGOCIOS DIGITALES
9394,7031500079,MAESTRÍA EN MEDIACIÓN Y RESOLUCIÓN DE CONFLICTOS
9395,7011300061,MAESTRÍA EN PROGRAMACIÓN E IMPLEMENTACIÓN DE PROYECTOS EDUCATIVOS
9396,7042500183,MAESTRÍA EN GESTIÓN Y DIRECCIÓN DE CLÍNICAS DENTALES
9397,7022600040,MAESTRÍA EN FILOSOFÍA Y VALORES
9398,7032100066,MAESTRÍA EN INVESTIGACIÓN EN CIENCIAS DE LA COMUNICACIÓN
9399,7022200026,MAESTRÍA EN EDUCACIÓN BILINGÜE
9400,7022400009,MAESTRÍA EN DIDÁCTICA DE LA LENGUA
9401,7031000068,MAESTRÍA EN INTELIGENCIA EMOCIONAL APLICADA AL ÁMBITO EDUCATIVO
9402,6041300031,ESPECIALIDAD EN FINANZAS ESTRATÉGICAS Y BURSÁTILES
9403,6032100021,ESPECIALIDAD EN GUIONISMO DE ADAPTACIÓN
9404,7022100021,MAESTRÍA EN MISIONOLOGÍA
9405,7032100067,MAESTRÍA EN DIRECCIÓN DE COMUNICACIÓN CORPORATIVA
9406,7071000056,MAESTRÍA EN INGENIERÍA Y OPERACIÓN DE DRONES
9407,7071600035,MAESTRÍA EN REHABILITACIÓN Y AHORRO ENERGÉTICO EN EDIFICACIÓN
9408,7011100091,MAESTRÍA EN DIDÁCTICA Y PEDAGOGÍA DE LA ENSEÑANZA MUSICAL
9409,7011500040,MAESTRÍA EN INVESTIGACIÓN EN EDUCACIÓN
9410,7011200147,MAESTRÍA EN EDUCACIÓN E INNOVACIÓN DE CALIDAD
9411,7032100068,MAESTRÍA EN PERIODISMO CULTURAL
9412,8033200011,DOCTORADO EN CRIMINALÍSTICA E INTELIGENCIA CRIMINAL
9413,8042100059,DOCTORADO EN ALTA DIRECCIÓN Y ADMINISTRACIÓN EMPRESARIAL
9414,6031300031,ESPECIALIDAD EN EQUIDAD DE GÉNERO Y POLÍTICAS PÚBLICAS DE INTERVENCIÓN A LAS VIOLENCIAS
9415,7071600036,MAESTRÍA EN INGENIERÍA DEL AGUA Y GESTIÓN DE RESIDUOS URBANOS
9416,7071200054,MAESTRÍA EN AHORRO ENERGÉTICO Y SOSTENIBILIDAD EN LA EDIFICACIÓN
9417,7032100069,MAESTRÍA EN PERIODISMO MULTIMEDIA
9418,7032100070,MAESTRÍA EN PERIODISMO INTERNACIONAL
9419,7041100133,MAESTRÍA EN DIRECCIÓN COMERCIAL Y VENTAS
9420,7041100134,MAESTRÍA EN DIRECCIÓN DE COMPRAS Y APROVISIONAMIENTO
9421,7021400047,MAESTRÍA EN GUION AUDIOVISUAL
9422,8031400024,DOCTORADO EN CIENCIAS ECONÓMICO EMPRESARIALES
9423,7061300061,MAESTRÍA EN CIENCIA DE DATOS APLICADA
9424,6041100066,ESPECIALIDAD EN CADENA DE BLOQUES Y NEGOCIOS 
9425,8072100015,DOCTORADO EN CIENCIA DE LOS ALIMENTOS
9426,8072100016,DOCTORADO EN CIENCIA DE ALIMENTOS
9427,7062200090,MAESTRÍA EN ADMINISTRACIÓN CON ÉNFASIS EN TECNOLOGÍAS DE LA INFORMACIÓN
9428,7033100434,MAESTRÍA EN JUSTICIA CONSTITUCIONAL CON ÉNFASIS EN DERECHOS HUMANOS
9429,7033100435,"MAESTRÍA EN TRANSPARENCIA, RENDICIÓN DE CUENTAS Y ANTICORRUPCIÓN"
9430,7071700041,MAESTRÍA EN INGENIERÍA INDUSTRIAL EN SISTEMAS
9431,6071300018,ESPECIALIDAD EN SEMICONDUCTORES
9432,6033100208,ESPECIALIDAD EN JUSTICIA RESTAURATIVA
9433,7033100436,MAESTRÍA EN JUSTICIA RESTAURATIVA
9434,8033100084,DOCTORADO EN JUSTICIA RESTAURATIVA
9435,6033100209,ESPECIALIDAD EN DERECHO TRIBUTARIO INTERNACIONAL
9436,6033200042,ESPECIALIDAD EN CIENCIAS PENALES Y CRIMINALÍSTICA
9437,6104100019,ESPECIALIDAD EN SEGURIDAD INTERNACIONAL
9438,6095600011,ESPECIALIDAD EN DERECHO SANITARIO
9439,6033100210,ESPECIALIDAD EN DERECHO Y LAS NUEVAS TECNOLOGÍAS DE INFORMACIÓN Y COMUNICACIÓN
9440,6033100211,ESPECIALIDAD EN RÉGIMEN JURÍDICO DEL DERECHO A LA SALUD
9441,6033100212,ESPECIALIDAD EN RÉGIMEN JURÍDICO Y METODOLOGÍA DE LA INVESTIGACIÓN DEL USO LEGÍTIMO DE LA FUERZA
9442,7022400010,MAESTRÍA EN ESTUDIOS LINGÜÍSTICOS CONTEMPORÁNEOS
9443,7094200035,"MAESTRÍA EN CIENCIA DEL COMPORTAMIENTO, CON ORIENTACIÓN EN ALIMENTACIÓN Y NUTRICIÓN"
9444,8094200006,"DOCTORADO EN CIENCIA DEL COMPORTAMIENTO, CON ORIENTACIÓN EN ALIMENTACIÓN Y NUTRICIÓN"
9445,7041300082,MAESTRÍA EN FINANZAS PARA EL DESARROLLO SOSTENIBLE
9446,7042100424,MAESTRÍA EN INNOVACIÓN Y EXCELENCIA OPERACIONAL
9447,7042000128,MAESTRÍA EN LIDERAZGO POSITIVO
9448,7022600041,MAESTRÍA EN ÉTICA Y DERECHOS HUMANOS
9449,7042500184,MAESTRÍA EN ADMINISTRACIÓN DE ENFERMERÍA
9450,7011200148,MAESTRÍA EN INNOVACIÓN EDUCATIVA Y ALTAS CAPACIDADES
9451,7041100135,MAESTRÍA EN NEGOCIOS DIGITALES E INNOVACIÓN
9452,8011400018,"DOCTORADO EN EDUCACIÓN, ALTAS CAPACIDADES Y TECNOLOGÍAS DISRUPTIVAS"
9453,7033100437,MAESTRÍA EN DERECHO PENAL Y CIENCIAS PENALES
9454,7052100028,MAESTRÍA EN FÍSICA Y TECNOLOGÍA AVANZADA
9455,7072100029, MAESTRÍA EN CIENCIA DE LOS ALIMENTOS
9456,7081100099,MAESTRÍA EN CIENCIAS ZOOTÉCNICAS Y SALUD ANIMAL
9457,7012701011,MAESTRÍA EN EDUCACIÓN CON MENCIÓN EN EDUCACIÓN INICIAL
9458,7041400092,MAESTRÍA EN AUDITORÍA GUBERNAMENTAL Y ADMINISTRACIÓN PÚBLICA
9459,7062100039,MAESTRÍA EN INGENIERÍA EN TECNOLOGÍAS DE LA INFORMACIÓN Y COMUNICACIÓN
9460,6012400007,ESPECIALIDAD EN LA ENSEÑANZA DE LA MATEMÁTICA EN EDUCACIÓN MEDIA SUPERIOR
9461,6012603013,ESPECIALIDAD EN ENSEÑANZA DEL INGLÉS EN EDUCACIÓN BÁSICA
9462,7011100092,MAESTRÍA EN PEDAGOGÍA E INNOVACIÓN EDUCATIVA
9463,8042100060,DOCTORADO EN ALTA DIRECCIÓN Y ORGANIZACIÓN DE INSTITUCIONES
9464,6101100008,ESPECIALIDAD EN DEPORTE PARA EL BIENESTAR Y DESARROLLO
9465,7042100425,MAESTRÍA EN ADMINISTRACIÓN DE LA INNOVACIÓN PARA EL DESARROLLO SOSTENIBLE
9466,6101100009,ESPECIALIDAD EN DEPORTE
9467,7102100017,MAESTRÍA EN DIRECCIÓN LOGÍSTICA EN LA CADENA DE SUMINISTRO GLOBAL
9468,7042000129,MAESTRÍA EN GESTION E INNOVACIÓN PARA LAS ORGANIZACIONES
9469,8061000004,DOCTORADO EN GESTIÓN DE TECNOLOGÍAS DE LA INFORMACIÓN
9470,7071000057,MAESTRÍA EN INGENIERÍA HIDRÁULICA
9471,7033100438,MAESTRÍA EN DERECHO PROCESAL PENAL CON JUICIO ORAL
9472,7094000012,MAESTRÍA EN TERAPIA FAMILIAR Y SISTÉMICA
9473,7052300036,MAESTRÍA EN CIENCIAS DE LA TIERRA Y EL ESPACIO
9474,8052300022,DOCTORADO EN CIENCIAS DE LA TIERRA Y EL ESPACIO
9475,7022100022,MAESTRÍA EN ANTROPOLOGÍA FILOSÓFICA Y TEOLÓGIA
9476,8041100005,DOCTORADO EN GESTIÓN GLOBAL DE NEGOCIOS
9477,6012100002,ESPECIALIDAD EN EDUCACIÓN PREESCOLAR
9478,7042000130,MAESTRÍA EN GESTIÓN DE PROYECTOS CREATIVOS
9479,8011500029,DOCTORADO EN EDUCACIÓN E INNOVACIÓN TECNOLÓGICA
9480,6091345024,ESPECIALIDAD EN ALGOLOGÍA
9481,8091345022,DOCTORADO EN ALGIOLOGÍA  INTERVENCIONISTA Y CUIDADOS PALIATIVOS 
9482,6091345025,ESPECIALIDAD EN CUIDADOS PALIATIVOS
9483,7091345021,MAESTRÍA EN CIENCIAS DE BIENESTAR PSICOLÓGICO Y ESTUDIOS PSICOSOCIALES
9484,7091345022,MAESTRÍA EN NUTRICIÓN CLÍNICA Y DIETÉTICA APLICADA
9485,7051100033,MAESTRÍA EN CIENCIAS BIOLÓGICAS Y SUSTENTABILIDAD
9486,7051000019,MAESTRÍA EN PRODUCCIÓN AGRÍCOLA SUSTENTABLE 
9487,6031500032,ESPECIALIDAD EN ESTUDIOS DE OPINIÓN
9488,7012702037,MAESTRÍA EN EDUCACIÓN PARA LA INTERCULTURALIDAD Y LA SUSTENTABILIDAD
9489,8012000013,DOCTORADO EN INVESTIGACIÓN PSICOLÓGICA EN EDUCACIÓN INCLUSIVA
9490,7052200025,MAESTRÍA EN QUÍMICA BIOORGÁNICA
9491,7051000020,MAESTRÍA EN ESTUDIOS TRANSDISCIPLINARIOS PARA LA SOSTENIBILIDAD
9492,7031000069,MAESTRÍA EN VIOLENCIAS DE GÉNERO
9493,7042000131,MAESTRÍA EN GESTIÓN E INNOVACIÓN DE PROYECTOS 
9494,7072000034,MAESTRÍA EN GESTIÓN DE LA PRODUCCIÓN Y CADENAS DE SUMINISTRO
9495,7012601023,MAESTRÍA EN ENTRENAMIENTO DEPORTIVO EN BÉISBOL
9496,6042000025,ESPECIALIDAD EN GESTIÓN A LA INNOVACIÓN APLICADA A PRODUCTO
9497,6061300032,ESPECIALIDAD EN DESARROLLO DE SOFTWARE EN LA NUBE
9498,6041200056,ESPECIALIDAD EN PUBLICIDAD Y CREACIÓN DE CONTENIDO
9499,6041200057,ESPECIALIDAD EN RELACIONES PÚBLICAS Y REPUTACIÓN DE MARCA
9500,7041200179,MAESTRÍA EN COMUNICACIONES DE MARCA
9501,6041200058,ESPECIALIDAD EN PUBLICIDAD Y CREACIÓN DE CONTENIDOS
9502,7051300094,MAESTRÍA EN ECOSISTEMAS TROPICALES
9503,7022600042,MAESTRÍA EN ESTUDIOS DE BIOÉTICA
9504,6042500048,ESPECIALIDAD EN GESTIÓN EN LA SALUD Y EL BIENESTAR CORPORATIVO
9505,7042500185,MAESTRÍA EN DIRECCIÓN Y GESTIÓN DE INSTITUCIONES DE SALUD
9506,7042200062,MAESTRÍA EN DIRECCIÓN DE HOTELES
9507,7011100093,MAESTRÍA EN DIDÁCTICA Y NUEVOS AMBIENTES DE APRENDIZAJE
9508,7095000024,MAESTRÍA EN DIDÁCTICA EN CIENCIAS DE LA SALUD
9509,6011400020,ESPECIALIDAD EN AMBIENTES EDUCATIVOS INNOVADORES PARA LA ENSEÑANZA
9510,6011000022,ESPECIALIDAD EN ATENCIÓN A LA DIVERSIDAD EDUCATIVA
9511,6011000023,ESPECIALIDAD EN DESARROLLO DE LA INTELIGENCIA EMOCIONAL
9512,6041400035,ESPECIALIDAD EN PROCESOS TRIBUTARIOS
9513,7041400093,MAESTRÍA EN CONTABILIDAD FISCAL
9514,7041400094,MAESTRÍA EN CONTABILIDAD INTERNACIONAL
9515,7071700042,MAESTRÍA EN INGENIERÍA EN GESTIÓN DE OPERACIONES
9516,7022600043,MAESTRÍA EN BIOÉTICA GLOBAL
9517,7033100439,MAESTRÍA EN DERECHO PENAL Y PROCESAL PENAL (CON ÁREA TERMINAL EN JUICIOS ORALES)
9518,7033100440,MAESTRÍA EN DERECHO PENAL Y PROCESAL PENAL (CON ÁREA TERMINAL EN JUSTICIA PENAL PARA ADOLESCENTES)
9519,7033100441,MAESTRÍA EN DERECHO PENAL Y PROCESAL PENAL (CON ÁREA TERMINAL EN MECANISMOS ALTERNATIVOS DE SOLUCIÓN DE CONTROVERSIAS Y JUSTICIA RESTAURATIVA)
9520,7061000020,MAESTRÍA EN GESTIÓN DE LAS TECNOLOGÍAS DE INFORMACIÓN EN LAS ORGANIZACIONES
9521,8051300044,DOCTORADO EN ECOLOGÍA Y PESQUERÍAS
9522,7072400024,MAESTRÍA EN INGENIERÍA DE CORROSIÓN
9523,7011200149,MAESTRÍA EN MEDIACIÓN ARTÍSTICA INTERDISCIPLINAR 
9524,7042000132,"MAESTRÍA EN PROCESOS ELECTORALES, GESTION Y ADMINISTRACION"
9525,7073100126,MAESTRÍA EN INGENIERÍA DE COSTAS Y PUERTOS
9526,8095200013,DOCTORADO EN CIENCIAS EN BIOMEDICINA MOLECULAR
9527,6091302006,"ESPECIALIDAD EN ANGIOLOGÍA, CIRUGÍA VASCULAR Y ENDOVASCULAR"
9528,8092208001,DOCTORADO EN CIENCIAS EN ENFERMERÍA 
9529,6092202019,ESPECIALIDAD EN ENFERMERÍA EN CUIDADOS DEL PACIENTE EN ESTADO CRÍTICO
9530,8091345023,DOCTORADO EN NEUROPSICOLOGÍA Y EDUCACIÓN
9531,7033100442,MAESTRÍA EN JUSTICIA LABORAL 
9532,6092202020,ESPECIALIDAD DE ENFERMERÍA EN CUIDADOS DEL PACIENTE EN ESTADO CRÍTICO
9533,7071600037,MAESTRIA EN INGENIERIA Y DISEÑO DE SISTEMAS SOSTENIBLES
9534,7011400066,MAESTRÍA EN EDUCACIÓN AVANZADA 
9535,8011400019,DOCTORADO EN EDUCACIÓN AVANZADA 
9536,7061000021,MAESTRÍA EN CIENCIAS EN DESARROLLO REGIONAL Y TECNOLÓGICO 
9537,7051300095,MAESTRÍA EN CIENCIAS EN ECOSISTEMAS TROPICALES
9538,6071200013,ESPECIALIZACIÓN EN CADENA DE VALOR DE LITIO 
9539,6033100213,"ESPECIALIDAD EN DEMOCRACIA, INSTITUCIONES Y DERECHO ELECTORAL"
9540,8042000021,DOCTORADO EN GESTIÓN Y ECONOMÍA DE LAS ORGANIZACIONES
9541,7012100009,MAESTRÍA EN EDUCACIÓN CON ÉNFASIS EN INICIAL Y PREESCOLAR 
9542,7041200180,MAESTRÍA EN BRANDING Y  COMUNICACIÓN CORPORATIVA
9543,7094000013,MAESTRÍA EN  INTERVENCIÓN PSICOTERAPÉUTICA Y CLÍNICA 
9544,7081000009,MAESTRÍA EN AGROMÁTICA
9545,7081000010,MAESTRÍA EN CIENCIAS EN AGROECOLOGÍA Y SUSTENTABILIDAD 
9546,7033200077,MAESTRÍA EN GENÉTICA FORENSE E IDENTIFICACIÓN HUMANA 
9547,6041000014,ESPECIALIZACIÓN EN ECONOMÍA SOCIAL Y SOLIDARIA
9548,6071200014,ESPECIALIZACIÓN EN SEMICONDUCTORES 
9549,6033100214,ESPECIALIDAD EN JUICIOS ORALES Y JUSTICIA ALTERNATIVA
9550,7062000024,MAESTRÍA EN ANALÍTICA DE DATOS E INTELIGENCIA DE NEGOCIOS
9551,6022600016,ESPECIALIDAD EN ÉTICA DE LAS ORGANIZACIONES 
9552,7042100426,MAESTRÍA EN ADMINISTRACIÓN DE EMPRESAS COOPERATIVAS
9553,8011500030,DOCTORADO EN CIENCIAS DE LA EDUCACIÓN Y ESTADÍSTICA
9554,8042100061,DOCTORADO EN CIENCIAS DE LA ADMINISTRACIÓN Y NEGOCIOS
9555,7073100127,MAESTRÍA EN PLANEACIÓN TERRITORIAL
9556,6041200059,ESPECIALIDAD EN MARKETING DE NEGOCIOS DIGITALES
9557,6041300032,ESPECIALIDAD EN FINANZAS ESTRATÉGICAS
9558,6041100067,ESPECIALIDAD EN INTELIGENCIA DE NEGOCIOS APLICADA A LA TOMA DE DECISIONES GERENCIALES
9559,7033100443,MAESTRÍA EN DERECHO FISCAL Y FINANZAS CORPORATIVAS
9560,7041200181,MAESTRÍA EN MARKETING DIGITAL Y CONOCIMIENTO
9561,7041100136,MAESTRÍA EN INTELIGENCIA DE NEGOCIOS Y ANALÍTICA DE DATOS
9562,7042100427,MAESTRÍA EN GESTIÓN EMPRESARIAL Y TECNOLOGÍA AMBIENTAL
9563,7042100428,MAESTRÍA EN LOGÍSTICA Y GESTIÓN DE LA CADENA DE SUMINISTRO
9564,7041200182,MAESTRÍA EN MARKETING Y DIRECCIÓN COMERCIAL
9565,7041300083,MAESTRÍA EN FINANZAS Y DIRECCIÓN FINANCIERA
9566,7042100429,MAESTRÍA EN DIRECCIÓN DE EMPRESAS Y GESTIÓN DE PROYECTOS
9567,7012400028,MAESTRÍA EN DOCENCIA EN EDUCACIÓN MEDIA SUPERIOR
9568,8095200014,"DOCTORADO EN CIENCIAS, TECNOLOGÍA BIOMÉDICA Y CONTROL"
9569,7012000114,MAESTRÍA EN PRÁCTICAS EDUCATIVAS EN CONTEXTOS DE VULNERABILIDAD SOCIAL Y DIVERSIDAD CULTURAL
9570,7032100071,MAESTRÍA EN PERIODISMO Y GESTIÓN CULTURAL
9571,7031300121,MAESTRÍA EN CIENCIAS POLÍTICAS Y ESTUDIOS CONSTITUCIONALES
9572,8031000022,DOCTORADO EN CIENCIAS SOCIALES E INTERVENCIÓN FAMILIAR
9573,8041100006,DOCTORADO EN COMERCIO INTERNACIONAL
9574,8031300036,DOCTORADO EN DERECHOS HUMANOS Y GESTIÓN DE PAZ
9575,6032100022,ESPECIALIDAD EN COMUNICACIÓN EMPRESARIAL
9576,6061300033,ESPECIALIDAD EN PROGRAMACIÓN WEB
9577,6042100111,ESPECIALIDAD EN ADMINISTRACIÓN DE PEQUEÑAS Y MEDIANAS EMPRESAS
9578,6061300034,ESPECIALIDAD EN DESARROLLO DE APLICACIONES MÓVILES
9579,6071700009,ESPECIALIDAD EN CONTROL DE PROCESOS DE PRODUCCIÓN
9580,6062200021,ESPECIALIDAD EN DIRECCIÓN DE TECNOLOGÍAS DE LA INFORMACIÓN
9581,7042100430,MAESTRÍA EN HABILIDADES GERENCIALES Y RELACIONES PÚBLICAS
9582,7022600044,MAESTRÍA EN FILOSOFIA DE LAS CIENCIAS
9583,8031400025,DOCTORADO EN CIENCIAS EN ECONOMÍA SOCIAL SOLIDARIA
9584,7042100431,MAESTRÍA EN ADMINISTRACIÓN DE NEGOCIOS CON ORIENTACIÓN EN GESTIÓN ESTRATÉGICA DEL CAPITAL HUMANO
9585,6012604019,ESPECIALIDAD EN ESTRATEGIAS PSICOEDUCATIVAS 
9586,6041200060,ESPECIALIDAD EN TÉCNICAS DE VENTA Y MERCADOTECNIA
9587,7042000133,MAESTRÍA EN CIENCIAS DE LA ADMINISTRACIÓN Y ALTA DIRECCIÓN 
9588,7041100137,MAESTRÍA EN COMERCIALIZACIÓN INMOBILIARIA
9589,7041400095,MAESTRÍA EN CONTABILIDAD FINANCIERA
9590,7073100128,MAESTRÍA EN INTERIORISMO Y DECORACIÓN 
9591,7041300084,MAESTRÍA EN FINANZAS Y MERCADOS BURSÁTILES
9592,7101100049,MAESTRÍA EN GESTIÓN DE PROGRAMAS DE DEPORTE Y RECREACIÓN
9593,7033100444,MAESTRÍA EN PROPIEDAD INTELECTUAL
9594,7011200150,MAESTRÍA EN GESTIÓN ESCOLAR
9595,7011400067,MAESTRÍA EN PROSPECTIVA ESTRATÉGICA EDUCATIVA 
9596,7042100432,MAESTRÍA EN DIRECCIÓN DE EMPRESAS Y ADMINISTRACIÓN DE NEGOCIOS
9597,7091316005,MAESTRÍA EN FORMACIÓN PSICOPROFILÁCTICA PERINATAL
9598,6033100215,ESPECIALIDAD EN SISTEMA ACUSATORIO MEXICANO
9599,7033200078,MAESTRÍA EN CIENCIAS FORENSES CON ORIENTACIÓN EN CRIMINALÍSTICA
9600,7011100094,MAESTRÍA EN PEDAGOGÍA CRÍTICA Y PROYECTOS EDUCATIVOS
9601,7012603026,MAESTRÍA EN ENSEÑANZA DEL INGLÉS Y DIRECCIÓN EDUCATIVA
9602,7081100100,MAESTRÍA EN AGROECOLOGÍA
9603,6042100112,ESPECIALIDAD EN LIDERAZGO EMPRESARIAL Y GESTIÓN ORGANIZACIONAL
9604,7041300085,MAESTRÍA EN FINANZAS Y RIESGOS BANCARIOS
9605,7042100433,MAESTRÍA EN DIRECCIÓN DE RECURSOS HUMANOS Y TRANSFORMACIÓN DIGITAL DE LAS ORGANIZACIONES
9606,7041300086,MAESTRÍA EN FINANZAS Y MERCADOS FINANCIEROS
9607,7041100138,MAESTRÍA EN ADMINISTRACIÓN DE NEGOCIOS Y COMERCIO INTERNACIONAL
9608,7042100434,MAESTRÍA EN DIRECCIÓN DE RECURSOS HUMANOS Y GESTIÓN DE LA RESPONSABILIDAD SOCIAL CORPORATIVA
9609,7042100435,MAESTRÍA EN DIRECCIÓN DE PROYECTOS AMBIENTALES Y RESPONSABILIDAD SOCIAL CORPORATIVA
9610,7041100139,"MAESTRÍA EN COMERCIO INTERNACIONAL, DIRECCIÓN COMERCIAL Y MARKETING"
9611,7041100140,MAESTRÍA EN COMERCIO INTERNACIONAL Y ESTRATEGIAS DIGITALES
9612,7041300087,MAESTRÍA EN DIRECCIÓN FINANCIERA GLOBAL ESTRATÉGICA
9613,6073100037,ESPECIALIDAD EN ILUMINACIÓN ARQUITECTÓNICA
9614,7073100129,MAESTRÍA EN GESTIÓN E IMPLEMENTACIÓN DE PROYECTOS URBANOS
9615,7071000058,MAESTRÍA EN BIOARQUITECTURA Y CONSTRUCCIÓN SUSTENTABLE
9616,7042500186,MAESTRÍA EN DIRECCIÓN DE HOSPITALES Y SERVICIOS DE SALUD
9617,7041200183,MAESTRÍA EN GERENCIA DE CAMPAÑAS Y MERCADOTECNIA POLÍTICA
9618,7011200151,MAESTRÍA EN EDUCACIÓN E INNOVACIÓN TECNOLÓGICA
9619,8052300023,DOCTORADO EN GEOCIENCIAS
9620,7033100445,MAESTRÍA EN JUICIOS ORALES EN MATERIA CIVIL Y FAMILIAR
9621,7031200095,MAESTRÍA EN DESARROLLO REGIONAL E INNOVACIÓN
9622,7071500029,MAESTRÍA EN PROCESOS DE MANUFACTURA AUTOMOTRIZ
9623,7011100095,MAESTRÍA EN PEDAGOGÍA INFANTIL
9624,7031200096,MAESTRÍA EN DESARROLLO REGIONAL E INNOVACIÓN TECNOLÓGICA 
9625,7101100050,MAESTRÍA EN CULTURA FÍSICA EN AMBIENTES INTERCULTURALES
9626,7042100436,MAESTRÍA EN GESTIÓN DE PROYECTOS SOSTENIBLES
9627,7081100101,MAESTRÍA EN CIENCIAS DE PRODUCCIÓN Y GESTIÓN DE PROYECTOS AGROPECUARIOS
9628,7062200091,MAESTRÍA EN GESTIÓN DE TECNOLOGÍA DE LA INFORMACIÓN
9629,7012702038,MAESTRÍA EN INCLUSIÓN Y NECESIDADES EDUCATIVAS ESPECIALES
9630,7051300096,"MAESTRÍA EN SOSTENIBILIDAD, EDUCACIÓN Y GESTIÓN AMBIENTAL PARA EL DESARROLLO"
9631,6092100010,ESPECIALIDAD EN ENFERMERÍA GINECO-OBSTETRA
9632,7031100285,MAESTRÍA EN EVALUACIÓN PSICOLÓGICA FORENSE
9633,6031100098,ESPECIALIDAD EN PSICOLOGÍA JURÍDICA FORENSE
9634,7022200027,MAESTRÍA EN ENSEÑANZA DE ESPAÑOL COMO LENGUA EXTRANJERA
9635,6092202021,"ESPECIALIDAD EN ENFERMERÍA EN CUIDADOS DE HERIDAS, ESTOMAS Y ACCESOS VASCULARES"
9636,8095600016,DOCTORADO EN UNA SOLA SALUD
9637,7042100437,MAESTRÍA EN ADMINISTRACIÓN E INNOVACIÓN DIGITAL
9638,7041200184,MAESTRÍA EN ADMINISTRACIÓN DE LA MERCADOTECNIA
9639,8021500004,DOCTORADO EN COMUNICACIÓN AUDIOVISUAL ESTRATÉGICA
9640,6011500017,ESPECIALIDAD EN TENDENCIAS EDUCATIVAS
9641,6042100113,ESPECIALIDAD EN GESTIÓN DEL CAMBIO
9642,6011100037,ESPECIALIDAD EN PROCESOS PARA EL APRENDIZAJE
9643,7051000021,MAESTRÍA EN NEUROCIENCIA EDUCATIVA E INNOVACIÓN
9644,7031100286,MAESTRÍA EN PSICOLOGÍA CLÍNICA ESPECIALIZADA
9645,7042100438,MAESTRÍA EN INNOVACIÓN EMPRESARIAL Y EXPERIENCIA DEL CLIENTE
9646,7041200185,MAESTRÍA EN GESTIÓN DEL MARKETING DIGITAL
9647,7041100141,MAESTRÍA EN INTELIGENCIA DE NEGOCIOS Y EMPRESA
9648,7041200186,MAESTRÍA EN MARKETING Y COMERCIO INTERNACIONAL
9649,7041100142,MAESTRÍA EN NEGOCIOS DE INTERNET
9650,7041100143,MAESTRÍA EN COMERCIO INTERNACIONAL Y DIRECCIÓN ESTRATÉGICA
9651,7042100439,MAESTRÍA EN ADMINISTRACIÓN DE NEGOCIOS Y ANÁLISIS DE RIESGOS
9652,7033100446,MAESTRÍA EN JUICIOS ORALES EN DERECHO PENAL Y CIVIL
9653,6093202004,ESPECIALIDAD EN ENDODONCIA INTEGRAL
9654,7101100051,MAESTRÍA EN FISIOLOGÍA DEL EJERCICIO
9655,7061100037,MAESTRÍA EN CIENCIAS E INGENIERÍA APLICADA
9656,7071700043,MAESTRÍA EN INGENIERÍA DE PROCESOS Y MANUFACTURA
9657,8094200007,DOCTORADO EN CIENCIAS DE LA NUTRICIÓN
9658,8031200043,DOCTORADO EN ESTUDIOS Y PROYECTOS SOCIOEDUCATIVOS
9659,8091345024,DOCTORADO EN INVESTIGACIÓN INTERDISCIPLINARIA EN SALUD
9660,7071600038,MAESTRÍA EN INGENIERÍA Y GESTIÓN AMBIENTAL
9661,7031100287,MAESTRÍA EN PSICOTERAPIA CLÍNICA Y HOSPITALARIA CON ORIENTACIÓN EN ADULTOS
9662,7031100288,MAESTRÍA EN PSICOTERAPIA CLÍNICA Y HOSPITALARIA CON ORIENTACIÓN EN PAREJA Y FAMILIA
9663,8051100030,DOCTORADO EN CIENCIAS CON ORIENTACIÓN EN MICROBIOLOGÍA MÉDICA
9664,8051100031,DOCTORADO EN CIENCIAS CON ORIENTACIÓN EN MORFOLOGÍA
9665,7052200026,MAESTRÍA EN CIENCIAS CON ORIENTACIÓN EN QUÍMICA BIOMÉDICA
9666,8041400007,DOCTORADO EN CONTADURÍA Y FINANZAS
9667,7062200092,MAESTRÍA EN GESTIÓN TECNOLÓGICA E INTELIGENCIA COMPETITIVA
9668,6092206014,ESPECIALIDAD EN ENFERMERÍA DEL CUIDADO DEL NIÑO Y ADOLESCENTE
9669,7071200055,MAESTRÍA EN CIENCIAS DE LA INGENIERÍA CON ORIENTACIÓN EN TECNOLOGÍA ENERGÉTICA
9670,8052200024,DOCTORADO EN CIENCIAS CON ORIENTACIÓN EN QUÍMICA Y TECNOLOGÍA AMBIENTAL
9671,7041100144,MAESTRÍA EN ANALÍTICA Y TRANSFORMACIÓN DIGITAL DE NEGOCIOS
9672,7033100447,MAESTRÍA EN DERECHO DE EMPRESAS
9673,7041400096,MAESTRÍA EN FINANZAS Y AUDITORÍA GUBERNAMENTAL
9674,6031300032,ESPECIALIDAD EN DERECHOS HUMANOS E IGUALDAD SUSTANTIVA
9675,7031300122,MAESTRÍA EN DERECHOS HUMANOS Y GRUPOS DE ATENCIÓN PRIORITARIA
9676,7051100034,MAESTRÍA EN CIENCIAS CON ORIENTACIÓN EN MORFOLOGÍA
9677,7102100018,MAESTRÍA EN MOVILIDAD SOSTENIBLE
9678,7031200097,MAESTRÍA EN ETNOLOGÍA Y ESTUDIOS COMUNITARIOS
9679,8031400026,DOCTORADO EN DESARROLLO Y SUSTENTABILIDAD
9680,7042000134,MAESTRÍA EN ADMINISTRACIÓN CON TERMINAL EN PERSONAL
9681,6042300014,ESPECIALIDAD EN GOBIERNO Y DESARROLLO INSTITUCIONAL
9682,8042000022,DOCTORADO EN LIDERAZGO ESTRATÉGICO E INNOVACIÓN
9683,7022100023,MAESTRÍA EN ESPIRITUALIDAD Y FORMACIÓN DE LAS VOCACIONES
9684,7042500187,MAESTRÍA EN GESTIÓN INSTITUCIONAL Y LIDERAZGO PEDAGÓGICO
9685,7062200093,MAESTRÍA VIRTUAL EN GESTIÓN INSTITUCIONAL Y LIDERAZGO PEDAGÓGICO
9686,7081100102,MAESTRÍA EN CIENCIAS AGROPECUARIAS Y FORESTALES
9687,6033100216,ESPECIALIDAD EN JUSTICIA LABORAL
9688,7033100448,MAESTRÍA EN ORALIDAD FAMILIAR Y CIVIL
9689,7042000135,MAESTRÍA EN GESTIÓN Y OPERACIÓN ADUANERA
9690,8041100007,DOCTORADO EN VALUACIÓN INMOBILIARIA
9691,8031300037,"DOCTORADO EN RELACIONES INTERNACIONALES, NEGOCIOS Y DIPLOMACIA"
9692,7031300123,MAESTRÍA EN CIENCIAS POLÍTICAS Y GOBIERNO
9693,8095300001,DOCTORADO EN CIENCIAS CON ORIENTACIÓN EN QUÍMICA BIOMÉDICA
9694,7042100440,MAESTRÍA EN ESTRATEGIA Y DIRECCIÓN DE EMPRESAS
9695,7042100441,MAESTRÍA EN DIRECCIÓN ESTRATÉGICA DEL TALENTO HUMANO
9696,7041300088,MAESTRÍA EN FINANZAS ESTRATÉGICAS Y ANÁLISIS DE NEGOCIOS
9697,7081100103,MAESTRÍA EN CIENCIAS DE LA PRODUCCIÓN ANIMAL
9698,7091326002,MAESTRÍA EN MEDICINA DE LABORATORIO
9699,8081100039,DOCTORADO EN SOSTENIBILIDAD DE LOS RECURSOS AGROPECUARIOS
9700,6091323006,ESPECIALIDAD EN URGENCIAS MÉDICO-QUIRÚRGICAS
9701,7042200063,MAESTRÍA EN GESTIÓN DE DESTINOS TURÍSTICOS SUSTENTABLES
9702,7071700044,MAESTRÍA EN INGENIERÍA APLICADA EN LA INNOVACIÓN TECNOLÓGICA
9703,7042100442,MAESTRÍA EN ADMINISTRACIÓN DE NEGOCIO CON ORIENTACIÓN EN GESTIÓN ESTRATÉGICA DEL CAPITAL HUMANO
9704,6012604020,ESPECIALIDAD EN EDUCACIÓN FÍSICA Y DEPORTE
9705,6012604021,ESPECIALIDAD EN ENSEÑANZA DE LA FÍSICA
9706,6012604022,ESPECIALIDAD EN ENSEÑANZA DE LA QUÍMICA
9707,6071600019,ESPECIALIDAD EN EVALUACIÓN DEL IMPACTO AMBIENTAL
9708,6061300035,ESPECIALIDAD EN PROTECCIÓN DE DATOS PERSONALES
9709,6011000024,ESPECIALIDAD EN PROYECTOS EDUCATIVOS
9710,7041200187,MAESTRÍA EN DESARROLLO DE NEGOCIOS Y MERCADOTECNIA
9711,6041000015,ESPECIALIDAD EN RESPONSABILIDADES ADMINISTRATIVAS
9712,7095300005,MAESTRÍA EN CIENCIAS CON ORIENTACIÓN EN MICROBIOLOGÍA MÉDICA
9713,7091319001,MAESTRÍA EN CIENCIAS CON ORIENTACIÓN EN INMUNOLOGÍA MÉDICA
9714,8051200037,DOCTORADO EN CIENCIAS CON ORIENTACIÓN EN FARMACOLOGÍA Y TOXICOLOGÍA
9715,8091319001,DOCTORADO EN CIENCIAS CON ORIENTACIÓN EN INMUNOLOGÍA
9716,7033100449,MAESTRÍA EN DERECHO CONSTITUCIONAL CON ORIENTACIÓN EN DERECHO PROCESAL CONSTITUCIONAL
9717,7033100450,MAESTRÍA EN DERECHO CONSTITUCIONAL CON ORIENTACIÓN EN DERECHOS HUMANOS
9718,7033100451,MAESTRÍA EN DERECHO CONSTITUCIONAL CON ORIENTACIÓN EN DERECHO ELECTORAL
9719,8012604007,DOCTORADO EN EDUCACIÓN ÉNFASIS EN PROFESIONALIZACIÓN DOCENTE 
9720,7012000115,MAESTRÍA EN EDUCACIÓN EN EL CAMPO DE FORMACIÓN DOCENTE
9721,7012000116,MAESTRÍA EN DESARROLLO SOCIOEMOCIONAL PARA EDUCACIÓN PREESCOLAR
9722,7101600018,MAESTRÍA EN DIRECCIÓN DE HOTELES Y RESTAURANTES
9723,7031100289,MAESTRÍA EN PSICOLOGÍA LABORAL Y GESTIÓN DEL TALENTO HUMANO
9724,7031100290,MAESTRÍA EN PSICOLOGÍA DEL CONSUMIDOR Y MARKETING DIGITAL
9725,7071600039,MAESTRÍA EN INGENIERÍA QUÍMICA AMBIENTAL
9726,8031200044,DOCTORADO EN ESTUDIOS SOCIOCULTURALES SOBRE LAS DESIGUALDADES
9727,6091309007,ALTA ESPECIALIDAD EN CIRUGÍA BARIÁTRICA Y METABÓLICA
9728,8101100012,DOCTORADO EN CIENCIAS DE LA ACTIVIDAD FÍSICA Y DEL DEPORTE
9729,6072300004,ESPECIALIDAD EN MOLDES Y TROQUELES
9730,6033100217,"ESPECIALIDAD EN SISTEMA INTEGRAL DE JUSTICIA PENAL PARA ADOLESCENTES, CON ENFOQUE EN LA FUNCIÓN MINISTERIAL"
9731,6041300033,PROGRAMA INTEGRAL DUAL ESPECIALIDAD INTELIGENCIA FINANCIERA. MAESTRÍA INTELIGENCIA FINANCIERA
9732,6033100218,ESPECIALIDAD EN PERSONAS DESAPARECIDAS
9733,7061300062,MAESTRÍA EN CIENCIAS EN TECNOLOGÍAS DE SEGURIDAD
9734,8095200015,DOCTORADO EN CIENCIAS EN EL ÁREA DE CIENCIA Y TECNOLOGÍA BIOMÉDICA
9735,8052100021,DOCTORADO EN CIENCIAS EN LA ESPECIALIDAD EN CIENCIA Y TECNOLOGÍA DEL ESPACIO
9736,7095200020,MAESTRÍA EN CIENCIA Y TECNOLOGÍA BIOMÉDICA
9737,7042100443,MAESTRÍA EN ADMINISTRACIÓN EN ALTA DIRECCIÓN
9738,8042500031,DOCTORADO EN ADMINISTRACIÓN Y SEGURIDAD EN LOS SERVICIOS DE SALUD
9739,7041200188,MAESTRÍA EN ADMINISTRACIÓN CON ENFOQUE EN MERCADOTECNIA
9740,7061300063,MAESTRÍA EN INGENIERÍA CON ORIENTACIÓN EN CIENCIA DE DATOS
9741,7011000091,MAESTRÍA EN EDUCACIÓN CON ORIENTACIÓN EN GESTIÓN DE CALIDAD
9742,7042100444,MAESTRÍA EN INGENIERÍA CON ORIENTACIÓN EN GESTIÓN DE PROYECTOS
9743,7062200094,MAESTRÍA EN INGENIERÍA CON ORIENTACIÓN EN GESTIÓN DE TECNOLOGÍAS DE INFORMACIÓN
9744,7042500188,MAESTRÍA EN EDUCACIÓN CON ORIENTACIÓN EN DIRECCIÓN Y GESTIÓN
9745,7033200079,MAESTRÍA EN DERECHO CON ORIENTACIÓN EN CRIMINOLOGÍA
9746,7071200056,MAESTRÍA EN INGENIERÍA CON ORIENTACIÓN EN ENERGÍAS RENOVABLES
9747,7031200098,MAESTRÍA EN CIENCIAS EN TECNOLOGÍAS SUSTENTABLES
9748,7073100130,MAESTRÍA EN CONSERVACIÓN Y RESTAURACIÓN ARQUITECTÓNICA
9749,8011500031,DOCTORADO EN EDUCACIÓN DISRUPTIVA
9750,7033200080,MAESTRÍA EN INVESTIGACIÓN CRIMINAL CON ENFOQUE AL SISTEMA PENAL
9751,6033100219,ESPECIALIDAD EN INVESTIGACIÓN DE LA TRATA DE PERSONAS EN EL SISTEMA PENAL ACUSATORIO
9752,7041200189,MAESTRÍA EN BRANDING Y EXPANSIÓN DE MARCAS GLOBALES
9753,7042500189,MAESTRÍA EN ADMINISTRACIÓN DE HOSPITALES E INNOVACIÓN EN GESTIÓN Y SEGURIDAD SANITARIA
9754,6021600019,ESPECIALIDAD EN DIFUSIÓN DIGITAL EN MODA
9755,6021600020,ESPECIALIDAD EN MERCADOTECNIA VISUAL
9756,8033100085,DOCTORADO EN DERECHO AMBIENTAL Y AGRARIO
9757,7042500190,MAESTRÍA EN ADMINISTRACIÓN DE ORGANIZACIONES DE SERVICIOS DE SALUD
9758,7081100104,MAESTRÍA EN DERECHO AGRARIO
9759,7062000025,MAESTRÍA EN SEGURIDAD DE SISTEMAS Y TECNOLOGÍAS DE LA INFORMACIÓN
9760,7101500023,MAESTRÍA EN GASTRONOMÍA Y TURISMO CON ENFOQUE EN COCINAS DEL MUNDO
9761,7101500024,MAESTRÍA EN GASTRONOMÍA Y TURISMO CON ENFOQUE EN FINANZAS
9762,7101500025,MAESTRÍA EN GASTRONOMÍA Y TURISMO CON ENFOQUE EN MICE
9763,6092207009,ESPECIALIDAD DE ENFERMERÍA QUIRÚRGICA PERIOPERATORIA
9764,7051200038,MAESTRÍA EN BIOTECNOLOGÍA BIOMÉDICA
9765,7101100052,MAESTRÍA EN ACTIVIDAD FÍSICA PARA LA SALUD Y DEPORTE
9766,7012603027,MAESTRÍA EN LA ENSEÑANZA DEL INGLÉS Y LINGÜÍSTICA APLICADA
9767,7033100452,MAESTRÍA EN JUSTICIA FEDERAL
9768,6033100220,"ESPECIALIDAD EN SISTEMA INTEGRAL DE JUSTICIA PENAL PARA ADOLESCENTES, CON ENFOQUE EN MECANISMOS ALTERNATIVOS"
9769,7011100096,MAESTRÍA EN EDUCACIÓN: CAMPO TECNOLOGÍAS DEL APRENDIZAJE Y EL CONOCIMIENTO
9770,7011100097,MAESTRÍA EN EDUCACIÓN: CAMPO COMPETENCIAS PROFESIONALES CENTRADAS EN EL APRENDIZAJE
9771,7011100098,MAESTRÍA EN NEUROEDUCACIÓN PARA LA ENSEÑANZA Y EL APRENDIZAJE
9772,7042200064,MAESTRÍA EN INNOVACION Y GESTION DE DESTINOS TURÍSTICOS
9773,7042300086,MAESTRÍA EN ADMINISTRACIÓN PÚBLICA MUNICIPAL CON ENFOQUE DE GÉNERO
9774,7011300062,"MAESTRÍA EN PSICOPEDAGOGÍA, DESARROLLO EMOCIONAL Y FAMILIAR"
9775,6101600008,ESPECIALIDAD EN EMPRENDIMIENTO E INNOVACIÓN TURÍSTICA
9776,8073100026,DOCTORADO EN URBANISMO Y ARQUITECTURA SOSTENIBLE
9777,7041200190,MAESTRÍA EN E-BUSINESS
9778,7012701012,MAESTRÍA EN EDUCACIÓN INICIAL Y GESTIÓN  DE INSTITUCIONES
9779,7031300124,MAESTRÍA EN POLÍTICAS PÚBLICAS E INTERCULTURALIDAD
9780,7073100131,MAESTRÍA EN TERRITORIO Y MEMORIA HISTÓRICA
9781,6022400004,ESPECIALIDAD EN INTERPRETACIÓN Y TRADUCCIÓN DE LENGUAS INDÍGENAS
9782,7033200081,MAESTRÍA EN CRIMINOLOGÍA EDUCATIVA
9783,6033200043,ESPECIALIDAD EN CRIMINOLOGÍA CLÍNICA Y PENITENCIARIA
9784,6101100010,ESPECIALIDAD EN MERCADOTECNIA PARA ORGANIZACIONES DEPORTIVAS
9785,7011000092,MAESTRÍA EN DIVERSIDAD E INCLUSIÓN
9786,8012000014,DOCTORADO EN EDUCACIÓN CON ÉNFASIS EN FORMACIÓN PROFESIONAL Y PRÁCTICA DOCENTE
9787,7062200095,MAESTRÍA EN GESTIÓN EN TECNOLOGÍAS DE LA INFORMACIÓN
9788,7101100053,MAESTRÍA EN METODOLOGÍA DEL ENTRENAMIENTO DEPORTIVO
9789,7042300087,MAESTRÍA EN LIDERAZGO PARA LA SALUD PÚBLICA
9790,7095600069,MAESTRÍA EN FORMACIÓN E INNOVACIÓN PARA PROFESIONALES DE LA SALUD
9791,7041200191,MAESTRÍA EN ADMINISTRACIÓN EN MERCADOTECNIA ESTRATÉGICA
9792,7031000070,MAESTRÍA EN CONCIENCIA PLENA APLICADA
9793,7042100445,MAESTRÍA EN GESTIÓN ORGANIZACIONAL POSITIVA
9794,7042100446,MAESTRÍA EN DIRECCIÓN DE PROYECTOS DE INNOVACIÓN
9795,7041200192,MAESTRÍA EN MERCADOTECNIA DIGITAL Y COMERCIO ELECTRÓNICO
9796,7042500191,MAESTRÍA EN GESTIÓN DIRECTIVA DE INSTITUCIONES EN SALUD
9797,8071100006,DOCTORADO EN GESTIÓN E INNOVACIÓN TECNOLÓGICA
9798,8042100062,DOCTORADO EN ADMINISTRACIÓN ESTRATÉGICA EMPRESARIAL
9799,7061300064,MAESTRÍA EN DIRECCIÓN E INGENIERÍA DE SOFTWARE
9800,7071200057,MAESTRÍA EN ADMINISTRACIÓN Y REGULACIÓN DE LA INDUSTRIA ELÉCTRICA
9801,7071200058,MAESTRÍA EN ADMINISTRACIÓN Y REGULACIÓN ENERGÉTICA
9802,6071200015,ESPECIALIDAD EN UTILIZACIÓN DE LA ENERGÍA ELÉCTRICA
9803,7071400020,MAESTRÍA EN CIENCIAS EN DESARROLLO E INNOVACIÓN DE PROCESOS BIOTECNOLÓGICOS
9804,8051300045,DOCTORADO EN CIENCIAS EN FITOMEJORAMIENTO
9805,6031200020,ESPECIALIZACIÓN EN ESTUDIOS DE OPINIÓN
9806,7072400025,MAESTRÍA EN INGENIERÍA MINERA Y SISTEMAS DE VENTILACIÓN
9807,7072400026,MAESTRÍA EN INGENIERÍA MINERA Y MECÁNICA DE ROCAS
9808,6042500049,ESPECIALIDAD EN ADMINISTRACIÓN DE LOS SERVICIOS DE SALUD
9809,7033100453,MAESTRÍA EN AMPARO PENAL
9810,6073200012,"ESPECIALIDAD EN PLANEACIÓN, PROGRAMACIÓN Y PRESUPUESTACIÓN DE LA CONSTRUCCIÓN"
9811,6041100068,"ESPECIALIDAD EN VALUACIÓN INMOBILIARIA, DE MAQUINARIA Y EQUIPO"
9812,7071200059,"MAESTRÍA EN EFICIENCIA ENERGÉTICA, TRANSPORTE Y ALMACENAMIENTO DE HIDROCARBUROS"
9813,7073100132,"MAESTRÍA EN DISEÑO, CONSTRUCCIÓN Y CONSERVACIÓN DE VÍAS FÉRREAS"
9814,7071200060,MAESTRÍA EN EFICIENCIA Y SOSTENIBILIDAD EN SISTEMAS ENERGÉTICOS
9815,7033100454,MAESTRÍA EN DERECHO PENAL Y PROCESAL PENAL (CON ÁREA TERMINAL EN INTELIGENCIA PARA LA INVESTIGACIÓN CRIMINAL)
9816,7062200096,MAESTRÍA EN SEGURIDAD INFORMÁTICA Y GESTIÓN DEL RIESGO TECNOLÓGICO
9817,7041200193,MAESTRÍA EN DIRECCIÓN DE MARKETING
9818,7101100054,MAESTRÍA EN GESTIÓN DE DEPORTES
9819,7042100447,MAESTRÍA EN INNOVACIÓN Y EMPRENDIMIENTO DE LA EMPRESA FAMILIAR
9820,7033100455,MAESTRÍA EN DERECHO JUDICIAL DE LA FAMILIA
9821,7012604091,MAESTRÍA EN DOCENCIA DE LAS CIENCIAS SOCIALES
9822,7104100033,MAESTRÍA EN SEGURIDAD CIUDADANA Y ACCESO A LA JUSTICIA
9823,8011200070,DOCTORADO EN CIENCIAS EN INNOVACIÓN
9824,7033100456,MAESTRÍA EN JUICIOS ORALES Y CRIMINALÍSTICA
9825,6042500050,ESPECIALIDAD EN DIRECCIÓN ESTRATÉGICA EN LOS SISTEMAS DE LA SALUD
9826,7042100448,MAESTRÍA EN DIRECCIÓN LOGÍSTICA Y CADENA DE SUMINISTRO
9827,7071300055,MAESTRÍA EN INTELIGENCIA ARTIFICIAL PARA LA TRANSFORMACIÓN DIGITAL
9828,7071100032,MAESTRÍA EN INGENIERÍA DEL MANTENIMIENTO INDUSTRIAL
9829,8071700009,DOCTORADO EN TRANSFORMACIÓN DIGITAL EN LA INDUSTRIA
9830,7031100291,MAESTRÍA EN EVALUACIÓN Y DIAGNÓSTICO DE LA INFANCIA Y LA ADOLESCENCIA
9831,6031100099,ESPECIALIDAD EN DIÁLOGO EXISTENCIAL
9832,8031300038,DOCTORADO EN CIENCIAS POLÍTICAS Y GOBIERNO
9833,7031500080,"MAESTRÍA EN GÉNERO, FAMILIA Y EDUCACIÓN"
9834,6033100221,ESPECIALIDAD EN AMPARO Y DERECHO PROCESAL CONSTITUCIONAL
9835,7031400045,MAESTRÍA EN ECONOMÍA SOCIAL Y SOLIDARIA
9836,7033200082,MAESTRÍA EN BALÍSTCA FORENSE
9837,7033200083,MAESTRÍA EN BALÍSTICA FORENSE
9838,7042100449,MAESTRÍA EN DIRECCIÓN DE LOGÍSTICA
9839,6091315006,ESPECIALIDAD MÉDICA EN GERIATRÍA
9840,7094000014,MAESTRÍA EN PSICOTERAPIA TRANSPERSONAL INTEGRATIVA
9841,7011400068,MAESTRÍA EN EDUCACIÓN EN LÍNEA
9842,7012702039,MAESTRÍA EN DOCENCIA Y EDUCACIÓN ESPECIAL
9843,6093206020,ESPECIALIDAD EN PRÓTESIS E IMPLANTES
9844,6022200015,ESPECIALIDAD EN INTERPRETACIÓN Y TRADUCCIÓN DEL IDIOMA INGLÉS
9845,7011200152,MAESTRÍA EN INNOVACIONES EDUCATIVAS
9846,7033100457,MAESTRÍA EN DEFENSA FISCAL Y ADMINISTRATIVA
9847,7033100458,MAESTRÍA EN DERECHO PROCESAL ADMINISTRATIVO
9848,6041100069,ESPECIALIDAD EN ANALÍTICA DE NEGOCIOS
9849,7095600070,MAESTRÍA EN INNOVACIÓN EN SISTEMAS DE SALUD
9850,7081100105,MAESTRÍA EN CIENCIAS EN PRODUCCIÓN APÍCOLA
9851,6011100038,ESPECIALIDAD EN NEUROEDUCACIÓN
9852,7022600045,MAESTRÍA  EN CULTURA DE LA LEGALIDAD Y ANTICORRUPCIÓN
9853,7031300125,MAESTRÍA EN DEMOCRACIA Y DERECHO ELECTORAL
9854,7031200099,MAESTRÍA EN DESARROLLO INTEGRAL DE LA FAMILIA
9855,7042500192,MAESTRÍA EN EDUCACIÓN SUPERIOR CON ACENTUACIÓN EN ADMINISTRACIÓN
9856,7011400069,MAESTRÍA EN EDUCACIÓN SUPERIOR CON ACENTUACIÓN EN TECNOLOGÍA E INNOVACIÓN
9857,7042100450,MAESTRÍA EN GESTIÓN Y ADMINISTRACIÓN
9858,7042500193,MAESTRÍA EN ADMINISTRACIÓN DE SERVICIOS DE SALUD Y REHABILITACIÓN
9859,7011200153,MAESTRÍA EN EVALUACIÓN Y EDUCACIÓN INFANTIL
9860,7011000093,MAESTRÍA EN EDUCACIÓN Y ACOMPAÑAMIENTO ANTE LA MUERTE
9861,7033100459,MAESTRÍA EN DERECHO PENAL Y DERECHOS HUMANOS
9862,7033100460,MAESTRÍA EN PROCESO PENAL ACUSATORIO ADVERSARIAL
9863,7041200194,MAESTRÍA EN MERCADOTECNIA Y PUBLICIDAD EN ENTORNOS DIGITALES
9864,7101100055,MAESTRÍA EN GESTIÓN Y COMUNICACIÓN DEPORTIVA
9865,7042500194,MAESTRÍA EN ADMINISTRACIÓN Y ALTA DIRECCIÓN DE INSTITUCIONES DE LA SALUD
9866,6091345026,ESPECIALIDAD EN REGULACIÓN SANITARIA DE MEDICAMENTOS Y VACUNAS 
9867,7011400070,"MAESTRÍA EN EDUCACIÓN, TECNOLOGÍAS E INNOVACIÓN"
9868,7033100461,"MAESTRÍA EN CIENCIAS JURÍDICAS CON LÍNEAS TERMINALES EN: DERECHOS HUMANOS Y DEFENSA CONSTITUCIONAL;  PLANEACIÓN Y DEFENSA FISCAL; POLÍTICA CRIMINAL Y PENAL; MEDIOS ALTERNATIVOS DE SOLUCIÓN DE CONTROVERSIAS, JUSTICIA RESTAURATIVA Y JUSTICIA DE PAZ"
9869,7011500041,MAESTRÍA EN CIENCIAS DE LA EDUCACIÓN CON FORMACIÓN MONTESSORI
9870,8031200045,DOCTORADO EN PENSAMIENTO COMPLEJO
9871,8031200046,"DOCTORADO EN ""PENSAMIENTO COMPLEJO Y CONSTRUCCIÓN TRANSDISCIPLINARIA DEL CONOCIMIENTO"""
9872,6031200021,ESPECIALIDAD EN CIENCIAS DE LA COMPLEJIDAD
9873,7031200100,MAESTRÍA TRANSDISCIPLINARIA Y COMPLEJIDAD DEL CONOCIMIENTO
9874,7011200154,MAESTRÍA EN INVESTIGACIÓN INTEGRATIVA
9875,7033200084,MAESTRÍA EN CRIMINOLOGÍA  E INVESTIGACIÓN CIENTÍFICA DEL DELITO
9876,8033200012,DOCTORADO EN JUSTICIA CRIMINAL
9877,6103100003,ESPECIALIDAD EN ORGANIZACIÓN DE SEGURIDAD EN EL TRABAJO
9878,7031200101,MAESTRÍA TRANSDICIPLINARIEDAD Y COMPLEJIDAD DEL CONOCIMIENTO
9879,6031100100,ESPECIALIDAD EN PSICOLOGÍA DEL NIÑO Y DEL ADOLESCENTE CON ORIENTACIÓN AL CAMPO EJECUTIVO
9880,8011200071,DOCTORADO EN GESTIÓN EDUCATIVA DESDE UNA PERSPECTIVA HUMANISTA
9881,6033100222,ESPECIALIDAD EN DERECHOS DE LA MUJER Y GRUPOS VULNERABLES
9882,6033100223,ESPECIALIDAD EN DERECHO NOTARIAL Y CONTRIBUCIONES FISCALES
9883,6033100224,ESPECIALIDAD EN DERECHO AMBIENTAL Y AGRARIO
9884,6033100225,"ESPECIALIDAD EN DERECHO ADMINISTRATIVO, LICITACIONES Y ADQUISICIONES"
9885,8011100029,DOCTORADO EN EDUCACIÓN CON ÉNFASIS EN INVESTIGACIÓN
9886,6033100226,ESPECIALIDAD EN DERECHO AERONÁUTICO
9887,6033100227,ESPECIALIDAD EN DERECHO DE LA TELECOMUNICACIÓN
9888,6033100228,ESPECIALIDAD EN DERECHO MARÍTIMO
9889,6033100229,ESPECIALIDAD EN DERECHO LABORAL Y DERECHO PROCESAL LABORAL
9890,6033100230,ESPECIALIDAD EN DERECHO DE LA CIBERSEGURIDAD
9891,6033100231,ESPECIALIDAD EN DERECHO URBANO Y URBANÍSTICO
9892,6033100232,ESPECIALIDAD EN DERECHO PENITENCIARIO
9893,6033100233,"ESPECIALIDAD EN DERECHOS DE AUTOR, PATENTES Y MARCAS"
9894,6042200013,ESPECIALIDAD EN DESARROLLOS TURISTICOS E INMOBILIRIOS
9895,6033100234,ESPECIALIDAD EN MEDIACIÓN Y MEDIOS ALTERNATIVOS DE SOLUCIÓN DE CONFLICTOS
9896,6033100235,"ESPECIALIDAD EN LEY DE TRANSPARENCIA, MARCO DE RESPONSABILIDAD DE SERVIDORES PÚBLICOS Y MECANISMOS ANTI-CORRUPCIÓN"
9897,8042300016,DOCTORADO EN ADMINISTRACIÓN PÚBLICA Y CIENCIA POLÍTICA
9898,6011400021,ESPECIALIDAD EN EDUCACIÓN A DISTANCIA Y ENTORNOS VIRTUALES
9899,7011000094,MAESTRÍA EN INCLUSIÓN Y ATENCIÓN A LA DIVERSIDAD
9900,6033100236,ESPECIALIDAD EN EJECUCIÓN DE SANCIONES PENALES
9901,6033100237,ESPECIALIDAD EN SISTEMA INTEGRAL ORAL DE JUSTICIA PARA ADOLESCENTES
9902,7033100462,MAESTRÍA EN EJECUCIÓN DE SANCIONES PENALES
9903,7033100463,MAESTRÍA EN SISTEMA INTEGRAL ORAL DE JUSTICIA PARA ADOLESCENTES
9904,7042300088,MAESTRÍA EN GOBIERNO Y ESTRATEGIA
9905,7071100033,MAESTRÍA EN INGENIERÍA MECÁNICA INDUSTRIAL
9906,7061300065,MAESTRÍA EN INGENIERÍA EN INFORMÁTICA
9907,7012601024,MAESTRÍA EN INNOVACIÓN EN LA EDUCACIÓN FÍSICA
9908,7071200061,MAESTRÍA EN DOMÓTICA Y SUSTENTABILIDAD
9909,7031300126,MAESTRÍA EN POLÍTICAS PÚBLICAS Y GOBERNANZA
9910,7041100145,MAESTRÍA EN ADMINISTRACIÓN ADUANERA Y FINANZAS
9911,7041300089,MAESTRÍA EN GESTIÓN FINANCIERA CORPORATIVA
9912,7041100146,MAESTRÍA EN ADMINISTRACIÓN DE NEGOCIOS ÁREA INTELIGENCIA DE NEGOCIOS Y BIG DATA
9913,7042000136,MAESTRÍA EN ADMINISTRACIÓN DE NEGOCIOS ÁREA MERCADOTECNIA DIGITAL 
9914,7042000137,MAESTRÍA EN ADMINISTRACIÓN DE NEGOCIOS ÁREA RIESGOS
9915,7062000026,MAESTRÍA EN GESTIÓN EN TECNOLOGÍAS DE INFORMACIÓN
9916,7042200065,MAESTRÍA EN ADMINISTRACIÓN DE HOTELES Y RESTAURANTES
9917,7022000023,MAESTRÍA EN CONSEJERÍA CRISTIANA
9918,7101100056,MAESTRÍA EN RECREACIÓN FÍSICA Y ACTIVIDAD DEPORTIVA
9919,6033100238,"ESPECIALIDAD EN JUICIO ORAL CIVIL, MERCANTIL Y FAMILIAR"
9920,8033100086,"DOCTORADO EN JUICIO ORAL CIVIL, MERCANTIL Y FAMILIAR"
9921,8011000031,DOCTORADO EN EDUCACIÓN Y GESTIÓN DE ECOSISTEMAS EDUCATIVOS
9922,7041400097,MAESTRÍA EN IMPUESTO Y DEFENSA FISCAL
9923,7104100034,MAESTRÍA EN GESTIÓN ESTRATÉGICA DE LA CIBERSEGURIDAD
9924,6042100114,ESPECIALIDAD EN ÉTICA EN LAS ORGANIZACIONES
9925,7103100015,MAESTRÍA EN SEGURIDAD Y AMBIENTE
9926,7073100133,MAESTRÍA EN CIENCIAS EN ARQUITECTURA DE ORGANIZACIONES INTELIGENTES
9927,7061300066,MAESTRÍA EN CIENCIAS EN INGENIERÍA DE SOFTWARE
9928,7103100016,MAESTRÍA EN SEGURIDAD INDUSTRIAL EN LOS PROCESOS
9929,7011400071,MAESTRÍA EN DIDÁCTICA Y TECNOLOGÍA
9930,8042100063,DOCTORADO EN ALTA DIRECCIÓN DE NEGOCIOS
9931,7042100451,MAESTRÍA EN ALTA GERENCIA Y LIDERAZGO
9932,7073100134,MAESTRÍA EN ARQUITECTURA Y DISEÑO
9933,7021500053,MAESTRÍA EN DISEÑO GRÁFICO Y MEDIOS DIGITALES
9934,7041100147,MAESTRÍA EN NEGOCIOS Y TURISMO
9935,6041300034,ESPECIALIDAD EN CALIDAD DEL GASTO PÚBLICO
9936,7011000095,MAESTRÍA EN ENSEÑANZA DE LAS HUMANIDADES
9937,7011200155,MAESTRÍA EN EDUCACIÓN CON ACENTUACIÓN EN INNOVACIÓN Y GESTIÓN DE LA CALIDAD
9938,7033100464,MAESTRÍA EN DERECHO AMBIENTAL Y GESTIÓN SOSTENIBLE EN MÉXICO
9939,7011200156,MAESTRÍA EN INNOVACIÓN EDUCATIVA Y PROCESOS TRANSFORMADORES EN EL APRENDIZAJE
9940,6012702007,ESPECIALIDAD EN EDUCACIÓN ESPECIAL
9941,8012500007,DOCTORADO EN ENSEÑANZA Y APRENDIZAJE EN LA EDUCACIÓN SUPERIOR
9942,7042100452,MAESTRÍA EN LIDERAZGO DIRECTIVO
9943,8011200072,DOCTORADO EN ACREDITACIÓN Y CALIDAD EDUCATIVA
9944,8011000032,DOCTORADO EN EDUCACIÓN SOCIOEMOCIONAL Y CONVIVENCIA EDUCATIVA
9945,7041100148,MAESTRÍA EN LOGÍSTICA Y ADUANAS
9946,7041200195,MAESTRÍA EN DISEÑO E IDENTIDAD CORPORATIVA
9947,6022200016,ESPECIALIDAD EN COMPETENCIAS COMUNICATIVAS DEL INGLÉS
9948,7022200028,MAESTRÍA EN LINGÜÍSTICA APLICADA DEL IDIOMA INGLÉS
9949,7021500054,MAESTRÍA EN DISEÑO DIGITAL Y REDES
9950,7041200196,MAESTRÍA EN MERCADOTECNIA Y PUBLICIDAD DIGITAL
9951,7095600071,MAESTRÍA EN SALUD PÚBLICA CON ÉNFASIS EN EPIDEMIOLOGÍA
9952,7095600072,MAESTRÍA EN SALUD PÚBLICA CON ÉNFASIS EN ENFERMEDADES CRÓNICAS
9953,8012500008,DOCTORADO EN ALTA GERENCIA DEL CUIDADO Y DOCENCIA EN ENFERMERÍA
9954,8042500032,DOCTORADO EN ADMINISTRACIÓN Y DIRECCIÓN DE INSTITUCIONES EDUCATIVAS
9955,6094200011,ESPECIALIDAD EN NUTRICIÓN BARIÁTRICA
9956,7011100099,MAESTRÍA EN NEUROEDUCACIÓN
9957,7104100035,MAESTRÍA EN RELACIONES LABORALES Y SEGURIDAD SOCIAL
9958,7011100100,MAESTRÍA EN NEURO EDUCACIÓN
9959,7052100029,MAESTRÍA EN CIENCIAS EN ÓPTICA Y FOTÓNICA
9960,8031300039,DOCTORADO EN GESTIÓN DE PAZ Y PREVENCIÓN DE LAS VIOLENCIAS
9961,7012000117,MAESTRÍA EN DOCENCIA EN COMPETENCIAS EDUCATIVAS
9962,7033100465,MAESTRÍA EN MECANISMOS ALTERNATIVOS DE SOLUCIÓN DE CONTROVERSIAS Y DERECHO PROCESAL
9963,8033100087,DOCTORADO EN JUSTICIA CONSTITUCIONAL Y DERECHO CONSTITUCIONAL COMPARADO
9964,7011500042,MAESTRÍA EN EDUCACIÓN Y DISEÑO INSTRUCCIONAL
9965,7011100101,MAESTRÍA EN EDUCACIÓN CON ENFOQUE EN ESTRATEGIAS DIDÁCTICAS
9966,8071200017,DOCTORADO EN ENERGÍAS TÉRMICA Y RENOVABLE
9967,6071500021,ESPECIALIDAD EN ELECTROMOVILIDAD
9968,7021100030,MAESTRÍA EN GESTIÓN Y PRODUCCIÓN DE PROYECTOS ARTÍSTICOS Y CULTURALES
9969,7073100135,MAESTRÍA EN CIENCIAS CON ORIENTACIÓN EN DISEÑO Y GESTIÓN DE LA ARQUITECTURA 
9970,7073100136,MAESTRÍA EN CIENCIAS CON ORIENTACIÓN EN ASUNTOS URBANOS
9971,8011400020,DOCTORADO EN TECNOLOGÍA E INNOVACIÓN EDUCATIVA
9972,7012500047,MAESTRÍA EN DOCENCIA EN SALUD
9973,7011200157,MAESTRÍA EN EVALUACIÓN Y GESTIÓN EDUCATIVA
9974,6011100039,ESPECIALIDAD EN EDUCACIÓN: PROCESO ENSEÑANZA-APRENDIZAJE
9975,7011400072,MAESTRÍA EN EDUCACIÓN Y COMPETENCIAS DIGITALES
9976,6095300005,ESPECIALIDAD EN LABORATORIO CLÍNICO
9977,8011200073,DOCTORADO EN INVESTIGACIÓN INTERDISCIPLINARIA CON ORIENTACIÓN EN ESTUDIOS SOCIALES
9978,7071200062,MAESTRÍA EN ENERGÍAS RENOVABLES EN SISTEMAS ELÉCTRICOS
9979,7042100453,"MAESTRÍA EN CALIDAD TOTAL, PRODUCTIVIDAD Y CERTIFICACIÓN"
9980,7033100466,MAESTRÍA EN EL NUEVO SISTEMA DE JUSTICIA PENAL
9981,7022100024,MAESTRÍA EN DOCTRINA SOCIAL CRISTIANA
9982,7042500195,MAESTRÍA EN ADMINISTRACIÓN DE INSTITUCIONES Y SERVICIOS DE SALUD
9983,8011200074,DOCTORADO EN INVESTIGACIÓN INTERDISCIPLINAR EN EDUCACIÓN SUPERIOR
9984,7042100454,MAESTRÍA EN HABILIDADES GERENCIALES
9985,7011500043,MAESTRÍA EN EDUCACIÓN. ÉNFASIS EN LIDERAZGO TRANSFORMACIONAL
9986,7011100102,MAESTRÍA EN PEDAGOGÍA Y GESTIÓN
9987,6041400036,"ESPECIALIDAD EN CONTABILIDAD ELECTRÓNICA, FINANCIERA Y FISCAL"
9988,8091345025,DOCTORADO EN INVESTIGACIÓN EN SALUD HUMANA Y ANIMAL
9989,7061300067,MAESTRÍA EN CIBERSEGURIDAD APLICADA
9990,7071300056,MAESTRÍA EN INTELIGENCIA ARTIFICIAL Y ANALÍTICA DE DATOS
9991,7071500030,MAESTRÍA EN SISTEMAS DE ELECTROMOVILIDAD
9992,7071300057,MAESTRÍA EN SISTEMAS ELECTRÓNICOS INTELIGENTES
9993,7062200097,MAESTRÍA EN GESTIÓN DE LAS TECNOLOGÍAS DE LA INFORMACIÓN Y COMUNICACIONES
9994,6031300033,ESPECIALIDAD EN IGUALDAD DE GÉNERO
9995,6011400022,ESPECIALIDAD EN TECNOLOGÍAS PARA LA EDUCACIÓN
9996,6011000025,ESPECIALIDAD EN EDUCACIÓN E INTERCULTURALIDAD
9997,7101100057,MAESTRÍA INTERNACIONAL EN ENTRENAMIENTO FÍSICO Y DEPORTIVO
9998,7011300063,MAESTRÍA EN PSICOPEDAGOGÍA SOCIOEMOCIONAL E INCLUSIVA
9999,8101100013,DOCTORADO INTERNACIONAL EN ENTRENAMIENTO FÍSICO Y DEPORTIVO
10000,7012100010,MAESTRÍA EN ESTRATEGIAS DIDÁCTICAS APLICADAS EN PREESCOLAR
10001,6033200044,ESPECIALIDAD EN DOCUMENTOS CUESTIONADOS
10002,7033100467,MAESTRÍA EN PROCESO Y CIENCIAS PENALES
10003,7033100468,MAESTRÍA EN DERECHOS HUMANOS Y ESTUDIOS DE GÉNERO
10004,7042300089,MAESTRÍA EN GESTIÓN Y ADMINISTRACIÓN PÚBLICA
10005,6033100239,ESPECIALIDAD EN DERECHOS HUMANOS Y DERECHOS POLÍTICOS
10006,6031300034,ESPECIALIDAD EN DEMOCRACIA INCLUSIVA
10007,7031300127,MAESTRÍA EN GERENCIA POLÍTICA Y GOBERNANZA
10008,6073100038,ESPECIALIDAD EN PROYECTOS DE VEGETACIÓN URBANA
10009,7073100137,MAESTRÍA EN ARQUITECTURA Y DISEÑO SOSTENIBLE
10010,7041300090,MAESTRÍA EN FINANZAS Y ECONOMÍA
10011,7071700045,MAESTRÍA EN INGENIERÍA DE PROCESOS Y MANUFACTURA INTELIGENTE
10012,7071500031,MAESTRÍA EN INGENIERÍA E INNOVACIÓN SOSTENIBLE PARA LA INDUSTRIA AUTOMOTRIZ
10013,7091311004,MAESTRÍA EN OBESIDAD Y SUS COMORBILIDADES
10014,6011300019,ESPECIALIDAD EN DISEÑO DE PLANES Y PROGRAMAS DE ESTUDIOS
10015,7071000059,MAESTRÍA EN CIENCIAS EN INGENIERÍA ELECTROMAGNÉTICA
10016,6022300007,ESPECIALIZACIÓN EN LITERATURA MEXICANA DEL SIGLO XX
10017,6031200022,ESPECIALIZACIÓN EN SOCIOLOGÍA DE LA EDUCACIÓN SUPERIOR
10018,6022500005,ESPECIALIZACIÓN EN HISTORIOGRAFÍA
10019,6042400020,ESPECIALIZACIÓN EN ECONOMÍA Y GESTIÓN DEL AGUA
10020,6031200023,ESPECIALIZACIÓN EN ETNOGRAFÍA POLÍTICA Y ESPACIO PÚBLICO
10021,6021600021,ESPECIALIZACIÓN EN DISEÑO AMBIENTAL
10022,6051200005,ESPECIALIZACIÓN EN CIENCIAS NATURALES E INGENIERÍA
10023,6052100003,ESPECIALIZACIÓN EN FÍSICA MÉDICA CLÍNICA
10024,6031200024,ESPECIALIZACIÓN EN CIENCIAS ANTROPOLÓGICAS
10025,6051200006,ESPECIALIZACIÓN EN BIOTECNOLOGÍA 
10026,6094300007,ESPECIALIZACIÓN EN ACUPUNTURA Y FITOTERAPIA
10027,8051000011,DOCTORADO EN CIENCIAS BIOLÓGICAS Y DE LA SALUD
10028,6031200025,ESPECIALIZACIÓN EN DESARROLLO RURAL
10029,8031200047,DOCTORADO EN DESARROLLO RURAL
10030,8051100032,DOCTORADO EN CIENCIAS BIOLÓGICAS Y DE LA SALUD
10031,7071000060,MAESTRÍA EN INGENIERÍA EN CIENCIA DE DATOS
10032,7071700046,MAESTRÍA EN INGENIERÍA INDUSTRIAL Y LOGÍSTICA
10033,7071700047,MAESTRÍA EN INGENIERÍA EN SEGURIDAD INDUSTRIAL Y PROTECCIÓN CIVIL
10034,7091345023,MAESTRÍA EN PIE DIABÉTICO PARA MÉDICOS
10035,6042300015,ESPECIALIDAD EN GESTIÓN PÚBLICA INCLUSIVA Y TRANSPARENTE
10036,6051200007,ESPECIALIDAD EN BIOTECNOLOGÍA APLICADA
10037,7061300068,MAESTRÍA EN INVESTIGACIÓN EN CIENCIAS DE DATOS
10038,7071300058,MAESTRÍA EN INTELIGENCIA ARTIFICIAL Y NEGOCIOS
10039,7073100138,"MAESTRÍA EN ESTUDIOS DE ESPACIO, TERRITORIO Y PAISAJE"
10040,7031200102,MAESTRÍA EN ESTUDIOS DE OPINIÓN
10041,7071000061,MAESTRÍA EN INGENIERÍA Y RESILIENCIA URBANA
10042,8021100004,DOCTORADO EN ARTES VISUALES
10043,8021200002,DOCTORADO EN ESTUDIOS SOBRE ARTES ESCÉNICAS Y PERFORMATIVIDAD
10044,7011400073,MAESTRÍA EN EDUCACIÓN CON ÉNFASIS EN DISEÑO DE PROYECTOS
10045,6092208036, ESPECIALIDAD EN ENFERMERÍA EN SALUD MENTAL Y PSIQUIATRÍA
10046,7031500081,MAESTRÍA EN INTERVENCIÓN SOCIAL GERONTOLÓGICA
10047,7071700048, MAESTRÍA EN INGENIERÍA CON ÉNFASIS EN PROYECTO Y GESTIÓN DE LA CONSTRUCCIÓN
10048,7052200027,MAESTRÍA EN CIENCIAS EN NANOTECNOLOGÍA Y QUÍMICA DE MATERIALES
10049,7031000071,MAESTRÍA EN INVESTIGACIÓN EN CIENCIAS SOCIALES
10050,7022600046,MAESTRÍA EN FILOSOFÍA Y LINGÜÍSTICA
10051,7042100455,MAESTRÍA EN GESTIÓN Y ADMINISTRACIÓN DE RECURSOS HUMANOS
10052,7041100149,MAESTRÍA EN INTELIGENCIA DE NEGOCIOS Y TRANSFORMACIÓN DIGITAL
10053,7061100038,MAESTRÍA EN CIENCIA Y TECNOLOGÍA EN MANUFACTURA DIGITAL
10054,8061100022,DOCTORADO EN CIENCIA Y TECNOLOGÍA EN MANUFACTURA DIGITAL
10055,7031100292,MAESTRÍA EN PSICOLOGÍA JURÍDICA FORENSE
10056,7041300091,MAESTRÍA EN FUNCIONES DE LA UNIDAD DE INTELIGENCIA FINANCIERA
10057,7033100469,MAESTRÍA EN DERECHO EN EL ENTORNO DIGITAL
10058,7033200085,MAESTRÍA EN CRIMINOLOGÍA CON ORIENTACIÓN EN CIENCIAS FORENSES
10059,8033100088,DOCTORADO EN DERECHO PROCESAL LABORAL
10060,8033100089,"DOCTORADO EN GÉNERO, DERECHO Y PROCESO PENAL"
10061,7033100470,MAESTRÍA EN JUICIO ORAL FAMILIAR
10062,7011500044,MAESTRÍA EN EDUCACIÓN Y GESTIÓN DIRECTIVA
10063,6104100020,ESPECIALIDAD EN RECOLECCIÓN DE INDICIOS
10064,6033200045,ESPECIALIDAD EN BALÍSTICA
10065,6031500033,ESPECIALIDAD EN NEGOCIACIÓN DE REHENES
10066,6033200046,ESPECIALIDAD EN INVESTIGACIÓN DE FEMINICIDIO
10067,6021600022,ESPECIALIDAD EN PREDICCIÓN DE TENDENCIAS Y MODA
10068,7011400074,MAESTRÍA EN ESTRATEGIAS TECNOLÓGICAS E INNOVACIÓN DOCENTE
10069,7033200086,MAESTRÍA EN INVESTIGACIÓN DE DELITOS COMPLEJOS
10070,7041100150,MAESTRÍA EN INTELIGENCIA DE NEGOCIOS Y DATOS MASIVOS
10071,7041300092,MAESTRÍA EN FINANZAS E INTELIGENCIA DE MERCADOS
10072,7042500196,MAESTRÍA EN DIRECCIÓN Y ADMINISTRACIÓN DE INSTITUCIONES DE SALUD PÚBLICA
10073,6033100240,ESPECIALIDAD EN AMPARO Y DERECHOS HUMANOS
10074,6033200047,ESPECIALIDAD EN CRIMINALÍSTICA DE VANGUARDIA
10075,8042100064,DOCTORADO EN COACHING ONTOLÓGICO COGNOSTIVO
10076,7011500045,MAESTRÍA EN EDUCACIÓN CON ÉNFASIS EN LA ORGANIZACIÓN Y  ADMINISTRACIÓN DE LA EDUCACIÓN
10077,6021600023,ESPECIALIDAD EN TENDENCIAS DE MODA COOLHUNTING
10078,7093205005,MAESTRÍA EN PERIODONCIA E IMPLANTOLOGÍA DENTAL
10079,7021000037,MAESTRÍA EN CIENCIAS EN GESTIÓN DEL PATRIMONIO BIOCULTURAL
10080,7011200158,MAESTRÍA EN EDUCACIÓN CON ESPECIALIDAD EN INCLUSIÓN E INNOVACIÓN
10081,8071600012,DOCTORADO EN CIENCIA Y TECNOLOGÍA EN INGENIERÍA AMBIENTAL
10082,7042100456,MAESTRÍA EN NEUROGESTIÓN DEL TALENTO HUMANO
10083,8011500032,DOCTORADO EN EDUCATIVA
10084,6022600017,ESPECIALIDAD EN ÉTICA
10085,7041200197,MAESTRÍA EN MARKETING Y NEGOCIOS DIGITALES
10086,7071300059,MAESTRÍA EN AUTOMATIZACIÓN DE PROCESOS INDUSTRIALES
10087,7042100457,MAESTRÍA EN GESTIÓN DE PROYECTOS Y ALTA DIRECCIÓN
10088,7071200063,MAESTRÍA EN SOSTENIBILIDAD ENERGÉTICA E INNOVACIÓN
10089,7011500046,MAESTRÍA EN APRENDIZAJE Y ENSEÑANZA DE LAS CIENCIAS BÁSICAS
10090,7022400011,MAESTRÍA EN LEXICOGRAFÍA Y PRODUCCIÓN EDITORIAL
10091,8051200038,DOCTORADO EN CIENCIAS EN BIOQUÍMICA MOLECULAR Y TRASLACIONAL
10092,7095400007,MAESTRÍA EN CIENCIAS BIOFARMACÉUTICAS
10093,6042000026,ESPECIALIDAD EN LIDERAZGO GLOBAL
10094,7032100072,MAESTRÍA EN COMUNICACIÓN Y LA CULTURA
10095,7041100151,MAESTRÍA EN ADMINISTRACIÓN DE NEGOCIOS DIGITALES Y CREATIVOS
10096,7032100073,MAESTRÍA EN PERIODISMO Y COMUNICACIÓN DEPORTIVA
10097,6031300035,ESPECIALIDAD EN RELACIONES MERCANTILES INTERNACIONALES
10098,6031300036,ESPECIALIDAD EN CIENCIAS POLÍTICAS Y GOBIERNO MUNICIPAL
10099,7071000062,MAESTRÍA EN CIENCIAS EN INGENIERÍA BIOMÉDICA
10100,6091342025,ESPECIALIDAD MÉDICA EN IMAGENOLOGÍA DIAGNÓSTICA
10101,6091342026,ESPECIALIDAD MÉDICA EN IMAGENOLOGÍA DIAGNÓSTICA Y TERAPÉUTICA
10102,7031300128,MAESTRÍA EN CULTURA DE PAZ
10103,8052200025,DOCTORADO EN CIENCIA Y TECNOLOGÍA QUÍMICO-AMBIENTAL
10104,6071700010,ESPECIALIDAD EN INGENIERÍA PARA EL DESARROLLO DE SISTEMAS DE MANUFACTURA
10105,7032100074,MAESTRÍA EN COMUNICACIÓN Y CULTURA
10106,6051100006,ESPECIALIDAD MÉDICA EN BIOLOGÍA DE LA REPRODUCCIÓN HUMANA
10107,6041100070,ESPECIALIDAD EN COMERCIO ELECTRÓNICO Y MERCADOTECNIA DIGITAL
10108,6041300035,ESPECIALIDAD EN ESTRATEGIAS FINANCIERAS Y FISCALES PARA PYMES
10109,6033100241,ESPECIALIDAD EN SISTEMAS DE ADMINISTRACIÓN DE JUSTICIA PENAL PARA ADOLESCENTES
10110,7042100458,MAESTRÍA EN ALTA DIRECCIÓN Y ADMINISTRACIÓN DE NEGOCIOS
10111,7033100471,MAESTRÍA EN DERECHOS HUMANOS Y POLÍTICAS PÚBLICAS
10112,6042100115,ESPECIALIDAD EN DIRECCIÓN Y DESARROLLO EMPRESARIAL
10113,7041100152,MAESTRÍA EN NEGOCIOS Y MERCADOTECNIA
10114,7104100036,MAESTRÍA EN PROTECCIÓN CIVIL Y SEGURIDAD LABORAL
10115,8042500033,DOCTORADO EN DIRECCIÓN Y GESTIÓN DE INSTITUCIONES Y SERVICIOS DE SALUD
10116,7042100459,MAESTRÍA EN ADMINISTRACIÓN Y LEGISLACIÓN EMPRESARIAL
10117,7053200018,MAESTRÍA EN EVALUACIÓN DE ESTADÍSTICAS EN SALUD PÚBLICA
10118,7011100103,MAESTRÍA EN ESTRATEGIAS DIDÁCTICAS Y EVALUACIÓN POR COMPETENCIAS
10119,7071100034,MAESTRÍA EN GESTIÓN DEL MANTENIMIENTO 4.O
10120,7095600073,MAESTRÍA EN SALUD LABORAL Y PREVENCIÓN DE RIESGOS
10121,7011200159,MAESTRÍA EN INNOVACIÓN EDUCATIVA Y TECNOLOGÍAS PARA EL APRENDIZAJE
10122,7071700049,MAESTRÍA EN INGENIERÍA EN PROCESOS INDUSTRIALES
10123,7041300093,MAESTRÍA EN ESTUDIOS FISCALES Y FINANCIEROS
10124,7022400012,MAESTRÍA EN LINGÜÍSTICA APLICADA A LA ENSEÑANZA DE LENGUAS
10125,8031300040,DOCTORADO EN CIENCIA POLÍTICA Y ADMINISTRACIÓN PÚBLICA
10126,7032100075,"MAESTRÍA EN COMUNICACIÓN SOCIAL, POLÍTICA Y ENTORNOS DIGITALES"
10127,6041400037,ESPECIALIDAD EN GESTIÓN TRIBUTARIA
10128,6041400038,ESPECIALIDAD EN DISCIPLINA FINANCIERA
10129,6041400039,ESPECIALIDAD EN HACIENDA PÚBLICA MUNICIPAL
10130,7041400098,MAESTRÍA EN RESPONSABILIDAD HACENDARIA
10131,7042100460,MAESTRÍA EN DIRECCIÓN EMPRESARIAL Y LIDERAZGO
10132,8011000033,DOCTORADO EN EDUCACIÓN Y SISTEMA HOLÍSTICA
10133,7033100472,MAESTRÍA EN LITIGIO ESTRATÉGICO INTERNACIONAL EN DERECHOS HUMANOS
10134,7103100017,MAESTRÍA EN COMPETENCIAS EN GESTIÓN DE LA SEGURIDAD INDUSTRIAL EN EL SECTOR ELÉCTRICO
10135,8071400012,DOCTORADO EN INGENIERÍA BIOQUÍMICA
10136,7103100018,"MAESTRÍA EN GESTIÓN DE LA SEGURIDAD, SALUD EN EL TRABAJO Y SUSTENTABILIDAD"
10137,7011100104,MAESTRÍA EN EDUCACIÓN COGNITIVA
10138,8011500033,DOCTORADO EN NEUROEDUCACIÓN COGNITIVA
10139,8011200075,DOCTORADO EN GESTIÓN ESCOLAR
10140,8042100065,DOCTORADO EN ADMINISTRACIÓN DE LA INNOVACIÓN PARA EL DESARROLLO SOSTENIBLE
10141,6091303002,"ESPECIALIDAD EN AUDIOLOGÍA, OTONEUROLOGÍA Y FONIATRÍA"
10142,6091316014,ESPECIALIDAD EN MEDICINA MATERNO FETAL
10143,6031300037,ESPECIALIDAD EN GARANTÍAS Y DERECHOS HUMANOS
10144,7042500197,MAESTRÍA EN ADMINISTRACIÓN Y DIRECCIÓN DE INSTITUCIONES DE SALUD Y HOSPITALES
10145,7073100139,MAESTRÍA EN CIENCIAS DE LA ARQUITECTURA Y DESARROLLO TERRITORIAL
10146,7092208008,MAESTRÍA EN ENFERMERÍA EN SALUD MENTAL
10147,6092201003,ESPECIALIDAD EN ENFERMERÍA EN CUIDADO DE HERIDAS Y ACCESOS VASCULARES
10148,6042400021,ESPECIALIDAD EN INGENIERÍA DE RIESGOS DE LAS CONSTRUCCIONES
10149,6094200012,ESPECIALIDAD EN SUPLEMENTACIÓN Y NUTRICIÓN CLÍNICA
10150,7042400058,MAESTRÍA EN INGENIERÍA DE RIESGOS DE LAS CONSTRUCCIONES
10151,7073100140,MAESTRÍA EN INNOVACIÓN EN DISEÑO ARQUITECTÓNICO
10152,7071700050,MAESTRÍA EN CALIDAD Y METROLOGÍA INDUSTRIAL
10153,6071200016,ESPECIALIDAD EN GESTIÓN DE INFRAESTRUCTURA ELÉCTRICA
10154,6071300019,ESPECIALIDAD EN GESTIÓN DE SISTEMAS DE AUTOMATIZACIÓN
10155,6033100242,ESPECIALIDAD EN JUSTICIA FAMILIAR Y DERECHOS DE LA INFANCIA
10156,7071300060,MAESTRÍA EN AUTOMATIZACIÓN Y ROBÓTICA
10157,7071200064,MAESTRÍA EN SISTEMAS ELÉCTRICOS Y ELECTROMOVILIDAD
10158,7042500198,MAESTRÍA EN ADMINISTRACIÓN DE NEGOCIOS DEL DEPORTE
10159,7042200066,MAESTRÍA EN GESTIÓN DEL TURISMO SUSTENTABLE
10160,7021500055,"MAESTRÍA EN DISEÑO DE ARTE DIGITAL, E INNOVACIÓN"
10161,7011400075,MAESTRÍA EN DOCENCIA Y TECNOLOGÍA EDUCATIVA
10162,8031400027,DOCTORADO EN DESARROLLO ECONÓMICO SUSTENTABLE
10163,7011200160,MAESTRÍA EN PROCESOS CREATIVOS PARA LA EDUCACIÓN
10164,7042100461,MAESTRÍA EN DESARROLLO DEL TALENTO HUMANO EN LA ORGANIZACIÓN
10165,7042100462,MAESTRÍA EN INNOVACIÓN Y TRANSFORMACIÓN
10166,7062200098,MAESTRÍA EN ALTA DIRECCIÓN Y ESTRATEGIAS DIGITALES
10167,7071700051,MAESTRÍA EN INGENIERÍA INDUSTRIAL EN MANUFACTURA AVANZADA
10168,6072400003,ESPECIALIDAD EN CADENA DE VALOR DEL LITIO
10169,7071700052,MAESTRÍA EN INGENIERÍA Y CALIDAD AVANZADA
10170,6033100243,ESPECIALIDAD EN DERECHOS DE LA INFANCIA
10171,7011200161,MAESTRÍA EN DESARROLLO Y GESTIÓN EDUCATIVA
10172,7042100463,MAESTRÍA EN DIRECCIÓN Y GESTIÓN PARA LA SOSTENIBILIDAD
10173,7041200198,MAESTRÍA EN GESTIÓN DE MARCAS EN ENTORNOS FÍSICOS Y DIGITALES
10174,7012603028,MAESTRÍA EN PROFESIONALIZACIÓN DE LA DOCENCIA DE LENGUAS EXTRANJERAS
10175,8031300041,DOCTORADO EN ESTUDIOS SOCIOPOLÍTICOS PARA EL DESARROLLO GLOCAL
10176,8051300046,DOCTORADO EN CAMBIO AMBIENTAL GLOBAL
10177,7042300090,MAESTRÍA EN GESTIÓN GUBERNAMENTAL
10178,7011000096,MAESTRÍA EN EDUCACIÓN Y PEDAGOGÍA CRIMINOLÓGICA
10179,7033200087,"MAESTRÍA EN CRIMINOLOGÍA, CRIMINALISTA E INVESTIGACIÓN CRIMINAL"
10180,6033200048,ESPECIALIDAD EN CRIMINOLOGÍA APLICADA AL ANÁLISIS TÉCNICO-CIENTÍFICO DEL DELITO
10181,6051100007,ESPECIALIDAD EN ANÁLISIS CLÍNICOS 
10182,8095300002,DOCTORADO EN ESTUDIOS DE LA IMAGEN
10183,6033200049,ESPECIALIDAD EN VICTIMOLOGÍA Y DERECHOS HUMANOS
10184,6091341008,ESPECIALIZACIÓN EN PSIQUIATRÍA
10185,7073100141,"MAESTRÍA EN ESTUDIOS SOCIOTERRITORIALES, GOBIERNO Y TURISMO"
10186,7094100021,MAESTRÍA EN FISIOTERAPIA GERONTO-GERIÁTRICA
10187,7031100293,MAESTRÍA EN PSICOLOGÍA CON ORIENTACIÓN EN PSICOLOGÍA LABORAL Y ORGANIZACIONAL
10188,7041200199,MAESTRÍA EN MERCADOTECNIA DIGITAL E INTELIGENCIA DE NEGOCIOS
10189,7022600047,MAESTRÍA EN GESTALT SOCIAL Y ATENCIÓN COMUNITARIA
10190,7103100019,MAESTRÍA EN PREVENCIÓN DE PÉRDIDAS Y PROTECCIÓN DE ACTIVOS
10191,7042100464,MAESTRÍA EN DESARROLLO ORGANIZACIONAL Y DEL POTENCIAL HUMANO
10192,7073100142,MAESTRÍA EN PROYECTOS PARA CIUDADES SOSTENIBLES
10193,7011000097,MAESTRÍA EN EDUCACIÓN CON PERSPECTIVA EN LOS DERECHOS HUMANOS
10194,7031100294,MAESTRIA EN PSICOLOGIA LABORAL Y DE LAS ORGANIZACIONES
10195,6092206015,ESPECIALIDAD EN ENFERMERÍA MATERNO-INFANTIL
10196,7033100473,MAESTRÍA EN ADMINISTRACIÓN E IMPARTICIÓN DE JUSTICIA
10197,7042100465,MAESTRÍA EN ADMINISTRACIÓN Y DIRECCIÓN DE ORGANIZACIONES
10198,7042500199,MAESTRÍA EN ADMINISTRACIÓN Y DIRECCIÓN DE INSTITUCIONES DE SALUD
10199,6095600012,ESPECIALIDAD EN HOSPITALIDAD EN INSTITUCIONES DE SALUD
10200,8033200013,DOCTORADO EN CRIMINALÍSTICA Y BALÍSTICA FORENSE
10201,8012000015,DOCTORADO EN FORMACIÓN DE DOCENTES
10202,7053200019,MAESTRÍA EN ANÁLISIS DE INTELIGENCIA E INVESTIGACIÓN DE DATOS
10203,7041000035,MAESTRÍA EN LIDERAZGO TRASCENDENTAL
10204,6103100004,ESPECIALIDAD EN CUMPLIMIENTO LABORAL Y GOBERNANZA DEL TRABAJO
10205,6032100023,"ESPECIALIDAD EN FORMACIÓN PARA LA INVESTIGACIÓN, COMUNICACIÓN Y DIVULGACIÓN CIENTÍFICA"
10206,7042100466,MAESTRÍA EN ALTA DIRECCIÓN HUMANISTA PARA ORGANIZACIONES LÍDERES
10207,7042100467,MAESTRÍA EN ALTA DIRECCIÓN Y LIDERAZGO
10208,7033100474,MAESTRÍA EN CIENCIAS PENALES Y JUICIOS ORALES
10209,7042400059,MAESTRÍA EN ADMINISTRACIÓN CON CALIDAD Y PRODUCTIVIDAD
10210,6033100244,ESPECIALIDAD EN ADMINISTRACIÓN E IMPARTICIÓN DE JUSTICIA
10211,7071300061,MAESTRÍA EN INTELIGENCIA ARTIFICIAL CENTRADA EN LA SOCIEDAD
10212,7091345024,MAESTRÍA EN CIENCIA DE DATOS EN INVESTIGACIÓN EN SALUD
10213,7071300062,MAESTRÍA EN ÉTICA DE LA INTELIGENCIA ARTIFICIAL
10214,6031400011,ESPECIALIDAD EN PLANEACIÓN FINANCIERA ESTRATÉGICA
10215,7033200088,MAESTRÍA EN COMPORTAMIENTO CRIMINAL
10216,6031200026,"ESPECIALIDAD EN MEDIACIÓN, CONCILIACIÓN Y JUSTICIA RESTAURATIVA"
10217,7042500200,MAESTRÍA EN GERENCIA HOSPITALARIA
10218,6033200050,ESPECIALIDAD EN BALÍSTICA FORENSE
10219,7033100475,MAESTRÍA EN DERECHOS HUMANOS Y SUSTENTABILIDAD
10220,7042500201,MAESTRÍA EN EDUCACIÓN Y GESTIÓN DE INSTITUCIONES EDUCATIVAS
10221,7011100105,MAESTRÍA EN EDUCACIÓN CON CAMPO EN INVESTIGACIÓN CURRICULAR
10222,7052300037,MAESTRÍA EN CIENCIAS EN METEOROLOGÍA
10223,7012000118,MAESTRÍA EN DESARROLLO PROFESIONAL DOCENTE
10224,7042500202,MAESTRÍA EN ADMINISTRACIÓN DE LOS SISTEMAS DE SALUD
10225,7031400046,MAESTRÍA EN ECONOMÍA Y FINANZAS PÚBLICAS
10226,7011400076,MAESTRÍA EN EDUCACIÓN CON TECNOLOGÍAS EMERGENTES
10227,8101100014,DOCTORADO EN PEDAGOGÍA DE LA EDUCACIÓN FÍSICA Y EL DEPORTE
10228,7011100106,MAESTRÍA EN PEDAGOGÍA PROFESIONAL
10229,8011100030,DOCTORADO EN PEDAGOGÍA PROFESIONAL
10230,7101100058,MAESTRÍA EN PEDAGOGÍA DE LA EDUCACIÓN FÍSICA
10231,6031400012,ESPECIALIDAD EN ECONOMÍA SOCIAL Y SOLIDARIA
10232,7033100476,MAESTRÍA EN DERECHO CIVIL Y DE LA FAMILIA
10233,7073100143,MAESTRÍA EN DISEÑO ARQUITECTÓNICO Y BIOCLIMÁTICO
10234,7071300063,MAESTRÍA EN AUTOMATIZACIÓN INDUSTRIAL
10235,7033100477,MAESTRÍA EN DERECHO CORPORATIVO Y DEFENSA FISCAL
10236,7033100478,MAESTRÍA EN DERECHO CORPORATIVO Y DEFENSA LABORAL
10237,7033100479,MAESTRÍA EN DERECHO PRIVADO Y DEFENSA FAMILIAR
10238,7033100480,MAESTRÍA EN LITIGACIÓN PENAL Y DERECHOS HUMANOS
10239,7033100481, MAESTRÍA EN MEDIACIÓN Y JUICIOS ORALES
10240,7042100468,MAESTRÍA EN CALIDAD Y PRODUCTIVIDAD
10241,7042500203,MAESTRÍA EN ADMINISTRACIÓN ESTRATÉGICA DE HOSPITALES
10242,8011200076,DOCTORADO EN INNOVACIÓN Y TRANSFORMACIÓN EDUCATIVA
10243,7042100469,MAESTRÍA EN BUSINESS ADMINISTRATION
10244,7041300094,MAESTRÍA EN MBA EN FINANZAS
10245,7011000098,MAESTRÍA EN CIENCIAS DE LA EDUCACIÓN CON ENFOQUE EN DIRECCIÓN
10246,8011500034,DOCTORADO EN EDUCACIÓN Y CIENCIAS DEL DEPORTE
10247,7022100025,MAESTRÍA EN TEOLOGÍA DOGMÁTICA
10248,7031000072,MAESTRÍA EN DERECHO CANÓNICO
10249,7031500082,MAESTRÍA EN ESTUDIOS INTERDISCIPLINARES SOBRE LA FAMILIA
10250,7033100482,MAESTRÍA EN DERECHO PENAL ADVERSARIAL Y NEURODERECHO
10251,8042500034,DOCTORADO EN DIRECCIÓN Y GESTIÓN EDUCATIVA
10252,7021400048,MAESTRÍA EN DISEÑO CREATIVO EN MEDIOS DIGITALES
10253,8041100008,DOCTORADO EN COMERCIO ELECTRÓNICO
10254,8032100008,DOCTORADO EN COMUNICACIÓN Y PERIODISMO CIENTÍFICO
10255,7095600074,MAESTRÍA EN SALUD PÚBLICA Y GERENCIA
10256,7031000073,MAESTRÍA EN VIVIENDA DEL SIGLO XXI
10257,7031000074,MAESTRÍA EN DISEÑO: MÉTODOS Y EXPLORACIONES
10258,6021300001,ESPECIALIDAD EN DISEÑO SONORO
10259,6031100101,ESPECIALIDAD EN CLÍNICA COGNITIVO CONDUCTUAL
10260,6042100116,"ESPECIALIDAD EN DIRECCIÓN, LIDERAZGO Y APRENDIZAJE ORGANIZACIONAL"
10261,6061300036,ESPECIALIDAD EN DISEÑO DE PERSONAJES PARA VIDEOJUEGOS
10262,6042100117,ESPECIALIDAD EN ELABORACIÓN Y GESTIÓN DE PROYECTOS DE COOPERACIÓN INTERNACIONAL
10263,7041300095,MAESTRÍA EN ADMINISTRACIÓN DE NEGOCIOS CON ORIENTACIÓN EN FINANZAS (MAN)
10264,7041100153,MAESTRÍA EN ADMINISTRACIÓN DE NEGOCIOS CON ORIENTACIÓN EN LOGÍSTICA (MAN)
10265,7041200200,MAESTRÍA EN ADMINISTRACIÓN DE NEGOCIOS CON ORIENTACIÓN EN MERCADOTECNIA (MAN)
10266,6031500034,ESPECIALIDAD EN GERONTOLOGÍA SOCIO-SANITARIA
10267,6042100118,ESPECIALIDAD EN GESTIÓN DE EMPRESAS
10268,6011200027,ESPECIALIDAD EN INNOVACIÓN EDUCATIVA Y GESTIÓN DE AMBIENTES VIRTUALES
10269,6011300020,ESPECIALIDAD EN INTERVENCIÓN EDUCATIVA Y ATENCIÓN A NECESIDADES EDUCATIVAS ESPECIALES
10270,6021100009,ESPECIALIDAD EN MUTICULTURALIDAD Y EQUIDAD
10271,6031100102,ESPECIALIDAD EN NEUROPEDAGOGÍA Y DIDÁCTICA
10272,7031300129,MAESTRÍA EN COOPERACIÓN INTERNACIONAL Y RESOLUCIÓN DE CONFLICTOS
10273,7062000027,MAESTRÍA EN CIENCIA Y TECNOLOGÍA DE INTELIGENCIA ARTIFICIAL Y CIENCIA DE DATOS
10274,8071000024,DOCTORADO EN INGENIERÍA CIVIL MATERIALES Y MECÁNICA COMPUTACIONAL 
10275,6033100245,ESPECIALIDAD EN AMPARO EN DERECHO PENAL
10276,8011100031,DOCTORADO EN PEDAGOGÍA DEL ACOMPAÑAMIENTO EMOCIONAL
10277,8011200077,DOCTORADO EN INVESTIGACIÓN SOCIOEDUCATIVA
10278,6061300037,ESPECIALIDAD EN DESARROLLO Y GRÁFICOS PARA VIDEOJUEGOS
10279,6021500023,ESPECIALIDAD EN CUT OUT
10280,6061300038,ESPECIALIDAD EN AMBIENTES ARTÍSTICOS PARA VIDEOJUEGOS
10281,7011100107,MAESTRÍA EN EDUCACIÓN Y NEUROCOGNICIÓN
10282,6033100246,ESPECIALIDAD EN DERECHO INTERNACIONAL DEL PROCESO
10283,8081300002,DOCTORADO EN CIENCIAS EN CIENCIAS FORESTALES Y DEL AMBIENTE
10284,7012500048,MAESTRÍA EN CIENCIAS DE LA EDUCACIÓN CON TERMINAL EN DOCENCIA EN EDUCACIÓN SUPERIOR
10285,7041100154,MAESTRÍA EN DIRECCIÓN DE PROYECTOS INMOBILIARIOS
10286,7053200020,MAESTRÍA EN RIESGO
10287,7022100026,MAESTRÍA EN TEOLOGÍA Y ACCIÓN PASTORAL
10288,7033100483,"MAESTRÍA  EN DERECHO, REGULACIÓN Y GOBERNANZA DEMOCRÁTICA"
10289,6033100247,ESPECIALIDAD EN CIENCIAS JURÍDICAS
10290,6033100248,ESPECIALIDAD EN ESTUDIOS JURÍDICOS
10291,8042100066,DOCTORADO EN GESTIÓN EMPRESARIAL
10292,8031300042, DOCTORADO EN POLÍTICAS PÚBLICAS Y ALTA GERENCIA EN SALUD
10293,7101100059,MAESTRÍA EN CIENCIAS DE LA EDUCACIÓN FÍSICA Y JUEGOS DEPORTIVOS 
10294,6033100249,ESPECIALIDAD EN DERECHO ADMINISTRATIVO Y CONSTITUCIONAL
10295,7095600075,MAESTRÍA EN SALUD DIGITAL
10296,7061300069,MAESTRÍA EN CIENCIA DE DATOS Y SISTEMAS INTELIGENTES
10297,8052300024,DOCTORADO EN GEOGRAFÍA Y GESTIÓN TERRITORIAL
10298,8031300043,DOCTORADO EN ESTUDIOS DE VIOLENCIAS Y DERECHOS HUMANOS
10299,7012000119,MAESTRÍA EN COMPETENCIAS Y PRÁCTICA DOCENTE
10300,8022500020,DOCTORADO EN ESTUDIOS DE ASIA Y ÁFRICA
10301,7033100484,MAESTRÍA EN ADMINISTRACIÓN DE JUSTICIA Y DERECHOS HUMANOS
10302,7033100485,MAESTRÍA EN LITIGACIÓN ORAL EN MATERIA PENAL 
10303,7031300131,MAESTRÍA EN CONSTRUCCIÓN DE PAZ
10304,8101100015,DOCTORADO EN CIENCIAS DEL MOVIMIENTO HUMANO
10305,7081300011,MAESTRÍA EN CIENCIAS EN DESARROLLO FORESTAL SUSTENTABLE
10306,7081200014,MAESTRÍA EN CIENCIAS HORTOFRUTICOLAS
10307,7042300091,MAESTRÍA EN GOBIERNO Y PARTICIPACIÓN CIUDADANA
10308,7041200201,MAESTRÍA EN MARKETING Y NEGOCIOS
10309,6042500051,ESPECIALIDAD EN ENFERMERÍA EN ADMINISTRACIÓN Y GESTIÓN EN SALUD
10310,6095600013,ESPECIALIDAD EN ENFERMERÍA EN SALUD PÚBLICA Y COMUNITARIA
10311,6091337012,ESPECIALIDAD EN CIRUGÍA DE COLUMNA VERTEBRAL
10312,7042000138,MAESTRÍA EN ADMINISTRACIÓN Y ECONOMÍA
10313,8042000023,DOCTORADO EN ADMINISTRACIÓN Y ECONOMÍA
10314,7033100486,MAESTRÍA EN DERECHO INTERNACIONAL DEL MAR Y MARÍTIMO
10315,7033200089,MAESTRÍA EN PLANEACIÓN DE POLÍTICAS CRIMINOLÓGICAS Y SEGURIDAD
10316,7021600039,MAESTRÍA EN DISEÑO DE MUEBLES
10317,7033200090,MAESTRÍA EN PLANEACIÓN DE POLÍTICAS CRIMINOLÓGICAS Y SEGURIDAD PÚBLICA
10318,7053200021,MAESTRÍA EN ANÁLISIS Y VISUALIZACIÓN DE DATOS
10319,7031500083,MAESTRÍA EN INTERVENCIÓN SOCIAL
10320,7061300070,MAESTRÍA EN DISEÑO Y DESARROLLO DE LA INTERFAZ DE USUARIO WEB
10321,7012602013,MAESTRÍA EN EDUCACIÓN MUSICAL
10322,7011300064,MAESTRÍA EN ORIENTACIÓN EDUCATIVA Y FAMILIAR
10323,7042500204,MAESTRÍA EN DIRECCIÓN Y ADMINISTRACIÓN EN EQUIPOS DE SALUD
10324,7053100026,"MAESTRÍA EN DIDÁCTICA DE CIENCIA, TECNOLOGÍA, INGENIERÍA Y MATEMÁTICAS"
10325,7062000028,MAESTRÍA EN TRANSFORMACIÓN DIGITAL EN LAS ORGANIZACIONES
10326,7031300132,MAESTRÍA EN COOPERACIÓN INTERNACIONAL AL DESARROLLO
10327,7011000099,MAESTRÍA EN EDUCACIÓN INTEGRAL Y SOCIOEMOCIONAL
10328,7052200028,MAESTRÍA EN CIENCIAS CON ORIENTACIÓN EN QUÍMICA ANALÍTICA AMBIENTAL
10329,7042100470,MAESTRÍA EN ALTA DIRECCIÓN INTERNACIONAL
10330,7061300071,MAESTRÍA EN BIG DATA E INTELIGENCIA ARTIFICIAL
10331,7033100487,MAESTRÍA EN DERECHO EMPRESARIAL Y GOBIERNO CORPORATIVO
10332,7042500205,MAESTRÍA EN DIRECCIÓN ESTRATÉGICA DE INSTITUCIONES DE SALUD
10333,7042100471,MAESTRÍA EN INGENIERÍA PARA LA DIRECCIÓN DE OPERACIONES
10334,7042100472,"MAESTRÍA EN INNOVACIÓN, EMPRENDIMIENTO Y DIRECCIÓN DE TECNOLOGÍA"
10335,7052200029,MAESTRÍA EN CIENCIAS CON ORIENTACIÓN EN QUÍMICA Y TECNOLOGÍA AMBIENTAL
10336,6033100250,ESPECIALIDAD EN SISTEMA ACUSATORIO PENAL
10337,6033100251,ESPECIALIDAD EN EL SISTEMA ACUSATORIO PENAL
10338,7042100473,MAESTRÍA EN ADMINISTRACIÓN ESTRATÉGICA DE NEGOCIOS
10339,7033100488,"MAESTRÍA EN DERECHO CONSTITUCIONAL, DERECHOS HUMANOS Y AMPARO"
10340,7011100108,MAESTRÍA EN DISEÑO Y DESARROLLO CURRICULAR
10341,7041300096,MAESTRÍA EN PLANEACIÓN FISCAL Y FINANCIERA
10342,6041000016,ESPECIALIDAD EN SOSTENIBILIDAD Y ECONOMÍA CIRCULAR
10343,8042500035,DOCTORADO EN GERENCIA Y PEDAGOGÍA HOSPITALARIA
10344,8042100067,DOCTORADO EN ALTA DIRECCIÓN Y POLÍTICAS EDUCATIVAS
10345,8031300044,"DOCTORADO EN FILOSOFÍA, GOBIERNO Y POLÍTICAS PÚBLICAS PH. D."
10346,7012400029,MAESTRÍA EN DOCENCIA ESPECIALIZADA EN EDUCACIÓN MEDIA SUPERIOR
10347,8012400001,DOCTORADO EN EDUCACIÓN MEDIA SUPERIOR CON ÉNFASIS EN PEDAGOGÍA DOCENTE
10348,7021000038,MAESTRÍA EN PROCESOS CULTURALES PARA EL DISEÑO Y EL ARTE
10349,8021000013,DOCTORADO EN PROCESOS CULTURALES PARA EL DISEÑO Y EL ARTE
10350,7042100474,MAESTRÍA EN CAPITAL HUMANO
10351,7042100475,MAESTRÍA EN CIENCIAS DE LA GESTIÓN
10352,7022200029,MAESTRÍA EN LENGUA INGLESA
10353,6021600024,ESPECIALIDAD EN GERENCIA DE DISEÑO PARA ALTA COSTURA Y NOVIAS
10354,7053200022,MAESTRÍA EN CIENCIA DE RIESGO
10355,7011100109,MAESTRÍA EN CIENCIAS CON ORIENTACIÓN EN COGNICIÓN Y EDUCACIÓN
10356,7031100295,MAESTRÍA EN CIENCIAS CON ORIENTACIÓN EN PSICOLOGÍA DE LA SALUD
10357,8031100052,DOCTORADO EN PSICOLOGÍA CON ORIENTACIÓN EN PSICOLOGÍA CLÍNICA
10358,8031100053,DOCTORADO EN PSICOLOGÍA CON ORIENTACIÓN EN PSICOLOGÍA Y EDUCACIÓN
10359,6091331006,ALTA ESPECIALIDAD EN TRASPLANTE RENAL
10360,6091340012,ALTA ESPECIALIDAD EN CUIDADOS PALIATIVOS EN PEDIATRÍA
10361,6091340013,ALTA ESPECIALIDAD EN MEDICINA NUCLEAR PEDIÁTRICA
10362,6091340014,ALTA ESPECIALIDAD EN ALGOLOGÍA EN PEDIATRÍA
10363,7011400077,MAESTRÍA EN TECNOLOGÍA EDUCATIVA DIGITAL
10364,6031100103,ESPECIALIDAD EN PSICOLOGÍA JURÍDICA
10365,6073100039,ESPECIALIDAD EN INTERIORISMO Y DISEÑO DE MOBILIARIO
10366,6021400020,ESPECIALIDAD EN FOTOGRAFÍA
10367,6041200061,ESPECIALIDAD EN COMMUNITY MANAGER
10368,6042200014,ESPECIALIDAD EN ADMINISTRACIÓN ESTRATÉGICA DE HOTELES Y RESTAURANTES
10369,7042100476,MAESTRÍA ADMINISTRACIÓN DE NEGOCIOS ÁREA RECURSOS HUMANOS
10370,7031300133,MAESTRÍA EN COOPERACIÓN INTERNACIONAL Y AYUDA HUMANITARIA
10371,8031100054,DOCTORADO EN PSICOLOGÍA APLICADA A LA EDUCACIÓN Y AL DESARROLLO HUMANO
10372,8012702007,DOCTORADO EN EDUCACIÓN ESPECIAL E INCLUSIÓN
10373,8012602002,DOCTORADO EN DOCENCIA Y EDUCACIÓN ARTÍSTICA
10374,7042100477,MAESTRÍA EN ADMINISTRACION DEL TALENTO HUMANO
10375,6012000027,ESPECIALIDAD EN PRÁCTICAS DE ENSEÑANZA STEAM
10376,6012000028,ESPECIALIDAD EN ATENCIÓN EDUCATIVA A LA PRIMERA INFANCIA
10377,7095000025,MAESTRÍA EN SEGURIDAD Y SOBERANÍA ALIMENTARÍAS 
10378,7012400030,MAESTRÍA EN INTERVENCIÓN DOCENTE INNOVADORA EN LA ENSEÑANZA MEDIA SUPERIOR
10379,8031000023,DOCTORADO EN INVESTIGACIÓN SOCIAL DESDE LA COMPLEJIDAD 
10380,6031500035,ESPECIALIDAD EN PREVENCIÓN DE LA VIOLENCIAS Y EL DELITO
10381,6091315007,ESPECIALIDAD GERONTOGERIÁTRICA
10382,8071200018,DOCTORADO EN CIENCIAS E INGENIERÍA EN ENERGÍA
10383,6031100104,ESPECIALIDAD EN PSICOLOGÍA CLÍNICA Y SALUD
10384,7095600076,MAESTRÍA EN DERECHO DE SALUD Y RESPONSABILIDAD MÉDICA
10385,8011500035,DOCTORADO EN EDUCACIÓN P. H. D.
10386,8042300017,DOCTORADO EN GOBERNABILIDAD Y GESTIÓN PÚBLICA P. H. D.
10387,7011000100,MAESTRÍA EN EDUCACIÓN DE LA PRIMERA INFANCIA
10388,7033100489,MAESTRÍA EN DERECHO PROCESAL PENAL Y SU ORALIDAD
10389,7042300092,MAESTRÍA EN GESTIÓN SOCIAL Y POLÍTICAS PÚBLICAS
10390,7021100031,MAESTRÍA EN ARTE Y CULTURA
10391,7042100478,MAESTRÍA EN EMPRESARIALES
10392,7041100155,MAESTRÍA EN DIRECCIÓN E INTELIGENCIA DE NEGOCIOS
10393,6031500036,ESPECIALIDAD EN ESTUDIOS DE MATRIMONIO Y FAMILIA
10394,7072000035,MAESTRÍA EN MANUFACTURA Y LOGÍSTICA
10395,8031300045,DOCTORADO EN CIENCIAS POLÍTICAS Y ADMINISTRACIÓN PÚBLICA
10396,6092206016,ESPECIALIDAD EN ENFERMERÍA OBSTÉTRICA Y NEONATAL
10397,7095500001,MAESTRÍA EN OPTOMETRÍA CLÍNICA
10398,7072000036, MAESTRÍA EN DISEÑO Y MANUFACTURA AVANZADA
10399,8031100055,DOCTORADO EN INVESTIGACIÓN EN PSICOLOGÍA
10400,6094100013,ESPECIALIDAD EN TÉCNICAS MANUALES
10401,6042100119,ESPECIALIDAD EN ADMINISTRACIÓN TÉCNICA DE RECURSOS HUMANOS Y GESTIÓN DEL TALENTO
10402,7071300064,MAESTRÍA EN INTELIGENCIA ARTIFICIAL Y CIENCIA DE DATOS
10403,7042100479,MAESTRÍA EN EMPRESARIALES Y TRANSFORMACIÓN DIGITAL
10404,8042300018,DOCTORADO EN GOBIERNO Y TRANSFORMACIÓN PÚBLICA
10405,6031400013,ESPECIALIDAD EN ECONOMÍA APLICADA Y CIENCIA DE DATOS
10406,6031300038,ESPECIALIDAD EN TOMA DE DECISIONES PÚBLICAS Y CIENCIA DE DATOS
10407,7042300093,MAESTRÍA EN GOBIERNO Y TRANSFORMACIÓN PÚBLICA
10408,7042000139,MAESTRÍA EN PROSPECTIVA ESTRATÉGICA
10409,7071100035,MAESTRÍA EN CIENCIAS CON ESPECIALIDAD EN SISTEMAS DE MANUFACTURA
10410,7011000101,MAESTRÍA EN EMPRENDIMIENTO EDUCATIVO
10411,7031100296,MAESTRÍA EN PSICOLOGÍA CLÍNICA Y TERAPIA COGNITIVA CONDUCTUAL
10412,7031100297,MAESTRÍA EN ESTUDIOS DE GÉNERO Y DIVERSIDAD SEXUAL
10413,7041400099,MAESTRÍA EN AUDITORÍA FINANCIERA
10414,8011100032,DOCTORADO EN DISEÑO CURRICULAR E INSTRUCCIONAL
10415,6042300016,ESPECIALIDAD EN DESARROLLO Y MEJORA DE LA GESTIÓN EN LOS GOBIERNOS LOCALES
10416,7053100027,MAESTRÍA EN ANALÍSIS DE OPERACIONES
10417,6104200004,ESPECIALIDAD DE ESTADO MAYOR
10418,7011200162,MAESTRÍA EN ADMINISTRACIÓN DE LA EDUCACIÓN
10419,8011500036,DOCTORADO EN EDUCACIÓN Y ALTA DIRECCIÓN
10420,7042300094,MAESTRÍA EN ADMINISTRACIÓN PÚBLICA Y GOBIERNO MUNICIPAL
10421,7011200163,MAESTRÍA EN INNOVACIÓN EDUCATIVA CON ACENTUACIÓN EN ENSEÑANZA HÍBRIDA
10422,6042300017,ESPECIALIDAD EN GOBIERNO Y GESTIÓN PÚBLICA
10423,6042500052,ESPECIALIDAD EN GESTIÓN Y DOCENCIA DE LOS SERVICIOS DE ENFERMERÍA
10424,7022000024,MAESTRÍA EN CIENCIA DEL MOVIMIENTO HUMANO
10425,7072000037,MAESTRÍA EN SISTEMAS PRODUCTIVOS Y MANUFACTURA
10426,6042500053,ESPECIALIDAD DE LOS SERVICIOS DE ENFERMERÍA
10427,6042500054,ESPECIALIDAD EN GESTIÓN DE SALUD EMOCIONAL
10428,6042500055,ESPECIALIDAD EN GESTIÓN DE LOS SERVICIOS HOSPITALARIOS
10429,8042500036,DOCTORADO EN ADMINISTRACIÓN DE LA SALUD
10430,8061000005,DOCTORADO EN INNOVACIÓN Y CULTURA DIGITAL
10431,7041300097,MAESTRÍA EN ADMINISTRACIÓN INTERNACIONAL CON ORIENTACIÓN EN FINANZAS
10432,7042100480,MAESTRÍA EN ADMINISTRACIÓN INTERNACIONAL CON ORIENTACIÓN EN ADMINISTRACIÓN DE PROYECTOS
10433,7041200202,MAESTRÍA EN ADMINISTRACIÓN INTERNACIONAL CON ORIENTACIÓN EN MERCADOTECNIA GLOBAL
10434,7011100110,MAESTRÍA EN EDUCACIÓN Y ENSEÑANZA
10435,8011100033,DOCTORADO EN EDUCACIÓN Y ENSEÑANZA
10436,7011200164,"MAESTRÍA INTERDISCIPLINAR EN DISEÑO, ARTE Y ARQUITECTURA"
10437,8011200078,"DOCTORADO INTERDISCIPLINAR EN DISEÑO, ARTE Y ARQUITECTURA"
10438,8031300046,DOCTORADO EN INVESTIGACIÓN EN CIENCIA POLÍTICA
10439,8011100034,"DOCTORADO EN DIVERSIDAD, PROCESOS COGNITIVOS Y DIFICULTADES DEL APRENDIZAJE"
10440,8031200048,DOCTORADO EN DESARROLLO SOCIOCULTURAL Y TURISMO
10441,8022500021,DOCTORADO EN ESTUDIOS INTERNACIONALES
10442,8042100068,DOCTORADO EN COACHING Y COMUNICACIÓN
10443,8051000012,DOCTORADO EN NEUROCIENCIAS DESARROLLO Y EDUCACIÓN
10444,7011200165,MAESTRÍA EN CALIDAD Y EXCELENCIA EDUCATIVA
10445,7042100481,MAESTRÍA EN COACHING Y COMUNICACIÓN
10446,7012701013,MAESTRÍA EN DESARROLLO PSICOLÓGICO EN LA INFANCIA Y ADOLESCENCIA
10447,7031200103,MAESTRÍA EN DESARROLLO SOCIOCULTURAL Y TURISMO
10448,7031500084,MAESTRÍA EN GERONTOLOGÍA Y DEPENDENCIA
10449,7101100060, MAESTRÍA EN INVESTIGACIÓN EN CIENCIAS DE LA ACTIVIDAD FÍSICA Y DEL DEPORTE
10450,7031500085,MAESTRÍA EN MEDIACIÓN
10451,7041100156,MAESTRÍA EN NEGOCIOS Y OPERACIONES INTERNACIONALES
10452,7011000102,MAESTRÍA EN EDUCACIÓN POSITIVA
10453,7101500026,MAESTRÍA EN GESTIÓN DE LA INDUSTRIA DE ALIMENTOS Y BEBIDAS
10454,7021400049,MAESTRÍA EN ANIMACIÓN EN SEGUNDA DIMENSIÓN
10455,7021400050,MAESTRÍA EN TÉCNICAS PARA CREACIÓN DE ESTRUCTURAS Y SISTEMAS DE CONTROL PARA PERSONAJES EN 3 DIMENSIONES
10456,7021400051,MAESTRÍA EN MODELADO EN TERCERA DIMENSIÓN PARA CINE Y VIDEOJUEGOS 
10457,7033100490,MAESTRÍA EN CIENCIAS DE LO FISCAL
10458,7042500206,MAESTRÍA EN EDUCACIÓN ÉNFASIS EN GESTIÓN Y DIRECCIÓN DE INSTITUCIONES EDUCATIVAS
10459,7011400078,MAESTRÍA EN EDUCACIÓN CON ÉNFASIS EN TECNOLOGÍAS EDUCATIVAS
10460,6093203009,ESPECIALIDAD EN ESTOMATOLOGÍA PEDIÁTRICA Y ORTOPEDIA MAXILOFACIAL
10461,6071200017,ESPECIALIDAD OCUPACIONAL DE APROVECHAMIENTO DE ENERGÍA SOLAR
10462,6061300039,ESPECIALIDAD OCUPACIONAL DE INSTALACIÓN Y PROGRAMACIÓN DE SISTEMAS MECATRÓNICOS
10463,7031300134,MAESTRÍA EN POLÍTICAS ANTICORRUPCIÓN PARA ÓRGANOS AUTÓNOMOS
