NP,CLAVE,NOMBRE
1,4011100001,PROFESIONAL ASOCIADO EN ESTRATEGIAS DE ENSEÑANZA,
2,4011400001,PROFESIONAL ASOCIADO EN EDUCACIÓN DIGITAL,
3,4011400002,PROFESIONAL ASOCIADO EN PRODUCCIÓN MULTIMEDIA EDUCATIVA,
4,4012604001,PROFESOR DE MATEMÁTICAS,
5,4012602001,TÉCNICO SUPERIOR UNIVERSITARIO EN DANZA CLÁSICA CON LÍNEA DE TRABAJO DE DOCENCIA,
6,4012602002,TÉCNICO SUPERIOR UNIVERSITARIO EN EDUCACIÓN MUSICAL,
7,4021100001,PROFESIONAL ASOCIADO EN ARTES VISUALES,
8,4021100002,TÉCNICO SUPERIOR UNIVERSITARIO EN ARTES VISUALES,
9,4021200002,PROFESIONAL ASOCIADO EN DANZA CONTEMPORÁNEA,
10,4021300001,PROFESIONAL ASOCIADO EN MÚSICA,
11,4021300002,TÉCNICO SUPERIOR UNIVERSITARIO EJECUTANTE,
12,4021300003,TÉCNICO SUPERIOR UNIVERSITARIO EN CANTO,
13,4021200003,TÉCNICO SUPERIOR UNIVERSITARIO EN DANZA CLÁSICA CON LÍNEA DE TRABAJO DE BAILARÍN,
14,4021200004,TÉCNICO SUPERIOR UNIVERSITARIO EN DANZA CLÁSICA CON LÍNEA DE TRABAJO DE BAILARÍN (PLAN ESPECIAL PARA VARONES),
15,4021200005,TÉCNICO SUPERIOR UNIVERSITARIO EN DANZA MEXICANA,
16,4021300004,TÉCNICO SUPERIOR UNIVERSITARIO EN EJECUCIÓN MUSICAL,
17,4021300005,TÉCNICO SUPERIOR UNIVERSITARIO EN INSTRUMENTISTA EJECUTANTE,
18,4021300006,TÉCNICO SUPERIOR UNIVERSITARIO EN MÚSICA,
19,4021400002,PROFESIONAL ASOCIADO EN AUDIO,
20,4021400003,PROFESIONAL ASOCIADO EN PRODUCCIÓN DE ESPECTÁCULOS,
21,4021400004,PROFESIONAL ASOCIADO EN PRODUCCIÓN MULTIMEDIA,
22,4021500001,TÉCNICO SUPERIOR UNIVERSITARIO EN DISEÑO ASISTIDO POR COMPUTADORA,
23,4021500002,TÉCNICO SUPERIOR UNIVERSITARIO EN DISEÑO GRÁFICO,
24,4021500004,TÉCNICO SUPERIOR UNIVERSITARIO EN DISEÑO PUBLICITARIO,
25,4021400005,TÉCNICO SUPERIOR UNIVERSITARIO EN FOTOGRAFÍA,
26,4021400006,TÉCNICO SUPERIOR UNIVERSITARIO EN PROCESOS INDUSTRIALES ÁREA ARTES GRÁFICAS,
27,4021600001,PROFESIONAL ASOCIADO EN DISEÑO DE MODAS,
28,4021600002,TÉCNICO SUPERIOR UNIVERSITARIO EN DECORACIÓN DE INTERIORES,
29,4021600003,TÉCNICO SUPERIOR UNIVERSITARIO EN DISEÑO DE INTERIORES,
30,4021600004,TÉCNICO SUPERIOR UNIVERSITARIO EN DISEÑO DE MODAS,
31,4022200001,PROFESIONAL ASOCIADO EN INGLÉS,
32,4081100001,PROFESIONAL ASOCIADO EN DESARROLLO RURAL SUSTENTABLE,
33,4032100001,TÉCNICO SUPERIOR UNIVERSITARIO EN COMUNICACIONES,
34,4031500002,PROFESIONAL ASOCIADO EN GERONTOLOGÍA,
35,4031500003,TÉCNICO SUPERIOR UNIVERSITARIO EN TRABAJO SOCIAL,
36,4032100002,PROFESIONAL ASOCIADO EN COMUNICACIÓN SOCIAL,
37,4041200001,TÉCNICO SUPERIOR UNIVERSITARIO EN DISEÑO DE IMAGEN,
38,4032200001,PROFESIONAL ASOCIADO EN ARCHIVONOMÍA,
39,4032200002,PROFESIONAL ASOCIADO EN BIBLIOTECONOMÍA,
40,4032200003,TÉCNICO SUPERIOR UNIVERSITARIO EN GESTIÓN BIBLIOTECARIA,
41,4042000001,TÉCNICO SUPERIOR UNIVERSITARIO EN ADMINISTRACIÓN,
42,4041100001,PROFESIONAL ASOCIADO EN NEGOCIOS INTERNACIONALES,
43,4041100002,TÉCNICO SUPERIOR UNIVERSITARIO ASISTENTE DE NEGOCIOS INTERNACIONALES,
44,4041100004,TÉCNICO SUPERIOR UNIVERSITARIO EN COMERCIO INTERNACIONAL,
45,4041100005,TÉCNICO SUPERIOR UNIVERSITARIO EN DESARROLLO DE NEGOCIOS,
46,4041100006,TÉCNICO SUPERIOR UNIVERSITARIO EN NEGOCIOS INTERNACIONALES,
47,4041100007,TÉCNICO SUPERIOR UNIVERSITARIO EN OPERACIONES COMERCIALES INTERNACIONALES ÁREA CLASIFICACIÓN ARANCELARIA Y DESPACHO ADUANERO,
48,4041100008,TÉCNICO SUPERIOR UNIVERSITARIO EN OPERACIONES COMERCIALES INTERNACIONALES ÁREA NEGOCIOS INTERNACIONALES,
49,4041200005,PROFESIONAL ASOCIADO EN COMERCIALIZACIÓN,
50,4041200006,PROFESIONAL ASOCIADO EN COMERCIALIZACIÓN Y VENTAS,
51,4041200007,PROFESIONAL ASOCIADO EN MERCADOTECNIA Y PUBLICIDAD,
52,4041200008,TÉCNICO SUPERIOR UNIVERSITARIO EN COMERCIALIZACIÓN,
53,4041200003,TÉCNICO SUPERIOR UNIVERSITARIO EN DESARROLLO DE NEGOCIOS ÁREA MERCADOTECNIA,
54,4041100009,TÉCNICO SUPERIOR UNIVERSITARIO EN DESARROLLO DE NEGOCIOS ÁREA SERVICIOS POSVENTA AUTOMOTRIZ,
55,4041200009,TÉCNICO SUPERIOR UNIVERSITARIO EN MERCADOTECNIA,
56,4041200010,TÉCNICO SUPERIOR UNIVERSITARIO EN MERCADOTECNIA Y COMERCIALIZACIÓN,
57,4041200011,TÉCNICO SUPERIOR UNIVERSITARIO EN MERCADOTECNIA Y PUBLICIDAD,
58,4041200013,TÉCNICO SUPERIOR UNIVERSITARIO EN RELACIONES PÚBLICAS Y COMUNICACIÓN CORPORATIVA,
59,4041300001,PROFESIONAL ASOCIADO EN ADMINISTRACIÓN FINANCIERA,
60,4041400001,PROFESIONAL ASOCIADO EN CONTADURÍA PÚBLICA,
61,4041400002,TÉCNICO SUPERIOR UNIVERSITARIO CONTADOR PÚBLICO Y AUDITOR,
62,4041400003,TÉCNICO SUPERIOR UNIVERSITARIO EN ADMINISTRACIÓN CON ESPECIALIDAD EN CONTABILIDAD ADMINISTRATIVA,
63,4041400004,TÉCNICO SUPERIOR UNIVERSITARIO EN ADMINISTRACIÓN TRIBUTARIA,
64,4041400005,TÉCNICO SUPERIOR UNIVERSITARIO EN CONTADURÍA,
65,4011200001,TÉCNICO SUPERIOR UNIVERSITARIO EN GESTIÓN DE EDUCACIÓN Y CAPACITACIÓN,
66,4101400001,PROFESIONAL ASOCIADO ASISTENTE EJECUTIVA,
67,4042100003,PROFESIONAL ASOCIADO EN RECURSOS HUMANOS,
68,4042100004,TÉCNICO SUPERIOR UNIVERSITARIO EN ADMINISTRACIÓN ÁREA ADMINISTRACIÓN Y EVALUACIÓN DE PROYECTOS EN COMPETENCIAS PROFESIONALES,
69,4042100005,TÉCNICO SUPERIOR UNIVERSITARIO EN ADMINISTRACIÓN ÁREA ADMINISTRACIÓN Y EVALUACIÓN DE PROYECTOS,
70,4042100006,TÉCNICO SUPERIOR UNIVERSITARIO EN ADMINISTRACIÓN ÁREA RECURSOS HUMANOS,
71,4042100007,TÉCNICO SUPERIOR UNIVERSITARIO EN ADMINISTRACIÓN DE MICRO Y PEQUEÑA EMPRESA,
72,4042100008,TÉCNICO SUPERIOR UNIVERSITARIO EN ADMINISTRACIÓN EMPRESARIAL,
73,4042100009,TÉCNICO SUPERIOR UNIVERSITARIO EN ADMINISTRACIÓN Y EVALUACIÓN DE PROYECTOS,
74,4101400003,TÉCNICO SUPERIOR UNIVERSITARIO EN ASISTENTE GERENCIAL TRILINGÜE,
75,4042400001,TÉCNICO SUPERIOR UNIVERSITARIO EN ADMINISTRACIÓN DE PROCESOS DE PRODUCCIÓN,
76,4042400002,TÉCNICO SUPERIOR UNIVERSITARIO EN PROCESOS INDUSTRIALES ÁREA SISTEMAS DE GESTIÓN DE LA CALIDAD,
77,4042500002,PROFESIONAL ASOCIADO EN ADMINISTRACIÓN BIOMÉDICA,
78,4101600001,PROFESIONAL ASOCIADO EN HOTELERÍA,
79,4101600002,PROFESIONAL ASOCIADO EN SERVICIOS TURÍSTICOS,
80,4101600003,PROFESIONAL ASOCIADO EN TURISMO ALTERNATIVO,
81,4101600005,TÉCNICO SUPERIOR EN TURISMO ALTERNATIVO,
82,4042200001,TÉCNICO SUPERIOR UNIVERSITARIO EN ADMINISTRACIÓN ÁREA EMPRESAS TURÍSTICAS,
83,4042200002,TÉCNICO SUPERIOR UNIVERSITARIO EN ADMINISTRACIÓN DE HOTELES,
84,4101600006,TÉCNICO SUPERIOR UNIVERSITARIO EN CONTROL DE COSTOS EN SERVICIOS TURÍSTICOS,
85,4042200003,TÉCNICO SUPERIOR UNIVERSITARIO EN GESTIÓN EMPRESARIAL TURÍSTICA,
86,4042200004,TÉCNICO SUPERIOR UNIVERSITARIO EN GESTIÓN HOTELERA,
87,4101600007,TÉCNICO SUPERIOR UNIVERSITARIO EN HOTELERÍA Y TURISMO,
88,4101600009,TÉCNICO SUPERIOR UNIVERSITARIO EN SERVICIOS DE HOSPEDAJE,
89,4101600010,TÉCNICO SUPERIOR UNIVERSITARIO EN SERVICIOS TURÍSTICOS,
90,4101600011,TÉCNICO SUPERIOR UNIVERSITARIO EN TURISMO,
91,4101600012,TÉCNICO SUPERIOR UNIVERSITARIO EN TURISMO ALTERNATIVO,
92,4101600013,TÉCNICO SUPERIOR UNIVERSITARIO EN TURISMO ÁREA HOTELERÍA,
93,4101600014,TÉCNICO SUPERIOR UNIVERSITARIO EN TURISMO ÁREA TURISMO ALTERNATIVO,
94,4042200006,PROFESIONAL ASOCIADO EN ADMINISTRACIÓN DE RESTAURANTES,
95,4101500002,PROFESIONAL ASOCIADO EN ARTES CULINARIAS,
96,4101500003,PROFESIONAL ASOCIADO EN GASTRONOMÍA,
97,4101500004,PROFESIONAL ASOCIADO SOMMELIER,
98,4042200007,TÉCNICO SUPERIOR UNIVERSITARIO EN ADMINISTRACIÓN DE RESTAURANTES,
99,4101500005,TÉCNICO SUPERIOR UNIVERSITARIO EN ALIMENTOS Y BEBIDAS,
100,4101500006,TÉCNICO SUPERIOR UNIVERSITARIO EN GASTRONOMÍA,
101,4033100001,PROFESIONAL ASOCIADO EN CIENCIAS JURÍDICAS,
102,4033100002,TÉCNICO SUPERIOR UNIVERSITARIO EN ASISTENCIA Y PRÁCTICA LEGAL,
103,4095300001,TÉCNICO SUPERIOR UNIVERSITARIO EN CITOLOGÍA CERVICAL,
104,4095300002,TÉCNICO SUPERIOR UNIVERSITARIO EN CITOTECNOLOGÍA,
105,4051200001,TÉCNICO SUPERIOR UNIVERSITARIO EN HISTOPATOLOGÍA,
106,4051200002,TÉCNICO SUPERIOR UNIVERSITARIO EN LABORATORISTA QUÍMICO FARMACOBIÓLOGO,
107,4051300002,TÉCNICO SUPERIOR UNIVERSITARIO EN GESTIÓN AMBIENTAL,
108,4052200001,TÉCNICO SUPERIOR UNIVERSITARIO EN QUÍMICA,
109,4052300001,TÉCNICO SUPERIOR UNIVERSITARIO CON ACENTUACIÓN EN GEOCIENCIAS,
110,4053100001,TÉCNICO SUPERIOR UNIVERSITARIO EN MATEMÁTICA APLICADA,
111,4062200002,PROFESIONAL ASOCIADO EN INFORMÁTICA,
112,4061300001,PROFESIONAL ASOCIADO EN PROGRAMACIÓN,
113,4062200003,TÉCNICO SUPERIOR UNIVERSITARIO EN ADMINISTRACIÓN CON ESPECIALIDAD EN INFORMÁTICA ADMINISTRATIVA,
114,4062100001,TÉCNICO SUPERIOR UNIVERSITARIO EN ADMINISTRACIÓN DE REDES DE CÓMPUTO,
115,4061000001,TÉCNICO SUPERIOR UNIVERSITARIO EN COMPUTACIÓN,
116,4061300002,TÉCNICO SUPERIOR UNIVERSITARIO EN DESARROLLO DE SOFTWARE,
117,4062200004,TÉCNICO SUPERIOR UNIVERSITARIO EN INFORMÁTICA,
118,4061300003,TÉCNICO SUPERIOR UNIVERSITARIO EN PROGRAMACIÓN,
119,4061300004,TÉCNICO SUPERIOR UNIVERSITARIO EN SISTEMAS COMPUTACIONALES,
120,4061300005,TÉCNICO SUPERIOR UNIVERSITARIO EN SISTEMAS DE INFORMACIÓN,
121,4061300006,TÉCNICO SUPERIOR UNIVERSITARIO EN SISTEMAS INFORMÁTICOS,
122,4071300001,TRONCO COMÚN EN TÉCNICO SUPERIOR UNIVERSITARIO EN MECATRÓNICA,
123,4071100001,TÉCNICO SUPERIOR UNIVERSITARIO EN BUCEO INDUSTRIAL,
124,4071100003,TÉCNICO SUPERIOR UNIVERSITARIO EN DISEÑO Y PRODUCCIÓN INDUSTRIAL,
125,4071100004,TÉCNICO SUPERIOR UNIVERSITARIO EN MANTENIMIENTO,
126,4071100005,TÉCNICO SUPERIOR UNIVERSITARIO EN MANTENIMIENTO ÁREA INDUSTRIAL,
127,4071100006,TÉCNICO SUPERIOR UNIVERSITARIO EN MANTENIMIENTO ÁREA INSTALACIONES,
128,4071100007,TÉCNICO SUPERIOR UNIVERSITARIO EN MANTENIMIENTO ÁREA MAQUINARIA PESADA,
129,4071100008,TÉCNICO SUPERIOR UNIVERSITARIO EN MANTENIMIENTO DE SISTEMAS INDUSTRIALES,
130,4071100009,TÉCNICO SUPERIOR UNIVERSITARIO EN MANTENIMIENTO INDUSTRIAL,
131,4071100010,TÉCNICO SUPERIOR UNIVERSITARIO EN MANTENIMIENTO INDUSTRIAL ÁREA INSTALACIONES,
132,4071100011,TÉCNICO SUPERIOR UNIVERSITARIO EN MECÁNICA,
133,4071100012,TÉCNICO SUPERIOR UNIVERSITARIO EN MECÁNICA ÁREA INDUSTRIAL,
134,4071300002,TÉCNICO SUPERIOR UNIVERSITARIO EN MECATRÓNICA,
135,4071300003,"TÉCNICO SUPERIOR UNIVERSITARIO EN MECATRÓNICA, ÁREA AUTOMATIZACIÓN",
136,4071300004,TÉCNICO SUPERIOR UNIVERSITARIO EN MECATRÓNICA ÁREA INSTALACIONES ELÉCTRICAS EFICIENTES,
137,4071300005,TÉCNICO SUPERIOR UNIVERSITARIO EN MECATRÓNICA ÁREA SISTEMAS DE MANUFACTURA FLEXIBLE,
138,4071300006,TÉCNICO SUPERIOR UNIVERSITARIO EN MECATRÓNICA ÁREA SISTEMAS DE MANUFACTURA FLEXIBLES,
139,4071700001,TÉCNICO SUPERIOR UNIVERSITARIO EN SISTEMAS DE CALIDAD,
140,4071100013,TÉCNICO SUPERIOR UNIVERSITARIO EN TROQUELES,
141,4071200001,TÉCNICO SUPERIOR UNIVERSITARIO EN ELECTRICIDAD Y ELECTRÓNICA,
142,4071300011,TÉCNICO SUPERIOR UNIVERSITARIO EN ELECTRICIDAD Y ELECTRÓNICA INDUSTRIAL,
143,4071200002,TÉCNICO SUPERIOR UNIVERSITARIO EN ENERGÍAS RENOVABLES,
144,4071200003,TÉCNICO SUPERIOR UNIVERSITARIO EN ENERGÍAS RENOVABLES ÁREA BIOENERGÍA,
145,4071200004,TÉCNICO SUPERIOR UNIVERSITARIO EN ENERGÍAS RENOVABLES ÁREA CALIDAD Y AHORRO DE ENERGÍA,
146,4071200005,TÉCNICO SUPERIOR UNIVERSITARIO EN ENERGÍAS RENOVABLES ÁREA ENERGÍA SOLAR,
147,4071200006,TÉCNICO SUPERIOR UNIVERSITARIO EN ENERGÍAS RENOVABLES ÁREA TURBOENERGÍA,
148,4062300001,PROFESIONAL ASOCIADO EN REDES Y MANTENIMIENTO DE COMPUTADORAS,
149,4062200007,PROFESIONAL ASOCIADO EN TECNOLOGÍA E INFORMÁTICA,
150,4062100002,TÉCNICO SUPERIOR UNIVERSITARIO DE LA INFORMACIÓN Y COMUNICACIÓN ÁREA REDES Y TELECOMUNICACIONES,
151,4071500001,TÉCNICO SUPERIOR UNIVERSITARIO EN AVIÓNICA,
152,4071300015,TÉCNICO SUPERIOR UNIVERSITARIO EN ELECTRÓNICA,
153,4071300016,TÉCNICO SUPERIOR UNIVERSITARIO EN ELECTRÓNICA Y AUTOMATIZACIÓN,
154,4062100003,TÉCNICO SUPERIOR UNIVERSITARIO EN REDES DE CÓMPUTO,
155,4062100004,TÉCNICO SUPERIOR UNIVERSITARIO EN REDES Y TELECOMUNICACIONES,
156,4062200009,TÉCNICO SUPERIOR UNIVERSITARIO EN TECNOLOGÍA DE LA INFORMACIÓN Y COMUNICACIÓN,
157,4062100005,TÉCNICO SUPERIOR UNIVERSITARIO EN TECNOLOGÍA DE LA INFORMACIÓN Y COMUNICACIÓN ÁREA REDES Y TELECOMUNICACIONES,
158,4061300009,TÉCNICO SUPERIOR UNIVERSITARIO EN TECNOLOGÍA DE LA INFORMACIÓN Y COMUNICACIÓN ÁREA SISTEMAS INFORMÁTICOS,
159,4062200010,TÉCNICO SUPERIOR UNIVERSITARIO EN TECNOLOGÍAS DE LA INFORMACIÓN,
160,4062200011,TÉCNICO SUPERIOR UNIVERSITARIO EN TECNOLOGÍAS DE LA INFORMACIÓN APLICADAS A LA ADMINISTRACIÓN,
161,4062200013,TÉCNICO SUPERIOR UNIVERSITARIO EN TECNOLOGÍAS DE LA INFORMACIÓN Y COMUNICACIÓN ÁREA INFORMÁTICA ADMINISTRATIVA,
162,4062100006,TÉCNICO SUPERIOR UNIVERSITARIO EN TECNOLOGÍAS DE LA INFORMACIÓN Y COMUNICACIÓN ÁREA REDES,
163,4062200016,TÉCNICO SUPERIOR UNIVERSITARIO EN TECNOLOGÍAS DE LA INFORMACIÓN Y COMUNICACIONES,
164,4062200017,TÉCNICO SUPERIOR UNIVERSITARIO EN TECNOLOGÍAS DE LA INFORMACIÓN Y COMUNICACIONES ÁREA MULTIMEDIA Y COMERCIO ELECTRÓNICO,
165,4062100008,TÉCNICO SUPERIOR UNIVERSITARIO EN TECNOLOGÍAS DE LA INFORMACIÓN Y COMUNICACIONES ÁREA REDES Y TELECOMUNICACIONES,
166,4062200018,TÉCNICO SUPERIOR UNIVERSITARIO EN TECNOLOGÍAS DE LA INFORMACIÓN Y COMUNICACIONES ÁREA SISTEMAS INFORMÁTICOS,
167,4062200019,TÉCNICO SUPERIOR UNIVERSITARIO EN TECNOLOGÍAS DE LA INFORMACIÓN Y LA COMUNICACIÓN,
168,4062200020,TÉCNICO SUPERIOR UNIVERSITARIO EN TECNOLOGÍAS DE LA INFORMACIÓN Y LA COMUNICACIÓN ÁREA INFORMÁTICA,
169,4062100009,TÉCNICO SUPERIOR UNIVERSITARIO EN TELEINFORMÁTICA,
170,4062100010,TÉCNICO SUPERIOR UNIVERSITARIO EN TELEMÁTICA,
171,4051200003,PROFESIONAL ASOCIADO EN BIOTECNOLOGÍA GENÓMICA,
172,4081100002,TÉCNICO SUPERIOR UNIVERSITARIO EN AGROBIOTECNOLOGÍA,
173,4051200004,TÉCNICO SUPERIOR UNIVERSITARIO EN BIOTECNOLOGÍA,
174,4072400001,TÉCNICO SUPERIOR UNIVERSITARIO EN MANTENIMIENTO ÁREA PETRÓLEO,
175,4072300001,TÉCNICO SUPERIOR UNIVERSITARIO EN PROCESOS INDUSTRIALES ÁREA CERÁMICOS,
176,4051200005,TÉCNICO SUPERIOR UNIVERSITARIO EN QUÍMICA ÁREA BIOTECNOLOGÍA,
177,4071400001,TÉCNICO SUPERIOR UNIVERSITARIO EN QUÍMICA INDUSTRIAL,
178,4071500002,TÉCNICO SUPERIOR UNIVERSITARIO EN ELECTRÓNICA Y MECÁNICA AUTOMOTRIZ,
179,4071500003,TÉCNICO SUPERIOR UNIVERSITARIO EN MANTENIMIENTO DE AERONAVES,
180,4071500004,TÉCNICO SUPERIOR UNIVERSITARIO EN MECÁNICA ÁREA AUTOMOTRIZ,
181,4071500005,TÉCNICO SUPERIOR UNIVERSITARIO EN PROCESOS INDUSTRIALES ÁREA AUTOMOTRIZ,
182,4071500006,TÉCNICO SUPERIOR UNIVERSITARIO EN PRODUCCIÓN METÁLICA Y AUTOPARTES,
183,4071600002,TÉCNICO SUPERIOR UNIVERSITARIO EN QUÍMICA ÁREA TECNOLOGÍA AMBIENTAL,
184,4071600003,TÉCNICO SUPERIOR UNIVERSITARIO EN TECNOLOGÍA AMBIENTAL,
185,4071700003,TÉCNICO SUPERIOR UNIVERSITARIO EN PROCESOS DE PRODUCCIÓN,
186,4071700004,TÉCNICO SUPERIOR UNIVERSITARIO EN PROCESOS DE PRODUCCIÓN CON ESPECIALIDAD EN PRODUCCIÓN,
187,4071700005,TÉCNICO SUPERIOR UNIVERSITARIO EN PROCESOS INDUSTRIALES,
188,4072000001,TÉCNICO SUPERIOR UNIVERSITARIO EN PROCESOS INDUSTRIALES ÁREA MANUFACTURA,
189,4071700006,TRONCO COMÚN EN TÉCNICO SUPERIOR UNIVERSITARIO EN PROCESOS INDUSTRIALES,
190,4072100002,PROFESIONAL ASOCIADO EN PROCESOS AGROINDUSTRIALES,
191,4072100003,TÉCNICO SUPERIOR UNIVERSITARIO EN PROCESOS DE PRODUCCIÓN CON ESPECIALIDAD EN AGROINDUSTRIA,
192,4072100004,TÉCNICO SUPERIOR UNIVERSITARIO EN TECNOLOGÍA DE ALIMENTOS,
193,4072200002,TÉCNICO SUPERIOR UNIVERSITARIO EN DISEÑO Y MODA INDUSTRIAL ÁREA PRODUCCIÓN,
194,4072200003,TÉCNICO SUPERIOR UNIVERSITARIO EN DISEÑO Y PRODUCCIÓN INDUSTRIAL ÁREA TECNOLOGÍA TEXTIL,
195,4072200004,TÉCNICO SUPERIOR UNIVERSITARIO EN PROCESOS DE PRODUCCIÓN CON ESPECIALIDAD EN TEXTIL,
196,4072300003,TÉCNICO SUPERIOR UNIVERSITARIO EN PLÁSTICOS,
197,4072300004,TÉCNICO SUPERIOR UNIVERSITARIO EN PROCESOS INDUSTRIALES ÁREA PLÁSTICOS,
198,4072400004,TÉCNICO SUPERIOR UNIVERSITARIO EN MINAS Y METALURGIA,
199,4073100001,TÉCNICO SUPERIOR UNIVERSITARIO EN DISEÑO ARQUITECTÓNICO,
200,4073100002,TÉCNICO SUPERIOR UNIVERSITARIO EN EXPRESIÓN GRÁFICA ARQUITECTÓNICA,
201,4073200001,TÉCNICO SUPERIOR UNIVERSITARIO EN CONSTRUCCIÓN,
202,4073200002,TÉCNICO SUPERIOR UNIVERSITARIO EN SUPERVISIÓN DE OBRA,
203,4081100005,TÉCNICO SUPERIOR EN PRODUCCIÓN ORGÁNICA AGRÍCOLA,
204,4081100006,TÉCNICO SUPERIOR UNIVERSITARIO EN AGROZOOTECNIA SUSTENTABLE,
205,4081100007,TÉCNICO SUPERIOR UNIVERSITARIO EN AGROZOOTECNIA Y NEGOCIOS,
206,4081100008,TÉCNICO SUPERIOR UNIVERSITARIO EN QUÍMICA ÁREA TECNOLOGÍA EN PRODUCCIÓN AGRÍCOLA,
207,4081200003,TÉCNICO SUPERIOR UNIVERSITARIO EN HORTICULTURA SUSTENTABLE,
208,4081400001,TÉCNICO SUPERIOR UNIVERSITARIO EN ACUICULTURA,
209,4094300001,TÉCNICO SUPERIOR UNIVERSITARIO EN ACUPUNTURA,
210,4092100001,PROFESIONAL ASOCIADO EN ENFERMERÍA,
211,4092100002,PROFESIONAL ASOCIADO EN ENFERMERÍA GENERAL,
212,4095100004,TÉCNICO SUPERIOR UNIVERSITARIO EN ATENCIÓN PREHOSPITALARIA,
213,4092100003,TÉCNICO SUPERIOR UNIVERSITARIO EN ENFERMERÍA,
214,4092100004,TÉCNICO SUPERIOR UNIVERSITARIO EN ENFERMERÍA GENERAL,
215,4091315001,TÉCNICO SUPERIOR UNIVERSITARIO EN GERIATRÍA Y GERONTOLOGÍA,
216,4095100005,TÉCNICO SUPERIOR UNIVERSITARIO EN PARAMÉDICO,
217,4095100003,TÉCNICO SUPERIOR UNIVERSITARIO EN URGENCIAS MÉDICAS EMERGENCIAS Y DESASTRES,
218,4094100001,TÉCNICO SUPERIOR UNIVERSITARIO ESPECIALIZADO EN TERAPIA INTENSIVA Y CUIDADOS CORONARIOS,
219,4093100001,TÉCNICO PROFESIONAL SUPERIOR EN TECNOLOGÍA DENTAL,
220,4093100002,TÉCNICO SUPERIOR UNIVERSITARIO EN HIGIENE BUCODENTAL,
221,4093100003,TÉCNICO SUPERIOR UNIVERSITARIO  HIGIENISTA DENTAL,
222,4093100004,TÉCNICO SUPERIOR UNIVERSITARIO EN LABORATORISTA EN PRÓTESIS DENTAL,
223,4093100005,TÉCNICO SUPERIOR UNIVERSITARIO EN PRÓTESIS DENTAL,
224,4093100006,TÉCNICO SUPERIOR UNIVERSITARIO EN TECNOLOGÍA DENTAL,
225,4095300003,PROFESIONAL ASOCIADO EN LABORATORISTA DE ANÁLISIS CLÍNICOS,
226,4091342001,PROFESIONAL ASOCIADO EN RADIOLOGÍA E IMAGEN,
227,4095300004,TÉCNICO SUPERIOR UNIVERSITARIO EN IMAGEN DIAGNOSTICA,
228,4095300005,TÉCNICO SUPERIOR UNIVERSITARIO EN IMAGENOLOGÍA,
229,4095300006,TÉCNICO SUPERIOR UNIVERSITARIO EN LABORATORIO CLÍNICO,
230,4095300007,TÉCNICO SUPERIOR UNIVERSITARIO EN LABORATORIO DE DIAGNÓSTICO CLÍNICO,
231,4095300008,TÉCNICO SUPERIOR UNIVERSITARIO EN LABORATORISTA DE ANÁLISIS CLÍNICOS,
232,4095300009,TÉCNICO SUPERIOR UNIVERSITARIO EN RADIOLOGÍA,
233,4095300010,TÉCNICO SUPERIOR UNIVERSITARIO EN RADIOLOGÍA E IMAGEN,
234,4095300011,TÉCNICO SUPERIOR UNIVERSITARIO RADIÓLOGO,
235,4094300003,PROFESIONAL ASOCIADO EN PODOLOGÍA,
236,4094100002,PROFESIONAL ASOCIADO EN REHABILITACIÓN FÍSICA,
237,4094200001,TÉCNICO SUPERIOR UNIVERSITARIO EN DIETISTA,
238,4094100003,TÉCNICO SUPERIOR UNIVERSITARIO EN FISIOTERAPIA,
239,4094200002,TÉCNICO SUPERIOR UNIVERSITARIO EN NUTRICIÓN,
240,4094200003,TÉCNICO SUPERIOR UNIVERSITARIO EN NUTRICIÓN Y ALIMENTACIÓN HUMANA,
241,4095500001,TÉCNICO SUPERIOR UNIVERSITARIO EN OPTOMETRÍA,
242,4094300004,TÉCNICO SUPERIOR UNIVERSITARIO EN PODOLOGÍA,
243,4094100004,TÉCNICO SUPERIOR UNIVERSITARIO EN REHABILITACIÓN FÍSICA Y PROMOTOR DE LA SALUD,
244,4094100005,TÉCNICO SUPERIOR UNIVERSITARIO EN TERAPIA FÍSICA,
245,4094100006,TÉCNICO SUPERIOR UNIVERSITARIO EN TERAPIA FÍSICA Y REHABILITACIÓN,
246,4094100007,TÉCNICO SUPERIOR UNIVERSITARIO EN TERAPIA OCUPACIONAL,
247,4095600001,TÉCNICO SUPERIOR UNIVERSITARIO EN SALUD PÚBLICA,
248,4101200001,TÉCNICO SUPERIOR UNIVERSITARIO EMBALSAMAMIENTO FORENSE,
249,4101200002,TÉCNICO SUPERIOR UNIVERSITARIO EN HISTOPATÓLOGO EMBALSAMADOR,
250,4101300001,PROFESIONAL ASOCIADO EN COSMETOLOGÍA INTEGRAL,
251,4101300002,PROFESIONAL ASOCIADO EN ESTETO COSMETOLOGÍA,
252,4101300003,TÉCNICO SUPERIOR UNIVERSITARIO EN COSMETOLOGÍA INTEGRAL,
253,4102100003,TÉCNICO SUPERIOR UNIVERSITARIO EN ADMINISTRACIÓN DEL AUTOTRANSPORTE Y LOGÍSTICA,
254,4041100010,TÉCNICO SUPERIOR UNIVERSITARIO EN DESARROLLO DE NEGOCIOS ÁREA LOGÍSTICA Y TRANSPORTE,
255,4102100005,TÉCNICO SUPERIOR UNIVERSITARIO EN TRÁNSITO Y VIALIDAD,
256,4104100001,PROFESIONAL ASOCIADO EN PROTECCIÓN CIVIL,
257,4104100005,TÉCNICO SUPERIOR UNIVERSITARIO EN INVESTIGACIÓN POLICIAL,
258,4104100006,TÉCNICO SUPERIOR UNIVERSITARIO EN POLICÍA PREVENTIVA,
259,4104100002,TÉCNICO SUPERIOR UNIVERSITARIO EN PROTECCIÓN CIVIL,
260,4104100003,TÉCNICO SUPERIOR UNIVERSITARIO EN SEGURIDAD PÚBLICA,
261,4104100007,TÉCNICO SUPERIOR UNIVERSITARIO POLICIAL,
262,4103100001,"TÉCNICO SUPERIOR UNIVERSITARIO EN EMERGENCIAS, SEGURIDAD LABORAL Y RESCATES",
263,5011500001,LICENCIATURA EN CIENCIAS DE LA EDUCACIÓN,
264,5011500002,LICENCIATURA EN EDUCACIÓN,
265,5011500003,LICENCIATURA EN EDUCACIÓN (EJECUTIVA),
266,5011000001,LICENCIATURA EN EDUCACIÓN CON ACENTUACIÓN EN FORMACIÓN DE RECURSOS HUMANOS,
267,5011500004,TRONCO COMÚN EN CIENCIAS DE LA EDUCACIÓN,
268,5012702001,TRONCO COMÚN EN LA LICENCIATURA EN EDUCACIÓN ESPECIAL,
269,5012604001,LICENCIATURA EN CIENCIAS DE LA EDUCACIÓN ÁREA CIENCIAS SOCIALES,
270,5012500001,LICENCIATURA EN CIENCIAS DE LA EDUCACIÓN ÁREA FÍSICA Y MATEMÁTICAS,
271,5012400001,LICENCIATURA EN CIENCIAS DE LA EDUCACIÓN ÁREA LENGUA Y LITERATURA ESPAÑOLA,
272,5012500002,LICENCIATURA EN CIENCIAS DE LA EDUCACIÓN ÁREA QUÍMICA Y BIOLOGÍA,
273,5012603002,LICENCIATURA EN CIENCIAS DE LA EDUCACIÓN CON ACENTUACIÓN EN IDIOMA INGLÉS,
274,5011100001,LICENCIATURA EN CIENCIAS DE LA EDUCACIÓN CON ACENTUACIÓN EN PEDAGOGÍA,
275,5012500003,LICENCIATURA EN CIENCIAS DE LA EDUCACIÓN CON OPCIÓN EN CIENCIAS QUÍMICO BIOLÓGICAS,
276,5012604002,LICENCIATURA EN CIENCIAS DE LA EDUCACIÓN CON OPCIÓN EN CIENCIAS SOCIALES,
277,5012500004,LICENCIATURA EN CIENCIAS DE LA EDUCACIÓN CON TERMINAL EN CIENCIAS SOCIALES,
278,5012500005,LICENCIATURA EN CIENCIAS DE LA EDUCACIÓN CON TERMINAL EN FÍSICO MATEMÁTICAS,
279,5011300001,LICENCIATURA EN CIENCIAS DE LA EDUCACIÓN CON TERMINAL EN PSICOLOGÍA EDUCATIVA,
280,5012500006,LICENCIATURA EN CIENCIAS DE LA EDUCACIÓN EN EL ÁREA DE FÍSICA Y MATEMÁTICAS,
281,5012500007,LICENCIATURA EN CIENCIAS DE LA EDUCACIÓN EN EL ÁREA DE LENGUA Y LITERATURA,
282,5012500008,LICENCIATURA EN CIENCIAS DE LA EDUCACIÓN EN EL ÁREA DE QUÍMICA Y BIOLOGÍA,
283,5012604003,LICENCIATURA EN CIENCIAS DE LA EDUCACIÓN ESPECIALIDAD EN CIENCIAS SOCIALES,
284,5012500009,LICENCIATURA EN CIENCIAS DE LA EDUCACIÓN ESPECIALIDAD EN QUÍMICO BIOLÓGICAS,
285,5011100002,LICENCIATURA EN CIENCIAS Y TÉCNICAS DE LA EDUCACIÓN,
286,5011100003,LICENCIATURA EN CIENCIAS Y TÉCNICAS EDUCATIVAS,
287,5011100004,LICENCIATURA EN PEDAGOGÍA BILINGÜE,
288,5011100005,LICENCIATURA EN PEDAGOGÍA ESPECIALIDAD EN CIENCIAS NATURALES,
289,5011100006,LICENCIATURA EN PEDAGOGÍA ESPECIALIDAD EN CIENCIAS SOCIALES,
290,5011100007,LICENCIATURA EN PEDAGOGÍA ESPECIALIDAD EN ESPAÑOL,
291,5011100008,LICENCIATURA EN PEDAGOGÍA ESPECIALIDAD EN INGLÉS,
292,5011100009,LICENCIATURA EN PEDAGOGÍA INFANTIL,
293,5011100010,LICENCIATURA EN PEDAGOGÍA MUSICAL,
294,5011100011,LICENCIATURA EN PEDAGOGÍA Y DESARROLLO HUMANO,
295,5011300002,LICENCIATURA EN PSICOPEDAGOGÍA Y GESTIÓN,
296,5011200001,LICENCIATURA EN CIENCIAS Y DESARROLLO DE LA EDUCACIÓN,
297,5011200002,LICENCIATURA EN COMUNICACIÓN E INNOVACIÓN EDUCATIVA,
298,5011400001,LICENCIATURA EN COMUNICACIÓN EDUCATIVA,
299,5011200003,LICENCIATURA EN DESARROLLO E INNOVACIÓN EDUCATIVA,
300,5011200004,LICENCIATURA EN DESARROLLO EDUCATIVO,
301,5011200005,LICENCIATURA EN DESARROLLO EDUCATIVO INSTITUCIONAL,
302,5011200006,LICENCIATURA EN EDUCACIÓN CON ACENTUACIÓN EN PLANEACIÓN Y DESARROLLO EDUCATIVO,
303,5011000003,LICENCIATURA EN EDUCACIÓN Y DESARROLLO,
304,5011200007,LICENCIATURA EN GESTIÓN DE EDUCACIÓN Y CAPACITACIÓN,
305,5011200008,LICENCIATURA EN INNOVACIÓN EDUCATIVA,
306,5011200009,LICENCIATURA EN INNOVACIÓN Y ASESORAMIENTO EDUCATIVO,
307,5011200010,LICENCIATURA EN INNOVACIONES EDUCATIVAS,
308,5011100020,LICENCIATURA EN PROCESOS EDUCATIVOS,
309,5011300003,LICENCIATURA ASESOR PSICOPEDAGÓGICO,
310,5011300004,LICENCIATURA EN ASESORÍA PSICOPEDAGÓGICA,
311,5011300005,LICENCIATURA EN CIENCIAS DE LA EDUCACIÓN CON ACENTUACIÓN EN ORIENTACIÓN FAMILIAR,
312,5011300006,LICENCIATURA EN CIENCIAS DE LA EDUCACIÓN EN EL ÁREA DE PSICOLOGÍA EDUCATIVA,
313,5011300007,LICENCIATURA EN CIENCIAS DE LA EDUCACIÓN ESPECIALIDAD EN PSICOLOGÍA EDUCATIVA,
314,5011300008,LICENCIATURA EN EDUCACIÓN OPCIÓN TERMINAL PSICOPEDAGÓGICA,
315,5011300009,LICENCIATURA EN INTERVENCIÓN EDUCATIVA,
316,5011300010,LICENCIATURA EN INTERVENCIÓN EDUCATIVA (EDUCACIÓN INICIAL),
317,5011300011,LICENCIATURA EN INTERVENCIÓN EDUCATIVA E INFORMÁTICA,
318,5011300012,LICENCIATURA EN ORIENTACIÓN SOCIAL Y EDUCATIVA,
319,5011300013,LICENCIATURA EN PSICOPEDAGOGÍA,
320,5011300014,LICENCIATURA EN PSICOPEDAGOGÍA ASISTENCIAL,
321,5011300015,LICENCIATURA EN PSICOPEDAGOGÍA INFANTIL,
322,5011300016,LICENCIATURA EN PSICOPEDAGOGÍA Y DESARROLLO DEL POTENCIAL HUMANO,
323,5011400002,LICENCIATURA EN CIENCIAS DE LA EDUCACIÓN CON OPCIÓN EN TECNOLOGÍA EDUCATIVA,
324,5011400003,LICENCIATURA EN COMUNICACIÓN Y TECNOLOGÍA EDUCATIVA,
325,5011400004,LICENCIATURA EN TECNOLOGÍA EDUCATIVA,
326,5012000002,"LICENCIATURA EN DESARROLLO DOCENTE CON ESPECIALIDAD EN PSICOPEDAGOGÍA, ADMINISTRACIÓN Y GESTIÓN ESCOLAR",
327,5012000003,LICENCIATURA EN DOCENCIA,
328,5012100002,LICENCIATURA EN EDUCACIÓN PREESCOLAR,
329,5012100003,LICENCIATURA EN EDUCACIÓN PREESCOLAR EN EL MEDIO INDÍGENA,
330,5012100004,LICENCIATURA EN EDUCACIÓN PREESCOLAR INDÍGENA,
331,5012100005,LICENCIATURA EN EDUCACIÓN PREESCOLAR PARA EL MEDIO INDÍGENA,
332,5012100006,LICENCIATURA EN EDUCACIÓN PREESCOLAR PARA PROFESORES EN EJERCICIO,
333,5012300004,LICENCIATURA EN EDUCACIÓN BÁSICA,
334,5011100022,LICENCIATURA EN EDUCACIÓN INDÍGENA,
335,5012200001,LICENCIATURA EN EDUCACIÓN PREESCOLAR Y EDUCACIÓN PRIMARIA PARA EL MEDIO INDÍGENA,
336,5012200002,LICENCIATURA EN EDUCACIÓN PREESCOLAR Y PRIMARIA,
337,5012200003,LICENCIATURA EN EDUCACIÓN PREESCOLAR Y PRIMARIA EN EL MEDIO INDÍGENA,
338,5012200004,LICENCIATURA EN EDUCACIÓN PREESCOLAR Y PRIMARIA PARA EL MEDIO RURAL,
339,5012200005,LICENCIATURA EN EDUCACIÓN PREESCOLAR Y PRIMARIA PARA EL MEDIO RURAL E INDÍGENA,
340,5012200006,LICENCIATURA EN EDUCACIÓN PRIMARIA,
341,5012200007,LICENCIATURA EN EDUCACIÓN PRIMARIA EN EL MEDIO INDÍGENA,
342,5012200008,LICENCIATURA EN EDUCACIÓN PRIMARIA INDÍGENA,
343,5012200009,LICENCIATURA EN EDUCACIÓN PRIMARIA INTERCULTURAL BILINGÜE,
344,5012200010,LICENCIATURA EN EDUCACIÓN PRIMARIA PARA EL MEDIO INDÍGENA,
345,5012604010,LICENCIATURA EN EDUCACIÓN EN ÁREA DE CIENCIAS SOCIALES,
346,5012300007,LICENCIATURA EN EDUCACIÓN MEDIA ESPECIALIDAD EN MATEMÁTICAS,
347,5012300008,LICENCIATURA EN EDUCACIÓN SECUNDARIA,
348,5012300009,LICENCIATURA EN EDUCACIÓN SECUNDARIA CON ESPECIALIDAD EN BIOLOGÍA,
349,5012300010,LICENCIATURA EN EDUCACIÓN SECUNDARIA CON ESPECIALIDAD EN EDUCACIÓN TECNOLÓGICA,
350,5012300011,LICENCIATURA EN EDUCACIÓN SECUNDARIA CON ESPECIALIDAD EN ESPAÑOL,
351,5012300012,LICENCIATURA EN EDUCACIÓN SECUNDARIA CON ESPECIALIDAD EN FÍSICA,
352,5012300013,LICENCIATURA EN EDUCACIÓN SECUNDARIA CON ESPECIALIDAD EN FORMACIÓN CÍVICA Y ÉTICA,
353,5012300014,LICENCIATURA EN EDUCACIÓN SECUNDARIA CON ESPECIALIDAD EN GEOGRAFÍA,
354,5012300015,LICENCIATURA EN EDUCACIÓN SECUNDARIA CON ESPECIALIDAD EN HISTORIA,
355,5012300017,LICENCIATURA EN EDUCACIÓN SECUNDARIA CON ESPECIALIDAD EN LENGUA EXTRANJERA (INGLÉS),
356,5012300018,LICENCIATURA EN EDUCACIÓN SECUNDARIA CON ESPECIALIDAD EN LENGUA EXTRANJERA INGLÉS,
357,5012300019,LICENCIATURA EN EDUCACIÓN SECUNDARIA CON ESPECIALIDAD EN MATEMÁTICAS,
358,5012300020,LICENCIATURA EN EDUCACIÓN SECUNDARIA CON ESPECIALIDAD EN QUÍMICA,
359,5012300021,LICENCIATURA EN EDUCACIÓN SECUNDARIA CON ESPECIALIDAD EN TELESECUNDARIA,
360,5012604012,LICENCIATURA EN DOCENCIA DE LA LENGUA Y LA LITERATURA,
361,5012604013,LICENCIATURA EN DOCENCIA DE LA MATEMÁTICAS,
362,5012603004,LICENCIATURA EN EDUCACIÓN BILINGÜE,
363,5012603005,LICENCIATURA EN EDUCACIÓN EN LA ENSEÑANZA DE LENGUAS EXTRANJERAS,
364,5012400002,LICENCIATURA EN EDUCACIÓN MEDIA SUPERIOR,
365,5012400003,LICENCIATURA EN EDUCACIÓN MEDIA SUPERIOR INTERCULTURAL,
366,5012500012,LICENCIATURA EN EDUCACIÓN MEDIA Y SUPERIOR CON FORMACIÓN EN PSICOLOGÍA EDUCATIVA,
367,5012400004,LICENCIATURA EN ENSEÑANZA DE EDUCACIÓN MEDIA SUPERIOR,
368,5012604014,LICENCIATURA EN ENSEÑANZA DE LAS MATEMÁTICAS,
369,5012603006,LICENCIATURA EN ENSEÑANZA DE LENGUAS,
370,5012603007,LICENCIATURA EN ENSEÑANZA DE LENGUAS EXTRANJERAS,
371,5012603008,LICENCIATURA EN ENSEÑANZA DEL FRANCÉS,
372,5012603010,LICENCIATURA EN LA ENSEÑANZA DE LAS LENGUAS,
373,5012500013,LICENCIATURA EN CIENCIAS DE LA EDUCACIÓN SUPERIOR,
374,5012603011,LICENCIATURA EN DIDÁCTICA DEL FRANCÉS COMO LENGUA EXTRANJERA,
375,5012500014,LICENCIATURA EN DOCENCIA UNIVERSITARIA,
376,5012500015,LICENCIATURA EN EDUCACIÓN MEDIA Y SUPERIOR EN EL ÁREA DE CIENCIAS SOCIALES,
377,5012500016,LICENCIATURA EN EDUCACIÓN MEDIA Y SUPERIOR EN EL ÁREA DE FÍSICA Y MATEMÁTICAS,
378,5012500017,LICENCIATURA EN EDUCACIÓN MEDIA Y SUPERIOR EN EL ÁREA DE LENGUA Y LITERATURA,
379,5012500018,LICENCIATURA EN EDUCACIÓN MEDIA Y SUPERIOR EN EL ÁREA DE PSICOLOGÍA EDUCATIVA,
380,5012500019,LICENCIATURA EN EDUCACIÓN MEDIA Y SUPERIOR EN EL ÁREA DE QUÍMICA Y BIOLOGÍA,
381,5012500020,LICENCIATURA EN EDUCACIÓN SUPERIOR,
382,5012604017,LICENCIATURA EN ENSEÑANZA DE LA MATEMÁTICA Y LA INFORMÁTICA,
383,5012604018,LICENCIATURA EN ENSEÑANZA DE LAS CIENCIAS FÍSICO-MATEMÁTICAS,
384,5012604019,LICENCIATURA EN ENSEÑANZA DE LAS CIENCIAS QUIMICOBIOLÓGICAS,
385,5012604020,LICENCIATURA EN ENSEÑANZA DE LAS CIENCIAS SOCIALES,
386,5022300002,LICENCIATURA EN ESPAÑOL Y LITERATURA,
387,5012603013,LICENCIATURA EN IDIOMAS EN EL ÁREA DE DOCENCIA,
388,5012602001,LICENCIATURA EN CIENCIAS DE LA EDUCACIÓN ÁREA EDUCACIÓN ARTÍSTICA,
389,5012602002,LICENCIATURA EN DOCENCIA MUSICAL,
390,5012604021,LICENCIATURA EN DOCENCIA TECNOLÓGICA,
391,5012602003,LICENCIATURA EN EDUCACIÓN ARTÍSTICA,
392,5012602004,LICENCIATURA EN EDUCACIÓN ARTÍSTICA CON FORMACIÓN EN DANZA FOLKLÓRICA,
393,5012601001,LICENCIATURA EN EDUCACIÓN CON ACENTUACIÓN EN DEPORTES Y ARBITRAJE,
394,5012602005,LICENCIATURA EN EDUCACIÓN DANCÍSTICA CON ORIENTACIÓN EN DANZA CONTEMPORÁNEA,
395,5012602006,LICENCIATURA EN EDUCACIÓN DANCÍSTICA CON ORIENTACIÓN EN DANZA ESPAÑOLA,
396,5012602007,LICENCIATURA EN EDUCACIÓN DANCÍSTICA CON ORIENTACIÓN EN DANZA FOLKLÓRICA,
397,5012601002,LICENCIATURA EN EDUCACIÓN FÍSICA,
398,5012602008,LICENCIATURA EN EDUCACIÓN MUSICAL,
399,5012602009,LICENCIATURA EN EDUCACIÓN MUSICAL ESCOLAR,
400,5012602010,LICENCIATURA EN ENSEÑANZA DE LA DANZA CON ESPECIALIDAD EN CLÁSICO,
401,5012602011,LICENCIATURA EN ENSEÑANZA DE LA DANZA CON ESPECIALIDAD EN CONTEMPORÁNEO,
402,5012602012,LICENCIATURA EN ENSEÑANZA DE LA DANZA CON ESPECIALIDAD EN DANZA REGIONAL MEXICANA,
403,5012602013,LICENCIATURA EN MÚSICA ÁREA ENSEÑANZA MUSICAL,
404,5012602014,LICENCIATURA EN MÚSICA EN EL ÁREA DE PEDAGOGÍA ESPECIALIZADA,
405,5012602015,LICENCIATURA EN MÚSICA ESCOLAR,
406,5012602016,LICENCIATURA EN MÚSICA Y EDUCACIÓN MUSICAL,
407,5012602017,"LICENCIATURA MÚSICA, ÁREA ENSEÑANZA MUSICAL",
408,5021000001,LICENCIATURA EN ARTE,
409,5021000002,LICENCIATURA EN ARTES,
410,5021000003,TRONCO COMÚN EN ARTES,
411,5021000004,LICENCIATURA EN ARTE Y PATRIMONIO CULTURAL,
412,5021100001,LICENCIATURA EN ARTES OPCIÓN ARTES PLÁSTICAS,
413,5021100002,LICENCIATURA EN ARTES PLÁSTICAS,
414,5021100003,LICENCIATURA EN ARTES PLÁSTICAS Y VISUALES,
415,5021100004,LICENCIATURA EN ARTES VISUALES,
416,5021100006,LICENCIATURA EN ARTES VISUALES Y MEDIÁTICAS,
417,5021000005,LICENCIATURA EN CIENCIAS DEL ARTE Y GESTIÓN CULTURAL,
418,5021100007,LICENCIATURA EN CONSERVACIÓN Y RESTAURACIÓN DE BIENES CULTURALES MUEBLES,
419,5021100008,LICENCIATURA EN CULTURA DE LAS ARTES,
420,5021000006,LICENCIATURA EN CULTURA Y ARTE,
421,5021100009,LICENCIATURA EN DISEÑO Y ARTES PLÁSTICAS,
422,5021100010,LICENCIATURA EN ESTUDIOS Y GESTIÓN DE LA CULTURA,
423,5021100011,LICENCIATURA EN EXPRESIÓN ARTÍSTICA,
424,5021000007,LICENCIATURA EN GESTIÓN CULTURAL,
425,5021000008,LICENCIATURA EN GESTIÓN Y DESARROLLO DE LAS ARTES,
426,5021000009,LICENCIATURA EN GESTIÓN Y PROMOCIÓN DE LAS ARTES,
427,5021000010,LICENCIATURA EN HISTORIA DEL ARTE,
428,5021100012,LICENCIATURA EN PROMOTOR CULTURAL EN EDUCACIÓN ARTÍSTICA,
429,5021100013,LICENCIATURA EN RESTAURACIÓN,
430,5021200002,LICENCIATURA EN ACTUACIÓN,
431,5021200003,"LICENCIATURA EN ACTUACIÓN EN TEATRO, CINE Y TELEVISIÓN",
432,5021300001,LICENCIATURA EN ARPA,
433,5021200004,LICENCIATURA EN ARTE DRAMÁTICO,
434,5021200005,LICENCIATURA EN ARTE TEATRAL,
435,5021200006,LICENCIATURA EN ARTES ESCÉNICAS,
436,5021200009,LICENCIATURA EN ARTES ESCÉNICAS Y AUDIOVISUALES,
437,5021300002,LICENCIATURA EN ARTES MUSICALES,
438,5021200011,LICENCIATURA EN ARTES OPCIÓN DANZA,
439,5021300003,LICENCIATURA EN ARTES OPCIÓN MÚSICA,
440,5021200012,LICENCIATURA EN ARTES OPCIÓN TEATRO,
441,5021200013,LICENCIATURA EN ARTES TEATRALES,
442,5021200014,LICENCIATURA EN ARTÍSTICA CON ACENTUACIÓN EN DANZA,
443,5021300004,LICENCIATURA EN CANTO,
444,5021300005,LICENCIATURA EN CLARINETE,
445,5021300006,LICENCIATURA EN CLAVECÍN,
446,5021300007,LICENCIATURA EN COMPOSICIÓN,
447,5021300008,LICENCIATURA EN COMPOSICIÓN EN MÚSICA POPULAR CONTEMPORÁNEA,
448,5021300009,LICENCIATURA EN COMPOSICIÓN MUSICAL,
449,5021300010,LICENCIATURA EN CONCERTISTA DE ARPA,
450,5021300011,LICENCIATURA EN CONCERTISTA DE CANTO,
451,5021300012,LICENCIATURA EN CONCERTISTA DE CLARINETE,
452,5021300013,LICENCIATURA EN CONCERTISTA DE CONTRABAJO,
453,5021300014,LICENCIATURA EN CONCERTISTA DE CORNO FRANCÉS,
454,5021300015,LICENCIATURA EN CONCERTISTA DE DIRECCIÓN DE ORQUESTA,
455,5021300016,LICENCIATURA EN CONCERTISTA DE FAGOT,
456,5021300017,LICENCIATURA EN CONCERTISTA DE FLAUTA,
457,5021300018,LICENCIATURA EN CONCERTISTA DE GUITARRA,
458,5021300019,LICENCIATURA EN CONCERTISTA DE OBOE,
459,5021300020,LICENCIATURA EN CONCERTISTA DE PERCUSIONES,
460,5021300021,LICENCIATURA EN CONCERTISTA DE PIANO,
461,5021300022,LICENCIATURA EN CONCERTISTA DE SAXOFÓN,
462,5021300023,LICENCIATURA EN CONCERTISTA DE TROMBÓN,
463,5021300024,LICENCIATURA EN CONCERTISTA DE TROMPETA,
464,5021300025,LICENCIATURA EN CONCERTISTA DE TUBA,
465,5021300026,LICENCIATURA EN CONCERTISTA DE VIOLA,
466,5021300027,LICENCIATURA EN CONCERTISTA DE VIOLÍN,
467,5021300028,LICENCIATURA EN CONCERTISTA DE VIOLONCELLO,
468,5021300029,LICENCIATURA EN CONTRABAJO,
469,5021200015,LICENCIATURA EN COREOGRAFÍA,
470,5021300030,LICENCIATURA EN CORNO,
471,5021300031,LICENCIATURA EN CORNO FRANCÉS,
472,5021200016,LICENCIATURA EN DANZA,
473,5021200017,LICENCIATURA EN DANZA CLÁSICA,
474,5021200018,LICENCIATURA EN DANZA CLÁSICA (PLAN ESPECIAL PARA VARONES),
475,5012602024,LICENCIATURA EN DANZA CLÁSICA CON LÍNEA DE TRABAJO DE DOCENCIA,
476,5021200019,LICENCIATURA EN DANZA CLÁSICA EN LA MODALIDAD DE INTERPRETE,
477,5021200020,LICENCIATURA EN DANZA CONTEMPORÁNEA,
478,5021200021,LICENCIATURA EN DANZA CONTEMPORÁNEA EN LA MODALIDAD DE INTERPRETE,
479,5021200022,LICENCIATURA EN DANZA ESCÉNICA,
480,5021200023,LICENCIATURA EN DANZA FOLKLÓRICA,
481,5021200024,LICENCIATURA EN DANZA FOLKLÓRICA MEXICANA,
482,5021200025,LICENCIATURA EN DANZA MODERNA Y CLÁSICA,
483,5021200026,LICENCIATURA EN DANZA POPULAR MEXICANA,
484,5021200027,LICENCIATURA EN DANZA REGIONAL,
485,5021200028,LICENCIATURA EN DANZA REGIONAL MEXICANA,
486,5021100019,LICENCIATURA EN DIRECCIÓN,
487,5021300032,LICENCIATURA EN DIRECCIÓN CORAL,
488,5012602025,LICENCIATURA EN DOCENCIA DE LA DANZA CLÁSICA,
489,5012602026,LICENCIATURA EN DOCENCIA DE LA DANZA CLÁSICA FOLKLÓRICA MEXICANA,
490,5021300033,LICENCIATURA EN EJECUCIÓN DE CLARINETE,
491,5021300034,LICENCIATURA EN EJECUCIÓN DE CONTRABAJO,
492,5021300035,LICENCIATURA EN EJECUCIÓN DE FLAUTA,
493,5021300036,LICENCIATURA EN EJECUCIÓN DE GUITARRA,
494,5021300037,LICENCIATURA EN EJECUCIÓN DE INSTRUMENTOS ORQUESTALES,
495,5021300038,LICENCIATURA EN EJECUCIÓN DE PERCUSIONES,
496,5021300039,LICENCIATURA EN EJECUCIÓN DE PIANO,
497,5021300040,LICENCIATURA EN EJECUCIÓN DE TROMBÓN,
498,5021300041,LICENCIATURA EN EJECUCIÓN DE TROMPETA,
499,5021300042,LICENCIATURA EN EJECUCIÓN DE VIOLA,
500,5021300043,LICENCIATURA EN EJECUCIÓN DE VIOLÍN,
501,5021300044,LICENCIATURA EN EJECUCIÓN DE VIOLONCELLO,
502,5021300045,LICENCIATURA EN EJECUCIÓN EN MÚSICA POPULAR CONTEMPORÁNEA,
503,5021200029,LICENCIATURA EN ESCENOGRAFÍA,
504,5021300046,LICENCIATURA EN ETNOCOREOLOGÍA,
505,5021300047,LICENCIATURA EN ETNOMUSICOLOGÍA,
506,5021300048,LICENCIATURA EN FAGOT,
507,5021300049,LICENCIATURA EN FLAUTA,
508,5021300050,LICENCIATURA EN FLAUTA TRANSVERSAL,
509,5021300051,LICENCIATURA EN GUITARRA,
510,5021300052,LICENCIATURA EN INSTRUMENTISTA MUSICAL,
511,5021300053,LICENCIATURA EN INSTRUMENTO,
512,5021300054,LICENCIATURA EN JAZZ,
513,5021300055,LICENCIATURA EN JAZZ CON ESPECIALIDAD EN CANTO Y SCAT,
514,5021300056,LICENCIATURA EN JAZZ CON ESPECIALIDAD EN CONTRABAJO,
515,5021300057,LICENCIATURA EN JAZZ CON ESPECIALIDAD EN FLAUTA,
516,5021300058,LICENCIATURA EN JAZZ CON ESPECIALIDAD EN GUITARRA,
517,5021300059,LICENCIATURA EN JAZZ CON ESPECIALIDAD EN PERCUSIONES,
518,5021300060,LICENCIATURA EN JAZZ CON ESPECIALIDAD EN PIANO,
519,5021300061,LICENCIATURA EN JAZZ CON ESPECIALIDAD EN SAXOFÓN,
520,5021300062,LICENCIATURA EN JAZZ CON ESPECIALIDAD EN VIOLÍN,
521,5021300063,LICENCIATURA EN MÚSICA,
522,5021300064,LICENCIATURA EN MÚSICA CANTANTE,
523,5021300065,LICENCIATURA EN MÚSICA CON ACENTUACIÓN EN CANTO,
524,5021300066,LICENCIATURA EN MÚSICA CON ACENTUACIÓN EN GUITARRA,
525,5021300067,LICENCIATURA EN MÚSICA CON ACENTUACIÓN EN PERCUSIONES,
526,5021300068,LICENCIATURA EN MÚSICA CON ACENTUACIÓN EN PIANO,
527,5021300069,LICENCIATURA EN MÚSICA CON ESPECIALIDAD EN INSTRUMENTOS,
528,5021300074,LICENCIATURA EN MÚSICA E INSTRUMENTISTA,
529,5021300075,LICENCIATURA EN MÚSICA EN EL ÁREA DE COMPOSICIÓN,
530,5021300076,LICENCIATURA EN MÚSICA EN EL ÁREA DE EJECUCIÓN INSTRUMENTAL,
531,5021300077,LICENCIATURA EN MÚSICA FLAUTISTA,
532,5021300078,LICENCIATURA EN MÚSICA GUITARRISTA,
533,5021300079,LICENCIATURA EN MÚSICA PIANISTA,
534,5021300080,LICENCIATURA EN MÚSICA POPULAR,
535,5021300081,LICENCIATURA EN MÚSICA TROMPETISTA,
536,5021300082,LICENCIATURA EN MÚSICA VIOLINISTA,
537,5021300083,LICENCIATURA EN MÚSICA Y CANTANTE,
538,5021300084,LICENCIATURA EN MÚSICA Y COMPOSICIÓN,
539,5021300085,LICENCIATURA EN MÚSICA Y DIRECTOR DE COROS,
540,5021300086,LICENCIATURA EN MÚSICO INSTRUMENTISTA CON OPCIÓN EN CLARINETE,
541,5021300087,LICENCIATURA EN MÚSICO INSTRUMENTISTA CON OPCIÓN EN CONTRABAJO,
542,5021300088,LICENCIATURA EN MÚSICO INSTRUMENTISTA CON OPCIÓN EN FLAUTA TRANSVERSAL,
543,5021300089,LICENCIATURA EN MÚSICO INSTRUMENTISTA CON OPCIÓN EN GUITARRA,
544,5021300090,LICENCIATURA EN MÚSICO INSTRUMENTISTA CON OPCIÓN EN PIANO,
545,5021300091,LICENCIATURA EN MÚSICO INSTRUMENTISTA CON OPCIÓN EN VIOLÍN,
546,5021300092,LICENCIATURA EN MÚSICO INSTRUMENTISTA CON OPCIÓN EN VIOLONCHELO,
547,5021300093,LICENCIATURA EN MUSICOLOGÍA,
548,5021300094,LICENCIATURA EN OBOE,
549,5021300095,LICENCIATURA EN ÓRGANO,
550,5021300096,LICENCIATURA EN PERCUSIONES,
551,5021300097,LICENCIATURA EN PIANO,
552,5021400002,LICENCIATURA EN PRODUCCIÓN Y PROGRAMACIÓN MUSICAL,
553,5021300098,LICENCIATURA EN SAXOFÓN,
554,5021300099,LICENCIATURA EN TEATRO,
555,5021300100,LICENCIATURA EN TROMBÓN,
556,5021300101,LICENCIATURA EN TROMPETA,
557,5021300102,LICENCIATURA EN TUBA,
558,5021300103,LICENCIATURA EN VIOLA,
559,5021300104,LICENCIATURA EN VIOLÍN,
560,5021300105,LICENCIATURA EN VIOLONCELLO,
561,5021300106,LICENCIATURA EN INSTRUMENTISTA,
562,5021300107,TRONCO COMÚN DE LA LICENCIATURA EN MÚSICA,
563,5021300108,TRONCO COMÚN EN MÚSICA,
564,5021500001,DISEÑO GRÁFICO,
565,5021500002,INGENIERÍA EN COMUNICACIÓN MULTIMEDIA,
566,5021500003,INGENIERÍA EN DISEÑO GRÁFICO DIGITAL,
567,5021400003,INGENIERÍA EN PRODUCCIÓN MULTIMEDIA,
568,5021400004,INGENIERÍA EN TECNOLOGÍA INTERACTIVA Y DE ANIMACIÓN DIGITAL,
569,5021400006,LICENCIATURA EN ANIMACIÓN,
570,5021500004,LICENCIATURA EN ANIMACIÓN DIGITAL,
571,5021400007,LICENCIATURA EN ANIMACIÓN Y ARTE DIGITAL,
572,5021500005,LICENCIATURA EN ANIMACIÓN Y DISEÑO,
573,5021400008,LICENCIATURA EN ANIMACIÓN Y MEDIOS DIGITALES,
574,5021400009,"LICENCIATURA EN ANIMACIÓN, ARTE DIGITAL Y MULTIMEDIA",
575,5021500006,"LICENCIATURA EN ANIMACIÓN, DISEÑO Y ARTE DIGITAL",
576,5021400010,LICENCIATURA EN ARTE CINEMATOGRÁFICO,
577,5021400011,LICENCIATURA EN ARTE DIGITAL Y NEGOCIOS MULTIMEDIA,
578,5021400012,LICENCIATURA EN ARTES AUDIOVISUALES,
579,5021400013,LICENCIATURA EN ARTES DIGITALES,
580,5021100021,LICENCIATURA EN ARTES VISUALES OPCIÓN ESTAMPA,
581,5021400014,LICENCIATURA EN CINE DIGITAL,
582,5021400015,LICENCIATURA EN CINE Y PRODUCCIÓN AUDIOVISUAL,
583,5021400016,LICENCIATURA EN CINE Y TELEVISIÓN,
584,5021400017,LICENCIATURA EN CINEMATOGRAFÍA,
585,5021500007,LICENCIATURA EN COMUNICACIÓN GRÁFICA Y PUBLICIDAD,
586,5021500008,LICENCIATURA EN COMUNICACIÓN AUDIO VISUAL,
587,5021500009,LICENCIATURA EN COMUNICACIÓN GRÁFICA,
588,5021500010,LICENCIATURA EN COMUNICACIÓN GRÁFICA PUBLICITARIA,
589,5021500011,LICENCIATURA EN COMUNICACIÓN GRÁFICA Y ESTRATEGIA DE MEDIOS,
590,5021500012,LICENCIATURA EN COMUNICACIÓN MULTIMEDIA,
591,5021500013,LICENCIATURA EN COMUNICACIÓN VISUAL,
592,5021500014,LICENCIATURA EN COMUNICACIÓN Y DISEÑO GRÁFICO,
593,5021500015,LICENCIATURA EN COMUNICACIÓN Y MULTIMEDIA,
594,5021500016,LICENCIATURA EN DISEÑO ARTÍSTICO Y PUBLICITARIO,
595,5021500017,LICENCIATURA EN DISEÑO CON ACENTUACIÓN EN DISEÑO GRÁFICO,
596,5021500018,LICENCIATURA EN DISEÑO DE ANIMACIÓN,
597,5021500019,LICENCIATURA EN DISEÑO DE INFORMACIÓN,
598,5021500020,LICENCIATURA EN DISEÑO DE INFORMACIÓN VISUAL,
599,5021500021,LICENCIATURA EN DISEÑO DE INTERACCIÓN Y ANIMACIÓN DIGITAL,
600,5021500022,LICENCIATURA EN DISEÑO DE LA COMUNICACIÓN GRÁFICA,
601,5021500023,LICENCIATURA EN DISEÑO DE LA COMUNICACIÓN VISUAL,
602,5021500024,LICENCIATURA EN DISEÑO DIGITAL,
603,5021500025,LICENCIATURA EN DISEÑO DIGITAL INTERACTIVO,
604,5021500026,LICENCIATURA EN DISEÑO EDITORIAL,
605,5021500027,LICENCIATURA EN DISEÑO ESTRATÉGICO Y NUEVOS MEDIOS,
606,5021500028,LICENCIATURA EN DISEÑO GRÁFICO,
607,5021500029,LICENCIATURA EN DISEÑO GRÁFICO DIGITAL,
608,5021000013,LICENCIATURA EN DISEÑO GRÁFICO E INDUSTRIAL,
609,5021500030,LICENCIATURA EN DISEÑO GRÁFICO ELECTRÓNICO,
610,5021500031,LICENCIATURA EN DISEÑO GRÁFICO EMPRESARIAL,
611,5021500032,LICENCIATURA EN DISEÑO GRÁFICO EN MEDIOS DIGITALES,
612,5021500033,LICENCIATURA EN DISEÑO GRÁFICO MULTIMEDIA,
613,5021500034,LICENCIATURA EN DISEÑO GRÁFICO PUBLICITARIO,
614,5021500035,LICENCIATURA EN DISEÑO GRÁFICO Y ANIMACIÓN,
615,5021500036,LICENCIATURA EN DISEÑO GRÁFICO Y COMUNICACIÓN ARTÍSTICA,
616,5021500037,LICENCIATURA EN DISEÑO GRÁFICO Y MULTIMEDIA,
617,5021500038,LICENCIATURA EN DISEÑO GRÁFICO Y NUEVOS MEDIOS,
618,5021500039,LICENCIATURA EN DISEÑO GRÁFICO Y PUBLICIDAD,
619,5021500040,LICENCIATURA EN DISEÑO GRÁFICO Y PUBLICITARIO,
620,5021500041,LICENCIATURA EN DISEÑO GRÁFICO Y VISUAL,
621,5021500042,"LICENCIATURA EN DISEÑO GRÁFICO, ARTE Y MEDIOS",
622,5021500043,LICENCIATURA EN DISEÑO MULTIMEDIA,
623,5021500044,LICENCIATURA EN DISEÑO PARA LA COMUNICACIÓN GRÁFICA,
624,5021500045,LICENCIATURA EN DISEÑO PUBLICITARIO,
625,5021500046,LICENCIATURA EN DISEÑO Y ANIMACIÓN DIGITAL,
626,5021500047,LICENCIATURA EN DISEÑO Y COMUNICACIÓN DIGITAL,
627,5021500048,LICENCIATURA EN DISEÑO Y COMUNICACIÓN GRÁFICA,
628,5021500049,LICENCIATURA EN DISEÑO Y COMUNICACIÓN VISUAL,
629,5021500050,LICENCIATURA EN DISEÑO Y CREATIVIDAD VISUAL,
630,5021500051,LICENCIATURA EN DISEÑO Y PRODUCCIÓN PUBLICITARIA,
631,5061300001,"LICENCIATURA EN DISEÑO, ANIMACIÓN Y WEB",
632,5021400018,LICENCIATURA EN ESTUDIOS CINEMATOGRÁFICOS,
633,5021400019,LICENCIATURA EN FOTOGRAFÍA,
634,5021400020,LICENCIATURA EN INGENIERÍA EN AUDIO,
635,5061300002,LICENCIATURA EN INGENIERÍA EN TECNOLOGÍA INTERACTIVA EN ANIMACIÓN DIGITAL,
636,5021500052,LICENCIATURA EN INGENIERÍA GRÁFICA,
637,5021400021,LICENCIATURA EN LENGUAJES AUDIOVISUALES,
638,5021400022,LICENCIATURA EN MEDIOS AUDIOVISUALES,
639,5021500053,LICENCIATURA EN MEDIOS INTERACTIVOS,
640,5021400023,LICENCIATURA EN MULTIMEDIA DIGITAL,
641,5021400024,LICENCIATURA EN MULTIMEDIA Y ANIMACIÓN DIGITAL,
642,5021400025,LICENCIATURA EN PRODUCCIÓN AUDIOVISUAL,
643,5021400026,LICENCIATURA EN PRODUCCIÓN TELEVISIVA,
644,5021400027,LICENCIATURA EN PRODUCCIÓN Y REALIZACIÓN AUDIOVISUAL,
645,5021400028,LICENCIATURA EN TELEVISIÓN,
646,5021600002,ARQUITECTO (DISEÑO DE INTERIORES),
647,5021500078,INGENIERÍA EN DISEÑO,
648,5021600003,INGENIERÍA EN DISEÑO TEXTIL Y MODA,
649,5021600004,LICENCIATURA EN ARQUITECTURA DE ESPACIOS INTERIORES,
650,5021600005,LICENCIATURA EN ARQUITECTURA DE INTERIORES,
651,5021600006,LICENCIATURA EN ARQUITECTURA DE INTERIORES Y AMBIENTACIÓN,
652,5021600007,LICENCIATURA EN ARQUITECTURA EN DISEÑO DE INTERIORES,
653,5021600008,LICENCIATURA EN ARQUITECTURA INTERIOR,
654,5021600009,LICENCIATURA EN COORDINACIÓN Y DISEÑO DE MODA,
655,5021600010,LICENCIATURA EN DECORACIÓN DE INTERIORES Y PAISAJISMO,
656,5021500079,LICENCIATURA EN DISEÑO,
657,5021600011,LICENCIATURA EN DISEÑO ARQUITECTÓNICO Y DE INTERIORES,
658,5021600012,LICENCIATURA EN DISEÑO ARQUITECTÓNICO Y DECORACIÓN DE INTERIORES,
659,5021600013,LICENCIATURA EN DISEÑO ARTESANAL,
660,5021600014,LICENCIATURA EN DISEÑO DE HÁBITAT,
661,5021600015,LICENCIATURA EN DISEÑO DE INDUMENTARIA,
662,5021600016,LICENCIATURA EN DISEÑO DE INTERIORES,
663,5021600017,LICENCIATURA EN DISEÑO DE INTERIORES Y AMBIENTACIÓN,
664,5021600018,LICENCIATURA EN DISEÑO DE INTERIORES Y PAISAJISMO,
665,5072200001,LICENCIATURA EN DISEÑO DE LA MODA E INDUSTRIA DEL VESTIDO,
666,5021600019,LICENCIATURA EN DISEÑO DE LA MODA INTERNACIONAL,
667,5021600020,LICENCIATURA EN DISEÑO DE MOBILIARIO Y PRODUCTO,
668,5021600021,LICENCIATURA EN DISEÑO DE MODA,
669,5021600022,LICENCIATURA EN DISEÑO DE MODA INTERNACIONAL Y MERCADOTECNIA,
670,5021600023,LICENCIATURA EN DISEÑO DE MODA Y CALZADO,
671,5021600024,LICENCIATURA EN DISEÑO DE MODAS,
672,5021600025,LICENCIATURA EN DISEÑO DE MODAS E INDUMENTARIA Y TEXTILES,
673,5072200002,LICENCIATURA EN DISEÑO DE MODAS E INDUSTRIA DEL VESTIDO,
674,5021600026,LICENCIATURA EN DISEÑO DE MODAS EMPRESARIAL,
675,5021600027,LICENCIATURA EN DISEÑO DE MODAS INDUSTRIAL,
676,5021600028,LICENCIATURA EN DISEÑO DE MODAS Y ALTA COSTURA,
677,5021600029,LICENCIATURA EN DISEÑO DE MODAS Y CALZADO,
678,5021600030,LICENCIATURA EN DISEÑO DE MODAS Y MERCADOTECNIA PUBLICITARIA,
679,5021600031,LICENCIATURA EN DISEÑO DE MODAS Y TEXTILES,
680,5021600032,LICENCIATURA EN DISEÑO DE PRODUCTOS,
681,5072200003,LICENCIATURA EN DISEÑO E INDUSTRIA DE LA MODA,
682,5072200004,LICENCIATURA EN DISEÑO E INDUSTRIA DEL VESTIDO,
683,5021600033,LICENCIATURA EN DISEÑO INTEGRAL,
684,5021500080,LICENCIATURA EN DISEÑO INTERACTIVO,
685,5021600034,LICENCIATURA EN DISEÑO INTERIOR,
686,5021600035,LICENCIATURA EN DISEÑO TEXTIL,
687,5021600036,LICENCIATURA EN DISEÑO TEXTIL Y CREACIÓN DE MODAS,
688,5072200005,LICENCIATURA EN DISEÑO TEXTIL Y MODAS,
689,5021600037,LICENCIATURA EN DISEÑO Y ARMONIZACIÓN DE LA MODA,
690,5021600038,LICENCIATURA EN DISEÑO Y ARQUITECTURA DE INTERIORES,
691,5021600039,LICENCIATURA EN DISEÑO Y DECORACIÓN DE INTERIORES,
692,5021600040,LICENCIATURA EN DISEÑO Y ESTILISMO DE MODA,
693,5021600041,LICENCIATURA EN DISEÑO Y MERCADOTECNIA DE LA MODA,
694,5021600042,LICENCIATURA EN DISEÑO Y MERCADOTECNIA DE MODAS,
695,5021600043,LICENCIATURA EN DISEÑO Y MERCADOTECNIA EN MODAS,
696,5021600044,LICENCIATURA EN DISEÑO Y PRODUCCIÓN DE MODA EN INDUMENTARIA,
697,5072200006,LICENCIATURA EN DISEÑO Y PRODUCCIÓN DEL VESTIDO,
698,5021600045,LICENCIATURA EN INTERIORISMO ARQUITECTÓNICO Y AMBIENTACIÓN,
699,5072200007,LICENCIATURA EN MODA E INDUSTRIA DEL VESTIDO,
700,5021600046,LICENCIATURA EN MODA Y CREACIÓN,
701,5021600047,LICENCIATURA EN PRODUCCIÓN Y DISEÑO DE MODAS,
702,5022000001,LICENCIATURA EN HUMANIDADES,
703,5022000002,LICENCIATURA EN HUMANIDADES Y CIENCIAS SOCIALES,
704,5022000003,TRONCO COMÚN EN HUMANIDADES,
705,5022100001,LICENCIATURA EN CIENCIAS DE LA RELIGIÓN,
706,5022100002,LICENCIATURA EN CIENCIAS RELIGIOSAS,
707,5022100003,LICENCIATURA EN CIENCIAS TEOLÓGICAS,
708,5022100004,LICENCIATURA EN FORMACIÓN CATEQUÉTICA,
709,5022100005,LICENCIATURA EN TEOLOGÍA,
710,5022200001,LICENCIATURA EN ENSEÑANZA DEL ESPAÑOL COMO SEGUNDA LENGUA,
711,5012603035,LICENCIATURA EN ENSEÑANZA Y GESTIÓN DEL INGLÉS,
712,5022200002,LICENCIATURA EN IDIOMA INGLÉS,
713,5022200003,LICENCIATURA EN IDIOMAS,
714,5022200004,LICENCIATURA EN IDIOMAS EN EL ÁREA DE TRADUCCIÓN,
715,5022200005,LICENCIATURA EN IDIOMAS EUROPEOS,
716,5022200006,LICENCIATURA EN INGLÉS,
717,5022200007,LICENCIATURA EN INTERPRETACIÓN,
718,5022200008,LICENCIATURA EN INTERPRETACIÓN Y TRADUCCIÓN,
719,5022200009,LICENCIATURA EN LENGUA EXTRANJERA,
720,5022200010,LICENCIATURA EN LENGUA FRANCESA,
721,5022200011,LICENCIATURA EN LENGUA INGLESA,
722,5022200012,LICENCIATURA EN LENGUA INGLESA CON ENFOQUES BICULTURAL Y TRADUCCIÓN,
723,5022200013,LICENCIATURA EN LENGUA Y CULTURA FRANCESA,
724,5022200014,LICENCIATURA EN LENGUAS,
725,5022200015,LICENCIATURA EN LENGUAS EXTRANJERAS,
726,5022200016,LICENCIATURA EN LENGUAS EXTRANJERAS EN LA ESPECIALIDAD DE CIENCIAS DIPLOMÁTICAS Y RELACIONES INTERNACIONALES,
727,5022200017,LICENCIATURA EN LENGUAS EXTRANJERAS EN LA ESPECIALIDAD DE TRADUCCIÓN E INTERPRETACIÓN,
728,5022200018,LICENCIATURA EN LENGUAS EXTRANJERAS INGLÉS,
729,5022200019,LICENCIATURA EN LENGUAS MODERNAS,
730,5022200020,LICENCIATURA EN LENGUAS MODERNAS APLICADAS,
731,5022200021,LICENCIATURA EN LENGUAS MODERNAS EN FRANCÉS,
732,5022200022,LICENCIATURA EN LENGUAS MODERNAS EN INGLÉS,
733,5022200023,LICENCIATURA EN TRADUCCIÓN,
734,5022200024,LICENCIATURA EN TRADUCCIÓN DE LENGUAS MODERNAS,
735,5012500021,LICENCIATURA EN CIENCIAS DE LA EDUCACIÓN ESPECIALIDAD EN LENGUA Y LITERATURA,
736,5022300003,LICENCIATURA EN CIENCIAS DEL LENGUAJE,
737,5022300004,LICENCIATURA EN CREACIÓN LITERARIA ÁREA NOVELA,
738,5012604028,LICENCIATURA EN ENSEÑANZA DE LA LENGUA Y LITERATURA ESPAÑOLAS,
739,5022300005,LICENCIATURA EN FILOLOGÍA Y LITERATURA,
740,5022300006,LICENCIATURA EN LENGUA Y CULTURA,
741,5022300007,LICENCIATURA EN LENGUA Y LITERATURA,
742,5022300008,LICENCIATURA EN LENGUA Y LITERATURA DE HISPANOAMÉRICA,
743,5022300009,LICENCIATURA EN LENGUA Y LITERATURA HISPÁNICAS,
744,5022300010,LICENCIATURA EN LENGUA Y LITERATURA HISPANOAMERICANA,
745,5022300011,LICENCIATURA EN LENGUA Y LITERATURA HISPANOAMERICANAS,
746,5022300012,LICENCIATURA EN LENGUA Y LITERATURAS MODERNAS (ALEMANAS),
747,5022300013,LICENCIATURA EN LENGUA Y LITERATURAS MODERNAS (FRANCESAS),
748,5022300014,LICENCIATURA EN LENGUA Y LITERATURAS MODERNAS (INGLESAS),
749,5022300015,LICENCIATURA EN LENGUA Y LITERATURAS MODERNAS (ITALIANAS),
750,5022300016,LICENCIATURA EN LENGUA Y LITERATURA MODERNAS,
751,5022300017,LICENCIATURA EN LENGUA Y LITERATURAS HISPANOAMERICANAS,
752,5022200033,LICENCIATURA EN LENGUAS MODERNAS EN ESPAÑOL,
753,5022300018,LICENCIATURA EN LENGUAS Y LITERATURA HISPANOAMERICANA,
754,5022300019,LICENCIATURA EN LETRAS,
755,5022300020,LICENCIATURA EN LETRAS CLÁSICAS,
756,5022300021,LICENCIATURA EN LETRAS ESPAÑOLAS,
757,5022300022,LICENCIATURA EN LETRAS HISPÁNICAS,
758,5022300023,LICENCIATURA EN LETRAS HISPANOAMERICANAS,
759,5022300024,LICENCIATURA EN LETRAS IBEROAMERICANAS,
760,5022300025,LICENCIATURA EN LETRAS INGLESAS,
761,5022300026,LICENCIATURA EN LETRAS LATINOAMERICANAS,
762,5022300027,LICENCIATURA EN LETRAS MEXICANAS,
763,5022400001,LICENCIATURA EN LINGÜÍSTICA,
764,5022400002,LICENCIATURA EN LINGÜÍSTICA APLICADA,
765,5022400003,LICENCIATURA EN LINGÜÍSTICA Y CULTURA MAYA,
766,5022400004,LICENCIATURA EN LINGÜÍSTICA Y LITERATURA HISPÁNICA,
767,5022300028,LICENCIATURA EN LITERATURA,
768,5022300029,LICENCIATURA EN LITERATURA DRAMÁTICA Y TEATRO,
769,5022300030,LICENCIATURA EN LITERATURA HISPANOAMERICANA,
770,5022300031,LICENCIATURA EN LITERATURA HISPANOMEXICANA,
771,5022300032,LICENCIATURA EN LITERATURA IBEROAMERICANA,
772,5022300033,LICENCIATURA EN LITERATURA LATINOAMERICANA,
773,5022300034,LICENCIATURA EN LITERATURA Y CREACIÓN LITERARIA,
774,5022500003,LICENCIATURA EN ARQUEOLOGÍA,
775,5022500004,LICENCIATURA EN CIENCIAS HISTÓRICAS,
776,5022500005,LICENCIATURA EN ESTUDIOS INTERNACIONALES,
777,5022500006,LICENCIATURA EN ESTUDIOS LATINOAMERICANOS,
778,5022500007,LICENCIATURA EN ESTUDIOS MEXICANOS,
779,5022500008,LICENCIATURA EN HISTORIA,
780,5022500009,LICENCIATURA EN HISTORIA DE MÉXICO,
781,5022500010,LICENCIATURA EN HISTORIA Y ESTUDIOS DE HUMANIDADES,
782,5022500011,LICENCIATURA EN HISTORIA Y SOCIEDAD CONTEMPORÁNEA,
783,5022000005,LICENCIATURA EN CIENCIAS HUMANAS,
784,5022600002,LICENCIATURA EN FILOSOFÍA,
785,5022600003,LICENCIATURA EN FILOSOFÍA E HISTORIA DE LAS IDEAS,
786,5022600004,LICENCIATURA EN FILOSOFÍA Y CIENCIAS SOCIALES,
787,5022600005,LICENCIATURA EN FILOSOFÍA Y HUMANIDADES,
788,5022600006,LICENCIATURA EN FILOSOFÍA Y LETRAS,
789,5022600007,LICENCIATURA EN HUMANIDADES Y FILOSOFÍA,
790,5031000001,LICENCIATURA EN CIENCIAS SOCIALES,
791,5042100002,TRONCO COMÚN EN CIENCIAS SOCIALES Y ADMINISTRATIVAS,
792,5031400001,TRONCO COMÚN EN ECONOMÍA AGRÍCOLA,
793,5031100002,TRONCO COMÚN EN PSICOLOGÍA,
794,5011300021,LICENCIATURA EN CIENCIAS DE LA EDUCACIÓN ÁREA EN PSICOLOGÍA EDUCATIVA,
795,5031100003,LICENCIATURA EN CIENCIAS DE LA EDUCACIÓN CON ACENTUACIÓN EN PSICOLOGÍA GENERAL,
796,5031100004,LICENCIATURA EN CIENCIAS DE LA EDUCACIÓN CON ACENTUACIÓN EN PSICOLOGÍA LABORAL,
797,5031100005,LICENCIATURA EN CIENCIAS DE LA EDUCACIÓN PSICOLOGÍA CLÍNICA,
798,5031500002,LICENCIATURA EN CONSEJERÍA,
799,5031100006,LICENCIATURA EN NEUROLINGÜÍSTICA,
800,5031500003,LICENCIATURA EN ORIENTACIÓN FAMILIAR,
801,5031100007,LICENCIATURA EN PSICOLOGÍA,
802,5031100008,LICENCIATURA EN PSICOLOGÍA (EJECUTIVA),
803,5031100009,LICENCIATURA EN PSICOLOGÍA ÁREA SOCIAL,
804,5031100010,LICENCIATURA EN PSICOLOGÍA CLÍNICA,
805,5031100011,LICENCIATURA EN PSICOLOGÍA CON ACENTUACIÓN EN EL ÁREA CLÍNICA,
806,5031100012,LICENCIATURA EN PSICOLOGÍA CON ACENTUACIÓN EN EL ÁREA EDUCATIVA,
807,5031100013,LICENCIATURA EN PSICOLOGÍA CON ACENTUACIÓN EN PSICOLOGÍA GENERAL,
808,5031100014,LICENCIATURA EN PSICOLOGÍA CON ACENTUACIÓN EN PSICOLOGÍA INFANTIL,
809,5031100015,LICENCIATURA EN PSICOLOGÍA CON ACENTUACIÓN EN PSICOLOGÍA LABORAL,
810,5031100016,LICENCIATURA EN PSICOLOGÍA CON ENFOQUE EDUCATIVO,
811,5031100017,LICENCIATURA EN PSICOLOGÍA DE LA ADOLESCENCIA,
812,5031100018,LICENCIATURA EN PSICOLOGÍA DEL TRABAJO,
813,5031100019,LICENCIATURA EN PSICOLOGÍA EDUCATIVA,
814,5031100020,LICENCIATURA EN PSICOLOGÍA EMPRESARIAL,
815,5031100021,LICENCIATURA EN PSICOLOGÍA FAMILIAR,
816,5031100022,LICENCIATURA EN PSICOLOGÍA GENERAL,
817,5031100023,LICENCIATURA EN PSICOLOGÍA HUMANISTA,
818,5031100024,LICENCIATURA EN PSICOLOGÍA HUMANISTA CON ACENTUACIÓN EN EVALUACIÓN Y PSICOTERAPIA,
819,5031100025,LICENCIATURA EN PSICOLOGÍA HUMANÍSTICA,
820,5031100026,LICENCIATURA EN PSICOLOGÍA INDUSTRIAL,
821,5031100027,LICENCIATURA EN PSICOLOGÍA INFANTIL,
822,5031100028,LICENCIATURA EN PSICOLOGÍA LABORAL,
823,5031100029,LICENCIATURA EN PSICOLOGÍA ORGANIZACIONAL,
824,5031100030,LICENCIATURA EN PSICOLOGÍA ORGANIZACIONAL Y SOCIAL,
825,5031100031,LICENCIATURA EN PSICOLOGÍA SOCIAL,
826,5031100032,LICENCIATURA EN PSICOLOGÍA Y COMUNICACIÓN SOCIAL,
827,5031100033,LICENCIATURA EN TEORÍA PSICOANALÍTICA,
828,5031100034,LICENCIATURA EN PSICOLOGÍA EN SISTEMA DE EDUCACIÓN BÁSICA Y A DISTANCIA,
829,5031200002,INGENIERÍA EN DESARROLLO COMUNITARIO,
830,5031200003,INGENIERÍA EN DESARROLLO TERRITORIAL,
831,5031200004,LICENCIATURA EN ANTROPOLOGÍA,
832,5031200005,LICENCIATURA EN ANTROPOLOGÍA (ARQUEOLOGÍA),
833,5031200006,LICENCIATURA EN ANTROPOLOGÍA (ETNOHISTORIA),
834,5031200007,LICENCIATURA EN ANTROPOLOGÍA (ETNOLOGÍA),
835,5031200008,LICENCIATURA EN ANTROPOLOGÍA CULTURAL,
836,5031200009,LICENCIATURA EN ANTROPOLOGÍA ESPECIALIDAD ARQUEOLOGÍA,
837,5031200010,LICENCIATURA EN ANTROPOLOGÍA FÍSICA,
838,5031200011,LICENCIATURA EN ANTROPOLOGÍA HISTÓRICA,
839,5031200012,LICENCIATURA EN ANTROPOLOGÍA LINGÜÍSTICA,
840,5031200013,LICENCIATURA EN ANTROPOLOGÍA SOCIAL,
841,5031200014,LICENCIATURA EN CIENCIA ANTROPOLÓGICAS,
842,5031200015,LICENCIATURA EN CIENCIAS ANTROPOLÓGICAS,
843,5031200016,LICENCIATURA EN CIENCIAS SOCIALES Y DESARROLLO REGIONAL,
844,5031200017,LICENCIATURA EN CIENCIAS SOCIALES Y SOCIOLOGÍA RURAL,
845,5032100003,LICENCIATURA EN COMUNICACIÓN PARA EL DESARROLLO SOCIAL,
846,5031200018,LICENCIATURA EN DESARROLLO,
847,5031200019,LICENCIATURA EN DESARROLLO COMUNITARIO,
848,5031200020,LICENCIATURA EN DESARROLLO CULTURAL,
849,5031000003,LICENCIATURA EN DESARROLLO HUMANO,
850,5031000004,LICENCIATURA EN DESARROLLO HUMANO DIFERENCIAL,
851,5031200021,LICENCIATURA EN DESARROLLO REGIONAL,
852,5031200022,LICENCIATURA EN DESARROLLO REGIONAL Y ADMINISTRACIÓN DE LOS RECURSOS NATURALES,
853,5031200023,LICENCIATURA EN DESARROLLO SOCIAL Y FAMILIAR,
854,5011100023,LICENCIATURA EN EDUCACIÓN Y DESARROLLO HUMANO,
855,5022000006,LICENCIATURA EN ESTUDIOS HUMANÍSTICOS,
856,5022000007,LICENCIATURA EN ESTUDIOS HUMANÍSTICOS Y SOCIALES,
857,5031200024,LICENCIATURA EN ESTUDIOS MULTICULTURALES,
858,5031200025,LICENCIATURA EN GEOGRAFÍA HUMANA,
859,5031200026,LICENCIATURA EN GESTIÓN INTERCULTURAL PARA EL DESARROLLO,
860,5031200027,LICENCIATURA EN GESTIÓN Y AUTODESARROLLO INDÍGENA,
861,5042100004,LICENCIATURA EN GESTIÓN Y DESARROLLO DE EMPRESAS SOCIALES,
862,5031200028,LICENCIATURA EN PLANEACIÓN DE DESARROLLO RURAL,
863,5073100002,LICENCIATURA EN PLANEACIÓN TERRITORIAL,
864,5031200029,LICENCIATURA EN RELACIONES HUMANAS,
865,5031200030,LICENCIATURA EN RELACIONES MULTICULTURALES,
866,5031200031,LICENCIATURA EN SOCIOLOGÍA,
867,5031200032,LICENCIATURA EN SOCIOLOGÍA DE LA EDUCACIÓN,
868,5031200033,LICENCIATURA EN SOCIOLOGÍA EDUCATIVA,
869,5031200034,LICENCIATURA EN SOCIOLOGÍA POLÍTICA,
870,5031200035,LICENCIATURA EN SOCIOLOGÍA RURAL,
871,5031500004,LICENCIATURA EN TRABAJO SOCIAL Y DESARROLLO HUMANO,
872,5031300002,LICENCIATURA EN CIENCIA POLÍTICA,
873,5031300003,LICENCIATURA EN CIENCIAS POLÍTICAS,
874,5031300004,LICENCIATURA EN CIENCIAS POLÍTICAS CON ACENTUACIÓN EN ADMINISTRACIÓN PÚBLICA,
875,5031300005,LICENCIATURA EN CIENCIAS POLÍTICAS CON ACENTUACIÓN EN RELACIONES INTERNACIONALES,
876,5031300006,LICENCIATURA EN CIENCIAS POLÍTICAS Y ADMINISTRACIÓN PÚBLICA,
877,5031300007,LICENCIATURA EN CIENCIAS POLÍTICAS Y GESTIÓN PÚBLICA,
878,5031300008,LICENCIATURA EN CIENCIAS POLÍTICAS Y RELACIONES INTERNACIONALES,
879,5031300009,LICENCIATURA EN CIENCIAS SOCIALES Y ESTUDIOS POLÍTICOS,
880,5041100002,LICENCIATURA EN DIPLOMACIA Y NEGOCIOS INTERNACIONALES,
881,5031300010,LICENCIATURA EN ESTUDIOS POLÍTICOS Y GOBIERNO,
882,5031200045,LICENCIATURA EN ESTUDIOS SOCIOTERRITORIALES,
883,5042300002,LICENCIATURA EN GESTIÓN COMUNITARIA Y GOBIERNOS LOCALES,
884,5042300003,LICENCIATURA EN GESTIÓN MUNICIPAL,
885,5031300011,LICENCIATURA EN GOBERNABILIDAD Y NUEVA CIUDADANÍA,
886,5042300004,LICENCIATURA EN POLÍTICA Y GESTIÓN PÚBLICA,
887,5031300012,LICENCIATURA EN POLÍTICA Y GESTIÓN SOCIAL,
888,5031300013,LICENCIATURA EN POLÍTICAS PÚBLICAS,
889,5031300014,LICENCIATURA EN RELACIONES INTERNACIONALES,
890,5031300015,LICENCIATURA EN RELACIONES INTERNACIONALES MODALIDAD INTERNACIONAL,
891,5031300016,LICENCIATURA EN RELACIONES INTERNACIONALES Y COMERCIO EXTERIOR,
892,5081100001,INGENIERÍA AGRÓNOMO ESPECIALISTA EN ECONOMÍA AGRÍCOLA,
893,5031400002,LICENCIATURA EN DESARROLLO ECONÓMICO REGIONAL,
894,5031400003,LICENCIATURA EN ECONOMÍA,
895,5031400004,LICENCIATURA EN ECONOMÍA AGRÍCOLA,
896,5031400005,LICENCIATURA EN ECONOMÍA AGRÍCOLA Y AGRONEGOCIOS,
897,5031400006,LICENCIATURA EN ECONOMÍA EMPRESARIAL,
898,5031400007,LICENCIATURA EN ECONOMÍA FINANCIERA,
899,5031400008,LICENCIATURA EN ECONOMÍA INTERNACIONAL,
900,5031400009,LICENCIATURA EN ECONOMÍA POLÍTICA,
901,5031400010,LICENCIATURA EN ECONOMÍA Y ADMINISTRACIÓN EMPRESARIAL,
902,5031400011,LICENCIATURA EN ECONOMÍA Y CIENCIA POLÍTICA,
903,5031400012,LICENCIATURA EN ECONOMÍA Y FINANZAS,
904,5031400013,LICENCIATURA EN ECONOMÍA Y FINANZAS INTERNACIONALES,
905,5031400014,LICENCIATURA EN ECONOMÍA Y GESTIÓN DE NEGOCIOS,
906,5031400015,LICENCIATURA EN ECONOMÍA Y NEGOCIOS,
907,5031400016,LICENCIATURA EN ECONOMÍA Y NEGOCIOS INTERNACIONALES,
908,5041100003,LICENCIATURA EN EMPRENDIMIENTOS DE ECONOMÍAS SOLIDARIAS,
909,5031400017,LICENCIATURA EN INGENIERÍA ECONÓMICA Y COMERCIAL,
910,5031400018,LICENCIATURA EN RELACIONES ECONÓMICAS INTERNACIONALES,
911,5031500007,LICENCIATURA EN CIENCIAS DE LA FAMILIA,
912,5031500008,LICENCIATURA EN GERONTOLOGÍA,
913,5031500009,LICENCIATURA EN GESTIÓN Y TRABAJO SOCIAL,
914,5031500010,LICENCIATURA EN TRABAJO SOCIAL,
915,5031500011,LICENCIATURA NIVELACIÓN EN TRABAJO SOCIAL,
916,5032100004,LICENCIATURA EN CIENCIAS DE LA COMUNICACIÓN,
917,5032100005,LICENCIATURA EN CIENCIAS DE LA COMUNICACIÓN CON ACENTUACIÓN EN LAS ÁREAS DE PERIODISMO Y PUBLICIDAD,
918,5032100006,LICENCIATURA EN CIENCIAS DE LA COMUNICACIÓN CON ACENTUACIÓN EN PERIODISMO,
919,5032100007,LICENCIATURA EN CIENCIAS DE LA COMUNICACIÓN CON ACENTUACIÓN EN PUBLICIDAD,
920,5032100008,LICENCIATURA EN CIENCIAS DE LA COMUNICACIÓN CON ESPECIALIDAD EN COMUNICACIÓN Y DESARROLLO ORGANIZACIONAL,
921,5032100009,LICENCIATURA EN CIENCIAS DE LA COMUNICACIÓN CON ESPECIALIDAD EN PERIODISMO Y PUBLICIDAD,
922,5011400008,LICENCIATURA EN CIENCIAS DE LA COMUNICACIÓN EDUCATIVA,
923,5032100010,LICENCIATURA EN CIENCIAS DE LA COMUNICACIÓN EN RELACIONES PÚBLICAS E IMAGEN CORPORATIVA,
924,5032100012,LICENCIATURA EN CIENCIAS DE LA COMUNICACIÓN Y PERIODISMO,
925,5041200002,LICENCIATURA EN CIENCIAS DE LA COMUNICACIÓN Y PUBLICIDAD,
926,5032100013,LICENCIATURA EN CIENCIAS DE LA COMUNICACIÓN Y RELACIONES PÚBLICAS,
927,5032100014,LICENCIATURA EN CIENCIAS DE LA COMUNICACIÓN: PERIODISMO,
928,5032100015,LICENCIATURA EN CIENCIAS DE LA INFORMACIÓN Y LA COMUNICACIÓN,
929,5032100016,LICENCIATURA EN CIENCIAS Y TÉCNICAS DE LA COMUNICACIÓN,
930,5032100017,LICENCIATURA EN COMUNICACIÓN,
931,5032100018,LICENCIATURA EN COMUNICACIÓN COLECTIVA Y PERIODISMO,
932,5032100019,LICENCIATURA EN COMUNICACIÓN CORPORATIVA,
933,5032100020,LICENCIATURA EN COMUNICACIÓN E IMAGEN PÚBLICA,
934,5032100021,LICENCIATURA EN COMUNICACIÓN E INFORMACIÓN,
935,5032100022,LICENCIATURA EN COMUNICACIÓN EN CIENCIAS DE LA COMUNICACIÓN SOCIAL,
936,5032100023,LICENCIATURA EN COMUNICACIÓN HUMANA,
937,5032100024,LICENCIATURA EN COMUNICACIÓN INTERCULTURAL,
938,5032100025,LICENCIATURA EN COMUNICACIÓN INTERINSTITUCIONAL,
939,5032100026,LICENCIATURA EN COMUNICACIÓN ORGANIZACIONAL,
940,5032100027,LICENCIATURA EN COMUNICACIÓN PÚBLICA,
941,5041200003,LICENCIATURA EN COMUNICACIÓN PUBLICITARIA,
942,5032100028,LICENCIATURA EN COMUNICACIÓN SOCIAL,
943,5032100029,LICENCIATURA EN COMUNICACIÓN Y CULTURA,
944,5032100030,LICENCIATURA EN COMUNICACIÓN Y GESTIÓN DE LA CULTURA Y LAS ARTES,
945,5032100031,LICENCIATURA EN COMUNICACIÓN Y MEDIO,
946,5032100032,LICENCIATURA EN COMUNICACIÓN Y MEDIOS,
947,5021500092,LICENCIATURA EN COMUNICACIÓN Y MULTIMEDIOS,
948,5032100033,LICENCIATURA EN COMUNICACIÓN Y PERIODISMO,
949,5041200004,LICENCIATURA EN COMUNICACIÓN Y PUBLICIDAD,
950,5032100034,LICENCIATURA EN COMUNICACIÓN Y RELACIONES PÚBLICAS,
951,5032100035,LICENCIATURA EN COMUNICACIONES,
952,5032100036,LICENCIATURA EN MEDIOS DE LA INFORMACIÓN,
953,5032100037,LICENCIATURA EN MEDIOS MASIVOS DE COMUNICACIÓN,
954,5032100038,LICENCIATURA EN PERIODISMO,
955,5032100039,LICENCIATURA EN PERIODISMO EN MEDIOS IMPRESOS,
956,5032100040,LICENCIATURA EN PERIODISMO Y CIENCIAS DE LA COMUNICACIÓN,
957,5032100041,LICENCIATURA EN PERIODISMO Y COMUNICACIÓN,
958,5032100042,LICENCIATURA EN PERIODISMO Y COMUNICACIÓN COLECTIVA,
959,5032100043,LICENCIATURA EN PERIODISMO Y COMUNICACIÓN SOCIAL,
960,5032100044,LICENCIATURA EN PERIODISMO Y MEDIOS DE INFORMACIÓN,
961,5032100045,LICENCIATURA EN PERIODISMO Y PUBLICIDAD,
962,5021000014,LICENCIATURA EN TEORÍA Y CRITICA DEL ARTE,
963,5032100046,TRONCO COMÚN EN COMUNICACIÓN,
964,5032200001,LICENCIATURA EN ARCHIVOLOGÍA,
965,5032200002,LICENCIATURA EN ARCHIVONOMÍA,
966,5032200003,LICENCIATURA EN BIBLIOTECOLOGÍA,
967,5032200004,LICENCIATURA EN BIBLIOTECOLOGÍA Y CIENCIA DE LA INFORMACIÓN,
968,5032200005,LICENCIATURA EN BIBLIOTECOLOGÍA Y CIENCIAS DE LA INFORMACIÓN,
969,5032200006,LICENCIATURA EN BIBLIOTECONOMÍA,
970,5032200007,LICENCIATURA EN CIENCIAS DE LA INFORMACIÓN,
971,5032200008,LICENCIATURA EN CIENCIAS DE LA INFORMACIÓN DOCUMENTAL,
972,5042000001,INGENIERÍA EN ADMINISTRACIÓN,
973,5042000002,LICENCIATURA EN ADMINISTRACIÓN,
974,5042100007,LICENCIATURA EN ADMINISTRACIÓN ESTRATÉGICA,
975,5042100008,LICENCIATURA EN ALTA DIRECCIÓN,
976,5042000003,LICENCIATURA EN CIENCIAS ADMINISTRATIVAS,
977,5042000004,LICENCIATURA EN GERENCIA SOCIAL,
978,5041100004,LICENCIATURA EN LOGÍSTICA INTEGRAL Y DE NEGOCIOS,
979,5042000005,LICENCIATURA EN SISTEMAS ADMINISTRATIVOS,
980,5042000006,TRONCO COMÚN,
981,5042000007,TRONCO COMÚN EN ADMINISTRACIÓN,
982,5042000008,TRONCO COMÚN EN CIENCIAS ADMINISTRATIVAS,
983,5042000009,TRONCO COMÚN EN CONTADOR PÚBLICO Y LICENCIATURA EN ADMINISTRACIÓN DE EMPRESAS,
984,5041400001,TRONCO COMÚN EN EL ÁREA ADMINISTRATIVA Y CONTABLE,
985,5042000010,TRONCO COMÚN EN LICENCIATURA,
986,5041100005,TRONCO COMÚN EN NEGOCIOS,
987,5041100006,BACHELOR IN INTERNATIONAL BUSINESS,
988,5041100007,INGENIERÍA DE PROCESOS Y COMERCIO INTERNACIONAL,
989,5041100008,INGENIERÍA EN AGRONEGOCIOS,
990,5041100009,INGENIERÍA EN NEGOCIOS,
991,5041100010,INGENIERÍA EN NEGOCIOS INTERNACIONALES,
992,5041100011,LICENCIATURA EN ADMINISTRACIÓN ADUANERA,
993,5042100011,LICENCIATURA EN ADMINISTRACIÓN AUTOMATIZADA DE NEGOCIOS,
994,5041100012,LICENCIATURA EN ADMINISTRACIÓN DE ADUANAS,
995,5042100012,LICENCIATURA EN ADMINISTRACIÓN DE NEGOCIOS,
996,5042100013,LICENCIATURA EN ADMINISTRACIÓN DE NEGOCIOS ELECTRÓNICOS,
997,5041100013,LICENCIATURA EN ADMINISTRACIÓN DE NEGOCIOS INTERNACIONALES,
998,5042100014,LICENCIATURA EN ADMINISTRACIÓN DE NEGOCIOS Y COMERCIO INTERNACIONAL,
999,5042100015,LICENCIATURA EN ADMINISTRACIÓN E INNOVACIÓN DE NEGOCIOS,
1000,5041100014,LICENCIATURA EN ADMINISTRACIÓN EN NEGOCIOS INTERNACIONALES,
1001,5042100016,LICENCIATURA EN ADMINISTRACIÓN ESTRATÉGICA DE NEGOCIOS,
1002,5042100017,LICENCIATURA EN ADMINISTRACIÓN INTERNACIONAL,
1003,5041200007,LICENCIATURA EN ADMINISTRACIÓN Y COMERCIALIZACIÓN,
1004,5041100015,LICENCIATURA EN ADMINISTRACIÓN Y COMERCIO,
1005,5041100016,LICENCIATURA EN ADMINISTRACIÓN Y COMERCIO INTERNACIONAL,
1006,5041100017,LICENCIATURA EN ADMINISTRACIÓN Y NEGOCIOS INTERNACIONALES,
1007,5041100018,LICENCIATURA EN ADUANAS,
1008,5041100019,LICENCIATURA EN ADUANAS Y COMERCIO EXTERIOR,
1009,5041100020,LICENCIATURA EN ADUANAS Y LOGÍSTICA,
1010,5041100021,LICENCIATURA EN AGRONEGOCIOS,
1011,5041100022,LICENCIATURA EN AGRONEGOCIOS INTERNACIONALES,
1012,5041100023,LICENCIATURA EN CIENCIAS ADUANALES Y COMERCIO EXTERIOR,
1013,5041100024,LICENCIATURA EN COMERCIO ELECTRÓNICO,
1014,5041100025,LICENCIATURA EN COMERCIO EXTERIOR,
1015,5041100026,LICENCIATURA EN COMERCIO EXTERIOR CON ASIA/PACIFICO,
1016,5041100027,LICENCIATURA EN COMERCIO EXTERIOR Y ADUANAS,
1017,5041100028,LICENCIATURA EN COMERCIO EXTERIOR Y GESTIÓN ADUANERA,
1018,5041100029,LICENCIATURA EN COMERCIO EXTERIOR Y LEGISLACIÓN ADUANERA,
1019,5041100030,LICENCIATURA EN COMERCIO EXTERIOR Y TRAMITE ADUANERO,
1020,5041100031,LICENCIATURA EN COMERCIO GLOBAL,
1021,5041100032,LICENCIATURA EN COMERCIO INTERNACIONAL,
1022,5041100033,LICENCIATURA EN COMERCIO INTERNACIONAL EN PRODUCTOS AGROPECUARIOS,
1023,5041100035,LICENCIATURA EN COMERCIO INTERNACIONAL Y ADMINISTRACIÓN,
1024,5041100036,LICENCIATURA EN COMERCIO INTERNACIONAL Y ADMINISTRACIÓN DE ADUANAS,
1025,5041100037,LICENCIATURA EN COMERCIO INTERNACIONAL Y ADMINISTRACIÓN DE EMPRESAS,
1026,5041100038,LICENCIATURA EN COMERCIO INTERNACIONAL Y ADUANAS,
1027,5041100039,LICENCIATURA EN COMERCIO INTERNACIONAL Y GESTIÓN ADUANAL,
1028,5041100040,LICENCIATURA EN COMERCIO INTERNACIONAL Y MERCADOTECNIA,
1029,5041100041,LICENCIATURA EN COMERCIO Y FINANZAS INTERNACIONALES,
1030,5041100042,LICENCIATURA EN COMERCIO Y NEGOCIOS INTERNACIONALES,
1031,5042100018,LICENCIATURA EN DESARROLLO  Y CREACIÓN DE EMPRESAS,
1032,5042100019,LICENCIATURA EN DESARROLLO DE EMPRESAS,
1033,5041100043,LICENCIATURA EN DESARROLLO DE NEGOCIOS EMPRESARIALES,
1034,5042100020,LICENCIATURA EN DESARROLLO E INNOVACIÓN EMPRESARIAL,
1035,5042100021,LICENCIATURA EN DESARROLLO EMPRESARIAL,
1036,5041100044,LICENCIATURA EN DESARROLLO EMPRESARIAL Y DE NEGOCIOS,
1037,5042100022,LICENCIATURA EN DIRECCIÓN DE NEGOCIOS,
1038,5041100045,LICENCIATURA EN DIRECCIÓN DE NEGOCIOS INTERNACIONALES,
1039,5041100046,LICENCIADO EN GESTIÓN ADUANERA,
1040,5042100023,LICENCIATURA EN GESTIÓN Y DIRECCIÓN DE NEGOCIOS,
1041,5022200035,LICENCIATURA EN IDIOMAS DE NEGOCIOS INTERNACIONALES,
1042,5041200008,LICENCIATURA EN IMAGEN EJECUTIVA Y CORPORATIVA,
1043,5041100047,LICENCIATURA EN INGENIERÍA EN AGRONEGOCIOS,
1044,5041100048,LICENCIATURA EN INGENIERÍA EN NEGOCIOS INTERNACIONALES,
1045,5022200036,LICENCIATURA EN LENGUA EXTRANJERA EN LA ESPECIALIDAD DE CIENCIAS ADUANALES Y COMERCIO EXTERIOR,
1046,5041200009,LICENCIATURA EN MERCADOS Y NEGOCIOS INTERNACIONALES,
1047,5041100049,LICENCIATURA EN MERCADOS Y RELACIONES INTERNACIONALES,
1048,5041100050,LICENCIATURA EN NEGOCIACIÓN INTERNACIONAL,
1049,5041100052,LICENCIATURA EN NEGOCIOS,
1050,5041100053,LICENCIATURA EN NEGOCIOS AGROTECNOLÓGICOS,
1051,5041100054,LICENCIATURA EN NEGOCIOS CON ÉNFASIS EN INGLÉS,
1052,5041100055,LICENCIATURA EN NEGOCIOS ELECTRÓNICOS,
1053,5041100056,LICENCIATURA EN NEGOCIOS INTERNACIONALES,
1054,5041100057,LICENCIATURA EN NEGOCIOS INTERNACIONALES Y ADUANALES,
1055,5041100058,LICENCIATURA EN NEGOCIOS INTERNACIONALES Y ADUANAS,
1056,5042100024,LICENCIATURA EN NEGOCIOS Y ADMINISTRACIÓN,
1057,5041100059,LICENCIATURA EN NEGOCIOS Y COMERCIO INTERNACIONALES,
1058,5041100060,LICENCIATURA EN NEGOCIOS Y COMERCIO INTERNACIONAL,
1059,5041100061,LICENCIATURA EN NEGOCIOS Y GESTIÓN EMPRESARIAL,
1060,5041100062,LICENCIATURA EN NEGOCIOS Y LOGÍSTICA INTERNACIONAL,
1061,5041100063,LICENCIATURA EN NEGOCIOS Y RELACIONES INTERNACIONALES,
1062,5041100064,LICENCIATURA EN RELACIONES COMERCIALES,
1063,5041100065,LICENCIATURA EN RELACIONES COMERCIALES INTERNACIONALES,
1064,5041100066,LICENCIATURA EN NEGOCIOS E INNOVACIÓN EMPRESARIAL,
1065,5041200013,BACHELOR IN MARKETING,
1066,5041200014,INGENIERÍA SISTEMAS DE MERCADOTECNIA,
1067,5041200015,LICENCIATURA EN ADMINISTRACIÓN DE LA MERCADOTECNIA,
1068,5041200016,LICENCIATURA EN ADMINISTRACIÓN DE LAS VENTAS,
1069,5041200017,LICENCIATURA EN ADMINISTRACIÓN DE MERCADOTECNIA,
1070,5041200018,LICENCIATURA EN ADMINISTRACIÓN Y MERCADOTECNIA,
1071,5032100063,LICENCIATURA EN CIENCIAS DE LA COMUNICACIÓN: RELACIONES PÚBLICAS,
1072,5041200019,LICENCIATURA EN COMERCIALIZACIÓN,
1073,5041200020,LICENCIATURA EN COMERCIALIZACIÓN AGROPECUARIA,
1074,5041200021,LICENCIATURA EN COMERCIALIZACIÓN INTERNACIONAL,
1075,5041200022,LICENCIATURA EN COMERCIALIZACIÓN Y ADUANAS,
1076,5041200023,LICENCIATURA EN COMERCIALIZACIÓN Y VENTAS,
1077,5032100064,LICENCIATURA EN COMUNICACIONES Y RELACIONES PÚBLICAS,
1078,5041200024,LICENCIATURA EN DIRECCIÓN COMERCIAL Y MERCADOTECNIA,
1079,5041200025,LICENCIATURA EN DISEÑO DE IMAGEN,
1080,5041200026,LICENCIATURA EN DISEÑO DE IMAGEN Y RELACIONES PÚBLICAS,
1081,5041200027,LICENCIATURA EN IMAGEN Y RELACIONES PÚBLICAS,
1082,5041200028,LICENCIATURA EN MERCADOTECNIA,
1083,5041200029,LICENCIATURA EN MERCADOTECNIA (EJECUTIVA),
1084,5041200030,LICENCIATURA EN MERCADOTECNIA CAMPO DISEÑO,
1085,5041200031,LICENCIATURA EN MERCADOTECNIA DEPORTIVA INTERNACIONAL,
1086,5041200032,LICENCIATURA EN MERCADOTECNIA E IMAGEN,
1087,5041200033,LICENCIATURA EN MERCADOTECNIA EMPRESARIAL,
1088,5041200034,LICENCIATURA EN MERCADOTECNIA EN VALORES,
1089,5041200035,LICENCIATURA EN MERCADOTECNIA ESTRATÉGICA,
1090,5041200036,LICENCIATURA EN MERCADOTECNIA INTERNACIONAL,
1091,5041200037,LICENCIATURA EN MERCADOTECNIA PUBLICITARIA,
1092,5041200038,LICENCIATURA EN MERCADOTECNIA Y ADMINISTRACIÓN,
1093,5041200039,LICENCIATURA EN MERCADOTECNIA Y CALIDAD,
1094,5041200040,LICENCIATURA EN MERCADOTECNIA Y COMERCIO INTERNACIONAL,
1095,5041200041,LICENCIATURA EN MERCADOTECNIA Y COMUNICACIÓN,
1096,5041200010,LICENCIATURA EN MERCADOTECNIA Y DESARROLLO DE NEGOCIOS,
1097,5041200042,LICENCIATURA EN MERCADOTECNIA Y DISEÑO GRÁFICO,
1098,5041200043,LICENCIATURA EN MERCADOTECNIA Y MEDIOS DE COMUNICACIÓN,
1099,5041200044,LICENCIATURA EN MERCADOTECNIA Y NEGOCIOS INTERNACIONALES,
1100,5041200045,LICENCIATURA EN MERCADOTECNIA Y PUBLICIDAD,
1101,5041200046,LICENCIATURA EN MERCADOTECNIA Y RELACIONES COMERCIALES,
1102,5041200047,LICENCIATURA EN MERCADOTECNIA Y RELACIONES PÚBLICAS,
1103,5041200048,LICENCIATURA EN MERCADOTECNIA Y SISTEMAS,
1104,5041200049,LICENCIATURA EN MERCADOTECNIA Y VENTAS,
1105,5041200050,LICENCIATURA EN PUBLICIDAD,
1106,5041200051,LICENCIATURA EN PUBLICIDAD E IMAGEN,
1107,5041200052,LICENCIATURA EN PUBLICIDAD Y MEDIOS,
1108,5041200053,LICENCIATURA EN PUBLICIDAD Y MERCADOTECNIA,
1109,5041200054,LICENCIATURA EN PUBLICIDAD Y RELACIONES PÚBLICAS,
1110,5041200055,LICENCIATURA EN RELACIONES PÚBLICAS,
1111,5041200056,LICENCIATURA EN RELACIONES PÚBLICAS Y MERCADOTÉCNICA,
1112,5041200057,LICENCIATURA EN SISTEMAS COMERCIALES,
1113,5041200058,LICENCIATURA EN SISTEMAS COMERCIALES Y ADMINISTRATIVAS INTERNACIONALES,
1114,5041200059,LICENCIATURA EN SISTEMAS COMERCIALES Y ADMINISTRATIVOS INTERNACIONALES,
1115,5041200060,LICENCIATURA EN VENTAS,
1116,5041200061,LICENCIATURA EN VENTAS (EJECUTIVA),
1117,5041200062,LICENCIATURA EN VENTAS Y MERCADOTECNIA,
1118,5041200063,LICENCIATURA EN MERCADOTECNIA Y DISEÑO PUBLICITARIO,
1119,5041300001,BACHELOR IN FINANCIAL MANAGEMENT,
1120,5041300002,INGENIERÍA EN FINANZAS,
1121,5041200127,INGENIERÍA EN INTELIGENCIA DE MERCADOS,
1122,5041300003,INGENIERÍA FINANCIERA,
1123,5041300004,LICENCIATURA EN ADMINISTRACIÓN FINANCIERA,
1124,5041300005,LICENCIATURA EN ADMINISTRACIÓN FINANCIERA INTERNACIONAL,
1125,5041300006,LICENCIATURA EN ADMINISTRACIÓN FINANCIERA Y BURSÁTIL,
1126,5041300007,LICENCIATURA EN ADMINISTRACIÓN FINANCIERA Y SISTEMAS,
1127,5041300008,LICENCIATURA EN ADMINISTRACIÓN Y FINANZAS,
1128,5041300009,LICENCIATURA EN ADMINISTRACIÓN Y FINANZAS CORPORATIVAS,
1129,5041300010,LICENCIATURA EN ADMINISTRACIÓN Y FINANZAS DE EMPRESAS,
1130,5041300011,LICENCIATURA EN ADMINISTRACIÓN Y PLANEACIÓN FINANCIERA,
1131,5041300012,LICENCIATURA EN ADMINISTRACIÓN: FINANZAS,
1132,5041300013,LICENCIATURA EN BANCA Y FINANZAS,
1133,5041300014,LICENCIATURA EN BANCA Y MERCADOS FINANCIEROS,
1134,5041400003,LICENCIATURA EN CONTABILIDAD Y FINANZAS,
1135,5041300015,LICENCIATURA EN ESTRATEGIAS ADMINISTRATIVAS Y FINANCIERAS,
1136,5041300016,LICENCIATURA EN FINANZAS,
1137,5041300017,LICENCIATURA EN FINANZAS CORPORATIVAS Y BANCA,
1138,5041300018,LICENCIATURA EN FINANZAS INTERNACIONALES,
1139,5041300019,LICENCIATURA EN FINANZAS Y ADMINISTRACIÓN,
1140,5041300020,LICENCIATURA EN FINANZAS Y BANCA,
1141,5041400004,LICENCIATURA EN FINANZAS Y CONTADURÍA,
1142,5041400005,LICENCIATURA EN FINANZAS Y CONTADURÍA PÚBLICA,
1143,5041300021,LICENCIATURA EN FINANZAS Y MERCADOTECNIA,
1144,5041200128,LICENCIATURA EN INGENIERÍA EN INTELIGENCIA DE MERCADOS,
1145,5041300022,LICENCIATURA EN INGENIERÍA FINANCIERA,
1146,5041300023,LICENCIATURA EN SEGUROS Y FINANZAS,
1147,5041400006,LICENCIATURA FINANCIERA Y FISCAL,
1148,5041400007,CONTABILIDAD Y FINANZAS,
1149,5041400008,CONTADOR PÚBLICO,
1150,5041400009,CONTADOR PÚBLICO AUDITOR,
1151,5041400010,CONTADOR PÚBLICO Y AUDITOR,
1152,5041400011,CONTADURÍA PÚBLICA,
1153,5041400012,CONTADURÍA Y GESTIÓN EMPRESARIAL,
1154,5041400013,INGENIERÍA FINANCIERA Y FISCAL,
1155,5041400014,INGENIERÍA FISCAL Y FINANCIERA,
1156,5041400015,LICENCIATURA CONTADOR PÚBLICO Y AUDITOR,
1157,5041400016,LICENCIATURA EN ADMINISTRACIÓN FISCAL,
1158,5041400017,LICENCIATURA EN ADMINISTRACIÓN FISCAL FINANCIERA,
1159,5041400018,LICENCIATURA EN ADMINISTRACIÓN TRIBUTARIA,
1160,5041400019,LICENCIATURA EN ADMINISTRACIÓN Y CONTABILIDAD,
1161,5041400020,LICENCIATURA EN AUDITORÍA INTERNA,
1162,5041400021,LICENCIATURA EN CONTABILIDAD,
1163,5041400022,LICENCIATURA EN CONTABILIDAD FINANCIERA,
1164,5041400023,LICENCIATURA EN CONTADOR PÚBLICO,
1165,5041400024,LICENCIATURA EN CONTADOR PÚBLICO INTERNACIONAL,
1166,5041400025,LICENCIATURA EN CONTADOR PÚBLICO E INFORMÁTICA,
1167,5041400026,LICENCIATURA EN CONTADURÍA,
1168,5041400027,LICENCIATURA EN CONTADURÍA ADMINISTRATIVA,
1169,5041400028,LICENCIATURA EN CONTADURÍA E IMPUESTOS,
1170,5041400029,LICENCIATURA EN CONTADURÍA E INFORMÁTICA,
1171,5041400030,LICENCIATURA EN CONTADURÍA FINANCIERA,
1172,5041400031,LICENCIATURA EN CONTADURÍA FISCAL,
1173,5041400032,LICENCIATURA EN CONTADURÍA PÚBLICA,
1174,5041400033,LICENCIATURA EN CONTADURÍA PÚBLICA CAMPO FISCAL,
1175,5041400034,LICENCIATURA EN CONTADURÍA PÚBLICA E IMPUESTOS,
1176,5041400035,LICENCIATURA EN CONTADURÍA PÚBLICA FINANCIERA,
1177,5041400036,LICENCIATURA EN CONTADURÍA PÚBLICA FISCAL,
1178,5041400037,LICENCIATURA EN CONTADURÍA PÚBLICA Y ADMINISTRACIÓN,
1179,5041400038,LICENCIATURA EN CONTADURÍA PÚBLICA Y AUDITOR,
1180,5041400039,LICENCIATURA EN CONTADURÍA PÚBLICA Y AUDITORÍA,
1181,5041400040,LICENCIATURA EN CONTADURÍA PÚBLICA Y COMERCIO EXTERIOR,
1182,5041400041,LICENCIATURA EN CONTADURÍA PÚBLICA Y CONSULTORÍA DE NEGOCIOS,
1183,5041400042,LICENCIATURA EN CONTADURÍA PÚBLICA Y ESTRATEGIA FINANCIERA,
1184,5041400043,LICENCIATURA EN CONTADURÍA PÚBLICA Y FINANZAS,
1185,5041400044,LICENCIATURA EN CONTADURÍA PÚBLICA Y FINANZAS (EJECUTIVA),
1186,5041400045,LICENCIATURA EN CONTADURÍA PÚBLICA Y FINANZAS MODALIDAD INTERNACIONAL,
1187,5041400046,LICENCIATURA EN CONTADURÍA PÚBLICA Y GESTIÓN EMPRESARIAL,
1188,5041400047,LICENCIATURA EN CONTADURÍA Y ADMINISTRACIÓN,
1189,5041400048,LICENCIATURA EN CONTADURÍA Y ADMINISTRACIÓN EMPRESARIAL,
1190,5041400049,LICENCIATURA EN CONTADURÍA Y ALTA DIRECCIÓN,
1191,5041400050,LICENCIATURA EN CONTADURÍA Y AUDITORÍA,
1192,5041400051,LICENCIATURA EN CONTADURÍA Y CONSULTORÍA DE NEGOCIOS,
1193,5041400052,LICENCIATURA EN CONTADURÍA Y ESTRATEGIAS FINANCIERAS,
1194,5041400053,LICENCIATURA EN CONTADURÍA Y FINANZAS,
1195,5041400054,LICENCIATURA EN CONTADURÍA Y FINANZAS INTERNACIONALES,
1196,5041400055,LICENCIATURA EN CONTADURÍA Y GESTIÓN FINANCIERA,
1197,5041400056,LICENCIATURA EN CONTADURÍA Y SISTEMAS FISCALES,
1198,5041400057,LICENCIATURA EN ENTORNO CONTABLE,
1199,5041400058,LICENCIATURA EN FISCAL,
1200,5041400059,LICENCIATURA EN SISTEMAS ADMINISTRATIVOS Y CONTABLES,
1201,5011200015,LICENCIATURA EN ADMINISTRACIÓN EDUCATIVA,
1202,5042500001,LICENCIATURA EN ADMINISTRACIÓN Y DOCENCIA DE CENTROS EDUCATIVOS,
1203,5042500002,LICENCIATURA EN CIENCIAS DE LA EDUCACIÓN CON ACENTUACIÓN EN ADMINISTRACIÓN EDUCATIVA,
1204,5042500003,LICENCIATURA EN CIENCIAS DE LA EDUCACIÓN CON OPCIÓN EN ADMINISTRACIÓN Y PLANEACIÓN EDUCATIVA,
1205,5011200016,LICENCIATURA EN EDUCACIÓN Y ADMINISTRACIÓN EDUCATIVA,
1206,5042500004,LICENCIATURA EN EDUCACIÓN Y GESTIÓN DE CENTROS EDUCATIV0S,
1207,5042100050,INGENIERÍA EN GESTIÓN EMPRESARIAL,
1208,5042100051,LICENCIATURA EN ADMINISTRACIÓN (EJECUTIVA),
1209,5042100052,LICENCIATURA EN ADMINISTRACIÓN (ORIENTACIÓN DESARROLLO EMPRESARIAL),
1210,5042100053,LICENCIATURA EN ADMINISTRACIÓN (RELACIONES INDUSTRIALES),
1211,5042100054,LICENCIATURA EN ADMINISTRACIÓN AUTOMATIZADA DE RECURSOS HUMANOS,
1212,5041400080,LICENCIATURA EN ADMINISTRACIÓN CON ESPECIALIDAD EN CONTABILIDAD ADMINISTRATIVA,
1213,5042100055,LICENCIATURA EN ADMINISTRACIÓN DE EMPRESAS,
1214,5041200130,LICENCIATURA EN ADMINISTRACIÓN DE EMPRESAS (MERCADOTECNIA),
1215,5041400081,LICENCIATURA EN ADMINISTRACIÓN DE EMPRESAS ÁREA FACTURACIÓN Y COBRANZA,
1216,5042100056,LICENCIATURA EN ADMINISTRACIÓN DE EMPRESAS COMERCIALES,
1217,5041200131,LICENCIATURA EN ADMINISTRACIÓN DE EMPRESAS CON ACENTUACIÓN EN COMERCIALIZACIÓN,
1218,5042100057,LICENCIATURA EN ADMINISTRACIÓN DE EMPRESAS CON ACENTUACIÓN EN PRODUCCIÓN,
1219,5042100058,LICENCIATURA EN ADMINISTRACIÓN DE EMPRESAS CON ESPECIALIDAD EN COMERCIO INTERNACIONAL,
1220,5041400082,LICENCIATURA EN ADMINISTRACIÓN DE EMPRESAS CON ESPECIALIDAD EN CONTABILIDAD ADMINISTRATIVA,
1221,5041200132,LICENCIATURA EN ADMINISTRACIÓN DE EMPRESAS CON ESPECIALIDAD EN MERCADOTECNIA,
1222,5042100059,LICENCIATURA EN ADMINISTRACIÓN DE EMPRESAS EN VALORES,
1223,5042100060,LICENCIATURA EN ADMINISTRACIÓN DE EMPRESAS INTERNACIONAL,
1224,5042100061,LICENCIATURA EN ADMINISTRACIÓN DE EMPRESAS Y FINANZAS,
1225,5042100062,LICENCIATURA EN ADMINISTRACIÓN DE EMPRESAS Y SISTEMAS,
1226,5042100063,LICENCIATURA EN ADMINISTRACIÓN DE FRANQUICIAS,
1227,5042100064,LICENCIATURA EN ADMINISTRACIÓN DE INSTITUCIONES,
1228,5042400001,LICENCIATURA EN ADMINISTRACIÓN DE LA PRODUCCIÓN Y SERVICIOS,
1229,5042100065,LICENCIATURA EN ADMINISTRACIÓN DE LAS ORGANIZACIONES,
1230,5042100066,LICENCIATURA EN ADMINISTRACIÓN DE OFICINAS,
1231,5042100067,LICENCIATURA EN ADMINISTRACIÓN DE ORGANIZACIONES,
1232,5042100068,LICENCIATURA EN ADMINISTRACIÓN DE PEQUEÑAS Y MEDIANAS EMPRESAS,
1233,5042100069,LICENCIATURA EN ADMINISTRACIÓN DE RECURSOS HUMANOS,
1234,5042100070,LICENCIATURA EN ADMINISTRACIÓN DEL CAPITAL HUMANO,
1235,5042100071,LICENCIATURA EN ADMINISTRACIÓN DEL CAPITAL HUMANO Y DEL CONOCIMIENTO,
1236,5042100072,LICENCIATURA EN ADMINISTRACIÓN DEL DESARROLLO SUSTENTABLE,
1237,5042100073,LICENCIATURA EN ADMINISTRACIÓN DEL FACTOR HUMANO,
1238,5042100074,LICENCIATURA EN ADMINISTRACIÓN EJECUTIVA DE EMPRESAS,
1239,5042100075,LICENCIATURA EN ADMINISTRACIÓN EMPRESARIAL,
1240,5042100076,LICENCIATURA EN ADMINISTRACIÓN GERENCIAL,
1241,5042100077,LICENCIATURA EN ADMINISTRACIÓN INTEGRAL DE EMPRESAS,
1242,5042100078,LICENCIATURA EN ADMINISTRACIÓN Y CALIDAD DEL SERVICIO,
1243,5042100079,LICENCIATURA EN ADMINISTRACIÓN Y DESARROLLO EMPRESARIAL,
1244,5042100080,LICENCIATURA EN ADMINISTRACIÓN Y DESARROLLO SUSTENTABLE,
1245,5042100081,LICENCIATURA EN ADMINISTRACIÓN Y DIRECCIÓN,
1246,5042100082,LICENCIATURA EN ADMINISTRACIÓN Y DIRECCIÓN DE EMPRESAS,
1247,5042100083,LICENCIATURA EN ADMINISTRACIÓN Y DIRECCIÓN DE ORGANIZACIONES,
1248,5042100084,LICENCIATURA EN ADMINISTRACIÓN Y DIRECCIÓN EMPRESARIAL,
1249,5042100085,LICENCIATURA EN ADMINISTRACIÓN Y EVALUACIÓN DE PROYECTOS,
1250,5042100086,LICENCIATURA EN ADMINISTRACIÓN Y GESTIÓN,
1251,5042100087,LICENCIATURA EN ADMINISTRACIÓN Y GESTIÓN DE EMPRESAS,
1252,5042100088,LICENCIATURA EN ADMINISTRACIÓN Y GESTIÓN DE INSTITUCIONES,
1253,5042100089,LICENCIATURA EN ADMINISTRACIÓN Y GESTIÓN DE NEGOCIOS,
1254,5042100090,LICENCIATURA EN ADMINISTRACIÓN Y GESTIÓN DE PEQUEÑAS Y MEDIANAS EMPRESAS,
1255,5042100091,LICENCIATURA EN ADMINISTRACIÓN Y GESTIÓN DE PYMES,
1256,5042100092,LICENCIATURA EN ADMINISTRACIÓN Y GESTIÓN EMPRESARIAL,
1257,5042100093,LICENCIATURA EN ADMINISTRACIÓN Y NEGOCIOS,
1258,5042100094,LICENCIATURA EN ALTA DIRECCIÓN DE EMPRESAS,
1259,5042100095,LICENCIATURA EN CIENCIAS EMPRESARIALES,
1260,5042100096,LICENCIATURA EN CREACIÓN Y DESARROLLO DE EMPRESAS,
1261,5042100097,LICENCIATURA EN CREACIÓN Y DIRECCIÓN DE EMPRESAS,
1262,5042100098,LICENCIATURA EN DESARROLLO DEL CAPITAL HUMANO,
1263,5042100099,LICENCIATURA EN DESARROLLO DEL PERSONAL EN EMPRESA,
1264,5042100100,LICENCIATURA EN DESARROLLO DEL POTENCIAL HUMANO ORGANIZACIONAL,
1265,5042100101,LICENCIATURA EN DESARROLLO ORGANIZACIONAL,
1266,5042100102,LICENCIATURA EN DESARROLLO Y ADMINISTRACIÓN DE EMPRESAS,
1267,5042100103,LICENCIATURA EN DIRECCIÓN DE EMPRESAS,
1268,5042100104,LICENCIATURA EN DIRECCIÓN DE RECURSOS HUMANOS,
1269,5042100105,LICENCIATURA EN DIRECCIÓN EMPRESARIAL,
1270,5042100106,LICENCIATURA EN DIRECCIÓN Y ADMINISTRACIÓN DE EMPRESAS,
1271,5042100107,LICENCIATURA EN DIRECCIÓN Y DESARROLLO DE ORGANIZACIONES,
1272,5042100108,LICENCIATURA EN GESTIÓN DE PEQUEÑAS Y MEDIANAS EMPRESAS,
1273,5042100109,LICENCIATURA EN GESTIÓN DE PROYECTOS,
1274,5042100110,LICENCIATURA EN GESTIÓN EMPRESARIAL,
1275,5042100111,LICENCIATURA EN GESTIÓN PERSONAL Y DE ORGANIZACIONES,
1276,5042300008,LICENCIATURA EN GESTIÓN PÚBLICA Y COMUNICACIÓN INSTITUCIONAL,
1277,5042100112,LICENCIATURA EN GESTIÓN Y ADMINISTRACIÓN DE PEQUEÑAS Y MEDIANAS EMPRESAS,
1278,5042100113,LICENCIATURA EN GESTIÓN Y CREACIÓN DE PEQUEÑAS Y MEDIANAS EMPRESAS,
1279,5042100114,LICENCIATURA EN INGENIERÍA EN PROCESOS ORGANIZACIONALES,
1280,5042100115,LICENCIATURA EN INNOVACIÓN EMPRESARIAL,
1281,5041200133,LICENCIATURA EN INTELIGENCIA DE MERCADOS,
1282,5042100116,LICENCIATURA EN LOGÍSTICA,
1283,5101600002,LICENCIATURA EN LOGÍSTICA DE EVENTOS Y SERVICIOS,
1284,5041100100,LICENCIATURA EN LOGÍSTICA INTERNACIONAL,
1285,5042100117,LICENCIATURA EN RECURSOS HUMANOS,
1286,5042100118,LICENCIATURA EN RELACIONES INDUSTRIALES,
1287,5042300009,LICENCIATURA EN ADMINISTRACIÓN GUBERNAMENTAL,
1288,5042300010,LICENCIATURA EN ADMINISTRACIÓN MILITAR,
1289,5042300011,LICENCIATURA EN ADMINISTRACIÓN MUNICIPAL,
1290,5042300012,LICENCIATURA EN ADMINISTRACIÓN POLICIAL,
1291,5042300013,LICENCIATURA EN ADMINISTRACIÓN PÚBLICA,
1292,5042300014,LICENCIATURA EN ADMINISTRACIÓN PÚBLICA MUNICIPAL,
1293,5042300015,LICENCIATURA EN ADMINISTRACIÓN PÚBLICA Y CIENCIA POLÍTICA,
1294,5042300016,LICENCIATURA EN ADMINISTRACIÓN PÚBLICA Y CIENCIAS POLÍTICAS,
1295,5031300029,LICENCIATURA EN CIENCIA POLÍTICA Y ADMINISTRACIÓN PÚBLICA,
1296,5042300017,LICENCIATURA EN CIENCIA POLÍTICA Y ADMINISTRACIÓN URBANA,
1297,5042300018,LICENCIATURA EN GESTIÓN Y ADMINISTRACIÓN MUNICIPAL,
1298,5042300019,LICENCIATURA EN GESTIÓN Y DESARROLLO MUNICIPAL,
1299,5042300020,LICENCIATURA EN GESTIÓN Y POLÍTICAS PÚBLICAS,
1300,5042300021,LICENCIATURA EN GOBIERNO Y ADMINISTRACIÓN PÚBLICA,
1301,5042300022,LICENCIATURA EN GOBIERNO Y GESTIÓN PÚBLICA,
1302,5042300023,LICENCIATURA EN POLÍTICA Y ADMINISTRACIÓN PÚBLICA,
1303,5042400002,INGENIERÍA ADMINISTRADOR INDUSTRIAL,
1304,5042400003,INGENIERÍA CIVIL ADMINISTRADOR,
1305,5041100104,INGENIERÍA COMERCIAL,
1306,5041100105,INGENIERÍA DE NEGOCIOS,
1307,5042100046,INGENIERÍA EN PROYECTOS PRODUCTIVOS SOSTENIBLES,
1308,5071200001,INGENIERÍA ELECTRICISTA ADMINISTRADOR,
1309,5042400004,INGENIERÍA EN ADMINISTRACIÓN DE LA MANUFACTURA,
1310,5042400005,INGENIERÍA EN ADMINISTRACIÓN INDUSTRIAL,
1311,5042100177,INGENIERÍA EN DESARROLLO E INNOVACIÓN EMPRESARIAL,
1312,5042100178,INGENIERÍA EN DESARROLLO EMPRESARIAL,
1313,5041400085,INGENIERÍA EN FINANCIERA Y FISCAL,
1314,5042100179,INGENIERÍA EN GESTIÓN DE PROYECTOS,
1315,5042100180,INGENIERÍA EN INNOVACIÓN Y DESARROLLO EMPRESARIAL,
1316,5041200136,INGENIERÍA EN INTELIGENCIA DEL MERCADO,
1317,5041100106,INGENIERÍA EN LOGÍSTICA INTERNACIONAL,
1318,5042400006,INGENIERÍA EN MECÁNICA ADMINISTRATIVA,
1319,5042100181,INGENIERÍA EN NEGOCIOS Y GESTIÓN EMPRESARIAL,
1320,5041100107,INGENIERÍA EN NEGOCIOS Y TECNOLOGÍAS DE INFORMACIÓN,
1321,5042400007,INGENIERÍA INDUSTRIAL ADMINISTRADOR,
1322,5042400008,INGENIERÍA INDUSTRIAL LOGÍSTICA,
1323,5042400009,INGENIERÍA INDUSTRIAL LOGÍSTICO,
1324,5042400010,INGENIERÍA INDUSTRIAL PARA LA DIRECCIÓN,
1325,5042400011,INGENIERÍA INDUSTRIAL Y ADMINISTRACIÓN DE EMPRESAS,
1326,5042400012,INGENIERÍA INDUSTRIAL Y LOGÍSTICA,
1327,5042400013,INGENIERÍA INDUSTRIAL Y RENTABILIDAD DE NEGOCIOS,
1328,5042400014,INGENIERÍA MECÁNICO ADMINISTRADOR,
1329,5071400001,INGENIERÍA QUÍMICO ADMINISTRADOR,
1330,5042400015,LICENCIATURA EN ADMINISTRACIÓN DE LA CALIDAD Y LA PRODUCTIVIDAD,
1331,5062200005,LICENCIATURA EN ADMINISTRACIÓN DE LA TECNOLOGÍA DE INFORMACIÓN,
1332,5062200006,LICENCIATURA EN ADMINISTRACIÓN DE SISTEMAS DE INFORMACIÓN,
1333,5062200007,LICENCIATURA EN ADMINISTRACIÓN DE TECNOLOGÍAS DE INFORMACIÓN,
1334,5062200008,LICENCIATURA EN ADMINISTRACIÓN DE TECNOLOGÍAS DE LA INFORMACIÓN,
1335,5062200009,LICENCIATURA EN ADMINISTRACIÓN EN TECNOLOGÍAS DE INFORMACIÓN,
1336,5042100182,LICENCIATURA EN ADMINISTRACIÓN INDUSTRIAL,
1337,5042400016,LICENCIATURA EN ADMINISTRACIÓN INDUSTRIAL Y CREACIÓN DE EMPRESAS,
1338,5042400017,LICENCIATURA EN ADMINISTRACIÓN Y PROMOCIÓN DE LA OBRA URBANA,
1339,5062200010,LICENCIATURA EN ADMINISTRACIÓN Y TECNOLOGÍAS DE LA INFORMACIÓN,
1340,5042400018,LICENCIATURA EN EDIFICACIÓN Y ADMINISTRACIÓN DE OBRAS,
1341,5062200011,LICENCIATURA EN GESTIÓN DE TECNOLOGÍAS DE LA INFORMACIÓN,
1342,5042400019,LICENCIATURA EN GESTIÓN TECNOLÓGICA,
1343,5042400020,LICENCIATURA EN INGENIERÍA DE NEGOCIOS Y GESTIÓN ADMINISTRATIVA,
1344,5042400021,LICENCIATURA EN INGENIERÍA EMPRESARIAL,
1345,5042400022,LICENCIATURA EN INGENIERÍA EN ADMINISTRACIÓN DE LA MANUFACTURA,
1346,5042100183,LICENCIATURA EN INGENIERÍA EN ADMINISTRACIÓN INDUSTRIAL,
1347,5042400023,LICENCIATURA EN INGENIERÍA EN CALIDAD Y COSTOS,
1348,5042400024,LICENCIATURA EN INGENIERÍA INDUSTRIAL ADMINISTRADOR,
1349,5042400025,LICENCIATURA EN INGENIERÍA INDUSTRIAL ADMINISTRATIVA,
1350,5042400026,LICENCIATURA EN INGENIERÍA INDUSTRIAL E INNOVACIÓN DE NEGOCIOS,
1351,5042400027,LICENCIATURA EN INGENIERÍA INDUSTRIAL EN OPERACIONES INTERNACIONALES,
1352,5042400028,LICENCIATURA EN INGENIERÍA INDUSTRIAL PARA LA DIRECCIÓN,
1353,5071500001,LICENCIATURA EN INGENIERO AUTOMOTRIZ ADMINISTRADOR,
1354,5081100003,INGENIERÍA AGRÓNOMO ADMINISTRADOR,
1355,5042500012,INGENIERÍA EMPRESARIAL AGROPECUARIO,
1356,5042500013,INGENIERÍA ZOOTECNISTA ADMINISTRADOR,
1357,5042500014,LICENCIATURA EN ADMINISTRACIÓN AGROPECUARIA,
1358,5042500015,LICENCIATURA EN ADMINISTRACIÓN AGROTECNOLÓGICA,
1359,5042500016,LICENCIATURA EN ADMINISTRACIÓN DE AGRONEGOCIOS,
1360,5042500017,LICENCIATURA EN ADMINISTRACIÓN DE EMPRESAS AGROPECUARIAS,
1361,5051300001,LICENCIATURA EN ADMINISTRACIÓN DE RECURSOS MARINOS,
1362,5042500018,LICENCIATURA EN ADMINISTRACIÓN OPCIÓN ORGANIZACIONES MARINAS,
1363,5042500022,LICENCIATURA EN ADMINISTRACIÓN DE SISTEMAS DE SALUD,
1364,5042200004,LICENCIATURA EN ADMINISTRACIÓN DE EMPRESAS DE LA HOSPITALIDAD,
1365,5042200005,LICENCIATURA EN ADMINISTRACIÓN DE EMPRESAS TURÍSTICAS,
1366,5042200006,LICENCIATURA EN ADMINISTRACIÓN DE EMPRESAS TURÍSTICAS Y HOTELERAS,
1367,5042200007,LICENCIATURA EN ADMINISTRACIÓN DE HOTELES Y RESTAURANTES,
1368,5042200008,LICENCIATURA EN ADMINISTRACIÓN DE LA HOSPITALIDAD,
1369,5042200009,LICENCIATURA EN ADMINISTRACIÓN DE RECURSOS TURÍSTICOS,
1370,5042200010,LICENCIATURA EN ADMINISTRACIÓN DE TIEMPO LIBRE,
1371,5042200011,LICENCIATURA EN ADMINISTRACIÓN EN EMPRESAS TURÍSTICAS,
1372,5042200012,LICENCIATURA EN ADMINISTRACIÓN EN TURISMO RURAL,
1373,5042200013,LICENCIATURA EN ADMINISTRACIÓN HOTELERA,
1374,5042200014,LICENCIATURA EN ADMINISTRACIÓN HOTELERA Y GASTRONOMÍA,
1375,5042200015,LICENCIATURA EN ADMINISTRACIÓN HOTELERA Y NEGOCIOS TURÍSTICOS,
1376,5042200016,LICENCIATURA EN ADMINISTRACIÓN HOTELERA Y TURÍSTICA,
1377,5042200017,LICENCIATURA EN ADMINISTRACIÓN INTERNACIONAL EN ADMINISTRACIÓN DE EMPRESAS DE LA HOSPITALIDAD,
1378,5042200018,LICENCIATURA EN ADMINISTRACIÓN OPCIÓN TURISMO O MERCADOTECNIA,
1379,5042200019,LICENCIATURA EN ADMINISTRACIÓN TURÍSTICA,
1380,5042200020,"LICENCIATURA EN ADMINISTRACIÓN TURÍSTICA, HOTELERA Y GASTRONÓMICA",
1381,5042200021,LICENCIATURA EN ADMINISTRACIÓN Y DESARROLLO TURÍSTICO,
1382,5042200022,LICENCIATURA EN ALTA ADMINISTRACIÓN HOTELERA,
1383,5042200023,LICENCIATURA EN DESARROLLO TURÍSTICO,
1384,5042200024,LICENCIATURA EN DESARROLLO TURÍSTICO SUSTENTABLE,
1385,5042200025,LICENCIATURA EN DIRECCIÓN DE HOTELES Y RESTAURANTES,
1386,5042200026,LICENCIATURA EN DIRECCIÓN DE NEGOCIOS TURÍSTICOS,
1387,5042200027,LICENCIATURA EN DIRECCIÓN INTERNACIONAL DE HOTELES,
1388,5042200028,LICENCIATURA EN EMPRESAS TURÍSTICAS,
1389,5042200029,LICENCIATURA EN GESTIÓN DE EMPRESAS TURÍSTICAS,
1390,5042200030,LICENCIATURA EN GESTIÓN DE NEGOCIOS TURÍSTICOS,
1391,5042200031,LICENCIATURA EN GESTIÓN DEL TURISMO,
1392,5042200032,LICENCIATURA EN GESTIÓN EMPRESARIAL TURÍSTICA,
1393,5042200033,LICENCIATURA EN GESTIÓN TURÍSTICA,
1394,5042200034,LICENCIATURA EN GESTIÓN Y DESARROLLO TURÍSTICO,
1395,5101600004,LICENCIATURA EN HOTELERÍA,
1396,5101600005,LICENCIATURA EN HOTELERÍA Y GASTRONOMÍA,
1397,5101600006,LICENCIATURA EN HOTELERÍA Y SISTEMAS TURÍSTICOS,
1398,5101600007,LICENCIATURA EN HOTELERÍA Y TURISMO,
1399,5101600008,LICENCIATURA EN LENGUAS EXTRANJERAS EN LA ESPECIALIDAD DE HOTELERÍA Y TURISMO,
1400,5101600009,LICENCIATURA EN NEGOCIOS TURÍSTICOS,
1401,5101600010,LICENCIATURA EN ORGANIZACIÓN DE SERVICIOS TURÍSTICOS,
1402,5101600011,LICENCIATURA EN RECREACIÓN,
1403,5101600012,LICENCIATURA EN RELACIONES TURÍSTICAS,
1404,5042300030,LICENCIATURA EN RELACIONES TURÍSTICAS INTERNACIONALES,
1405,5101600013,LICENCIATURA EN TURISMO,
1406,5101600014,LICENCIATURA EN TURISMO ALTERNATIVO,
1407,5042300031,LICENCIATURA EN TURISMO CON ASIA PACIFICO,
1408,5101600015,LICENCIATURA EN TURISMO CULTURAL,
1409,5101600016,LICENCIATURA EN TURISMO DE LA MIXTECA,
1410,5042300032,LICENCIATURA EN TURISMO DE NEGOCIOS,
1411,5101600017,LICENCIATURA EN TURISMO EMPRESARIAL,
1412,5042300033,LICENCIATURA EN TURISMO EN ALTA GERENCIA,
1413,5041100110,LICENCIATURA EN TURISMO INTERNACIONAL,
1414,5101600018,LICENCIATURA EN TURISMO SUSTENTABLE,
1415,5041100111,LICENCIATURA EN TURISMO Y COMERCIO INTERNACIONAL,
1416,5101600019,LICENCIATURA EN TURISMO Y HOTELERÍA,
1417,5042200035,LICENCIATURA INTERNACIONAL EN ADMINISTRACIÓN DE EMPRESAS DE LA HOSPITALIDAD,
1418,5042200036,LICENCIATURA INTERNACIONAL EN ADMINISTRACIÓN DE EMPRESAS TURÍSTICAS,
1419,5101600020,LICENCIATURA EN TURISMO SUSTENTABLE Y GESTIÓN HOTELERA,
1420,5042200059,LICENCIATURA EN ADMINISTRACIÓN DE EMPRESAS GASTRONÓMICAS,
1421,5042200060,LICENCIATURA EN ADMINISTRACIÓN DE RESTAURANTES,
1422,5042200061,LICENCIATURA EN ADMINISTRACIÓN DE SERVICIOS ALIMENTARIOS,
1423,5042200062,LICENCIATURA EN ADMINISTRACIÓN GASTRONÓMICA,
1424,5042200063,LICENCIATURA EN ADMINISTRACIÓN RESTAURANTERA,
1425,5101500002,LICENCIATURA EN ARTE CULINARIO,
1426,5101500003,LICENCIATURA EN ARTES CULINARIAS,
1427,5101500004,"LICENCIATURA EN ARTES CULINARIAS, CHEF",
1428,5101500005,LICENCIATURA EN ARTES GASTRONÓMICAS,
1429,5042200064,LICENCIATURA EN DIRECCIÓN DE RESTAURANTES,
1430,5101500006,LICENCIATURA EN GASTRONOMÍA,
1431,5101500007,LICENCIATURA EN GASTRONOMÍA CON ADMINISTRACIÓN EN ALIMENTOS Y BEBIDAS,
1432,5101500008,LICENCIATURA EN GASTRONOMÍA CON FORMACIÓN EN COCINA MEXICANA,
1433,5042200065,LICENCIATURA EN GASTRONOMÍA Y ADMINISTRACIÓN OPERATIVA,
1434,5101500009,LICENCIATURA EN GASTRONOMÍA Y ALTA DIRECCIÓN DE RESTAURANTES,
1435,5101500010,LICENCIATURA EN GASTRONOMÍA Y ARTES CULINARIAS,
1436,5101500011,LICENCIATURA EN GASTRONOMÍA Y DIRECCIÓN DE ALIMENTOS Y BEBIDAS,
1437,5101500012,LICENCIATURA EN GASTRONOMÍA Y GESTIÓN TURÍSTICA,
1438,5101500013,LICENCIATURA EN GASTRONOMÍA Y NEGOCIOS,
1439,5101500014,"LICENCIATURA EN GASTRONOMÍA, CHEF",
1440,5101500015,LICENCIATURA EN GASTROTECNOLOGÍA,
1441,5041100112,LICENCIATURA EN NEGOCIOS GASTRONÓMICOS,
1442,5042200066,LICENCIATURA EN NEGOCIOS GASTRONÓMICOS Y EMPRESAS TURÍSTICAS,
1443,5094200001,LICENCIATURA EN NUTRICIÓN Y GASTRONOMÍA,
1444,5101500016,LICENCIATURA EN SERVICIOS DE GASTRONOMÍA,
1445,5101600032,"LICENCIATURA EN TURISMO, HOTELERÍA Y RESTAURANTES",
1446,5042200067,LICENCIATURA INTERNACIONAL EN ADMINISTRACIÓN DE EMPRESAS GASTRONÓMICAS,
1447,5101500017,LICENCIATURA INTERNACIONAL EN GASTRONOMÍA,
1448,5033100003,ABOGADO,
1449,5033100004,"ABOGADO, NOTARIO Y ACTUARIO",
1450,5033100005,LICENCIATURA EN ABOGACÍA INTERNACIONAL,
1451,5033100006,LICENCIATURA EN CIENCIAS DE LA JUSTICIA,
1452,5033100007,LICENCIATURA EN CIENCIAS JURÍDICAS,
1453,5033100008,LICENCIATURA EN CIENCIAS JURÍDICAS Y SOCIALES,
1454,5033100009,LICENCIATURA EN CIENCIAS PENALES,
1455,5041100113,LICENCIATURA EN COMERCIO EXTERIOR Y DERECHO ADUANERO,
1456,5033100010,LICENCIATURA EN CONSULTORÍA JURÍDICA,
1457,5033100011,LICENCIATURA EN DERECHO,
1458,5033100012,LICENCIATURA EN DERECHO (EJECUTIVA),
1459,5033100013,LICENCIATURA EN DERECHO ADUANAL,
1460,5033100014,LICENCIATURA EN DERECHO BUROCRÁTICO,
1461,5033100015,LICENCIATURA EN DERECHO CON ACENTUACIÓN EN CORPORATIVOS Y AMPARO,
1462,5033100016,LICENCIATURA EN DERECHO CON ACENTUACIÓN EN DERECHO DE AMÉRICA DEL NORTE,
1463,5033100017,LICENCIATURA EN DERECHO CON ACENTUACIÓN EN NEGOCIOS INTERNACIONALES,
1464,5033100018,LICENCIATURA EN DERECHO CON OPCIÓN EN DERECHO FISCAL,
1465,5033100019,LICENCIATURA EN DERECHO CON OPCIÓN EN DERECHO INTERNACIONAL,
1466,5033100020,LICENCIATURA EN DERECHO CON ORIENTACIÓN EN: ASUNTOS INDÍGENAS,
1467,5033100021,LICENCIATURA EN DERECHO CORPORATIVO,
1468,5033100022,LICENCIATURA EN DERECHO CORPORATIVO EMPRESARIAL,
1469,5033100023,LICENCIATURA EN DERECHO ECONÓMICO Y CORPORATIVO,
1470,5033100024,LICENCIATURA EN DERECHO EMPRESARIAL,
1471,5033100025,LICENCIATURA EN DERECHO INTERNACIONAL,
1472,5033100026,LICENCIATURA EN DERECHO SOCIAL Y CONSTITUCIONAL,
1473,5033100027,LICENCIATURA EN DERECHO Y ADMINISTRACIÓN PÚBLICA,
1474,5033100028,LICENCIATURA EN DERECHO Y ASUNTOS INTERNACIONALES,
1475,5033100029,LICENCIATURA EN DERECHO Y CIENCIAS JURÍDICAS,
1476,5033100030,LICENCIATURA EN DERECHO Y CIENCIAS POLÍTICAS,
1477,5033100031,LICENCIATURA EN DERECHO Y CIENCIAS SOCIALES,
1478,5033100032,LICENCIATURA EN DERECHO Y CONSULTORÍA JURÍDICA,
1479,5033100033,LICENCIATURA EN DERECHO Y CORPORATIVO EMPRESARIAL,
1480,5033100034,LICENCIATURA EN DERECHO Y ECONOMÍA,
1481,5033100035,LICENCIATURA EN DERECHO Y FINANZAS,
1482,5033100036,LICENCIATURA EN DERECHO Y NEGOCIOS,
1483,5031300030,LICENCIATURA EN DERECHOS HUMANOS Y GESTIÓN DE PAZ,
1484,5031300031,LICENCIATURA EN LEGISLACIÓN COMERCIAL INTERNACIONAL,
1485,5033100037,LICENCIATURA EN PROCURACIÓN DE JUSTICIA,
1486,5033100038,TRONCO COMÚN EN DERECHO,
1487,5033200001,LICENCIATURA EN CRIMINALÍSTICA,
1488,5033200002,LICENCIATURA EN CRIMINALÍSTICA Y CIENCIAS PENALES,
1489,5033200003,LICENCIATURA EN CRIMINALÍSTICA Y CIENCIAS PERICIALES,
1490,5033200004,LICENCIATURA EN CRIMINALÍSTICA Y CRIMINOLOGÍA,
1491,5033200005,LICENCIATURA EN CRIMINO-VICTIMALES,
1492,5033200006,LICENCIATURA EN CRIMINOLOGÍA,
1493,5033200007,LICENCIATURA EN CRIMINOLOGÍA E INVESTIGACIÓN POLICIAL,
1494,5033200008,LICENCIATURA EN CRIMINOLOGÍA Y CIENCIAS PENALES,
1495,5033200009,LICENCIATURA EN CRIMINOLOGÍA Y CRIMINALÍSTICA,
1496,5033200010,"LICENCIATURA EN CRIMINOLOGÍA, CRIMINALÍSTICA Y TÉCNICAS PERICIALES",
1497,5033200011,LICENCIATURA EN INVESTIGACIÓN CRIMINAL,
1498,5051100001,BIÓLOGO,
1499,5081400001,BIÓLOGO ACUACULTOR,
1500,5051100002,BIÓLOGO EN RECURSOS NATURALES,
1501,5051200002,BIOQUÍMICO,
1502,5081100004,INGENIERÍA AGRÓNOMO EN PARASITOLOGÍA,
1503,5051200003,INGENIERÍA EN FARMACOBIOLOGÍA,
1504,5051200004,INGENIERÍA QUÍMICO FARMACOBIÓLOGO,
1505,5081400002,LICENCIATURA BIÓLOGO EN PRODUCCIÓN ACUÍCOLA,
1506,5051200005,LICENCIATURA EN ANÁLISIS QUÍMICO BIOLÓGICOS,
1507,5051200006,LICENCIATURA EN BIOFÍSICA,
1508,5051100003,LICENCIATURA EN BIOLOGÍA,
1509,5051100004,LICENCIATURA EN BIOLOGÍA (ORIENTACIÓN IMPACTO AMBIENTAL),
1510,5051100005,LICENCIATURA EN BIOLOGÍA ESPECIALIDAD EN MANEJO DE RECURSOS NATURALES,
1511,5051200007,LICENCIATURA EN BIOLOGÍA EXPERIMENTAL,
1512,5051100006,LICENCIATURA EN BIOLOGÍA MARINA,
1513,5081400003,LICENCIATURA EN BIOLOGÍA PESQUERA,
1514,5095200001,LICENCIATURA EN BIOMEDICINA,
1515,5095300001,LICENCIATURA EN BIOQUÍMICA CLÍNICA,
1516,5095300002,LICENCIATURA EN BIOQUÍMICA DIAGNÓSTICA,
1517,5051200008,LICENCIATURA EN CIENCIAS (BIOQUÍMICA),
1518,5051100007,LICENCIATURA EN CIENCIAS BIOLÓGICAS,
1519,5051200009,LICENCIATURA EN CIENCIAS GENÓMICAS,
1520,5051100008,LICENCIATURA EN HIDROBIOLOGÍA,
1521,5095200002,LICENCIATURA EN INVESTIGACIÓN BIOMÉDICA BÁSICA,
1522,5095400001,LICENCIATURA EN QUÍMICA FARMACÉUTICA BIOLÓGICA,
1523,5051200010,LICENCIATURA EN QUÍMICO FARMACOBIOLOGÍA,
1524,5051200011,LICENCIATURA EN QUÍMICO FARMACOBIÓLOGO,
1525,5095400002,LICENCIATURA QUÍMICO FARMACÉUTICO BIÓLOGO,
1526,5051200012,LICENCIATURA QUÍMICO FARMACOBIÓLOGO,
1527,5051200013,QUÍMICO BACTERIÓLOGO PARASITÓLOGO,
1528,5051200014,QUÍMICO BACTERIÓLOGO Y PARASITÓLOGO,
1529,5051200015,QUÍMICO BIÓLOGO,
1530,5051200016,QUÍMICO BIÓLOGO PARASITÓLOGO,
1531,5095400003,QUÍMICO FARMACÉUTICO BIÓLOGO,
1532,5095400004,QUÍMICO FARMACÉUTICO BIOTECNÓLOGO,
1533,5095400005,QUÍMICO FARMACÉUTICO INDUSTRIAL,
1534,5051200017,QUÍMICO FARMACOBIÓLOGO,
1535,5051100009,TRONCO COMÚN EN BIOLOGÍA,
1536,5051300002,INGENIERÍA EN ADMINISTRACIÓN AMBIENTAL,
1537,5051300003,INGENIERÍA EN CIENCIAS AMBIENTALES,
1538,5051300004,INGENIERÍA EN MEDIO AMBIENTE Y DESARROLLO SUSTENTABLE,
1539,5051300005,INGENIERÍA EN RECURSOS NATURALES Y AGROPECUARIOS,
1540,5051300006,INGENIERÍA EN SISTEMAS COSTEROS,
1541,5051300007,LICENCIATURA EN ADMINISTRACIÓN DE LA FAUNA SILVESTRE,
1542,5051300008,LICENCIATURA EN ADMINISTRACIÓN DE RECURSOS NATURALES,
1543,5081100005,LICENCIATURA EN AGROECOLOGÍA,
1544,5051300009,LICENCIATURA EN CIENCIA AMBIENTAL Y GESTIÓN DE RIESGOS,
1545,5051300010,LICENCIATURA EN CIENCIAS AMBIENTALES,
1546,5051300011,LICENCIATURA EN CIENCIAS AMBIENTALES Y SALUD,
1547,5051200020,LICENCIATURA EN DESARROLLO REGIONAL SUSTENTABLE,
1548,5051200021,LICENCIATURA EN DESARROLLO RURAL SUSTENTABLE,
1549,5051300012,LICENCIATURA EN DESARROLLO SUSTENTABLE,
1550,5051300013,LICENCIATURA EN ECOLOGÍA,
1551,5051300014,LICENCIATURA EN ECOLOGÍA MARINA,
1552,5051300015,LICENCIATURA EN ECOLOGÍA Y CIENCIAS AMBIENTALES,
1553,5051300016,LICENCIATURA EN ECOLOGÍA Y MEDIO AMBIENTE,
1554,5051300017,LICENCIATURA EN GESTIÓN AMBIENTAL,
1555,5051300018,LICENCIATURA EN MANEJO DE RECURSOS NATURALES,
1556,5051300019,LICENCIATURA EN MANEJO SUSTENTABLE DE ZONAS COSTERAS,
1557,5071600001,LICENCIATURA EN TECNOLOGÍA AMBIENTAL,
1558,5052200001,TRONCO COMÚN EN CIENCIAS QUÍMICAS,
1559,5052100001,FÍSICO,
1560,5071000002,INGENIERÍA EN FÍSICA,
1561,5052100002,INGENIERÍA EN FÍSICA APLICADA,
1562,5071000003,INGENIERÍA FÍSICA,
1563,5071000004,INGENIERÍA FÍSICO,
1564,5052100003,LICENCIATURA EN CIENCIAS (FÍSICA),
1565,5052100004,LICENCIATURA EN CIENCIAS FÍSICO MATEMÁTICAS,
1566,5052100005,LICENCIATURA EN FÍSICA,
1567,5052100006,LICENCIATURA EN FÍSICA APLICADA,
1568,5052100007,LICENCIATURA EN FÍSICA Y MATEMÁTICAS,
1569,5052100008,LICENCIATURA EN FÍSICA Y TECNOLOGÍA AVANZADA,
1570,5071000005,LICENCIATURA EN INGENIERÍA FÍSICA,
1571,5052200002,INGENIERÍA EN NANOTECNOLOGÍA,
1572,5052200003,LICENCIATURA EN CIENCIAS (QUÍMICAS),
1573,5052200004,LICENCIATURA EN CIENCIAS DE LOS MATERIALES,
1574,5052200005,LICENCIATURA EN CIENCIAS QUÍMICAS,
1575,5052200006,LICENCIATURA EN NANOTECNOLOGÍA E INGENIERÍA MOLECULAR,
1576,5052200007,LICENCIATURA EN QUÍMICA,
1577,5052200008,QUÍMICO,
1578,5052200009,QUÍMICO AMBIENTAL EN SISTEMAS COMPLEJOS,
1579,5052300002,GEÓLOGO,
1580,5052300003,INGENIERÍA EN GEOCIENCIAS,
1581,5072400001,INGENIERÍA EN GEOFÍSICA,
1582,5052300004,INGENIERÍA EN GEOLOGÍA,
1583,5052300005,INGENIERÍA EN GEOLOGÍA AMBIENTAL,
1584,5052300006,INGENIERÍA EN GEOMÁTICA,
1585,5052300007,INGENIERÍA EN HIDROLOGÍA,
1586,5072400002,INGENIERÍA GEOFÍSICO,
1587,5052300008,INGENIERÍA GEÓGRAFO,
1588,5052300009,INGENIERÍA GEÓLOGO,
1589,5052300010,INGENIERÍA GEÓLOGO AMBIENTAL,
1590,5072400003,INGENIERÍA GEÓLOGO MINERALOGISTA,
1591,5052300011,INGENIERÍA OCEÁNICA,
1592,5052300012,LICENCIATURA EN CIENCIAS ATMOSFÉRICAS,
1593,5052300013,LICENCIATURA EN CIENCIAS DE LA TIERRA,
1594,5052300014,LICENCIATURA EN CIENCIAS GEOINFORMÁTICAS,
1595,5102100002,LICENCIATURA EN CIENCIAS MARÍTIMAS,
1596,5052300015,LICENCIATURA EN GEOGRAFÍA,
1597,5052300016,LICENCIATURA EN GEOGRAFÍA Y ORDENACIÓN DEL TERRITORIO,
1598,5052300017,LICENCIATURA EN GEOINFORMÁTICA,
1599,5072400004,LICENCIATURA EN INGENIERÍA GEOFÍSICA,
1600,5052300018,LICENCIATURA EN INGENIERÍA GEOMÁTICA,
1601,5052300019,LICENCIATURA EN OCEANOLOGÍA,
1602,5052300020,LICENCIATURA METEORÓLOGO MILITAR,
1603,5052300021,OCEANÓLOGO,
1604,5053100001,INGENIERÍA MATEMÁTICA,
1605,5053100002,LICENCIATURA EN CIENCIAS (MATEMÁTICAS),
1606,5053100003,LICENCIATURA EN MATEMÁTICA EDUCATIVA,
1607,5053100004,LICENCIATURA EN MATEMÁTICAS,
1608,5053100005,LICENCIATURA EN MATEMÁTICAS APLICADAS,
1609,5053100006,LICENCIATURA EN MATEMÁTICAS APLICADAS Y COMPUTACIÓN,
1610,5053100007,LICENCIATURA EN MATEMÁTICAS EDUCATIVAS,
1611,5053100008,LICENCIATURA EN MATEMÁTICAS Y ECONOMÍA,
1612,5053200002,ACTUARIO,
1613,5053200003,LICENCIATURA EN ACTUARÍA,
1614,5053200004,LICENCIATURA EN CIENCIAS Y TÉCNICAS ESTADÍSTICAS,
1615,5053200005,LICENCIATURA EN ESTADÍSTICA,
1616,5061300007,LICENCIATURA EN DESARROLLO INTEGRAL DE VIDEO JUEGOS,
1617,5062200012,INGENIERÍA ADMINISTRADOR DE SISTEMAS,
1618,5062200013,INGENIERÍA ADMINISTRADOR EN SISTEMAS,
1619,5061300008,INGENIERÍA DE SOFTWARE,
1620,5062200014,INGENIERÍA EN ADMINISTRACIÓN DE SISTEMAS,
1621,5061300009,INGENIERÍA EN ARQUITECTURA DE SOFTWARE,
1622,5061100001,INGENIERÍA EN CIENCIAS COMPUTACIONALES,
1623,5061100002,INGENIERÍA EN CIENCIAS DE LA COMPUTACIÓN,
1624,5061300010,INGENIERÍA EN DESARROLLO DE APLICACIONES COMPUTACIONALES,
1625,5061300011,INGENIERÍA EN DESARROLLO DE SOFTWARE,
1626,5062200015,INGENIERÍA EN INFORMÁTICA,
1627,5062200016,INGENIERÍA EN INFORMÁTICA ADMINISTRATIVA,
1628,5061300012,INGENIERÍA EN SISTEMAS COMPUTACIONALES EN PROGRAMACIÓN,
1629,5061300013,INGENIERÍA EN SISTEMAS COMPUTACIONALES EN SOFTWARE,
1630,5062200018,INGENIERÍA EN SISTEMAS COMPUTACIONALES Y ADMINISTRATIVOS,
1631,5061300014,INGENIERÍA EN SISTEMAS DE COMPUTACIÓN,
1632,5062200019,INGENIERÍA EN SISTEMAS DE COMPUTACIÓN ADMINISTRATIVA,
1633,5061300015,INGENIERÍA EN SISTEMAS DE INFORMACIÓN,
1634,5061300016,INGENIERÍA EN SOFTWARE,
1635,5062200020,LICENCIATURA EN ADMINISTRACIÓN CON ACENTUACIÓN EN SISTEMAS,
1636,5062200021,LICENCIATURA EN ADMINISTRACIÓN DE COMPUTACIÓN,
1637,5061300017,LICENCIATURA EN ADMINISTRACIÓN DE SISTEMAS COMPUTACIONALES,
1638,5062200022,LICENCIATURA EN ADMINISTRACIÓN DE TECNOLOGÍAS Y SISTEMAS DE INFORMACIÓN,
1639,5062200023,LICENCIATURA EN ADMINISTRACIÓN Y SISTEMAS COMPUTACIONALES,
1640,5061100003,LICENCIATURA EN CIENCIAS (COMPUTACIÓN),
1641,5061100004,LICENCIATURA EN CIENCIAS COMPUTACIONALES,
1642,5061100005,LICENCIATURA EN CIENCIAS COMPUTACIONALES Y DE LA COMUNICACIÓN,
1643,5061100006,LICENCIATURA EN CIENCIAS DE LA COMPUTACIÓN,
1644,5062200024,LICENCIATURA EN CIENCIAS DE LA INFORMÁTICA,
1645,5061000001,LICENCIATURA EN COMPUTACIÓN,
1646,5062200025,LICENCIATURA EN COMPUTACIÓN ADMINISTRATIVA,
1647,5061300018,LICENCIATURA EN COMPUTACIÓN Y SISTEMAS,
1648,5062200026,LICENCIATURA EN INFORMÁTICA,
1649,5062200027,LICENCIATURA EN INFORMÁTICA ADMINISTRATIVA,
1650,5062200028,LICENCIATURA EN INFORMÁTICA ADMINISTRATIVA Y FINANCIERA,
1651,5062200029,LICENCIATURA EN INFORMÁTICA APLICADA,
1652,5041400087,LICENCIATURA EN INFORMÁTICA CONTABLE,
1653,5041400088,LICENCIATURA EN INFORMÁTICA CONTABLE Y ADMINISTRATIVA,
1654,5062200030,LICENCIATURA EN INFORMÁTICA EMPRESARIAL,
1655,5062200032,LICENCIATURA EN INFORMÁTICA Y ADMINISTRACIÓN,
1656,5062200033,LICENCIATURA EN INFORMÁTICA Y COMPUTACIÓN,
1657,5062200034,LICENCIATURA EN INFORMÁTICA Y CONTABILIDAD,
1658,5021500097,LICENCIATURA EN INFORMÁTICA Y DISEÑO GRÁFICO,
1659,5062200036,LICENCIATURA EN INFORMÁTICA Y TECNOLOGÍAS DE INFORMACIÓN,
1660,5061300019,LICENCIATURA EN INGENIERÍA DE DESARROLLO DE SOFTWARE,
1661,5061300020,LICENCIATURA EN INGENIERÍA DE SOFTWARE,
1662,5061300021,LICENCIATURA EN INGENIERÍA DE SOFTWARE Y SISTEMAS COMPUTACIONALES,
1663,5062200037,LICENCIATURA EN INGENIERÍA EN COMPUTACIÓN FINANCIERA,
1664,5061300022,LICENCIATURA EN INGENIERÍA EN DESARROLLO DE SOFTWARE,
1665,5062200038,LICENCIATURA EN INGENIERÍA EN SISTEMAS DE COMPUTACIÓN ADMINISTRATIVA,
1666,5061300023,LICENCIATURA EN INGENIERÍA EN SISTEMAS DE INFORMACIÓN,
1667,5062200039,LICENCIATURA EN INGENIERÍA INFORMÁTICA,
1668,5061300024,LICENCIATURA EN SISTEMAS,
1669,5062200040,LICENCIATURA EN SISTEMAS ADMINISTRATIVOS COMPUTACIONALES,
1670,5061300025,LICENCIATURA EN SISTEMAS COMPUTACIONALES,
1671,5062200041,LICENCIATURA EN SISTEMAS COMPUTACIONALES ADMINISTRATIVOS,
1672,5062200042,LICENCIATURA EN SISTEMAS COMPUTACIONALES ADMINISTRATIVOS Y CONTABLES,
1673,5062200043,LICENCIATURA EN SISTEMAS COMPUTACIONALES APLICADOS A LA ADMINISTRACIÓN,
1674,5062200044,LICENCIATURA EN SISTEMAS COMPUTACIONALES E INFORMÁTICA,
1675,5062200045,LICENCIATURA EN SISTEMAS COMPUTACIONALES EN ADMINISTRACIÓN,
1676,5062200046,LICENCIATURA EN SISTEMAS COMPUTACIONALES Y ADMINISTRATIVAS,
1677,5062200047,LICENCIATURA EN SISTEMAS COMPUTACIONALES Y ADMINISTRATIVOS,
1678,5062200048,LICENCIATURA EN SISTEMAS COMPUTACIONALES Y ADMINISTRACIÓN DE EMPRESAS,
1679,5062200049,"LICENCIATURA EN SISTEMAS COMPUTACIONALES, CONTABLES Y ADMINISTRATIVOS",
1680,5062200050,LICENCIATURA EN SISTEMAS COMPUTARIZADOS E INFORMÁTICA,
1681,5061300026,LICENCIATURA EN SISTEMAS DE COMPUTACIÓN,
1682,5062200051,LICENCIATURA EN SISTEMAS DE COMPUTACIÓN ADMINISTRATIVA,
1683,5062200052,LICENCIATURA EN SISTEMAS DE COMPUTACIÓN ADMINISTRATIVA (EJECUTIVA),
1684,5061300027,LICENCIATURA EN SISTEMAS DE INFORMACIÓN,
1685,5062200053,LICENCIATURA EN SISTEMAS DE INFORMACIÓN ADMINISTRATIVA,
1686,5062200054,LICENCIATURA EN SISTEMAS INFORMÁTICOS,
1687,5071700001,BACHELOR INDUSTRIAL ENGINEERING,
1688,5071500002,INGENIERÍA EN CONTROL DE CALIDAD Y SISTEMAS,
1689,5071500003,INGENIERÍA EN PROCESOS DE CALIDAD,
1690,5071700002,INGENIERÍA EN SISTEMAS DE CALIDAD,
1691,5071700003,INGENIERÍA EN SISTEMAS DE CALIDAD Y PRODUCTIVIDAD,
1692,5071700004,INGENIERÍA INDUSTRIAL EN CALIDAD Y PRODUCTIVIDAD,
1693,5071700005,INGENIERÍA INDUSTRIAL EN PRODUCCIÓN,
1694,5071700006,INGENIERÍA INDUSTRIAL EN PRODUCTIVIDAD Y CALIDAD,
1695,5071700007,INGENIERÍA INDUSTRIAL PRODUCTIVA,
1696,5071700008,INGENIERÍA INDUSTRIAL Y DE PROCESOS,
1697,5071700009,LICENCIATURA EN INGENIERÍA EN CALIDAD Y PRODUCTIVIDAD,
1698,5071700010,LICENCIATURA EN INGENIERÍA INDUSTRIAL EN CALIDAD Y PRODUCTIVIDAD,
1699,5071000007,TRONCO COMÚN,
1700,5071000008,TRONCO COMÚN EN CIENCIAS DE LA INGENIERÍA,
1701,5071000009,TRONCO COMÚN EN DISEÑO,
1702,5071000010,TRONCO COMÚN EN INGENIERÍA,
1703,5071400002,TRONCO COMÚN EN INGENIERÍA QUÍMICA,
1704,5071100003,DISEÑADOR INDUSTRIAL,
1705,5071400004,INGENIERÍA DE LOS MATERIALES,
1706,5081100006,INGENIERÍA EN AGROHIDRÁULICA,
1707,5071400005,INGENIERÍA EN CIENCIAS DE LOS MATERIALES,
1708,5071100004,INGENIERÍA EN CONFIABILIDAD DE PLANTA,
1709,5071100005,INGENIERÍA EN DISEÑO INDUSTRIAL,
1710,5073200004,INGENIERÍA EN HIDRÁULICA,
1711,5071100006,INGENIERÍA EN INNOVACIÓN Y DISEÑO,
1712,5071100007,INGENIERÍA EN MANTENIMIENTO INDUSTRIAL,
1713,5071400006,INGENIERÍA EN MATERIALES,
1714,5071300004,INGENIERÍA EN MECATRÓNICA,
1715,5071300005,INGENIERÍA EN MECATRÓNICA Y EN SISTEMAS DE CONTROL DE PROCESOS,
1716,5071300006,INGENIERÍA EN MECATRÓNICA Y PRODUCCIÓN,
1717,5071100008,INGENIERÍA EN METAL MECÁNICA,
1718,5071100009,INGENIERÍA EN METALMECÁNICA,
1719,5072400007,INGENIERÍA EN METALURGIA Y MATERIALES,
1720,5072400008,INGENIERÍA EN METALÚRGICA Y CIENCIAS DE LOS MATERIALES,
1721,5071700018,INGENIERÍA EN TECNOLOGÍAS DE LA PRODUCCIÓN,
1722,5071000017,INGENIERÍA FÍSICO INDUSTRIAL,
1723,5071700019,INGENIERÍA INDUSTRIAL,
1724,5071300007,INGENIERÍA INDUSTRIAL EN ELECTRÓNICA,
1725,5071100010,INGENIERÍA INDUSTRIAL EN INSTRUMENTACIÓN Y CONTROL DE PROCESO,
1726,5071100011,INGENIERÍA INDUSTRIAL EN MANTENIMIENTO,
1727,5071100012,INGENIERÍA INDUSTRIAL EN MECÁNICA,
1728,5071700020,INGENIERÍA INDUSTRIAL ESTADÍSTICO,
1729,5071300008,INGENIERÍA INDUSTRIAL MECATRÓNICA,
1730,5071700021,INGENIERÍA INDUSTRIAL Y DE CALIDAD,
1731,5071100013,INGENIERÍA INDUSTRIAL Y DE MANTENIMIENTO,
1732,5071700022,INGENIERÍA INDUSTRIAL Y DE SISTEMAS,
1733,5071700023,INGENIERÍA INDUSTRIAL Y DE SISTEMAS DE CALIDAD,
1734,5071700024,INGENIERÍA INDUSTRIAL Y EN SISTEMAS,
1735,5042400045,INGENIERÍA INDUSTRIAL Y EN SISTEMAS DE ADMINISTRACIÓN DE LA CALIDAD,
1736,5042400046,INGENIERÍA INDUSTRIAL Y EN SISTEMAS ORGANIZACIONALES,
1737,5071100014,INGENIERÍA MECÁNICA,
1738,5071300009,INGENIERÍA MECÁNICA ELÉCTRICA,
1739,5071300010,INGENIERÍA MECÁNICA ELECTRÓNICA,
1740,5071300011,INGENIERÍA MECÁNICA Y ELÉCTRICA,
1741,5071100015,INGENIERÍA MECÁNICO,
1742,5071500007,INGENIERÍA MECÁNICO AGRÍCOLA,
1743,5071300012,INGENIERÍA MECÁNICO ELECTRICISTA,
1744,5071100016,INGENIERÍA MECÁNICO METALÚRGICO,
1745,5071300014,INGENIERÍA MECATRÓNICA,
1746,5072400009,INGENIERÍA METALÚRGICA,
1747,5071100017,LICENCIATURA EN DISEÑO CON ACENTUACIÓN EN DISEÑO INDUSTRIAL,
1748,5071100018,LICENCIATURA EN DISEÑO GRÁFICO INDUSTRIAL,
1749,5071100019,LICENCIATURA EN DISEÑO INDUSTRIAL,
1750,5071100020,LICENCIATURA EN DISEÑO INDUSTRIAL Y DESARROLLO DE PRODUCTO,
1751,5071100021,LICENCIATURA EN DISEÑO MECÁNICO INDUSTRIAL,
1752,5071100022,LICENCIATURA EN INGENIERÍA EN DISEÑO,
1753,5071100023,LICENCIATURA EN INGENIERÍA EN DISEÑO INDUSTRIAL,
1754,5071300015,LICENCIATURA EN INGENIERÍA EN MECATRÓNICA,
1755,5071500008,LICENCIATURA EN INGENIERÍA EN PROCESOS DE CALIDAD,
1756,5071700025,LICENCIATURA EN INGENIERÍA INDUSTRIAL CON ESPECIALIDAD EN PRODUCCIÓN,
1757,5071100024,LICENCIATURA EN INGENIERÍA INDUSTRIAL EN MANTENIMIENTO,
1758,5071700026,LICENCIATURA EN INGENIERÍA INDUSTRIAL EN PRODUCCIÓN,
1759,5042400047,LICENCIATURA EN INGENIERÍA INDUSTRIAL Y CAPITAL HUMANO,
1760,5071700027,LICENCIATURA EN INGENIERÍA INDUSTRIAL Y DE SISTEMAS,
1761,5071700028,LICENCIATURA EN INGENIERÍA INDUSTRIAL Y DE SISTEMAS (CALIDAD Y PRODUCTIVIDAD),
1762,5071700029,LICENCIATURA EN INGENIERÍA INDUSTRIAL Y SISTEMAS,
1763,5071500009,LICENCIATURA EN INGENIERÍA INDUSTRIAL Y SISTEMAS ORGANIZACIONALES,
1764,5071100025,LICENCIATURA EN INGENIERÍA MECÁNICA,
1765,5071300016,LICENCIATURA EN INGENIERÍA MECÁNICA ELÉCTRICA,
1766,5071100026,LICENCIATURA EN INGENIERÍA MECÁNICA INDUSTRIAL,
1767,5071300017,LICENCIATURA EN INGENIERÍA MECÁNICA Y ELÉCTRICA,
1768,5071100027,LICENCIATURA EN INGENIERÍA MECÁNICA Y EN SISTEMAS ENERGÉTICOS,
1769,5071300018,LICENCIATURA EN INGENIERÍA MECATRÓNICA Y EN SISTEMAS DE CONTROL DE PROCESOS,
1770,5071300019,LICENCIATURA EN INGENIERÍA MECATRÓNICA,
1771,5071300020,LICENCIATURA EN INGENIERÍA MECATRÓNICA EN EL ÁREA DE PROCESOS INDUSTRIALES,
1772,5071300021,LICENCIATURA EN INGENIERO MECÁNICO Y ELÉCTRICO,
1773,5071200003,INGENIERÍA ELÉCTRICA,
1774,5071300026,INGENIERÍA ELÉCTRICA Y ELECTRÓNICA,
1775,5071300027,INGENIERÍA ELÉCTRICA Y MECÁNICA,
1776,5071200004,INGENIERÍA ELECTRICISTA,
1777,5071200005,INGENIERÍA ELÉCTRICO,
1778,5071300028,INGENIERÍA ELECTROMECÁNICA,
1779,5071300029,INGENIERÍA ELECTROMECÁNICO,
1780,5071200006,INGENIERÍA EN ELÉCTRICA,
1781,5071200008,INGENIERÍA EN ELECTRICIDAD Y AUTOMATIZACIÓN,
1782,5071300030,INGENIERÍA EN ELECTROMECÁNICA,
1783,5071300031,INGENIERÍA EN ELECTROMECÁNICA INDUSTRIAL,
1784,5071200009,INGENIERÍA EN ENERGÍA,
1785,5071200010,INGENIERÍA EN ENERGÍAS RENOVABLES,
1786,5071200011,INGENIERÍA EN RECURSOS MINERALES Y ENERGÉTICOS,
1787,5071200012,INGENIERÍA EN SISTEMAS DE ENERGÍA,
1788,5071200013,INGENIERÍA INDUSTRIAL MILITAR CON ESPECIALIDAD EN INGENIERÍA ELÉCTRICA,
1789,5071200014,LICENCIATURA EN INGENIERÍA ELÉCTRICA,
1790,5071200015,LICENCIATURA EN INGENIERÍA ELÉCTRICA ÁREA CONDUCCIÓN,
1791,5071200016,LICENCIATURA EN INGENIERÍA ELÉCTRICA ÁREA MEDICIÓN,
1792,5071200017,LICENCIATURA EN INGENIERÍA ELÉCTRICA ÁREA SERVICIO AL CLIENTE,
1793,5071300032,LICENCIATURA EN INGENIERÍA ELECTROMECÁNICA,
1794,5071300033,LICENCIATURA EN INGENIERÍA EN ELECTROMECÁNICA,
1795,5071200018,LICENCIATURA EN INGENIERÍA EN ENERGÍA,
1796,5071300037,INGENIERÍA ELECTROMÉDICA,
1797,5071300038,INGENIERÍA ELECTRÓNICA,
1798,5071300039,INGENIERÍA ELECTRÓNICA BIOMÉDICA,
1799,5071300040,INGENIERÍA ELECTRÓNICA EN INSTRUMENTACIÓN,
1800,5062100007,INGENIERÍA ELECTRÓNICA Y DE COMUNICACIONES,
1801,5071300042,INGENIERÍA ELECTRÓNICO,
1802,5061200001,INGENIERÍA ELECTRÓNICO EN COMPUTACIÓN,
1803,5071300043,INGENIERÍA EN AUTOMATIZACIÓN,
1804,5071300044,INGENIERÍA EN BIÓNICA,
1805,5071300045,INGENIERÍA EN CIBERNÉTICA,
1806,5071300046,INGENIERÍA EN CIBERNÉTICA ELECTRÓNICA,
1807,5061300042,INGENIERÍA EN CIBERNÉTICA Y EN SISTEMAS COMPUTACIONALES,
1808,5062100008,INGENIERÍA EN CIENCIAS COMPUTACIONALES Y TELECOMUNICACIONES,
1809,5061000002,INGENIERÍA EN COMPUTACIÓN,
1810,5061100007,INGENIERÍA EN COMPUTACIÓN INTELIGENTE,
1811,5061300043,INGENIERÍA EN COMPUTACIÓN Y ELECTRÓNICA,
1812,5061000003,INGENIERÍA EN CÓMPUTO,
1813,5062100009,INGENIERÍA EN COMUNICACIONES Y ELECTRÓNICA,
1814,5071300047,INGENIERÍA EN CONTROL Y AUTOMATIZACIÓN,
1815,5062200072,INGENIERÍA EN CONTROL Y COMPUTACIÓN,
1816,5061300044,INGENIERÍA EN DESARROLLO DE VIDEO JUEGOS,
1817,5071300048,INGENIERÍA EN ELECTRÓNICA,
1818,5062100010,INGENIERÍA EN ELECTRÓNICA CON ÉNFASIS EN TELECOMUNICACIONES Y CONTROL,
1819,5071300049,INGENIERÍA EN ELECTRÓNICA E INSTRUMENTACIÓN,
1820,5061200002,INGENIERÍA ELECTRÓNICA EN COMPUTACIÓN,
1821,5071300050,INGENIERÍA EN ELECTRÓNICA EN INSTRUMENTACIÓN,
1822,5071300051,INGENIERÍA EN ELECTRÓNICA INDUSTRIAL,
1823,5071300052,INGENIERÍA EN ELECTRÓNICA INDUSTRIAL Y AUTOMATIZACIÓN,
1824,5071300053,INGENIERÍA EN ELECTRÓNICA MÉDICA,
1825,5071300055,INGENIERÍA EN ELECTRÓNICA Y AUTOMATIZACIÓN,
1826,5062200073,INGENIERÍA EN ELECTRÓNICA Y COMPUTACIÓN,
1827,5062200074,INGENIERÍA EN ELECTRÓNICA Y COMPUTADORAS,
1828,5062100011,INGENIERÍA EN ELECTRÓNICA Y COMUNICACIÓN,
1829,5062100012,INGENIERÍA EN ELECTRÓNICA Y COMUNICACIONES,
1830,5071300056,INGENIERÍA EN ELECTRÓNICA Y CONTROL,
1831,5062100013,INGENIERÍA EN ELECTRÓNICA Y DE COMUNICACIONES,
1832,5062100014,INGENIERÍA EN ELECTRÓNICA Y DE TELECOMUNICACIONES,
1833,5071300057,INGENIERÍA EN ELECTRÓNICA Y SISTEMAS DIGITALES,
1834,5062100015,INGENIERÍA EN ELECTRÓNICA Y TELECOMUNICACIONES,
1835,5062200088,INGENIERÍA EN GESTIÓN DE TECNOLOGÍAS DE LA INFORMACIÓN,
1836,5071300059,INGENIERÍA EN INTELIGENCIA ARTIFICIAL,
1837,5062100016,INGENIERÍA EN REDES,
1838,5062100017,INGENIERÍA EN REDES COMPUTACIONALES,
1839,5062100018,INGENIERÍA EN REDES Y TECNOLOGÍA DIGITAL,
1840,5062100019,INGENIERÍA EN REDES Y TELECOMUNICACIONES,
1841,5071300060,INGENIERÍA EN ROBÓTICA,
1842,5061300045,INGENIERÍA EN SISTEMAS,
1843,5061300046,INGENIERÍA EN SISTEMAS COMPUTACIONALES,
1844,5061200003,INGENIERÍA EN SISTEMAS COMPUTACIONALES EN HARDWARE,
1845,5062200075,INGENIERÍA EN SISTEMAS COMPUTACIONALES Y ADMINISTRACIÓN DE EMPRESAS,
1846,5061100008,INGENIERÍA EN SISTEMAS COMPUTACIONALES Y ELECTRÓNICOS,
1847,5061300047,INGENIERÍA EN SISTEMAS DE INFORMACIÓN GEOGRÁFICA,
1848,5071300097,INGENIERÍA EN SISTEMAS DIGITALES Y COMUNICACIÓN,
1849,5071300061,INGENIERÍA EN SISTEMAS DIGITALES Y ROBÓTICA,
1850,5071300062,INGENIERÍA EN SISTEMAS ELECTRÓNICOS,
1851,5071300063,INGENIERÍA EN SISTEMAS ELECTRÓNICOS INDUSTRIALES,
1852,5062100020,INGENIERÍA EN SISTEMAS ELECTRÓNICOS Y DE TELECOMUNICACIONES,
1853,5062100021,INGENIERÍA EN SISTEMAS ESTRATÉGICOS DE INFORMACIÓN ESPECIALIZACIÓN EN REDES,
1854,5071300064,INGENIERÍA EN SISTEMAS INTELIGENTES,
1855,5071300065,INGENIERÍA EN SISTEMAS Y AUTOMATIZACIÓN,
1856,5062200089,INGENIERÍA EN SISTEMAS Y COMUNICACIONES,
1857,5061300060,INGENIERÍA EN SISTEMAS Y TECNOLOGÍAS DE INFORMACIÓN,
1858,5061000005,INGENIERÍA EN TECNOLOGÍA COMPUTACIONAL,
1859,5071300066,INGENIERÍA EN TECNOLOGÍA DE AUTOMATIZACIÓN,
1860,5062100022,INGENIERÍA EN TECNOLOGÍA DE INFORMACIÓN Y COMUNICACIÓN,
1861,5062100023,INGENIERÍA EN TECNOLOGÍA DE LA INFORMACIÓN,
1862,5062100024,INGENIERÍA EN TECNOLOGÍA DE LA INFORMACIÓN Y COMUNICACIÓN,
1863,5062100025,INGENIERÍA EN TECNOLOGÍA DE LA INFORMACIÓN Y LA COMUNICACIÓN,
1864,5061300061,INGENIERÍA EN TECNOLOGÍA DE SOFTWARE,
1865,5071300098,INGENIERÍA EN TECNOLOGÍA EN ELECTRÓNICA,
1866,5061300062,INGENIERÍA EN TECNOLOGÍAS COMPUTACIONALES,
1867,5071300067,INGENIERÍA EN TECNOLOGÍAS DE AUTOMATIZACIÓN,
1868,5062200090,INGENIERÍA EN TECNOLOGÍAS DE INFORMACIÓN,
1869,5062100026,INGENIERÍA EN TECNOLOGÍAS DE INFORMACIÓN CON ACENTUACIÓN EN COMUNICACIONES,
1870,5061300064,INGENIERÍA EN TECNOLOGÍAS DE INFORMACIÓN CON ACENTUACIÓN EN DESARROLLO DE SOFTWARE,
1871,5061300065,INGENIERÍA EN TECNOLOGÍAS DE INFORMACIÓN E INTERNET,
1872,5062200091,INGENIERÍA EN TECNOLOGÍAS DE INFORMACIÓN Y COMUNICACIONES,
1873,5062100027,INGENIERÍA EN TECNOLOGÍAS DE INFORMACIÓN Y TELECOMUNICACIONES,
1874,5062200092,INGENIERÍA EN TECNOLOGÍAS DE LA INFORMACIÓN,
1875,5062200093,INGENIERÍA EN TECNOLOGÍAS DE LA INFORMACIÓN Y COMUNICACIONES,
1876,5061000007,INGENIERÍA EN TECNOLOGÍAS DE LA INFORMACIÓN Y COMUNICACIÓN,
1877,5062200094,INGENIERÍA EN TECNOLOGÍAS DE LA INFORMACIÓN Y LA COMUNICACIÓN,
1878,5062100028,INGENIERÍA EN TECNOLOGÍAS DE LA INFORMACIÓN Y TELECOMUNICACIONES,
1879,5062200095,INGENIERÍA EN TECNOLOGÍAS DE LA INFORMÁTICA Y LA COMPUTACIÓN,
1880,5071300099,INGENIERÍA EN TECNOLOGÍAS ELECTRÓNICAS,
1881,5071300068,INGENIERÍA EN TECNOLOGÍAS PARA LA AUTOMATIZACIÓN,
1882,5071300069,INGENIERÍA EN TECNOTRÓNICA,
1883,5062100029,INGENIERÍA EN TELECOMUNICACIONES,
1884,5062100030,INGENIERÍA EN TELECOMUNICACIONES Y ELECTRÓNICA,
1885,5062100031,INGENIERÍA EN TELECOMUNICACIONES Y MICROELECTRÓNICA,
1886,5062100033,INGENIERÍA EN TELEINFORMÁTICA,
1887,5062100034,INGENIERÍA EN TELEMÁTICA,
1888,5062100035,INGENIERÍA EN TELEMÁTICA Y SISTEMAS,
1889,5062200076,INGENIERÍA MILITAR EN COMPUTACIÓN E INFORMÁTICA,
1890,5062100036,INGENIERÍA MILITAR EN COMUNICACIONES Y ELECTRÓNICA,
1891,5071300070,INGENIERÍA ROBÓTICA INDUSTRIAL,
1892,5062100038,LICENCIATURA DE INGENIERO EN TELECOMUNICACIONES,
1893,5071300071,LICENCIATURA EN ELECTRÓNICA,
1894,5071300072,LICENCIATURA EN ELECTRÓNICA EN INSTRUMENTACIÓN,
1895,5071300074,LICENCIATURA EN INGENIERÍA BIÓNICA,
1896,5061300048,LICENCIATURA EN INGENIERÍA CIBERNÉTICA Y EN SISTEMAS COMPUTACIONALES,
1897,5061300049,LICENCIATURA EN INGENIERÍA CIBERNÉTICA Y SISTEMAS COMPUTACIONALES,
1898,5071300075,LICENCIATURA EN INGENIERÍA ELECTROMÉDICA,
1899,5071300076,LICENCIATURA EN INGENIERÍA ELECTRÓNICA,
1900,5061200004,LICENCIATURA EN INGENIERÍA ELECTRÓNICA EN COMPUTACIÓN,
1901,5062100039,LICENCIATURA EN INGENIERÍA ELECTRÓNICA EN COMUNICACIONES,
1902,5062100040,LICENCIATURA EN INGENIERÍA ELECTRÓNICA Y COMUNICACIONES,
1903,5062100041,LICENCIATURA EN INGENIERÍA ELECTRÓNICA Y TELECOMUNICACIONES,
1904,5061300050,LICENCIATURA EN INGENIERÍA EN CIBERNÉTICA Y EN SISTEMAS COMPUTACIONALES,
1905,5061000004,LICENCIATURA EN INGENIERÍA EN COMPUTACIÓN,
1906,5061300051,LICENCIATURA EN INGENIERÍA EN COMPUTACIÓN Y SISTEMAS,
1907,5062100042,LICENCIATURA EN INGENIERÍA EN COMUNICACIONES Y ELECTRÓNICA,
1908,5062100043,LICENCIATURA EN INGENIERÍA EN ELECTRÓNICA Y COMUNICACIONES,
1909,5062100044,LICENCIATURA EN INGENIERÍA EN ELECTRÓNICA Y DE COMUNICACIONES,
1910,5071300077,LICENCIATURA EN INGENIERÍA EN ELECTRÓNICA Y SISTEMAS INTELIGENTES,
1911,5052200020,LICENCIATURA EN INGENIERÍA EN NANOTECNOLOGÍA,
1912,5062100045,LICENCIATURA EN INGENIERÍA EN REDES,
1913,5062100046,LICENCIATURA EN INGENIERÍA EN REDES COMPUTACIONALES,
1914,5061300052,LICENCIATURA EN INGENIERÍA EN SEGURIDAD COMPUTACIONAL,
1915,5061300053,LICENCIATURA EN INGENIERÍA EN SISTEMAS,
1916,5061300054,LICENCIATURA EN INGENIERÍA EN SISTEMAS COMPUTACIONALES,
1917,5061000006,LICENCIATURA EN INGENIERÍA EN SISTEMAS COMPUTACIONALES Y TELEMÁTICA,
1918,5061300055,LICENCIATURA EN INGENIERÍA EN SISTEMAS DE COMPUTACIÓN ADMINISTRATIVA (APLICACIONES DE INTERNET),
1919,5061300056,LICENCIATURA EN INGENIERÍA EN SISTEMAS Y DESARROLLO DE SOFTWARE,
1920,5061300069,LICENCIATURA EN INGENIERÍA EN SISTEMAS Y TECNOLOGÍAS DE INFORMACIÓN,
1921,5061300070,LICENCIATURA EN INGENIERÍA EN SISTEMAS Y TECNOLOGÍAS DE LA INFORMACIÓN,
1922,5062100047,LICENCIATURA EN INGENIERÍA EN SISTEMAS Y TELEMÁTICA,
1923,5062100048,LICENCIATURA EN INGENIERÍA EN TECNOLOGÍAS DE INFORMACIÓN Y TELECOMUNICACIONES,
1924,5062200096,LICENCIATURA EN INGENIERÍA EN TECNOLOGÍAS DE LA INFORMACIÓN,
1925,5062200097,LICENCIATURA EN INGENIERÍA EN TECNOLOGÍAS ESTRATÉGICAS DE INFORMACIÓN,
1926,5062100049,LICENCIATURA EN INGENIERÍA EN TELECOMUNICACIONES,
1927,5062100050,LICENCIATURA EN INGENIERÍA EN TELECOMUNICACIONES Y ELECTRÓNICA,
1928,5062100051,LICENCIATURA EN INGENIERÍA EN TELEMÁTICA,
1929,5061300057,LICENCIATURA EN INGENIERÍA Y EN SISTEMAS COMPUTACIONALES,
1930,5061300058,LICENCIATURA EN INGENIERÍA Y SISTEMAS COMPUTACIONALES,
1931,5071300078,LICENCIATURA EN INSTRUMENTACIÓN Y ELECTRÓNICA,
1932,5061300071,LICENCIATURA EN SISTEMAS Y TECNOLOGÍAS DE LA INFORMACIÓN,
1933,5062200098,LICENCIATURA EN TECNOLOGÍA,
1934,5062100053,LICENCIATURA EN TECNOLOGÍA DE INFORMACIÓN,
1935,5062100054,LICENCIATURA EN TECNOLOGÍA DE LA INFORMACIÓN,
1936,5071300101,LICENCIATURA EN TECNOLOGÍA ELECTRÓNICA,
1937,5062200099,LICENCIATURA EN TECNOLOGÍAS DE INFORMACIÓN,
1938,5062200100,LICENCIATURA EN TECNOLOGÍAS DE INFORMACIÓN APLICADA A LA ADMINISTRACIÓN,
1939,5062200101,LICENCIATURA EN TECNOLOGÍAS DE INFORMACIÓN PARA LOS NEGOCIOS,
1940,5062200102,LICENCIATURA EN TECNOLOGÍAS DE INFORMACIÓN Y NEGOCIOS,
1941,5062200103,LICENCIATURA EN TECNOLOGÍAS DE LA INFORMACIÓN PARA LOS NEGOCIOS,
1942,5062200104,LICENCIATURA EN TECNOLOGÍAS DE LA INFORMACIÓN Y GESTIÓN DE PROYECTOS,
1943,5062200105,LICENCIATURA EN TECNOLOGÍAS E INFORMACIÓN,
1944,5062200106,LICENCIATURA EN TECNOLOGÍAS Y SISTEMAS DE INFORMACIÓN,
1945,5062100057,LICENCIATURA EN TELEMÁTICA,
1946,5071000018,BIOINGENIERÍA,
1947,5071400007,INGENIERO AGROQUÍMICO,
1948,5071400008,INGENIERÍA BIOQUÍMICA,
1949,5071600002,INGENIERÍA BIOQUÍMICO AMBIENTAL,
1950,5071400009,INGENIERÍA BIOQUÍMICO INDUSTRIAL,
1951,5051200022,INGENIERÍA BIOTECNÓLOGO,
1952,5051200023,INGENIERÍA BIOTECNÓLOGO AMBIENTAL,
1953,5081100007,INGENIERÍA EN AGROBIOLOGÍA,
1954,5081100008,INGENIERÍA EN AGROBIOTECNOLOGÍA,
1955,5071400010,INGENIERÍA EN BIOPROCESOS,
1956,5071400011,INGENIERÍA EN BIOSISTEMAS,
1957,5051200024,INGENIERÍA EN BIOTECNOLOGÍA,
1958,5081100009,INGENIERÍA EN BIOTECNOLOGÍA AGRÍCOLA,
1959,5071400012,INGENIERÍA EN PROCESOS BIOTECNOLÓGICOS,
1960,5071400013,INGENIERÍA EN PROCESOS QUÍMICOS,
1961,5071400014,INGENIERÍA EN QUÍMICA DE PROCESOS INDUSTRIALES,
1962,5071700031,INGENIERÍA EN TECNOLOGÍA DE PROCESOS,
1963,5071400015,INGENIERÍA QUÍMICA,
1964,5071400016,INGENIERÍA QUÍMICA AMBIENTAL,
1965,5071400017,INGENIERÍA QUÍMICA PARA LA DIRECCIÓN,
1966,5071400018,INGENIERÍA QUÍMICA PETROLERA,
1967,5051300031,INGENIERÍA QUÍMICA Y BIOQUÍMICA,
1968,5071400019,INGENIERÍA QUÍMICO,
1969,5071400020,INGENIERÍA QUÍMICO AGRÍCOLA,
1970,5071400021,INGENIERÍA QUÍMICO AMBIENTAL,
1971,5052200018,INGENIERÍA QUÍMICO EN MATERIALES,
1972,5071400022,INGENIERÍA QUÍMICO INDUSTRIAL,
1973,5071400023,INGENIERÍA QUÍMICO METALÚRGICO,
1974,5052200019,INGENIERÍA QUÍMICO METALURGISTA Y MATERIALES,
1975,5071400024,INGENIERÍA QUÍMICO PETROLERO,
1976,5071400025,INGENIERÍA QUÍMICO Y DE SISTEMAS,
1977,5081100010,LICENCIATURA EN AGROBIOTECNOLOGÍA,
1978,5051200025,LICENCIATURA EN BIOTECNOLOGÍA,
1979,5051200026,LICENCIATURA EN BIOTECNOLOGÍA GENÓMICA,
1980,5071400026,LICENCIATURA EN INGENIERÍA BIOLÓGICA,
1981,5051200027,LICENCIATURA EN INGENIERÍA BIOQUÍMICA,
1982,5051200028,LICENCIATURA EN INGENIERÍA EN BIOTECNOLOGÍA,
1983,5071400027,LICENCIATURA EN INGENIERÍA QUÍMICA,
1984,5071400028,LICENCIATURA EN INGENIERÍA QUÍMICA EN EL ÁREA DE HIDROCARBUROS,
1985,5071400029,LICENCIATURA EN INGENIERÍA QUÍMICA INDUSTRIAL,
1986,5071400030,LICENCIATURA EN QUÍMICA INDUSTRIAL,
1987,5071400031,QUÍMICO AGRÍCOLA,
1988,5071400032,QUÍMICO INDUSTRIAL,
1989,5071400033,QUÍMICO INDUSTRIAL EN SISTEMAS COMPLEJOS,
1990,5071500013,LICENCIATURA EN INGENIERÍA AEROESPACIAL,
1991,5071500014,INGENIERÍA AERONÁUTICA EN MANUFACTURA,
1992,5071500015,INGENIERÍA AUTOMOTRIZ,
1993,5071500016,INGENIERÍA EN AERONÁUTICA,
1994,5071500017,INGENIERÍA EN CIENCIAS AERONAVALES,
1995,5071500018,INGENIERÍA EN CIENCIAS NAVALES,
1996,5071500019,INGENIERÍA EN ELECTRÓNICA AUTOMOTRIZ,
1997,5071500020,INGENIERÍA EN SISTEMAS AUTOMOTRICES,
1998,5071500021,INGENIERÍA MECÁNICA AUTOMOTRIZ,
1999,5071500022,INGENIERÍA MECÁNICO AUTOMOTRIZ,
2000,5071500023,INGENIERÍA MECÁNICO EN MAQUINARIA AUTOMOTRIZ,
2001,5071500024,INGENIERÍA MECÁNICO NAVAL,
2002,5071500025,INGENIERÍA NAVAL,
2003,5071500026,LICENCIATURA EN INGENIERÍA EN DISEÑO AUTOMOTRIZ,
2004,5071500027,LICENCIATURA EN INGENIERÍA EN MANUFACTURA DE AUTOPARTES,
2005,5071500028,LICENCIATURA EN INGENIERÍA EN MECÁNICA AUTOMOTRIZ,
2006,5071500029,LICENCIATURA EN INGENIERÍA MECÁNICA AUTOMOTRIZ,
2007,5071600003,INGENIERÍA AMBIENTAL,
2008,5071600004,INGENIERÍA AMBIENTAL (AGUAS SUBTERRÁNEAS),
2009,5071600005,INGENIERÍA AMBIENTAL INDUSTRIAL,
2010,5071600006,INGENIERÍA AMBIENTAL Y ECOLOGÍA,
2011,5071600007,INGENIERÍA AMBIENTAL Y EN SEGURIDAD,
2012,5071600008,INGENIERÍA EN DESARROLLO SUSTENTABLE,
2013,5071600009,INGENIERÍA EN ECOLOGÍA,
2014,5051300032,INGENIERÍA EN GESTIÓN AMBIENTAL,
2015,5051300033,INGENIERÍA EN MANEJO AMBIENTAL DE RECURSOS NATURALES,
2016,5051300034,INGENIERÍA EN MANEJO DE RECURSOS NATURALES,
2017,5081400006,INGENIERÍA EN PESQUERÍA,
2018,5072100001,INGENIERÍA EN PESQUERÍA OPCIÓN ALIMENTOS,
2019,5071600010,INGENIERÍA EN PROCESOS AMBIENTALES,
2020,5051300035,INGENIERÍA EN RECURSOS NATURALES RENOVABLES,
2021,5071600011,INGENIERÍA EN SISTEMAS AMBIENTALES,
2022,5071600012,INGENIERÍA EN TECNOLOGÍA AMBIENTAL,
2023,5071600013,INGENIERÍA INDUSTRIAL EN ADMINISTRACIÓN AMBIENTAL,
2024,5071600014,LICENCIATURA EN INGENIERÍA AMBIENTAL,
2025,5071600015,LICENCIATURA EN INGENIERÍA ECOLÓGICA,
2026,5072000002,INGENIERÍA EN MANUFACTURA,
2027,5071700032,INGENIERÍA EN PROCESOS DE MANUFACTURA,
2028,5071700033,INGENIERÍA EN PROCESOS DE MANUFACTURA AVANZADA,
2029,5071700034,INGENIERÍA EN PROCESOS INDUSTRIALES,
2030,5071700035,INGENIERÍA EN PROCESOS Y OPERACIONES INDUSTRIALES,
2031,5071700036,INGENIERÍA EN PRODUCCIÓN INDUSTRIAL,
2032,5071700037,INGENIERÍA EN SISTEMAS DE PRODUCCIÓN,
2033,5071700038,INGENIERÍA EN SISTEMAS DE PRODUCCIÓN INDUSTRIAL,
2034,5071700039,INGENIERÍA EN SISTEMAS PRODUCTIVOS,
2035,5071700040,INGENIERÍA EN SISTEMAS Y PRODUCTIVIDAD INDUSTRIAL,
2036,5071700041,INGENIERÍA EN SISTEMAS Y TECNOLOGÍAS INDUSTRIALES,
2037,5071700042,INGENIERÍA EN TECNOLOGÍAS DE MANUFACTURA,
2038,5071700043,INGENIERÍA EN TECNOLOGÍAS DE MANUFACTURA INDUSTRIAL,
2039,5071700044,INGENIERÍA INDUSTRIAL EN CALIDAD,
2040,5071700045,INGENIERÍA INDUSTRIAL EN CALIDAD Y MANUFACTURA,
2041,5071700046,INGENIERÍA INDUSTRIAL EN MANUFACTURA,
2042,5071700047,INGENIERÍA INDUSTRIAL EN PROCESOS Y SERVICIOS,
2043,5071700048,INGENIERÍA INDUSTRIAL Y DE SISTEMAS DE PRODUCCIÓN,
2044,5071700049,LICENCIATURA EN INGENIERÍA INDUSTRIAL EN MANUFACTURA,
2045,5071700050,LICENCIATURA EN INGENIERÍA EN OPTIMIZACIÓN DE PROCESOS,
2046,5071700051,LICENCIATURA EN INGENIERÍA EN PROCESOS DE MANUFACTURA,
2047,5071700052,LICENCIATURA EN INGENIERÍA INDUSTRIAL EN SISTEMAS,
2048,5071700053,LICENCIATURA EN INGENIERÍA INDUSTRIAL EN SISTEMAS DE PRODUCCIÓN,
2049,5072100002,INGENIERÍA AGROINDUSTRIAL,
2050,5081100011,INGENIERÍA AGRÓNOMO INDUSTRIAL,
2051,5072100003,INGENIERÍA BIOQUÍMICA EN ALIMENTOS ESPECIALIDAD EN FERMENTACIONES,
2052,5072100004,INGENIERÍA BIOQUÍMICO EN ALIMENTOS,
2053,5072100005,INGENIERÍA DE LOS ALIMENTOS,
2054,5072100006,INGENIERÍA EN AGROINDUSTRIAS,
2055,5072100007,INGENIERÍA EN ALIMENTOS,
2056,5072100008,INGENIERÍA EN CIENCIA Y TECNOLOGÍA DE ALIMENTOS,
2057,5072100009,INGENIERÍA EN INDUSTRIA ALIMENTARIA,
2058,5072100010,INGENIERÍA EN INDUSTRIAS ALIMENTARIAS,
2059,5072100011,INGENIERÍA EN PESQUERÍAS OPCIÓN ALIMENTOS,
2060,5072100012,INGENIERÍA EN PROCESOS ALIMENTARIOS,
2061,5072100013,INGENIERÍA EN PROCESOS BIOALIMENTARIOS,
2062,5072100014,INGENIERÍA EN TECNOLOGÍAS BIOALIMENTARIAS,
2063,5072100015,INGENIERÍA QUÍMICO EN ALIMENTOS,
2064,5072100016,LICENCIATURA EN ALIMENTOS,
2065,5072100017,LICENCIATURA EN BIOTECNOLOGÍA DE LOS ALIMENTOS,
2066,5072100018,LICENCIATURA EN CIENCIA DE LOS ALIMENTOS,
2067,5072100019,LICENCIATURA EN CIENCIAS DE LOS ALIMENTOS,
2068,5072100020,LICENCIATURA EN GENÓMICA ALIMENTARIA,
2069,5072100021,LICENCIATURA EN INGENIERÍA AGROINDUSTRIAL,
2070,5072100022,LICENCIATURA EN INGENIERÍA EN ALIMENTOS,
2071,5072100023,LICENCIATURA EN INGENIERÍA INDUSTRIAL CON ESPECIALIDAD EN AGROINDUSTRIA,
2072,5072100024,LICENCIATURA EN QUÍMICA DE ALIMENTOS,
2073,5072100025,LICENCIATURA EN QUÍMICA EN ALIMENTOS,
2074,5072100026,LICENCIATURA EN TECNOLOGÍA DE ALIMENTOS,
2075,5072100027,QUÍMICO EN ALIMENTOS,
2076,5072200009,INGENIERÍA TEXTIL,
2077,5072200010,INGENIERÍA TEXTIL EN ACABADOS,
2078,5072200011,INGENIERÍA TEXTIL EN CONFECCIÓN,
2079,5072200012,INGENIERÍA TEXTIL EN HILADOS,
2080,5072200013,INGENIERÍA TEXTIL EN TEJIDOS,
2081,5072200014,LICENCIATURA EN INGENIERÍA INDUSTRIAL CON ESPECIALIDAD EN TEXTIL,
2082,5072300001,INGENIERÍA EN MOLDEO PLÁSTICO,
2083,5072300002,INGENIERÍA EN PLÁSTICOS,
2084,5072300003,INGENIERÍA EN TECNOLOGÍA DE LA MADERA,
2085,5072400012,INGENIERÍA DE MINAS,
2086,5072400013,INGENIERÍA DE MINAS Y METALURGISTA,
2087,5072400014,INGENIERÍA MINERO,
2088,5072400015,INGENIERÍA MINERO METALÚRGICO,
2089,5072400016,INGENIERÍA MINERO METALURGISTA,
2090,5072400017,INGENIERÍA PETROLERA,
2091,5072400018,INGENIERÍA PETROLERO,
2092,5072400019,INGENIERÍA TÉCNICA MINERA,
2093,5072400020,INGENIERÍA TÉCNICO MINERO,
2094,5072400021,LICENCIATURA EN INGENIERÍA DE PETRÓLEOS,
2095,5072400022,LICENCIATURA EN INGENIERÍA EN PETRÓLEO Y GAS NATURAL,
2096,5072400023,LICENCIATURA EN INGENIERÍA PETROLERA,
2097,5073100003,ARQUITECTO,
2098,5073100004,ARQUITECTO URBANISTA,
2099,5073100005,ARQUITECTURA,
2100,5073100006,INGENIERÍA ARQUITECTO,
2101,5073100007,INGENIERÍA EN DESARROLLO URBANO Y ECOLOGÍA,
2102,5073100008,LICENCIATURA EN ARQUITECTO,
2103,5073100009,LICENCIATURA EN ARQUITECTURA,
2104,5073100010,LICENCIATURA EN ARQUITECTURA DEL PAISAJE,
2105,5073100011,LICENCIATURA EN ARQUITECTURA EN EL ÁREA DE DISEÑO GRÁFICO,
2106,5073100012,LICENCIATURA EN ARQUITECTURA URBANISTA,
2107,5073100013,LICENCIATURA EN ARQUITECTURA Y ADMINISTRACIÓN DE LA CONSTRUCCIÓN,
2108,5073100014,LICENCIATURA EN ARQUITECTURA Y PAISAJISMO,
2109,5073100015,LICENCIATURA EN ARQUITECTURA Y URBANISMO,
2110,5073100016,LICENCIATURA EN ARQUITECTURA/ADMINISTRACIÓN DE LA EMPRESA CONSTRUCTORA,
2111,5073100017,LICENCIATURA EN DISEÑO URBANO AMBIENTAL,
2112,5073100018,LICENCIATURA EN DISEÑO URBANO,
2113,5073100019,LICENCIATURA EN DISEÑO URBANO Y DEL PAISAJE,
2114,5073100020,LICENCIATURA EN INGENIERA ARQUITECTO,
2115,5073100021,LICENCIATURA EN INGENIERÍA EN PLANEACIÓN URBANA,
2116,5073100022,LICENCIATURA EN INGENIERO ARQUITECTO,
2117,5073100023,LICENCIATURA EN URBANISMO,
2118,5073100024,LICENCIATURA EN URBANÍSTICA Y MEDIO AMBIENTE,
2119,5073200005,INGENIERÍA CIVIL,
2120,5073200006,INGENIERÍA CONSTRUCTOR,
2121,5073200007,INGENIERÍA CONSTRUCTOR MILITAR,
2122,5073200008,INGENIERÍA DE LA CONSTRUCCIÓN,
2123,5073200009,INGENIERÍA EN GEODESIA,
2124,5073200010,INGENIERÍA EN OBRAS Y SERVICIOS,
2125,5073200011,INGENIERÍA EN SISTEMAS TOPOGRÁFICOS,
2126,5073200012,INGENIERÍA EN TOPÓGRAFO GEOMÁTICO,
2127,5073200014,INGENIERÍA MUNICIPAL,
2128,5073200015,INGENIERÍA TOPOGRÁFICA GEODÉSICA,
2129,5073200016,INGENIERÍA TOPOGRÁFICA Y GEODÉSICA,
2130,5073200018,INGENIERÍA TOPÓGRAFO E HIDRÓLOGO,
2131,5073200019,INGENIERÍA TOPÓGRAFO GEODESTA,
2132,5073200020,INGENIERÍA TOPÓGRAFO HIDRÓGRAFO,
2133,5073200021,INGENIERÍA TOPÓGRAFO Y FOTOGRAMETRISTA,
2134,5073200022,LICENCIATURA EN INGENIERÍA CIVIL,
2135,5073200023,LICENCIATURA EN INGENIERÍA CIVIL PARA LA DIRECCIÓN,
2136,5073200024,LICENCIATURA EN INGENIERÍA DE LA CONSTRUCCIÓN,
2137,5073200025,LICENCIATURA EN INGENIERÍA TOPOGRÁFICA,
2138,5073200026,TRONCO COMÚN EN INGENIERÍA CIVIL,
2139,5081000001,TRONCO COMÚN,
2140,5081100013,INGENIERÍA AGRÍCOLA,
2141,5081100014,INGENIERÍA AGRÍCOLA AMBIENTAL,
2142,5081100015,INGENIERÍA AGRÍCOLA TROPICAL,
2143,5081100016,INGENIERÍA AGRÍCOLA Y AMBIENTAL,
2144,5081100017,INGENIERÍA AGROECÓLOGO,
2145,5081100018,INGENIERÍA AGRONÓMICA,
2146,5081100019,INGENIERÍA AGRONÓMICA CON ACENTUACIÓN EN FITOTECNIA Y PARASITOLOGÍA,
2147,5081100020,INGENIERÍA AGRÓNOMO,
2148,5081100021,INGENIERÍA AGRÓNOMO EN DESARROLLO RURAL,
2149,5081100022,INGENIERÍA AGRÓNOMO EN FITOMEJORAMIENTO,
2150,5081100023,INGENIERÍA AGRÓNOMO EN FRUTICULTURA,
2151,5081100024,INGENIERÍA AGRÓNOMO EN IRRIGACIÓN,
2152,5081100025,INGENIERÍA AGRÓNOMO EN PRODUCCIÓN,
2153,5081100026,INGENIERÍA AGRÓNOMO ESPECIALIDAD EN FITOTECNIA,
2154,5081100027,INGENIERÍA AGRÓNOMO ESPECIALIDAD EN ZONAS TROPICALES,
2155,5081100028,INGENIERÍA AGRÓNOMO ESPECIALISTA EN FITOTECNIA,
2156,5081100029,INGENIERÍA AGRÓNOMO ESPECIALISTA EN PARASITOLOGÍA AGRÍCOLA,
2157,5081100030,INGENIERÍA AGRÓNOMO ESPECIALISTA EN SOCIOLOGÍA RURAL,
2158,5081100031,INGENIERÍA AGRÓNOMO ESPECIALISTA EN SUELOS,
2159,5081100032,INGENIERÍA AGRÓNOMO ESPECIALISTA EN ZOOTÉCNICA,
2160,5081100033,INGENIERÍA AGRÓNOMO FITOTECNISTA,
2161,5081200001,INGENIERÍA AGRÓNOMO FRUTICULTOR,
2162,5081100034,INGENIERÍA AGRÓNOMO PARASITÓLOGO,
2163,5081100035,INGENIERÍA AGRÓNOMO TROPICAL,
2164,5081100036,INGENIERÍA AGRÓNOMO ZOOTECNISTA,
2165,5081100037,INGENIERÍA EN AGROECOLOGÍA,
2166,5081100038,INGENIERÍA EN AGRONOMÍA,
2167,5081100039,INGENIERÍA EN AGRONOMÍA (ORIENTACIÓN FITOTECNIA O PRODUCCIÓN PECUARIA),
2168,5081100040,INGENIERÍA EN AGRONOMÍA PARA LA PRODUCCIÓN SUSTENTABLE,
2169,5081100041,INGENIERÍA EN AGROTECNOLOGÍA,
2170,5081100066,INGENIERÍA EN DESARROLLO RURAL,
2171,5081100042,INGENIERÍA EN FITOSANIDAD,
2172,5081100043,INGENIERÍA EN INNOVACIÓN AGRÍCOLA SUSTENTABLE,
2173,5081100044,INGENIERÍA EN IRRIGACIÓN,
2174,5081100045,INGENIERÍA EN PRODUCCIÓN ANIMAL,
2175,5081100046,INGENIERÍA EN PRODUCCIÓN VEGETAL,
2176,5081100047,INGENIERÍA EN PRODUCCIÓN ORGÁNICA AGRÍCOLA,
2177,5081100048,INGENIERÍA EN SISTEMAS DE PRODUCCIÓN AGROECOLÓGICOS,
2178,5081100049,INGENIERÍA EN SISTEMAS DE PRODUCCIÓN AGROPECUARIA,
2179,5081100050,INGENIERÍA EN SISTEMAS PECUARIOS,
2180,5081100051,INGENIERÍA EN ZOOTECNIA,
2181,5081100052,INGENIERÍA FITOSANITARIO,
2182,5081100053,INGENIERÍA ZOOTECNISTA EN SISTEMAS DE PRODUCCIÓN,
2183,5081100054,LICENCIATURA AGRÓNOMO FITOTECNISTA,
2184,5081100055,LICENCIATURA EN AGRICULTURA PROTEGIDA Y BIONEGOCIOS,
2185,5081100056,LICENCIATURA EN AGRONOMÍA,
2186,5081100057,LICENCIATURA EN INGENIERÍA AGRONÓMICA,
2187,5081100058,LICENCIATURA EN INGENIERÍA AGRONÓMICA EN ZOOTECNIA,
2188,5081100059,LICENCIATURA EN INGENIERÍA EN AGRONOMÍA,
2189,5081100060,LICENCIATURA EN INGENIERO AGRÓNOMO,
2190,5081100061,LICENCIATURA EN PLANEACIÓN PARA EL DESARROLLO AGROPECUARIO,
2191,5081100062,LICENCIATURA EN PLANIFICACIÓN PARA EL DESARROLLO AGROPECUARIO,
2192,5081100063,LICENCIATURA EN PRODUCCIÓN ANIMAL,
2193,5081100064,LICENCIATURA EN ZOOTECNIA,
2194,5081100065,TRONCO COMÚN EN AGRONOMÍA,
2195,5081200003,INGENIERÍA AGRÓNOMO EN FLORICULTURA,
2196,5081200004,INGENIERÍA AGRÓNOMO EN HORTICULTURA,
2197,5081200005,INGENIERÍA AGRÓNOMO HORTICULTOR,
2198,5081200006,INGENIERÍA EN HORTICULTURA,
2199,5081200007,INGENIERÍA EN PRODUCCIÓN Y COMERCIALIZACIÓN HORTÍCOLA,
2200,5081200008,LICENCIATURA DE INGENIERO AGRÓNOMO EN PRODUCCIÓN EN INVERNADEROS,
2201,5081300002,INGENIERÍA AGROFORESTAL,
2202,5081300003,INGENIERÍA AGRÓNOMO EN BOSQUES,
2203,5081300004,INGENIERÍA EN CIENCIAS FORESTALES,
2204,5081300005,INGENIERÍA EN FORESTAL,
2205,5081300006,INGENIERÍA EN MANEJO DE RECURSOS FORESTALES,
2206,5081300007,INGENIERÍA EN RESTAURACIÓN FORESTAL,
2207,5081300008,INGENIERÍA FORESTAL,
2208,5081300009,INGENIERÍA FORESTAL INDUSTRIAL,
2209,5081400007,INGENIERÍA ACUACULTOR,
2210,5081400008,INGENIERÍA EN ACUACULTURA,
2211,5081400009,INGENIERÍA EN ACUICULTURA,
2212,5081400010,INGENIERÍA EN PESQUERÍAS,
2213,5081400011,INGENIERÍA EN PESQUERÍAS OPCIÓN ACUICULTURA,
2214,5081400012,INGENIERÍA EN PESQUERÍAS OPCIÓN TECNOLOGÍA DE CAPTURA,
2215,5081400013,INGENIERÍA PESQUERO,
2216,5081400014,LICENCIATURA EN ACUACULTURA,
2217,5081400015,LICENCIATURA EN INGENIERÍA EN ACUICULTURA,
2218,5082100001,LICENCIATURA EN MEDICINA VETERINARIA Y ZOOTECNIA,
2219,5082100002,MÉDICO VETERINARIO Y ZOOTECNISTA,
2220,5082100003,MÉDICO VETERINARIO ZOOTECNISTA,
2221,5091100001,LICENCIATURA EN MEDICINA,
2222,5091100002,LICENCIATURA EN MEDICINA GENERAL INTEGRAL,
2223,5091100003,LICENCIATURA EN MÉDICO CIRUJANO,
2224,5091100004,MEDICINA GENERAL,
2225,5091100005,MÉDICO,
2226,5091100006,MÉDICO CIRUJANO,
2227,5091100007,MÉDICO CIRUJANO INTEGRAL,
2228,5091100008,MÉDICO CIRUJANO MILITAR,
2229,5091100009,MÉDICO CIRUJANO NAVAL,
2230,5091100010,MÉDICO CIRUJANO PARTERO,
2231,5091100011,MÉDICO CIRUJANO Y PARTERO,
2232,5091100012,MÉDICO GENERAL,
2233,5091200003,LICENCIATURA EN HOMEOPATÍA,
2234,5094300002,LICENCIATURA EN MEDICINAS ALTERNATIVAS Y COMPLEMENTARIAS,
2235,5094300003,LICENCIATURA EN NATUROTERAPIA,
2236,5091200001,MÉDICO CIRUJANO Y HOMEÓPATA,
2237,5091200002,"MÉDICO HOMEÓPATA, CIRUJANO Y PARTERO",
2238,5092100002,CURSO COMPLEMENTARIO DE LA LICENCIATURA EN ENFERMERÍA,
2239,5092100003,CURSO NIVELATORIO DE ENFERMERÍA A LICENCIATURA EN ENFERMERÍA,
2240,5092100004,LICENCIATURA EN CIENCIAS DE LA ENFERMERÍA,
2241,5092100005,LICENCIATURA EN CIENCIAS Y HABILIDADES DE ENFERMERÍA,
2242,5092100006,LICENCIATURA EN ENFERMERÍA,
2243,5092100007,LICENCIATURA EN ENFERMERÍA (CURSO COMPLEMENTARIO),
2244,5092100008,LICENCIATURA EN ENFERMERÍA MILITAR,
2245,5092100009,LICENCIATURA EN ENFERMERÍA PARA PERSONAL EN SERVICIO,
2246,5092100010,LICENCIATURA EN ENFERMERÍA Y OBSTETRICIA,
2247,5092100012,PROGRAMA DE ESTUDIOS COMPLEMENTARIOS DE LA COMPETENCIAS DE LA LICENCIATURA EN ENFERMERÍA,
2248,5093100001,CIRUJANO DENTISTA,
2249,5093100002,LICENCIATURA EN CIRUJANO DENTISTA,
2250,5093100003,LICENCIATURA EN ESTOMATOLOGÍA,
2251,5093100004,LICENCIATURA EN ODONTOLOGÍA,
2252,5093100005,MÉDICO CIRUJANO DENTISTA,
2253,5093100006,MÉDICO ESTOMATÓLOGO,
2254,5071000020,INGENIERÍA BIOMÉDICA,
2255,5071000021,INGENIERÍA BIOMÉDICO,
2256,5071000022,LICENCIATURA EN INGENIERÍA BIOMÉDICA,
2257,5095300004,LICENCIATURA EN QUÍMICO CLÍNICO,
2258,5095300005,QUÍMICO BIÓLOGO CLÍNICO,
2259,5095300007,QUÍMICO CLÍNICO,
2260,5095300008,QUÍMICO CLÍNICO BIÓLOGO,
2261,5094200002,LICENCIATURA EN ADMINISTRACIÓN DE LA NUTRICIÓN,
2262,5094200003,LICENCIATURA EN CIENCIAS DE LA NUTRICIÓN,
2263,5094200004,LICENCIATURA EN CIENCIAS NUTRICIONALES,
2264,5094200005,LICENCIATURA EN DIETÉTICA Y NUTRICIÓN,
2265,5094100001,LICENCIATURA EN FISIOTERAPIA,
2266,5094100002,LICENCIATURA EN FISIOTERAPIA Y REHABILITACIÓN,
2267,5094100003,LICENCIATURA EN KINESIOLOGÍA,
2268,5094200006,LICENCIATURA EN NUTRICIÓN,
2269,5094200007,LICENCIATURA EN NUTRICIÓN HUMANA,
2270,5094200008,LICENCIATURA EN NUTRICIÓN Y BIENESTAR INTEGRAL,
2271,5094200009,LICENCIATURA EN NUTRICIÓN Y CIENCIAS DE LOS ALIMENTOS,
2272,5094200010,LICENCIATURA EN NUTRICIÓN Y DIETÉTICA,
2273,5094200011,LICENCIATURA EN NUTRICIÓN Y TECNOLOGÍA DE LOS ALIMENTOS,
2274,5094200012,LICENCIATURA EN NUTRIOLOGÍA,
2275,5095500001,LICENCIATURA EN OPTOMETRÍA,
2276,5094100004,INGENIERIA EN ORTESIS Y PROTESIS,
2277,5094300009,LICENCIATURA EN PODOLOGÍA,
2278,5094100005,LICENCIATURA EN QUIROPRÁCTICA,
2279,5094100006,LICENCIATURA EN REHABILITACIÓN,
2280,5094100007,LICENCIATURA EN TERAPIA DE AUDICIÓN Y LENGUAJE,
2281,5094100008,LICENCIATURA EN TERAPIA DE LA COMUNICACIÓN HUMANA,
2282,5094100009,LICENCIATURA EN TERAPIA FÍSICA,
2283,5094100010,LICENCIATURA EN TERAPIA FÍSICA Y REHABILITACIÓN,
2284,5094100011,LICENCIATURA EN TERAPIA OCUPACIONAL,
2285,5094100012,LICENCIATURA EN TERAPISTA EN COMUNICACIÓN HUMANA,
2286,5094200013,NUTRICIÓN HUMANA Y DIETÉTICA,
2287,5095400007,INGENIERÍA EN FARMACÉUTICA,
2288,5095400008,LICENCIATURA EN CIENCIAS FARMACÉUTICAS,
2289,5095400009,LICENCIATURA EN FARMACIA,
2290,5095600002,LICENCIATURA EN EDUCACIÓN PARA LA SALUD,
2291,5095600003,LICENCIATURA EN PROMOCIÓN DE LA SALUD,
2292,5095600004,LICENCIATURA EN SALUD COMUNITARIA,
2293,5094300007,LICENCIATURA EN SALUD INTERCULTURAL,
2294,5095600005,LICENCIATURA EN SALUD PÚBLICA,
2295,5095600001,LICENCIATURA EN SALUD PÚBLICA Y URGENCIAS MÉDICAS,
2296,5103100001,"LICENCIATURA EN SEGURIDAD, SALUD Y MEDIO AMBIENTE",
2297,5091100015,LICENCIATURA EN MEDICINA HUMANA,
2298,5101100005,LICENCIATURA EN ACTIVIDAD FÍSICA Y DEPORTE,
2299,5042500028,LICENCIATURA EN ADMINISTRACIÓN DEL DEPORTE Y RECREACIÓN,
2300,5042500029,LICENCIATURA EN ADMINISTRACIÓN DEPORTIVA,
2301,5042500030,LICENCIATURA EN ADMINISTRACIÓN Y DIRECCIÓN DEL DEPORTE,
2302,5101100006,LICENCIATURA EN CIENCIAS DE LA ACTIVIDAD FÍSICA Y EL DEPORTE,
2303,5101100007,LICENCIATURA EN CIENCIAS DE LA ACTIVIDAD FÍSICA Y PRÁCTICA DEPORTIVA,
2304,5101100008,LICENCIATURA EN CIENCIAS DE LA ACTIVIDAD FÍSICA Y SALUD,
2305,5101100009,LICENCIATURA EN CIENCIAS DEL DEPORTE,
2306,5101100010,LICENCIATURA EN CIENCIAS DEL EJERCICIO,
2307,5101100011,LICENCIATURA EN CIENCIAS DEL EJERCICIO FÍSICO,
2308,5101100012,LICENCIATURA EN CULTURA FÍSICA,
2309,5101100013,LICENCIATURA EN CULTURA FÍSICA Y DEL DEPORTE,
2310,5101100014,LICENCIATURA EN CULTURA FÍSICA Y DEPORTE,
2311,5101100015,LICENCIATURA EN CULTURA FÍSICA Y DEPORTES,
2312,5101100016,"LICENCIATURA EN CULTURA, FÍSICA Y DEPORTE",
2313,5101100017,LICENCIATURA EN DEPORTES EN LA DISCIPLINA DE ATLETISMO,
2314,5101100018,LICENCIATURA EN DEPORTES EN LA DISCIPLINA DE BÁDMINTON,
2315,5101100019,LICENCIATURA EN DEPORTES EN LA DISCIPLINA DE BALONCESTO,
2316,5101100022,LICENCIATURA EN DEPORTES EN LA DISCIPLINA DE BOXEO,
2317,5101100023,LICENCIATURA EN DEPORTES EN LA DISCIPLINA DE CICLISMO,
2318,5101100024,LICENCIATURA EN DEPORTES EN LA DISCIPLINA DE DEPORTE ADAPTADO,
2319,5101100027,LICENCIATURA EN DEPORTES EN LA DISCIPLINA DE GIMNASIA,
2320,5101100029,LICENCIATURA EN DEPORTES EN LA DISCIPLINA DE HOCKEY,
2321,5101100031,LICENCIATURA EN DEPORTES EN LA DISCIPLINA DE KARATE,
2322,5101100032,LICENCIATURA EN DEPORTES EN LA DISCIPLINA DE LEVANTAMIENTO DE PESAS,
2323,5101100033,LICENCIATURA EN DEPORTES EN LA DISCIPLINA DE LUCHA OLÍMPICA,
2324,5101100034,LICENCIATURA EN DEPORTES EN LA DISCIPLINA DE NATACIÓN,
2325,5101100035,LICENCIATURA EN DEPORTES EN LA DISCIPLINA DE POLO ACUÁTICO,
2326,5101100036,LICENCIATURA EN DEPORTES EN LA DISCIPLINA DE TAE KWON DO,
2327,5101100038,LICENCIATURA EN DEPORTES EN LA DISCIPLINA DE TIRO CON ARCO,
2328,5101100039,LICENCIATURA EN DEPORTES EN LA DISCIPLINA DE VOLEIBOL,
2329,5101100040,LICENCIATURA EN DIRECCIÓN DE LA CULTURA FÍSICA Y EL DEPORTE,
2330,5012601004,LICENCIATURA EN EDUCACIÓN DEPORTIVA,
2331,5012601005,LICENCIATURA EN EDUCACIÓN FÍSICA Y CIENCIAS DEL DEPORTE,
2332,5012601006,LICENCIATURA EN EDUCACIÓN FÍSICA Y DEPORTES,
2333,5012601007,LICENCIATURA EN EDUCACIÓN FÍSICA Y DEPORTIVA,
2334,5012601008,"LICENCIATURA EN EDUCACIÓN FÍSICA, DEPORTE Y RECREACIÓN",
2335,5101100041,LICENCIATURA EN ENTRENAMIENTO DEPORTIVO,
2336,5101100042,LICENCIATURA EN ENTRENAMIENTO FÍSICO Y DEPORTE,
2337,5012702028,LICENCIATURA EN MOTRICIDAD HUMANA,
2338,5101100043,LICENCIATURA EN TECNOLOGÍA DEPORTIVA,
2339,5101300002,LICENCIATURA EN IMAGEN Y COSMETOLOGÍA,
2340,5101300003,LICENCIATURA EN COSMETOLOGÍA INTEGRAL,
2341,5101300004,LICENCIATURA EN COSMETOLOGÍA Y COSMIATRÍA CORPORAL,
2342,5101300005,LICENCIATURA EN COSMETOLOGÍA Y ESTÉTICA CORPORAL,
2343,5101300006,LICENCIATURA EN COSMETRÍA Y MÉTODOS ALTERNATIVOS Y COMPLEMENTARIOS,
2344,5101300007,LICENCIATURA EN COSMEATRÍA Y DISEÑO DE IMAGEN,
2345,5041100115,INGENIERÍA EN LOGÍSTICA,
2346,5042100153,INGENIERÍA EN LOGÍSTICA Y CADENA DE SUMINISTROS,
2347,5102100004,INGENIERÍA EN LOGÍSTICA Y TRANSPORTE,
2348,5042400049,INGENIERÍA EN SISTEMAS DE LOGÍSTICA,
2349,5102100005,INGENIERÍA EN SISTEMAS DE TRANSPORTE URBANO,
2350,5102100006,INGENIERÍA EN TRANSPORTES,
2351,5102100007,LICENCIATURA EN LOGÍSTICA PORTUARIA,
2352,5102100008,MAQUINISTA NAVAL,
2353,5102100009,PILOTO NAVAL,
2354,5104100001,LICENCIATURA EN CIENCIAS DE LA SEGURIDAD,
2355,5104100012,LICENCIATURA EN CIENCIAS POLICIALES,
2356,5104100013,LICENCIATURA EN INVESTIGACIÓN POLICIAL,
2357,5104100002,LICENCIATURA EN PROTECCIÓN CIVIL,
2358,5104100014,LICENCIATURA EN SEGURIDAD,
2359,5104100015,LICENCIATURA EN SEGURIDAD CIUDADANA,
2360,5104100016,LICENCIATURA EN SEGURIDAD DE POBLACIONES HUMANAS ANTE DESASTRES,
2361,5104100005,LICENCIATURA EN SEGURIDAD PÚBLICA,
2362,5104100006,LICENCIATURA EN SEGURIDAD PÚBLICA CON TERMINAL EN SEGURIDAD PREVENTIVA SISTEMAS PENITENCIARIOS Y PROCURACIÓN DE JUSTICIA,
2363,5104100007,LICENCIATURA EN SEGURIDAD PÚBLICA Y PRIVADA,
2364,5104100008,LICENCIATURA EN SEGURIDAD PÚBLICA Y PROTECCIÓN CIUDADANA,
2365,5103100002,INGENIERÍA EN MANTENIMIENTO Y SEGURIDAD INDUSTRIAL,
2366,5103100003,INGENIERÍA EN SEGURIDAD INDUSTRIAL,
2367,5103100004,LICENCIATURA EN INGENIERÍA EN SEGURIDAD E HIGIENE,
2368,5103100005,LICENCIATURA EN SEGURIDAD E HIGIENE INDUSTRIAL,
2369,5104200002,LICENCIATURA EN CIENCIAS MILITARES,
2370,5073200013,INGENIERÍA GEODÉSICA,
2371,4071400002,TÉCNICO SUPERIOR UNIVERSITARIO EN QUÍMICA ÁREA INDUSTRIAL,
2372,4072400002,TÉCNICO SUPERIOR UNIVERSITARIO EN QUÍMICA ÁREA FLUIDOS DE PERFORACIÓN,
2373,4081400002,TÉCNICO SUPERIOR UNIVERSITARIO EN ACUICULTURA ÁREA PROYECTOS,
2374,4072100005,TÉCNICO SUPERIOR UNIVERSITARIO EN PROCESOS ALIMENTARIOS,
2375,5021400029,LICENCIATURA EN ANIMACIÓN Y ARTES DIGITALES,
2376,5033100039,LICENCIATURA EN DERECHO Y ARGUMENTACIÓN JURÍDICA,
2377,5073100025,LICENCIATURA INGENIERO ARQUITECTO,
2378,5021600048,LICENCIATURA EN DISEÑO AMBIENTAL Y DE ESPACIOS,
2379,5041200064,LICENCIATURA EN MERCADOTECNIA CON ÉNFASIS EN DESARROLLO DE NEGOCIOS,
2380,5033100040,LICENCIATURA EN DERECHO CON ÉNFASIS EN FE PÚBLICA,
2381,5101100044,LICENCIATURA EN RECREACIÓN DEPORTIVA,
2382,5031100035,LICENCIATURA EN PSICOLOGÍA SOCIOEDUCATIVA,
2383,4101500007,PROFESIONAL ASOCIADO EN GASTRONOMÍA Y ARTE CULINARIO,
2384,5051300020,LICENCIATURA EN GESTIÓN Y ECONOMÍA AMBIENTAL,
2385,5041400060,LICENCIATURA EN CONTADURÍA Y GESTIÓN EMPRESARIAL,
2386,4062200015,TÉCNICO SUPERIOR UNIVERSITARIO EN TECNOLOGÍAS DE LA INFORMACIÓN Y COMUNICACIÓN ÁREA SISTEMAS INFORMÁTICOS,
2387,5011100012,LICENCIATURA EN PEDAGOGÍA E INNOVACIÓN EDUCATIVA,
2388,5032100047,LICENCIATURA EN COMUNICACIÓN PERIODÍSTICA,
2389,5042100120,LICENCIATURA EN ADMINISTRACIÓN Y RECURSOS HUMANOS,
2390,5021500054,LICENCIATURA EN INGENIERÍA EN ANIMACIÓN DIGITAL,
2391,5041200065,"LICENCIATURA EN COMUNICACIÓN, PUBLICIDAD Y RELACIONES PÚBLICAS",
2392,5032100068,LICENCIATURA EN COMUNICACIÓN Y MEDIOS DIGITALES,
2393,5102100011,LICENCIATURA EN CIENCIAS MILITARES PILOTO AVIADOR,
2394,5101300008,LICENCIATURA EN COSMÉTICA Y COSMIATRIA,
2395,5021500095,LICENCIATURA EN PUBLICIDAD Y DISEÑO DIGITAL,
2396,5012702027,LICENCIATURA EN ALTERACIONES DE LA AUDICIÓN Y EL LENGUAJE,
2397,5051200029,QUÍMICO BIOTECNÓLOGO,
2398,5042100119,LICENCIATURA EN GESTIÓN Y ADMINISTRACIÓN DE PYMES,
2399,5032100048,"LICENCIATURA EN LITERATURA, PERIODISMO Y NUEVOS MEDIOS",
2400,5012602018,LICENCIATURA EN EDUCACIÓN ARTÍSTICA CON ÉNFASIS EN DANZA,
2401,5042100025,INGENIERÍA EN DESARROLLO EMPRESARIAL DE PROYECTOS SUSTENTABLES,
2402,4041100011,TÉCNICO SUPERIOR UNIVERSITARIO EN CLASIFICACIÓN ARANCELARIA Y DESPACHO ADUANERO,
2403,5101500018,LICENCIATURA EN GESTIÓN DE SERVICIOS GASTRONÓMICOS,
2404,5062200055,INGENIERÍA INFORMÁTICA,
2405,5042400029,INGENIERÍA EN ADMINISTRACIÓN DE TECNOLOGÍAS DE INFORMACIÓN EMPRESARIAL,
2406,5041100101,LICENCIATURA EN LOGÍSTICA INTERNACIONAL Y ADUANAS,
2407,5071100028,LICENCIATURA EN INGENIERO EN DISEÑO INDUSTRIAL,
2408,4101300004,PROFESIONAL ASOCIADO EN ESTILISMO Y PELUQUERÍA,
2409,5073200027,INGENIERÍA EN TOPOGRAFÍA Y CONSTRUCCIÓN,
2410,5022200025,LICENCIATURA EN INGLÉS PARA LA COMUNICACIÓN INTERNACIONAL,
2411,5094200014,LICENCIATURA EN NUTRICIÓN CLÍNICA,
2412,5101100045,"LICENCIATURA EN DEPORTE, ACTIVIDAD FÍSICA Y RECREATIVA",
2413,5031100036,LICENCIATURA EN PSICOLOGÍA SOCIAL Y COMUNITARIA,
2414,4102100006,TÉCNICO SUPERIOR UNIVERSITARIO EN CONTROL DEL TRÁNSITO AÉREO,
2415,5041100067,LICENCIATURA EN COMERCIO Y LOGÍSTICA INTERNACIONALES,
2416,5101100046,LICENCIATURA EN CULTURA FÍSICA Y ENTRENAMIENTO DEPORTIVO,
2417,5041200066,LICENCIATURA EN MERCADOTECNIA OPERATIVA,
2418,4071100014,TÉCNICO SUPERIOR UNIVERSITARIO EN MANTENIMIENTO A MAQUINARIA PESADA,
2419,5041100108,INGENIERÍA EN LOGÍSTICA COMERCIAL GLOBAL,
2420,5011100021,LICENCIATURA EN PROCESOS DOCENTES,
2421,5021600076,LICENCIATURA EN DISEÑO Y DESARROLLO DE PRODUCTOS,
2422,5021600049,LICENCIATURA EN DISEÑO Y NEGOCIOS DE LA MODA,
2423,5041200067,LICENCIATURA EN MERCADOTECNIA E INNOVACIÓN PARA NEGOCIOS,
2424,4062200014,TÉCNICO SUPERIOR UNIVERSITARIO EN TECNOLOGÍAS DE LA INFORMACIÓN Y COMUNICACIÓN ÁREA MULTIMEDIA Y COMERCIO ELECTRÓNICO,
2425,4062100007,TÉCNICO SUPERIOR UNIVERSITARIO EN TECNOLOGÍAS DE LA INFORMACIÓN Y COMUNICACIÓN ÁREA REDES Y TELECOMUNICACIONES,
2426,5071100038,INGENIERÍA MECÁNICO EN PROCESOS DE INYECCIÓN,
2427,5042100026,LICENCIATURA EN ADMINISTRACIÓN Y DESARROLLO DE NEGOCIOS,
2428,5041300024,LICENCIATURA EN BANCA E INVERSIONES,
2429,5012701002,LICENCIATURA EN CIENCIAS DE LA EDUCACIÓN CON TERMINAL EN EDUCACIÓN INICIAL,
2430,5041100068,LICENCIATURA EN COMERCIO INTERNACIONAL Y LOGÍSTICA,
2431,5041400061,LICENCIATURA EN CONTABILIDAD Y ALTA DIRECCIÓN,
2432,5033200012,"LICENCIATURA EN CRIMINOLOGÍA, VICTIMOLOGÍA Y POLÍTICA CRIMINAL",
2433,5042200037,LICENCIATURA EN DESARROLLO DE EMPRESAS TURÍSTICAS,
2434,5021600050,LICENCIATURA EN DESARROLLO DE EMPRESAS DE DISEÑO Y MODA,
2435,5042100027,LICENCIATURA EN GESTIÓN Y ADMINISTRACIÓN DE NEGOCIOS,
2436,5041100069,LICENCIATURA EN INTELIGENCIA Y DESARROLLO DE NEGOCIOS,
2437,5022300035,LICENCIATURA EN LITERATURA Y FILOSOFÍA,
2438,5041100070,LICENCIATURA EN LOGÍSTICA DE NEGOCIOS,
2439,5041200068,LICENCIATURA EN MERCADOTECNIA E IMAGEN CORPORATIVA,
2440,5041200069,LICENCIATURA EN MERCADOTECNIA Y GESTIÓN DE VENTAS,
2441,5094200015,LICENCIATURA EN NUTRICIÓN INSTITUCIONAL,
2442,5032100065,LICENCIATURA EN RELACIONES PÚBLICAS Y COMUNICACIÓN,
2443,5073100026,LICENCIATURA EN URBANISMO Y DISEÑO AMBIENTAL,
2444,4021600006,PROFESIONAL ASOCIADO EN DISEÑO Y DECORACIÓN ARQUITECTÓNICA,
2445,5101500019,GASTRONOMÍA,
2446,5073200001,INGENIERÍA CIVIL Y ADMINISTRACIÓN,
2447,5072100028,LICENCIATURA EN CIENCIA Y TECNOLOGÍA DE ALIMENTOS,
2448,5073200028,INGENIERÍA CIVIL CON DISEÑO ARQUITECTÓNICO,
2449,5081200009,INGENIERÍA HORTÍCOLA,
2450,5092100013,LICENCIATURA EN ENFERMERÍA BILINGÜE,
2451,5051100013,LICENCIATURA EN BIOLOGÍA Y MEDIO AMBIENTE,
2452,5042400030,INGENIERÍA EN GESTIÓN Y DESARROLLO DE TECNOLOGÍAS,
2453,5021100014,LICENCIATURA EN CONSERVACIÓN Y RESTAURACIÓN,
2454,5071400034,INGENIERÍA EN QUÍMICA,
2455,5061300063,INGENIERÍA EN TECNOLOGÍAS DE COMPUTACIÓN,
2456,5042100121,LICENCIATURA EN SISTEMAS DE GESTIÓN DE LA CALIDAD,
2457,5042100028,LICENCIATURA EN ADMINISTRACIÓN DE NEGOCIOS DE COMUNICACIÓN Y ENTRETENIMIENTO,
2458,5094100013,LICENCIATURA EN REHABILITACIÓN FÍSICA,
2459,5042100188,LICENCIATURA EN ADMINISTRACIÓN Y DESARROLLO PORTUARIO,
2460,5071600016,INGENIERÍA EN INNOVACIÓN Y DESARROLLO SUSTENTABLE,
2461,5041300036,GESTIÓN FINANCIERA,
2462,5051300021,CIENCIAS AMBIENTALES Y DESARROLLO SUSTENTABLE,
2463,5012601009,LICENCIATURA EN EDUCACIÓN FÍSICA Y ORGANIZACIÓN DEPORTIVA,
2464,5081200010,INGENIERÍA AGRÓNOMO EN HORTICULTURA PROTEGIDA,
2465,5071600017,INGENIERÍA AMBIENTAL Y SUSTENTABILIDAD,
2466,5072100029,INGENIERÍA EN INNOVACIÓN ALIMENTICIA,
2467,5042100145,INGENIERÍA EN LOGÍSTICA Y DISTRIBUCIÓN,
2468,5094300004,LICENCIATURA EN ACUPUNTURA HUMANA REHABILITATORIA,
2469,5042100049,LICENCIATURA EN ADMINISTRACIÓN (REDISEÑO EJECUTIVA),
2470,5042100122,LICENCIATURA EN ADMINISTRACIÓN DE EMPRESAS (CORPORATIVA),
2471,5041200070,LICENCIATURA EN ADMINISTRACIÓN DE NEGOCIOS DE LA COMUNICACIÓN Y EL ENTRETENIMIENTO,
2472,5042200038,LICENCIATURA EN ADMINISTRACIÓN DE NEGOCIOS TURÍSTICOS,
2473,5042200039,LICENCIATURA EN ADMINISTRACIÓN DE SERVICIOS DE LA HOSPITALIDAD,
2474,5033100041,LICENCIATURA EN DERECHO (REDISEÑO EJECUTIVA),
2475,5042100005,LICENCIATURA EN DIRECCIÓN DE EMPRESAS DE ENTRETENIMIENTO,
2476,5021500082,LICENCIATURA EN DISEÑO VIRTUAL,
2477,5012603036,LICENCIATURA EN DOCENCIA DE IDIOMAS,
2478,5062200056,LICENCIATURA EN INGENIERÍA EN COMPUTACIÓN ADMINISTRATIVA,
2479,5071700030,LICENCIATURA EN INGENIERÍA INDUSTRIAL Y DE SISTEMAS (EJECUTIVA),
2480,5041200071,LICENCIATURA EN MERCADOTECNIA (CORPORATIVA),
2481,5041200072,LICENCIATURA INTERNACIONAL EN MERCADOS GLOBALES,
2482,5073200029,INGENIERÍA CIVIL PARA LA DIRECCIÓN,
2483,5042100123,LICENCIATURA EN ADMINISTRACIÓN CON OPCIÓN EN EMPRESAS,
2484,5042100124,LICENCIATURA EN ADMINISTRACIÓN CON OPCIÓN EN RECURSOS HUMANOS,
2485,4071700007,TÉCNICO SUPERIOR UNIVERSITARIO EN PROCESOS INDUSTRIALES ÁREA MANUFACTURA EN COMPETENCIAS PROFESIONALES,
2486,5041200001,LICENCIATURA EN DISEÑO Y ASESORÍA DE IMAGEN,
2487,5042100045,LICENCIATURA EN GERENCIA DE TIENDAS,
2488,5051300029,LICENCIATURA EN GESTIÓN DE ZONA COSTERA,
2489,5031100037,LICENCIATURA EN PSICOLOGÍA CRIMINOLÓGICA,
2490,5033100042,LICENCIATURA EN ADMINISTRACIÓN PENITENCIARIA,
2491,5071500030,INGENIERÍA EN DISEÑO AUTOMOTRIZ,
2492,5022300036,LICENCIATURA EN ESTUDIOS LITERARIOS,
2493,5012602019,LICENCIATURA EN DOCENCIA DEL ARTE,
2494,5011300017,LICENCIATURA EN EDUCACIÓN LÍNEA INTERVENCIÓN INFANTIL,
2495,5071600018,INGENIERÍA EN DESARROLLO ECOLÓGICO,
2496,4031500005,TÉCNICO SUPERIOR UNIVERSITARIO EN GERICULTURA,
2497,5095400006,LICENCIATURA EN QUÍMICO FARMACÉUTICO BIÓLOGO,
2498,5042300001,LICENCIATURA EN CIENCIAS SOCIALES Y ADMINISTRACIÓN PÚBLICA,
2499,5012300005,LICENCIATURA EN EDUCACIÓN PRIMARIA Y PREESCOLAR PARA EL MEDIO INDÍGENA,
2500,5041200073,LICENCIATURA EN MERCADOTECNIA Y COMUNICACIÓN PUBLICITARIA,
2501,5071200019,LICENCIATURA EN INGENIERÍA EN TECNOLOGÍAS ENERGÉTICAS,
2502,5071500031,LICENCIATURA EN INGENIERÍA AUTOMOTRIZ,
2503,5062200057,LICENCIATURA EN INGENIERÍA EN SISTEMAS DE CÓMPUTO ADMINISTRATIVO,
2504,5012604015,LICENCIATURA EN EDUCACIÓN EN EL ÁREA DE ESPAÑOL Y LITERATURA,
2505,4071000001,TÉCNICO SUPERIOR UNIVERSITARIO TRONCO COMÚN,
2506,5011300018,LICENCIATURA EN EDUCACIÓN FAMILIAR,
2507,5042200040,LICENCIATURA EN GESTIÓN DE SERVICIOS TURÍSTICOS,
2508,5061300067,INGENIERÍA EN TECNOLOGÍAS DE LA INFORMACIÓN Y COMUNICACIONES EN COMPETENCIAS,
2509,5021400063,INGENIERÍA EN PRODUCCIÓN MUSICAL DIGITAL,
2510,5021400030,LICENCIATURA EN PRODUCCIÓN DE MEDIOS,
2511,5042100029,DIRECCIÓN Y ADMINISTRACIÓN DE NEGOCIOS,
2512,4062200008,PROFESIONAL ASOCIADO EN TECNOLOGÍAS DE INFORMACIÓN,
2513,4071700002,PROFESIONAL ASOCIADO EN INGENIERÍA INDUSTRIAL,
2514,5012100010,LICENCIATURA EN EDUCACIÓN BILINGÜE EN NIVEL PREESCOLAR,
2515,5031100038,LICENCIATURA EN PSICOLOGÍA CON ACENTUACIÓN EN ORIENTACIÓN FAMILIAR,
2516,5031100001,LICENCIATURA EN PSICOLOGÍA CON ACENTUACIÓN EN PSICOLOGÍA EDUCATIVA,
2517,5031100039,LICENCIATURA EN PSICOLOGÍA CON ACENTUACIÓN EN PSICOLOGÍA ORGANIZACIONAL,
2518,5033100043,LICENCIATURA EN DERECHO CON ACENTUACIÓN EN DERECHO INTERNACIONAL,
2519,5033100044,LICENCIATURA EN DERECHO CON ACENTUACIÓN EN DERECHO MERCANTIL,
2520,5042100184,LICENCIATURA EN INGENIERÍA DE DESARROLLO EMPRESARIAL,
2521,5032100049,LICENCIATURA EN COMUNICACIÓN POLÍTICA,
2522,5021400031,LICENCIATURA EN INGENIERÍA Y PRODUCCIÓN EN MÚSICA POPULAR CONTEMPORÁNEA,
2523,5042100125,LICENCIATURA EN ADMINISTRACIÓN CON OPCIÓN EMPRESAS,
2524,5041100071,INGENIERÍA EN DESARROLLO DE NEGOCIOS E INNOVACIÓN EMPRESARIAL,
2525,5021400032,INGENIERÍA EN MULTIMEDIA,
2526,5051200018,LICENCIATURA EN BIOLOGÍA MOLECULAR,
2527,5041200011,LICENCIATURA EN COMERCIALIZACIÓN FINANCIERA,
2528,5021500055,LICENCIATURA EN COMUNICACIÓN DIGITAL,
2529,5021200030,LICENCIATURA EN DANZA CLÁSICA CON LÍNEA DE TRABAJO DE BAILARÍN,
2530,5021200031,LICENCIATURA EN DANZA CLÁSICA CON LÍNEA DE TRABAJO DE BAILARÍN (PLAN ESPECIAL PARA VARONES),
2531,5012602028,LICENCIATURA EN DANZA CLÁSICA CON LÍNEA DE TRABAJO DE DOCENCIA (PLAN ESPECIAL PARA VARONES),
2532,5041300025,LICENCIATURA EN DIRECCIÓN FINANCIERA,
2533,5021600051,LICENCIATURA EN DISEÑO Y PUBLICIDAD EN MODA,
2534,5021500056,LICENCIATURA EN CIENCIAS DE LA COMUNICACIÓN CON OPCIÓN MULTIMEDIOS,
2535,5042100126,LICENCIATURA EN ADMINISTRACIÓN DE EMPRESAS OPCIÓN RECURSOS HUMANOS,
2536,5032100001,LICENCIATURA EN PERIODISMO DIGITAL,
2537,5041200074,LICENCIATURA INTERNACIONAL EN MERCADOTECNIA E INTEGRACIÓN DE MERCADOS,
2538,5042200041,LICENCIATURA EN ADMINISTRACIÓN TURÍSTICA Y HOTELERA,
2539,5033200021,LICENCIATURA EN CIENCIAS FORENSES Y PERICIALES,
2540,5072400005,LICENCIATURA EN INGENIERÍA GEOLÓGICA,
2541,5071300034,LICENCIATURA EN INGENIERÍA ELÉCTRICA Y ELECTRÓNICA,
2542,5072400024,LICENCIATURA EN INGENIERÍA DE MINAS Y METALURGIA,
2543,5073200030,LICENCIATURA EN INGENIERÍA TOPOGRÁFICA Y GEODÉSICA,
2544,5032100050,LICENCIATURA EN CIENCIAS DE LA COMUNICACIÓN CON OPCIÓN ORGANIZACIONAL,
2545,5062200077,INGENIERÍA EN SISTEMAS ESTRATÉGICOS DE LA INFORMACIÓN,
2546,5072400025,INGENIERÍA PETROLERO Y ENERGÍAS ALTERNAS,
2547,5071500032,INGENIERÍA EN MECÁNICA AUTOMOTOR Y MECATRÓNICA,
2548,5033100045,LICENCIATURA EN DERECHO CON ADECUACIÓN EN FISCAL,
2549,5041200075,LICENCIATURA EN MERCADOTECNIA DIGITAL,
2550,5031200036,LICENCIATURA EN DESARROLLO Y GESTIÓN INTERCULTURALES,
2551,5071400035,LICENCIATURA EN INGENIERÍA QUÍMICA METALÚRGICA,
2552,5041200076,LICENCIATURA EN PUBLICIDAD Y RELACIONES PÚBLICAS EMPRESARIALES,
2553,5062200058,LICENCIATURA EN SISTEMAS COMPUTACIONALES EMPRESARIALES,
2554,5094300005,LICENCIATURA EN NATUROPATÍA,
2555,5032100051,LICENCIATURA EN LENGUA Y COMUNICACIÓN INTERCULTURAL,
2556,5021600001,LICENCIATURA EN PUBLICIDAD EN MODA,
2557,4095500002,PROFESIONAL ASOCIADO EN AUDIOMETRÍA Y REHABILITACIÓN AUDITIVA,
2558,4031200001,TÉCNICO SUPERIOR UNIVERSITARIO EN DESARROLLO COMUNITARIO,
2559,4042100010,TÉCNICO SUPERIOR UNIVERSITARIO EN GESTIÓN Y ADMINISTRACIÓN DE PEQUEÑA Y MEDIANA EMPRESA,
2560,4102100007,TÉCNICO SUPERIOR UNIVERSITARIO EN LOGÍSTICA DEL TRANSPORTE,
2561,4053100002,TÉCNICO SUPERIOR UNIVERSITARIO EN MATEMÁTICAS,
2562,4041200014,TÉCNICO SUPERIOR UNIVERSITARIO EN MERCADOTECNIA INTERNACIONAL,
2563,4021400001,PROFESIONAL ASOCIADO EN PRODUCCIÓN MUSICAL,
2564,5042200042,LICENCIATURA EN GESTIÓN TURÍSTICA Y GASTRONOMÍA,
2565,5011500009,LICENCIATURA EN EDUCACIÓN CON ENFOQUE ESPECIALIZANTE,
2566,5022300037,LICENCIATURA EN LITERATURAS HISPÁNICAS,
2567,5021600052,LICENCIATURA EN DISEÑO Y GESTIÓN DE LA MODA,
2568,5021500057,LICENCIATURA EN ARTE Y DISEÑO GRÁFICO DIGITAL,
2569,5042300024,LICENCIATURA EN CIENCIA POLÍTICA Y GESTIÓN POLÍTICA PÚBLICA,
2570,5021500058,"LICENCIATURA EN DISEÑO GRÁFICO, ANIMACIÓN Y MULTIMEDIA",
2571,4021500006,TÉCNICO SUPERIOR UNIVERSITARIO EN DISEÑO GRÁFICO Y MULTIMEDIA,
2572,4021400008,TÉCNICO SUPERIOR UNIVERSITARIO EN FOTOGRAFÍA DIGITAL Y COMERCIAL,
2573,5012601010,LICENCIATURA EN EDUCACIÓN FÍSICA Y DEPORTE ESCOLAR,
2574,5031500012,LICENCIATURA EN TRABAJO SOCIAL Y COMUNITARIO,
2575,5062200086,INGENIERÍA ADMINISTRADOR EN TECNOLOGÍAS DE INFORMACIÓN CON ACENTUACIÓN EN DISEÑO Y ADMINISTRACIÓN DE SOFTWARE,
2576,5062200087,INGENIERÍA ADMINISTRADOR EN TECNOLOGÍAS DE INFORMACIÓN CON ACENTUACIÓN EN NEGOCIOS ELECTRÓNICOS,
2577,5062200085,INGENIERÍA ADMINISTRADOR EN TECNOLOGÍAS DE INFORMACIÓN CON ACENTUACIÓN EN BASE DE DATOS Y REDES,
2578,5073100027,LICENCIATURA EN GESTIÓN URBANA Y RURAL,
2579,5110000001,TRONCO COMÚN,
2580,5042300007,LICENCIATURA EN ADMINISTRACIÓN Y FINANZAS EN EL ÁREA DE ADMINISTRACIÓN PÚBLICA,
2581,4041200015,TÉCNICO SUPERIOR UNIVERSITARIO EN MERCADOTECNIA DE MODAS,
2582,5041200077,LICENCIATURA EN IMAGOLOGÍA,
2583,5041200078,LICENCIATURA EN ASESORÍA DE IMAGEN,
2584,5042200043,LICENCIATURA EN ADMINISTRACIÓN TURÍSTICA Y DE LA HOSPITALIDAD,
2585,5021100015,LICENCIATURA EN RESTAURACIÓN DE BIENES MUEBLES,
2586,5021300109,LICENCIATURA EN MÚSICA CON ACENTUACIÓN EN SAXOFÓN,
2587,5021300110,LICENCIATURA EN MÚSICA CON ACENTUACIÓN EN FLAUTA,
2588,5021300111,LICENCIATURA EN MÚSICA CON ACENTUACIÓN EN COMPOSICIÓN,
2589,5021300112,LICENCIATURA EN MÚSICA CON ACENTUACIÓN EN VIOLÍN,
2590,5021300113,LICENCIATURA EN MÚSICA CON ACENTUACIÓN EN VIOLA,
2591,4071300007,TÉCNICO SUPERIOR UNIVERSITARIO EN INGENIERÍA MECÁNICO ELÉCTRICO,
2592,4101300005,PROFESIONAL ASOCIADO EN ESTUDIO DE BELLEZA MODA E IMAGEN PROFESIONAL,
2593,5033200013,LICENCIATURA EN CRIMINOLOGÍA Y CIENCIAS PERICIALES,
2594,5052200010,INGENIERÍA EN NANOTECNOLOGÍA Y ENERGÍAS RENOVABLES,
2595,5101500020,LICENCIATURA EN GASTRONOMÍA MEXICANA E INTERNACIONAL,
2596,5101100047,LICENCIATURA EN ACONDICIONAMIENTO FÍSICO Y RECREACIÓN,
2597,5071600019,INGENIERÍA EN TECNOLOGÍAS AMBIENTALES,
2598,5073200003,INGENIERÍA HIDROLÓGICA,
2599,5082100004,LICENCIATURA EN INGENIERÍA EN DESARROLLO SUSTENTABLE CON ORIENTACIÓN EN VETERINARIA Y ZOOTECNIA,
2600,5031400019,LICENCIATURA EN MENTEFACTURA,
2601,5062200059,"LICENCIATURA EN INFORMÁTICA, COMERCIO ELECTRÓNICO Y SEGURIDAD",
2602,5042100127,LICENCIATURA EN GESTIÓN EMPRESARIAL Y MERCADOTECNIA,
2603,5042100128,LICENCIATURA EN GESTIÓN EMPRESARIAL Y ADMINISTRACIÓN,
2604,5042100129,LICENCIATURA EN GESTIÓN EMPRESARIAL Y CONTABILIDAD,
2605,5021500059,LICENCIATURA EN MULTIMEDIA Y COMUNICACIÓN,
2606,5101600021,LICENCIATURA EN SERVICIO Y PROMOCIÓN TURÍSTICA,
2607,5021600053,LICENCIATURA EN ALTA COSTURA Y DISEÑO DE MODAS,
2608,5031000005,LICENCIATURA EN ORGANIZACIÓN Y DESARROLLO HUMANO,
2609,5021300114,LICENCIATURA EN MÚSICA (CON ORIENTACIÓN A EJECUCIÓN DE INSTRUMENTOS MUSICALES),
2610,5041200079,LICENCIATURA EN DIRECCIÓN DE VENTAS Y MERCADOTECNIA,
2611,5041400062,LICENCIATURA EN ADMINISTRACIÓN CONTABLE Y FINANCIERA,
2612,5101100048,LICENCIATURA EN CIENCIAS DEL DEPORTE Y CULTURA FÍSICA,
2613,5011200011,LICENCIATURA EN INNOVACIÓN Y GESTIÓN EDUCATIVA,
2614,5021400033,LICENCIATURA EN MEDIOS AUDIOVISUALES CON ORIENTACIÓN EN ANIMACIÓN,
2615,5041100072,LICENCIATURA EN LOGÍSTICA Y NEGOCIOS INTERNACIONALES,
2616,5021600054,LICENCIATURA EN DISEÑO DIGITAL DE MODA,
2617,5021600055,LICENCIATURA EN DISEÑO DE INTERIORES Y ARQUITECTURA SUSTENTABLE,
2618,5033200014,LICENCIATURA EN DERECHO Y CRIMINOLOGÍA,
2619,5062200060,LICENCIATURA EN INGENIERÍA EN INFORMÁTICA,
2620,5081100067,INGENIERÍA AGRÓNOMO EN SISTEMAS PECUARIOS,
2621,5081100068,INGENIERÍA AGRÓNOMO EN SISTEMAS AGRÍCOLAS,
2622,5021400034,INGENIERÍA EN ANIMACIÓN Y EFECTOS VISUALES,
2623,5101300009,LICENCIATURA EN COSMETOLOGÍA Y BELLEZA,
2624,4071600001,TÉCNICO SUPERIOR UNIVERSITARIO EN RECURSOS NATURALES,
2625,5041100073,LICENCIATURA EN INGENIERÍA DE NEGOCIOS,
2626,5101600022,LICENCIATURA EN TURISMO CON ESPECIALIDAD EN MERCADOTECNIA,
2627,5041100074,LICENCIATURA EN INGENIERÍA EN NEGOCIOS DIGITALES,
2628,5042100130,LICENCIATURA EN ADMINISTRACIÓN DE SERVICIOS,
2629,5071500010,LICENCIATURA EN INGENIERÍA INDUSTRIAL Y COMERCIAL,
2630,5051100010,LICENCIATURA EN BIOLOGÍA MARINA Y MANEJO INTEGRAL DE CUENCAS,
2631,5022200026,LICENCIATURA EN LENGUAS CON ENFOQUE TURÍSTICO,
2632,5042200044,LICENCIATURA EN ADMINISTRACIÓN TURÍSTICA Y GASTRONÓMICA,
2633,4071200014,PROFESIONAL ASOCIADO EN ENERGÍAS ALTERNAS,
2634,4081100009,TÉCNICO SUPERIOR UNIVERSITARIO EN AGRICULTURA SUSTENTABLE Y PROTEGIDA,
2635,4101600015,TÉCNICO SUPERIOR UNIVERSITARIO EN TURISMO ÁREA DESARROLLO DE PRODUCTOS  ALTERNATIVOS,
2636,4094100008,TÉCNICO SUPERIOR UNIVERSITARIO EN TERAPIA FÍSICA ÁREA TURISMO DE SALUD Y BIENESTAR,
2637,4081300001,TÉCNICO SUPERIOR UNIVERSITARIO EN RECURSOS NATURALES ÁREA MANEJO FORESTAL SUSTENTABLE,
2638,4051300003,TÉCNICO SUPERIOR UNIVERSITARIO EN RECURSOS NATURALES ÁREA CONSERVACIÓN Y MANEJO DE FAUNA SILVESTRE,
2639,4051300004,TÉCNICO SUPERIOR UNIVERSITARIO EN RECURSOS NATURALES ÁREA PROTECCIÓN Y CONSERVACIÓN DEL MEDIO AMBIENTE,
2640,4071200007,TÉCNICO SUPERIOR UNIVERSITARIO EN FOTONICA,
2641,4095400001,TÉCNICO SUPERIOR UNIVERSITARIO EN TECNOLOGÍA FARMACÉUTICA,
2642,4052200003,TÉCNICO SUPERIOR UNIVERSITARIO EN NANOTECNOLOGÍA ÁREA MATERIALES,
2643,4072400005,TÉCNICO SUPERIOR UNIVERSITARIO EN MINERÍA,
2644,4102100002,TÉCNICO SUPERIOR UNIVERSITARIO EN ADMINISTRACIÓN DE SISTEMAS DE TRANSPORTE TERRESTRE,
2645,4072200005,TÉCNICO SUPERIOR UNIVERSITARIO EN GESTIÓN Y PRODUCTIVIDAD DEL CALZADO,
2646,4072200006,TÉCNICO SUPERIOR UNIVERSITARIO EN PROCESOS INDUSTRIALES ÁREAS PRODUCCIÓN DE MODA,
2647,4094100009,TÉCNICO SUPERIOR UNIVERSITARIO EN TERAPIA FÍSICA ÁREA REHABILITACIÓN,
2648,4052200002,TÉCNICO SUPERIOR UNIVERSITARIO EN NANOTECNOLOGÍA,
2649,5042100131,LICENCIATURA EN GESTIÓN Y DESARROLLO EMPRESARIAL,
2650,5041100075,LICENCIATURA EN DESARROLLO DE NEGOCIOS,
2651,5042100185,LICENCIATURA EN INNOVACIÓN Y DESARROLLO EMPRESARIAL,
2652,4062200012,TÉCNICO SUPERIOR UNIVERSITARIO EN TECNOLOGÍAS DE LA INFORMACIÓN ÁREA MULTIMEDIA Y COMERCIO ELECTRÓNICO,
2653,5042100136,"LICENCIATURA EN GESTIÓN DE LA MICRO, PEQUEÑA Y MEDIANA EMPRESA",
2654,4101500008,PROFESIONAL TÉCNICO ASOCIADO EN ARTES CULINARIAS,
2655,5012701004,LICENCIATURA EN DESARROLLO INTEGRAL INFANTIL,
2656,5041100114,INGENIERÍA EN BIONEGOCIOS,
2657,5081200002,INGENIERÍA EN CULTIVOS PROTEGIDOS,
2658,5101500021,LICENCIATURA EN ADMINISTRACIÓN CULINARIA,
2659,5021600056,LICENCIATURA EN ARQUITECTURA DE INTERIOR,
2660,5041400063,LICENCIATURA EN AUDITORÍA FISCAL,
2661,5012603001,LICENCIATURA EN CIENCIAS DE LA EDUCACIÓN CON ACENTUACIÓN EN EDUCACIÓN BILINGÜE,
2662,5021300115,LICENCIATURA EN EJECUTANTE DE OBOE,
2663,5021300116,LICENCIATURA EN EJECUTANTE DE TUBA,
2664,5021400035,LICENCIATURA EN LENGUAJE Y PRODUCCIÓN AUDIOVISUAL,
2665,5041200080,LICENCIATURA EN MERCADOTECNIA DE ESPECIALIDAD EN ATENCIÓN AL CLIENTE,
2666,5022200027,LICENCIATURA EN LENGUAS MODERNAS E INTERCULTURALIDAD,
2667,5042100154,INGENIERÍA EN CADENA DE SUMINISTRO Y LOGÍSTICA,
2668,5071400036,INGENIERÍA QUÍMICO EN PROCESOS SUSTENTABLES,
2669,5042100030,LICENCIATURA ADMINISTRACIÓN DE NEGOCIOS,
2670,5041400083,LICENCIATURA EN ADMINISTRACIÓN ÁREA FACTURACIÓN Y COBRANZA,
2671,5033100046,LICENCIATURA EN CIENCIAS JURÍDICAS CON ACENTUACIÓN EN SEGURIDAD NACIONAL,
2672,5071700011,LICENCIATURA EN INGENIERÍA INDUSTRIAL Y DE FINANZAS,
2673,4042100011,TÉCNICO SUPERIOR UNIVERSITARIO EN ADMINISTRACIÓN DE COMPRAS DE EMPRESAS COMERCIALES,
2674,4081100010,TÉCNICO SUPERIOR UNIVERSITARIO EN CULTIVOS PROTEGIDOS,
2675,4042100012,TÉCNICO SUPERIOR UNIVERSITARIO EN OPERACIÓN DE EMPRESAS COMERCIALES,
2676,5095200003,LICENCIATURA EN BIOCIENCIAS,
2677,5012601011,"LICENCIATURA EN EDUCACIÓN FÍSICA, RECREACIÓN Y DEPORTE",
2678,5012701003,LICENCIATURA EN ATENCIÓN INFANTIL,
2679,5081300010,INGENIERÍA FORESTAL COMUNITARIA,
2680,5103100006,INGENIERÍA EN SEGURIDAD Y AUTOMATIZACIÓN INDUSTRIAL,
2681,5011100013,LICENCIATURA EN PEDAGOGÍA DEL INGLÉS COMO SEGUNDA LENGUA,
2682,5093100007,MÉDICO CIRUJANO ODONTÓLOGO,
2683,5042100132,LICENCIATURA EN ADMINISTRACIÓN Y ESTRATEGIA DE NEGOCIOS,
2684,5042100133,LICENCIATURA EN GESTIÓN ADMINISTRATIVA DEL FACTOR HUMANO Y DESARROLLO ORGANIZACIONAL,
2685,5042200045,LICENCIATURA EN DESARROLLO TURÍSTICO Y HOSPITALIDAD,
2686,5052200011,INGENIERÍA BIONANOTECNOLOGÍA,
2687,5041100109,LICENCIATURA EN INGENIERÍA DE NEGOCIOS Y SISTEMAS,
2688,5021400062,LICENCIATURA EN FOTOGRAFÍA COMERCIAL Y DIGITAL,
2689,5021400036,LICENCIATURA EN ANIMACIÓN Y EFECTOS DIGITALES,
2690,5031000006,LICENCIATURA EN DESARROLLO HUMANO PARA LA SUSTENTABILIDAD,
2691,5041200081,LICENCIATURA EN DESARROLLO INTEGRAL DE IMAGEN Y PERSONALIDAD,
2692,5021600057,LICENCIATURA EN DISEÑO DE PRODUCTO,
2693,5021400037,LICENCIATURA EN DISEÑO Y PRODUCCIÓN AUDIOVISUAL,
2694,5012604023,LICENCIATURA EN DOCENCIA DE LA LENGUA Y LITERATURA,
2695,5012604024,LICENCIATURA EN DOCENCIA DE LA MATEMÁTICA,
2696,5012100007,LICENCIATURA EN EDUCACIÓN PREESCOLAR INTERCULTURAL BILINGÜE,
2697,5053200006,LICENCIATURA EN ESTADÍSTICA Y SISTEMAS DE INFORMACIÓN,
2698,5021300136,LICENCIATURA EN ESTUDIOS DE JAZZ,
2699,5052300022,LICENCIATURA EN GEOCIENCIAS,
2700,5041300026,LICENCIATURA EN GESTIÓN FINANCIERA,
2701,5022500012,LICENCIATURA EN  HISTORIA UNIVERSAL,
2702,5081200011,LICENCIATURA EN HORTICULTURA AMBIENTAL,
2703,5072100030,LICENCIATURA EN INDUSTRIAS ALIMENTARIAS,
2704,5051300022,LICENCIATURA EN GEOGRAFÍA AMBIENTAL,
2705,5081100069,INGENIERÍA EN AGRONOMÍA EN CULTIVOS PROTEGIDOS,
2706,5021400064,LICENCIATURA EN AUDIO Y PRODUCCIÓN MUSICAL,
2707,5071200020,INGENIERÍA EN SISTEMAS ENERGÉTICOS SUSTENTABLES,
2708,5081300011,INGENIERÍA FORESTAL CON ORIENTACIÓN EN MANEJO DE BOSQUES TROPICALES,
2709,5094300006,LICENCIATURA EN ACUPUNTURA,
2710,5042000011,"LICENCIATURA EN ADMINISTRACIÓN EN LAS ÁREAS DE ADMINISTRACIÓN DE NEGOCIOS, MERCADOTECNIA, ADMINISTRACIÓN PÚBLICA",
2711,5081100070,LICENCIATURA EN AGRONOMÍA POR COMPETENCIAS,
2712,5021400038,LICENCIATURA EN ARTE DIGITAL,
2713,5095100001,LICENCIATURA EN ATENCIÓN PREHOSPITALARIA,
2714,5071000023,LICENCIATURA EN BIOINGENIERÍA MÉDICA,
2715,5104100017,LICENCIATURA EN CIENCIAS POLICIALES Y SEGURIDAD PÚBLICA,
2716,5042300025,LICENCIATURA EN ADMINISTRACIÓN  PÚBLICA Y GESTIÓN MUNICIPAL,
2717,5072000003,INGENIERÍA AVANZADA EN MANUFACTURA Y CALIDAD,
2718,5021600058,LICENCIATURA EN MODAS,
2719,5021300117,LICENCIATURA EN MÚSICA PERCUSIONISTA,
2720,5041100076,LICENCIATURA EN NEGOCIOS INTERNACIONALES - BILINGÜE,
2721,5031100040,LICENCIATURA EN PSICOLOGÍA DE LA SALUD,
2722,5031100041,LICENCIATURA EN PSICOLOGÍA SOCIAL COMUNITARIA,
2723,5101600023,LICENCIATURA EN TURISMO Y DESARROLLO SUSTENTABLE,
2724,5082100005,LICENCIATURA EN VETERINARIA Y ZOOTECNIA,
2725,5081100071,LICENCIATURA EN INGENIERÍA EN DESARROLLO RURAL,
2726,5051300023,LICENCIATURA EN INGENIERÍA EN DESARROLLO SUSTENTABLE CON ORIENTACIÓN EN ECOBIOLOGÍA,
2727,5071300079,LICENCIATURA EN INGENIERÍA EN ELECTRÓNICA,
2728,5041400086,"INGENIERÍA FINANCIERA, FISCAL Y CONTADOR PÚBLICO",
2729,4051300007,TÉCNICO SUPERIOR UNIVERSITARIO EN MANEJO DE RECURSOS NATURALES,
2730,5071200021,LICENCIATURA EN INGENIERÍA EN ENERGÍAS RENOVABLES,
2731,5042100134,LICENCIATURA EN INGENIERÍA EN GESTIÓN EMPRESARIAL,
2732,5071600020,LICENCIATURA EN INGENIERÍA EN GESTIÓN Y PROTECCIÓN AMBIENTAL,
2733,5072100031,LICENCIATURA EN INGENIERÍA EN INDUSTRIAS ALIMENTARIAS,
2734,5041100102,LICENCIATURA EN INGENIERÍA EN LOGÍSTICA,
2735,5072100032,LICENCIATURA EN INGENIERÍA EN PROCESOS AGROINDUSTRIALES,
2736,5061300028,LICENCIATURA EN INGENIERÍA EN SISTEMAS COMPUTACIONALES Y DISEÑO DE SOFTWARE,
2737,5081300012,LICENCIATURA EN INGENIERÍA EN SISTEMAS FORESTALES,
2738,5081100072,LICENCIATURA EN INNOVACIÓN AGRÍCOLA SUSTENTABLE,
2739,5022300038,LICENCIATURA EN LITERATURA UNIVERSAL,
2740,5042100135,LICENCIATURA EN LOGÍSTICA Y DISTRIBUCIÓN,
2741,5091100013,LICENCIATURA EN MEDICINA GENERAL,
2742,5051100011,LICENCIATURA EN MICROBIOLOGÍA,
2743,5041300027,LICENCIATURA EN MICROFINANZAS,
2744,4012603005,PROFESIONAL ASOCIADO EN ENSEÑANZA DE LA LENGUA,
2745,4081300003,TÉCNICO SUPERIOR UNIVERSITARIO EN AGROFORESTAL,
2746,4071300013,TÉCNICO SUPERIOR UNIVERSITARIO INDUSTRIAL ELECTROMECÁNICO ESPECIALIDAD EN PROCESOS METALÚRGICOS,
2747,4071300014,TÉCNICO SUPERIOR UNIVERSITARIO INDUSTRIAL ELECTROMECÁNICO ESPECIALIDAD EN MANTENIMIENTO INDUSTRIAL,
2748,4021500007,TÉCNICO SUPERIOR UNIVERSITARIO EN DISEÑO Y ANIMACIÓN DIGITAL,
2749,4095300012,PROFESIONAL ASOCIADO EN IMAGENOLOGÍA,
2750,5012603014,LICENCIATURA EN DOCENCIA DE FRANCÉS Y ESPAÑOL COMO LENGUA EXTRANJERA,
2751,5012100001,LICENCIATURA EN EDUCACIÓN PREESCOLAR CON TECNOLOGÍAS DE LA INFORMACIÓN Y COMUNICACIÓN,
2752,5031200037,LICENCIATURA EN EMPRENDIMIENTO CULTURAL Y SOCIAL,
2753,5041200082,LICENCIATURA EN DIRECCIÓN EN VENTAS,
2754,5041100077,LICENCIATURA EN INNOVACIÓN Y DIRECCIÓN DE NEGOCIOS,
2755,5104100009,LICENCIATURA EN SEGURIDAD PÚBLICA E INVESTIGACIÓN POLICIAL,
2756,5042400031,LICENCIATURA EN INGENIERÍA EN NEGOCIOS Y TECNOLOGÍAS DE LA MANUFACTURA,
2757,5072100033,LICENCIATURA EN INGENIERÍA EN ALIMENTOS Y BIOTECNOLOGÍA,
2758,5061300029,LICENCIATURA EN INGENIERÍA EN SISTEMAS DE LA INFORMACIÓN,
2759,5073200031,LICENCIATURA EN INGENIERÍA DE CONSTRUCCIÓN,
2760,5071500033,LICENCIATURA EN INGENIERÍA DE DISEÑO AUTOMOTRIZ,
2761,5061300068,LICENCIATURA EN INGENIERÍA DE SISTEMAS Y TECNOLOGÍAS DE INFORMACIÓN,
2762,5072400026,LICENCIATURA EN INGENIERÍA DEL PETRÓLEO Y ENERGÍAS RENOVABLES,
2763,5042400032,LICENCIATURA EN INGENIERÍA EN ADMINISTRACIÓN,
2764,5081300013,LICENCIATURA EN INGENIERÍA FORESTAL COMUNITARIA,
2765,5042400033,LICENCIATURA EN INGENIERÍA INDUSTRIAL Y ADMINISTRACIÓN,
2766,5011100014,LICENCIATURA EN PEDAGOGÍA EN EDUCACIÓN MEDIA SUPERIOR Y SUPERIOR,
2767,5042500026,LICENCIATURA EN ADMINISTRACIÓN DEL DEPORTE,
2768,5042200046,LICENCIATURA EN ADMINISTRACIÓN DE NEGOCIOS DE LA HOSPITALIDAD,
2769,4071300008,TÉCNICO SUPERIOR UNIVERSITARIO INDUSTRIAL MECATRÓNICO,
2770,5062100052,LICENCIATURA EN SISTEMAS Y TELEMÁTICA,
2771,5041000004,LICENCIATURA EN RESPONSABILIDAD SOCIAL Y DESARROLLO SUSTENTABLE,
2772,5073200002,LICENCIATURA EN RECURSOS HÍDRICOS,
2773,5095300003,LICENCIATURA EN QUÍMICA CLÍNICA,
2774,5041200083,LICENCIATURA EN MERCADOTECNIA ESTRATÉGICA E INNOVACIÓN,
2775,5022200028,LICENCIATURA EN LENGUAS MODERNAS Y GESTIÓN CULTURAL,
2776,5041100078,LICENCIATURA EN INNOVACIÓN Y DESARROLLO DE NEGOCIOS,
2777,5071400037,LICENCIATURA EN INGENIERÍA QUÍMICA SUSTENTABLE,
2778,5042100031,LICENCIATURA EN ADMINISTRACIÓN DE NEGOCIOS CON CONCENTRACIÓN EN FINANZAS,
2779,5042100032,LICENCIATURA EN ADMINISTRACIÓN DE NEGOCIOS CON CONCENTRACIÓN EN RECURSOS HUMANOS,
2780,5042300026,LICENCIATURA EN ADMINISTRACIÓN PÚBLICA Y GOBIERNO,
2781,5073100028,LICENCIATURA EN ARQUITECTURA DIGITAL,
2782,5051100014,LICENCIATURA EN BIOLOGÍA AMBIENTAL,
2783,5041100079,LICENCIATURA EN CIENCIAS COMERCIALES,
2784,5012604004,LICENCIATURA EN CIENCIAS DE LA EDUCACIÓN CON ACENTUACIÓN EN ESPAÑOL,
2785,5012500010,LICENCIATURA EN CIENCIAS DE LA EDUCACIÓN CON ACENTUACIÓN EN MATEMÁTICAS,
2786,5051300024,LICENCIATURA EN INGENIERÍA EN CONTROL Y GESTIÓN AMBIENTAL,
2787,5041200084,LICENCIATURA EN DIRECCIÓN DE VENTAS,
2788,5021600060,LICENCIATURA EN DISEÑO DE MODAS Y DESARROLLO DE NEGOCIOS,
2789,5021600061,LICENCIATURA EN DISEÑO DE MODA Y MERCADOTECNIA,
2790,5012100008,LICENCIATURA EN EDUCACIÓN PREESCOLAR CON TIC,
2791,5042400034,LICENCIATURA EN INGENIERÍA INDUSTRIAL CON ÁREA TERMINAL EN LOGÍSTICA Y MATERIALES,
2792,5095300009,LICENCIATURA EN RADIOLOGÍA E IMAGENOLOGÍA,
2793,5041100080,LICENCIATURA EN ADMINISTRACIÓN DE OPERACIONES COMERCIALES,
2794,5042100137,LICENCIATURA EN CREACIÓN Y ADMINISTRACIÓN DE PYMES,
2795,5042000012,LICENCIATURA INTERNACIONAL EN ADMINISTRACIÓN DE CENTROS DE CONVENCIONES Y EVENTOS,
2796,5042200047,LICENCIATURA INTERNACIONAL EN ADMINISTRACIÓN DE HOTELES Y COMPLEJOS TURÍSTICOS,
2797,5041200085,LICENCIATURA EN IMAGEN CORPORATIVA Y RESPONSABILIDAD SOCIAL,
2798,5071300080,LICENCIATURA EN INGENIERÍA EN SISTEMAS DIGITALES Y ROBÓTICA,
2799,4071500007,TÉCNICO SUPERIOR UNIVERSITARIO EN MANUFACTURA DE AERONAVES,
2800,4041100012,TÉCNICO SUPERIOR UNIVERSITARIO EN OPERACIONES COMERCIALES INTERNACIONALES,
2801,5051200030,TRONCO COMÚN EN INGENIERÍA EN BIOTECNOLOGÍA,
2802,5061300003,LICENCIATURA EN DISEÑO ANIMACIÓN Y WEB,
2803,5041400064,LICENCIATURA EN CONTABILIDAD Y ADMINISTRACIÓN DE NEGOCIOS,
2804,5101500022,LICENCIATURA EN GASTRONOMÍA GOURMET,
2805,5042500023,LICENCIATURA EN DIRECCIÓN Y ADMINISTRACIÓN DE INSTITUCIONES DE SALUD,
2806,5042100033,LICENCIATURA EN ADMINISTRACIÓN DE NEGOCIOS CON CONCENTRACIÓN EN LOGÍSTICA Y PROCESOS,
2807,5071200022,INGENIERÍA ENERGÉTICA,
2808,5042400036,INGENIERÍA EN NEGOCIOS Y MANUFACTURA,
2809,5042100006,LICENCIATURA EN ADMINISTRACIÓN DE EMPRESAS DE ENTRETENIMIENTO,
2810,5042400035,INGENIERÍA EN NEGOCIOS Y TECNOLOGÍA DE LA MANUFACTURA,
2811,5071600021,INGENIERÍA EN SEGURIDAD AMBIENTAL SUSTENTABLE,
2812,4041200016,PROFESIONAL ASOCIADO EN CONSULTOR DE IMAGEN,
2813,4021600007,PROFESIONAL ASOCIADO EN INTERIORISMO,
2814,5031400020,LICENCIATURA EN ECONOMÍA INDUSTRIAL,
2815,5022300039,LICENCIATURA EN LENGUA Y LITERATURAS MODERNAS (LETRAS PORTUGUESAS),
2816,5042200068,LICENCIATURA EN DIRECCIÓN DE NEGOCIOS GASTRONÓMICOS,
2817,5101100049,LICENCIATURA EN CULTURA FÍSICA Y DEPORTIVA,
2818,5022500001,LICENCIATURA EN ESTUDIOS LIBERALES,
2819,5021600062,LICENCIATURA EN DISEÑO DE ARTESANÍA,
2820,5103100007,LICENCIATURA EN SEGURIDAD LABORAL. PROTECCIÓN CIVIL Y EMERGENCIAS,
2821,5021400039,INGENIERÍA EN AUDIO Y PRODUCCIÓN MUSICAL,
2822,5101100001,LICENCIATURA EN CIENCIAS EN EL DEPORTE,
2823,5012604029,LICENCIATURA EN CIENCIAS SOCIALES Y TECNOLOGÍA,
2824,4042100013,TÉCNICO SUPERIOR UNIVERSITARIO EN ADMINISTRACIÓN: ÁREA RECURSOS HUMANOS,
2825,4072000002,TÉCNICO SUPERIOR UNIVERSITARIO EN PROCESOS INDUSTRIALES: ÁREA MANUFACTURA,
2826,5012604030,LICENCIATURA EN CIENCIAS Y TECNOLOGÍA,
2827,5071200023,LICENCIATURA EN INGENIERÍA EN SISTEMAS ENERGÉTICOS,
2828,5012100009,LICENCIATURA EN NIÑEZ TEMPRANA Y PREESCOLAR,
2829,5042200069,LICENCIATURA EN GASTRONOMÍA ADMINISTRATIVA,
2830,5021400040,LICENCIATURA EN MEDIOS AUDIOVISUALES CON ORIENTACIÓN EN PUBLICIDAD,
2831,5021400041,LICENCIATURA EN MEDIOS AUDIOVISUALES CON ORIENTACIÓN EN MULTIMEDIA,
2832,5021400042,LICENCIATURA EN MEDIOS AUDIOVISUALES CON ORIENTACIÓN EN REALIZACIÓN,
2833,5073100029,INGENIERO ARQUITECTO,
2834,5041400065,LICENCIATURA EN ADMINISTRACIÓN CONTABLE,
2835,5033100047,LICENCIATURA EN DERECHO CON ACENTUACIÓN EN DERECHO INDÍGENA,
2836,4095100002,TÉCNICO SUPERIOR UNIVERSITARIO EN URGENCIAS MÉDICAS,
2837,5071300096,INGENIERÍA EN SISTEMAS DIGITALES INTERACTIVOS,
2838,5095300006,LICENCIATURA EN RADIOLOGÍA Y REPODUCCIÓN DE BIOIMÁGENES,
2839,5033100001,LICENCIATURA EN DERECHO CON ORIENTACIÓN EN DERECHOS HUMANOS,
2840,5031500013,LICENCIATURA EN TRABAJO SOCIAL Y GESTIÓN COMUNITARIA,
2841,5012701005,LICENCIATURA EN FORMACIÓN INFANTIL,
2842,5012603015,LICENCIATURA EN EDUCACIÓN CON ACENTUACIÓN EN LA ENSEÑANZA DEL INGLÉS,
2843,5012000004,LICENCIATURA EN DOCENCIA APLICADA,
2844,4021500008,TÉCNICO SUPERIOR UNIVERSITARIO EN COMUNICACIÓN Y DISEÑO,
2845,5041400002,LICENCIATURA EN CONTADOR PÚBLICO Y AUDITOR,
2846,5021400043,LICENCIATURA EN ARTE DIGITAL Y MULTIMEDIA,
2847,5072100034,LICENCIATURA EN QUÍMICO DE ALIMENTOS,
2848,5012400006,LICENCIATURA EN DOCENCIA DE LA EDUCACIÓN MEDIA SUPERIOR CON ACENTUACIÓN EN CIENCIAS EXACTAS,
2849,5012400007,LICENCIATURA EN DOCENCIA DE LA EDUCACIÓN MEDIA SUPERIOR CON ACENTUACIÓN EN CIENCIAS SOCIALES,
2850,5012400008,LICENCIATURA EN DOCENCIA DE LA EDUCACIÓN MEDIA SUPERIOR CON ACENTUACIÓN EN LENGUA Y LITERATURA,
2851,4033200001,TÉCNICO SUPERIOR UNIVERSITARIO EN INVESTIGACIÓN CRIMINAL,
2852,5092100014,LICENCIATURA EN PROFESIONALIZACIÓN DE LA ENFERMERÍA,
2853,5031300017,LICENCIATURA EN CIENCIAS POLÍTICAS Y GESTIÓN SOCIAL,
2854,5041200086,LICENCIATURA EN MERCADOTECNIA Y COMERCIALIZACIÓN,
2855,5012400009,LICENCIATURA EN EDUCACIÓN MEDIA SUPERIOR COMUNITARIA,
2856,5101500023,LICENCIATURA EN GASTRONOMÍA Y NUTRICIÓN,
2857,5041100081,LICENCIATURA EN NEGOCIOS Y LOGÍSTICA,
2858,5041100082,LICENCIATURA EN DIRECCIÓN DE PROYECTOS COMERCIALES,
2859,5033100048,LICENCIATURA EN DERECHO PENAL,
2860,5071300001,BACHELOR IN MECHATRONIC ENGINEERING,
2861,5031300018,BACHELOR IN INTERNATIONAL AFFAIRS,
2862,5042100048,BACHELOR IN BUSINESS ADMINISTRATION,
2863,5071300081,LICENCIATURA EN INGENIERÍA EN DISEÑO ELECTRÓNICO Y SISTEMAS INTELIGENTES,
2864,5041100083,LICENCIATURA EN COMERCIO EXTERIOR Y ADMINISTRACIÓN DE ADUANAS,
2865,4094100010,TÉCNICO SUPERIOR UNIVERSITARIO EN TERAPIA RESPIRATORIA,
2866,5042100138,LICENCIATURA EN DIRECCIÓN EMPRESARIAL Y ECONOMÍA,
2867,5031500006,LICENCIATURA EN RESOLUCIÓN DE CONFLICTOS Y MEDIACIÓN,
2868,5042400037,LICENCIATURA EN ADMINISTRACIÓN INMOBILIARIA,
2869,5041200129,LICENCIATURA EN MARKETING,
2870,5041400066,INGENIERÍA EN FINANZAS Y FISCAL CONTADOR PÚBLICO,
2871,5032200009,LICENCIATURA EN BIBLIOTECOLOGÍA Y ESTUDIOS DE LA INFORMACIÓN,
2872,5033100002,LICENCIATURA EN DERECHOS HUMANOS,
2873,5071300082,INGENIERÍA ROBÓTICA,
2874,5062200068,INGENIERÍA EN GESTIÓN DE TECNOLOGÍAS,
2875,5072100041,INGENIERO AGROINDUSTRIAL,
2876,5081300001,LICENCIATURA EN INGENIERÍA AGRONÓMICA EN RECURSOS FORESTALES,
2877,4071400003,TÉCNICO SUPERIOR UNIVERSITARIO EN QUÍMICA ÁREA PREVENCIÓN DE CORROSIÓN,
2878,5092100015,LICENCIATURA EN ENFERMERÍA CON ORIENTACIÓN EN OBSTETRICIA,
2879,5042100034,LICENCIATURA EN INGENIERÍA EN DIRECCIÓN DE NEGOCIOS,
2880,5104100010,LICENCIATURA EN PROTECCIÓN CIVIL Y EMERGENCIA,
2881,5042100139,LICENCIATURA EN ADMINISTRACIÓN Y CREACIÓN DE EMPRESAS,
2882,5041200087,LICENCIATURA EN MARKETING Y PUBLICIDAD,
2883,5041100084,LICENCIATURA EN COMERCIO EXTERIOR Y LOGÍSTICA INTERNACIONAL,
2884,5021500060,LICENCIATURA EN DISEÑO Y ARTE VISUAL,
2885,5093203001,LICENCIATURA EN ODONTOLOGÍA CON ENFOQUE EN ODONTOPEDIATRÍA,
2886,5042400038,LICENCIATURA EN INGENIERÍA EN SISTEMAS DE PLANEACIÓN Y ORGANIZACIÓN,
2887,5071300022,INGENIERO MECÁNICO ELECTRICISTA,
2888,5062100037,INGENIERO EN TECNOLOGÍA DE INFORMACIÓN Y COMUNICACIONES,
2889,5092202001,LICENCIATURA EN ENFERMERÍA CON ENFOQUE EN URGENCIAS MÉDICO-QUIRÚRGICAS O GERIATRÍA,
2890,5021500096,LICENCIATURA EN DISEÑO GRÁFICO CON OPCIÓN EN PUBLICIDAD,
2891,5021500083,LICENCIATURA EN DISEÑO GRÁFICO CON OPCIÓN EN DISEÑO DE ESPACIOS,
2892,5061300004,LICENCIATURA EN DISEÑO GRÁFICO CON OPCIÓN EN DISEÑO DE PROYECTOS WEB,
2893,5041200088,LICENCIATURA EN ADMINISTRACIÓN DE MERCADOTECNIA CON OPCIÓN EN PUBLICIDAD,
2894,5041200089,LICENCIATURA EN ADMINISTRACIÓN DE MERCADOTECNIA CON OPCIÓN EN COMUNICACIÓN,
2895,5041200090,LICENCIATURA EN ADMINISTRACIÓN DE MERCADOTECNIA CON OPCIÓN EN CREACIÓN Y DESARROLLO DE EMPRESAS,
2896,5021500061,LICENCIATURA EN DISEÑO DE INTERACCIÓN Y ANIMACIÓN,
2897,5012300023,LICENCIATURA EN EDUCACIÓN MEDIA CON ACENTUACIÓN EN ESPAÑOL,
2898,5012300024,LICENCIATURA EN EDUCACIÓN MEDIA CON ACENTUACIÓN EN MATEMÁTICAS,
2899,5062100032,"INGENIERÍA EN TELECOMUNICACIONES, SISTEMAS Y ELECTRÓNICA",
2900,5092100016,LICENCIATURA EN ENFERMERÍA INTERCULTURAL,
2901,5042300005,LICENCIATURA EN GESTIÓN LOCAL Y GOBIERNO MUNICIPAL,
2902,5042200070,LICENCIATURA EN GASTRONOMÍA Y ADMINISTRACIÓN DE RESTAURANTES,
2903,4033100003,TÉCNICO SUPERIOR UNIVERSITARIO EN SISTEMA JURÍDICO MEXICANO,
2904,5033100049,LICENCIATURA EN DERECHO Y CIENCIA POLÍTICA,
2905,5041200091,LICENCIATURA EN PUBLICIDAD Y COMUNICACIÓN DE MERCADOS,
2906,5071500034,LICENCIATURA EN INGENIERÍA DE MANUFACTURA AUTOMOTRIZ,
2907,5071300035,LICENCIATURA EN INGENIERÍA ELECTROMECÁNICA INDUSTRIAL,
2908,4041100013,TRONCO COMÚN EN DESARROLLO DE NEGOCIOS,
2909,5042100009,LICENCIATURA EN ADMINISTRACIÓN Y DIRECCIÓN ESTRATÉGICA,
2910,5041200092,LICENCIATURA EN COMUNICACIÓN Y MERCADOTECNIA,
2911,5095100002,LICENCIATURA EN ATENCIÓN PREHOSPITALARIA Y DESASTRE,
2912,5042100140,LICENCIATURA EN ADMINISTRACIÓN Y DESARROLLO DE EMPRESAS,
2913,5041200093,LICENCIATURA EN CIENCIAS DE LA COMUNICACIÓN Y MERCADOTECNIA,
2914,5041400067,LICENCIATURA EN ESTRATEGIAS FINANCIERAS Y CONTADURÍA PÚBLICA,
2915,5021000011,LICENCIATURA EN HISTORIA DEL ARTE Y CURADURÍA,
2916,5022500002,LICENCIATURA EN HUMANIDADES Y ESTUDIOS CULTURALES,
2917,5021500062,LICENCIATURA EN DISEÑO EN MEDIOS DIGITALES,
2918,5021600063,LICENCIATURA EN ARQUITECTURA Y DISEÑO DE INTERIORES,
2919,5071100001,INGENIERÍA EN DISEÑO INDUSTRIAL E INNOVACIÓN TECNOLÓGICA,
2920,5042100141,INGENIERÍA EN GESTIÓN ORGANIZACIONAL,
2921,5071000011,INGENIERÍA EN INNOVACIÓN Y DESARROLLO,
2922,5071100029,INGENIERÍA EN MECÁNICA INDUSTRIAL,
2923,5032100052,LICENCIATURA EN CIENCIAS DE LA COMUNICACIÓN CON ACENTUACIÓN EN PUBLICIDAD Y PERIODISMO,
2924,5021500063,LICENCIATURA EN DISEÑO DE COMUNICACIÓN VISUAL,
2925,5071300100,LICENCIATURA EN INGENIERO EN TECNOLOGÍAS ELECTRÓNICAS Y ROBÓTICA,
2926,5041200094,LICENCIATURA EN MERCADOTECNIA DE MODAS,
2927,5071100002,INGENIERÍA EN METROLOGÍA INDUSTRIAL,
2928,4071200008,TÉCNICO SUPERIOR UNIVERSITARIO EN ENERGÍA RENOVABLE ÁREA CALIDAD Y AHORRO DE ENERGÍA,
2929,4033200002,TÉCNICO SUPERIOR UNIVERSITARIO COMO PERITO CRIMINALISTA,
2930,5022200034,LICENCIATURA EN IDIOMAS Y RELACIONES PÚBLICAS,
2931,4021600008,TÉCNICO SUPERIOR UNIVERSITARIO EN DISEÑO DE MODA INTERNACIONAL Y MERCADOTECNIA,
2932,4042500001,TÉCNICO SUPERIOR UNIVERSITARIO EN GESTIÓN DE PROYECTOS DE INCLUSIÓN A PERSONAS CON DISCAPACIDAD,
2933,5051300025,LICENCIATURA EN PROTECCIÓN AMBIENTAL,
2934,5033200015,LICENCIATURA EN PREVENCIÓN SOCIAL DEL DELITO,
2935,5021400044,LICENCIATURA EN COMUNICACIÓN Y PRODUCCIÓN DE MEDIOS,
2936,5012604025,LICENCIATURA EN EDUCACIÓN EN EL ÁREA DE CIENCIAS SOCIALES,
2937,5012604026,LICENCIATURA EN EDUCACIÓN EN EL ÁREA DE CIENCIAS NATURALES,
2938,5012602020,LICENCIATURA EN EDUCACIÓN EN EL ÁREA DE ARTES,
2939,5012601003,LICENCIATURA EN EDUCACIÓN EN EL ÁREA DE EDUCACIÓN FÍSICA,
2940,5032100002,LICENCIATURA EN MEDIOS DIGITALES,
2941,5041200095,LICENCIATURA EN CIENCIAS DE LA COMUNICACIÓN EN LA MERCADOTECNIA,
2942,5071000012,INGENIERÍA DE PRODUCCIÓN INDUSTRIAL ÁREA DISEÑO DE PRODUCTOS Y EMPAQUES,
2943,5061300030,INGENIERÍA EN DESARROLLO DE SOFTWARE ÁREA APLICACIONES MÓVILES,
2944,5061300031,INGENIERÍA EN DESARROLLO DE SOFTWARE APLICACIONES DE CÓMPUTO EN LA NUBE,
2945,5041300028,LICENCIATURA EN EVALUACIÓN DE PROYECTOS ÁREA GENERACIÓN Y PREPARACIÓN DE INVERSIONES,
2946,5012604027,LICENCIATURA EN EDUCACIÓN EN EL ÁREA DE MATEMÁTICAS,
2947,5041200012,LICENCIATURA EN EVALUACIÓN DE PROYECTOS ÁREA COMERCIALIZACIÓN ESTRATÉGICA,
2948,5072000001,INGENIERÍA EN PRODUCCIÓN ÁREA CALIDAD Y SUSTENTABILIDAD,
2949,5071000013,INGENIERÍA EN  PRODUCCIÓN INDUSTRIAL ÁREA LOGÍSTICA,
2950,5021500064,LICENCIATURA EN INGENIERÍA EN DISEÑO Y ANIMACIÓN DIGITAL,
2951,5041200096,LICENCIATURA EN ADMINISTRACIÓN EN MERCADOTECNIA,
2952,5021400045,LICENCIATURA EN CINE,
2953,4051300005,TÉCNICO SUPERIOR UNIVERSITARIO EN MANEJO Y CONSERVACIÓN DE RECURSOS NATURALES,
2954,5041200097,LICENCIATURA EN NEGOCIOS DE MODA E IMAGEN,
2955,5021600064,LICENCIATURA EN DISEÑO DE MODA INTERNACIONAL,
2956,5101600003,LICENCIATURA EN LOGÍSTICA Y ORGANIZACIÓN DE EVENTOS,
2957,5031100042,LICENCIATURA EN PSICOLOGÍA CLÍNICA Y DE SALUD,
2958,5042100142,LICENCIATURA ADMINISTRACIÓN Y LOGÍSTICA,
2959,5081400016,LICENCIATURA EN BIOTECNOLOGÍA EN ACUACULTURA,
2960,5021300118,LICENCIATURA EN MÚSICA CON ACENTUACIÓN EN TROMBÓN,
2961,5042100143,LICENCIATURA EN GESTIÓN Y ADMINISTRACIÓN DE PEQUEÑA Y MEDIANA EMPRESA,
2962,5022100006,LICENCIATURA EN TEOLOGÍA CON ORIENTACIÓN EN CONSEJERÍA FAMILIAR,
2963,5071100030,LICENCIATURA EN INGENIERÍA MECÁNICA Y MATERIALES,
2964,5031100043,LICENCIATURA EN PSICOLOGÍA PSICOANALÍTICA,
2965,4071300009,TÉCNICO SUPERIOR UNIVERSITARIO EN MECATRÓNICA ÁREA AUTOMATIZACIÓN,
2966,5062200078,LICENCIATURA EN ADMINISTRACIÓN DE TECNOLOGÍAS DE LA INFORMACIÓN Y COMUNICACIONES,
2967,5051100012,LICENCIATURA EN TRONCO COMÚN EN BIOLOGÍA,
2968,5062100004,INGENIERÍA EN TECNOLOGÍAS DE CÓMPUTO Y TELECOMUNICACIONES,
2969,5061300032,LICENCIATURA EN INGENIERÍA EN SOFTWARE,
2970,4062200006,TÉCNICO SUPERIOR UNIVERSITARIO EN TECNOLOGÍAS DE LA INFORMACIÓN Y COMUNICACIÓN,
2971,5033200016,LICENCIATURA EN CRIMINOLOGÍA Y CIENCIAS FORENSES,
2972,5042100186,LICENCIATURA EN INGENIERÍA EN GESTIÓN DE PROYECTOS,
2973,5042100144,LICENCIATURA EN DIRECCIÓN Y ADMINISTRACIÓN EMPRESARIAL,
2974,5072400027,LICENCIATURA EN INGENIERÍA EN MINAS Y CONSTRUCCIÓN,
2975,5062200079,LICENCIATURA EN INGENIERÍA EN TECNOLOGÍAS DE LA INFORMACIÓN Y COMUNICACIÓN,
2976,5071100031,LICENCIATURA EN INGENIERÍA EN MANTENIMIENTO INDUSTRIAL,
2977,5042100035,LICENCIATURA EN ADMINISTRACIÓN DE PROYECTOS SUSTENTABLES,
2978,5071200024,LICENCIATURA EN ENERGÍAS RENOVABLES,
2979,5031200038,LICENCIATURA EN ANTROPOLOGÍA EN EL ÁREA DE ARQUEOLOGÍA,
2980,5062200003,LICENCIATURA EN INGENIERÍA EN TECNOLOGÍAS DE LA INFORMACIÓN Y NEGOCIOS,
2981,5092100017,LICENCIADO EN ENFERMERÍA,
2982,5012000005,LICENCIATURA EN DOCENCIA Y PRÁCTICA DOCENTE,
2983,5041100001,LICENCIATURA EN NEGOCIOS Y MANUFACTURA,
2984,5061300041,LICENCIATURA EN INGENIERO EN TECNOLOGÍAS COMPUTACIONALES,
2985,5071200025,LICENCIATURA EN INGENIERÍA EN ELÉCTRICA,
2986,5071500035,LICENCIATURA EN INGENIERÍA EN SISTEMAS AUTOMOTRICES,
2987,5062200080,LICENCIATURA EN INGENIERÍA EN TECNOLOGÍAS DE LA INFORMACION Y COMUNICACIONES,
2988,5011100015,LICENCIATURA EN PEDAGOGÍA,
2989,5072400028,LICENCIATURA EN INGENIERO PETROLERO,
2990,4094100011,TÉCNICO SUPERIOR UNIVERSITARIO EN TERAPIA FÍSICA E INCLUSIÓN SOCIAL,
2991,5021200032,LICENCIATURA EN TEATRO Y ACTUACIÓN,
2992,5041200098,LICENCIATURA EN COMUNICACIÓN MERCADOLÓGICA Y CORPORATIVA,
2993,5052300023,LICENCIATURA EN GEOLOGÍA AMBIENTAL Y RECURSOS HÍDRICOS,
2994,5101300010,LICENCIATURA EN ADMINISTRACIÓN DE SPA,
2995,5101600024,LICENCIATURA EN TURISMO CULTURAL Y CULTURA GASTRONÓMICA,
2996,5041400068,LICENCIATURA EN CONTADURÍA CON ÉNFASIS EN AUDITORÍA,
2997,4104100004,TÉCNICO SUPERIOR UNIVERSITARIO EN SEGURIDAD PÚBLICA E INVESTIGACIÓN POLICIAL,
2998,5021400061,LICENCIATURA EN COMUNICACIÓN Y ARTES AUDIOVISUALES,
2999,5041200099,LICENCIATURA EN PUBLICIDAD Y COMUNICACIÓN ESTRATÉGICA,
3000,5032100053,LICENCIATURA EN PERIODISMO Y COMUNICACIÓN PÚBLICA,
3001,5041100085,LICENCIATURA EN NEGOCIOS INTERNACIONALES MODALIDAD INTERNACIONAL,
3002,5021400046,LICENCIATURA EN INGENIERÍA EN ANIMACIÓN DIGITAL Y EFECTOS VISUALES,
3003,5071500011,LICENCIATURA EN INGENIERO INDUSTRIAL Y DE SISTEMAS MODALIDAD INTERNACIONAL,
3004,4052300002,TÉCNICO SUPERIOR UNIVERSITARIO EN GEOCIENCIAS,
3005,5081400017,LICENCIATURA EN INGENIERÍA ACUÍCOLA,
3006,5021300119,LICENCIATURA EN MÚSICA CON ACENTUACIÓN EN VIOLONCELLO,
3007,4092100005,TÉCNICO SUPERIOR UNIVERSITARIO EN CUIDADOS PARA PERSONAS DEPENDIENTES,
3008,4092100006,TÉCNICO SUPERIOR UNIVERSITARIO EN ENFERMERO GENERAL,
3009,4092100007,TÉCNICO SUPERIOR UNIVERSITARIO EN ENFERMERO GENERAL CON BACHILLERATO EN CIENCIAS DE LA SALUD,
3010,4081100003,TÉCNICO SUPERIOR UNIVERSITARIO EN AGROBIOTECNOLOGÍA ÁREA VEGETAL,
3011,5072400029,LICENCIATURA EN INGENIERO MINERO,
3012,5071700013,LICENCIATURA EN INGENIERÍA INDUSTRIAL EN CALIDAD,
3013,5072400010,LICENCIATURA EN INGENIERÍA METALÚRGICA,
3014,5104100011,LICENCIATURA EN PROTECCIÓN CIVIL Y EMERGENCIAS,
3015,5031100044,LICENCIATURA EN PSICOLOGÍA DEPORTIVA,
3016,5041400069,LICENCIATURA EN CONTADURÍA TRONCO COMÚN,
3017,5072200015,LICENCIATURA EN DISEÑO Y MODA INDUSTRIAL,
3018,4071500008,TÉCNICO SUPERIOR UNIVERSITARIO EN AERONÁUTICA,
3019,4041200004,TÉCNICO SUPERIOR UNIVERSITARIO EN DESARROLLO DE NEGOCIOS ÁREA DE MERCADOTECNIA,
3020,5021300120,LICENCIATURA EN MÚSICA OPCIÓN COMPOSICIÓN,
3021,5021300121,LICENCIATURA EN MÚSICA OPCIÓN DIRECCIÓN CORAL,
3022,5022000004,TRONCO COMÚN,
3023,5012601012,LICENCIATURA EN EDUCACIÓN FÍSICA Y CULTURA DEL DEPORTE,
3024,5021200033,LICENCIATURA EN ARTES ESCÉNICAS Y PRODUCCIÓN DE ESPECTÁCULOS,
3025,5022500013,LICENCIATURA EN GEOHISTORIA,
3026,5022300040,LICENCIATURA EN LITERATURA INTERCULTURAL,
3027,5031100045,LICENCIATURA EN PSICOLOGÍA EDUCATIVA Y DESARROLLO HUMANO,
3028,4094100012,TÉCNICO SUPERIOR UNIVERSITARIO EN INHALOTERAPIA,
3029,5031000002,LICENCIATURA EN ETAPA BÁSICA GENERAL,
3030,5073100030,ARQUITECTO CONSTRUCTOR,
3031,5041200100,LICENCIATURA EN MERCADOTECNIA Y NEGOCIOS,
3032,5033100050,LICENCIATURA EN DERECHO Y NEGOCIOS INTERNACIONALES,
3033,5071600022,LICENCIATURA EN INGENIERÍA EN TECNOLOGÍA AMBIENTAL,
3034,5012701006,LICENCIATURA EN DESARROLLO Y CUIDADO INFANTIL,
3035,5031500014,LICENCIATURA EN GERONTOLOGÍA SOCIAL,
3036,5101500024,LICENCIATURA EN ENOGASTRONOMÍA,
3037,5071100032,INGENIERÍA MECÁNICA EN PROCESOS DE INYECCIÓN,
3038,5012701007,LICENCIATURA EN EDUCACIÓN INICIAL CON ACENTUACIÓN EN EL IDIOMA INGLÉS,
3039,5012000006,LICENCIATURA EN DESARROLLO DOCENTE CON ESPECIALIDAD EN PSICOPEDAGOGÍA,
3040,5042500005,LICENCIATURA EN DESARROLLO DOCENTE CON ESPECIALIDAD EN ADMINISTRACIÓN Y GESTIÓN ESCOLAR,
3041,5061300033,INGENIERÍA EN SISTEMAS COMPUTACIONALES CON ACENTUACIÓN EN SOFTWARE,
3042,5021400047,LICENCIATURA EN AUDIO Y MULTIMEDIA,
3043,5042500019,LICENCIATURA EN ADMINISTRACIÓN GANADERA,
3044,5062200061,LICENCIATURA EN INFORMÁTICA Y SISTEMAS DE SEGURIDAD,
3045,5042100036,LICENCIATURA EN ADMINISTRACIÓN Y DESARROLLO DE NEGOCIOS EN FINANZAS,
3046,5021500065,LICENCIATURA EN DISEÑO DE ANIMACIÓN DIGITAL,
3047,5042100037,LICENCIATURA EN ADMINISTRACIÓN Y DESARROLLO DE NEGOCIOS INTERNACIONALES,
3048,5042100038,LICENCIATURA EN ADMINISTRACIÓN Y DESARROLLO DE NEGOCIOS EN DESARROLLO ORGANIZACIONAL,
3049,5071700014,LICENCIATURA EN INGENIERÍA INDUSTRIAL DE CALIDAD,
3050,5071500004,LICENCIATURA EN INGENIERÍA INDUSTRIAL EN FINANZAS,
3051,5041200102,LICENCIATURA EN MERCADOTECNIA ESTRATÉGICA EN FINANZAS,
3052,5041200103,LICENCIATURA EN MERCADOTECNIA ESTRATÉGICA EN PUBLICIDAD,
3053,5041200104,LICENCIATURA EN MERCADOTECNIA ESTRATÉGICA EN INTELIGENCIA DE MERCADOS,
3054,5041200105,LICENCIATURA EN MERCADOTECNIA ESTRATÉGICA EN NEGOCIOS INTERNACIONALES,
3055,5061300059,LICENCIATURA EN INGENIERÍA DE TECNOLOGÍAS DE INFORMACIÓN EN PROGRAMACIÓN,
3056,5062100005,LICENCIATURA EN INGENIERÍA DE TECNOLOGÍAS DE INFORMACIÓN EN REDES,
3057,5062200081,LICENCIATURA EN INGENIERÍA DE TECNOLOGÍAS DE INFORMACIÓN EN BASE DE DATOS,
3058,4095500003,TÉCNICO SUPERIOR UNIVERSITARIO EN OPTOMETRÍA Y ÓPTICA,
3059,5071200026,LICENCIATURA EN ENERGÍAS ALTERNAS,
3060,5101600025,LICENCIATURA EN TURISMO ECOLÓGICO,
3061,5021300122,LICENCIATURA EN MÚSICA SACRA,
3062,5041100086,LICENCIATURA EN NEGOCIOS INTERNACIONALES CON ACENTUACIÓN EN RELACIONES INTERNACIONALES,
3063,5101500025,LICENCIATURA EN GASTRONOMÍA INTERNACIONAL,
3064,5041300037,LICENCIATURA EN ADMINISTRACIÓN DE EMPRESAS CON ACENTUACIÓN EN FINANZAS,
3065,5041200134,LICENCIATURA EN ADMINISTRACIÓN DE EMPRESAS CON ACENTUACIÓN EN MERCADOTECNIA,
3066,4094300002,TÉCNICO SUPERIOR UNIVERSITARIO EN TERAPIAS ALTERNATIVAS,
3067,5042200048,LICENCIATURA EN ADMINISTRACIÓN TURÍSTICA Y GASTRONOMÍA,
3068,5071200027,LICENCIATURA EN INGENIERÍA EN ELECTRICIDAD,
3069,5021500066,"LICENCIATURA EN ANIMACIÓN, PRODUCCIÓN Y ARTE DIGITAL",
3070,5042100039,LICENCIATURA EN CREACIÓN Y DIRECCIÓN DE NEGOCIOS,
3071,4071300010,TÉCNICO SUPERIOR UNIVERSITARIO EN MECATRÓNICA ÁREA ROBÓTICA,
3072,4104100008,TÉCNICO SUPERIOR UNIVERSITARIO EN PREVENCIÓN Y SEGURIDAD CIUDADANA,
3073,5031100046,LICENCIATURA EN PSICOLOGÍA CLÍNICA ESPECIALIZADA,
3074,5042100040,LICENCIATURA EN ADMINISTRACIÓN Y DIRECCIÓN DE NEGOCIOS,
3075,5021500067,LICENCIATURA EN DISEÑO GRÁFICO Y COMUNICACIÓN VISUAL,
3076,4102100008,TÉCNICO SUPERIOR UNIVERSITARIO PILOTO AVIADOR,
3077,5042500020,LICENCIATURA EN GESTIÓN Y ADMINISTRACIÓN DE AGRONEGOCIOS,
3078,5093100008,LICENCIATURA EN MÉDICO CIRUJANO DENTISTA,
3079,5081100073,INGENIERÍA EN AGRICULTURA SUSTENTABLE Y PROTEGIDA,
3080,5011300019,LICENCIATURA EN PSICOPEDAGOGÍA EN APRENDIZAJES MÚLTIPLES,
3081,5022100007,LICENCIATURA EN TEOLOGÍA CON ÉNFASIS EN PASTORAL,
3082,5073100031,LICENCIATURA EN ARQUITECTURA Y DESARROLLO URBANO,
3083,5012400010,LICENCIATURA EN EDUCACIÓN MEDIA SUPERIOR EN CIENCIAS NATURALES,
3084,5012400011,LICENCIATURA EN EDUCACIÓN MEDIA SUPERIOR EN CIENCIAS SOCIALES,
3085,5012400012,LICENCIATURA EN EDUCACIÓN MEDIA SUPERIOR EN ESPAÑOL,
3086,5012400013,LICENCIATURA EN EDUCACIÓN MEDIA SUPERIOR EN MATEMÁTICAS,
3087,5033200017,LICENCIATURA EN SEGURIDAD PÚBLICA Y CIENCIAS FORENSES,
3088,5011000002,LICENCIATURA EN EDUCACIÓN INTERCULTURAL,
3089,5092100018,PROFESIONALIZACIÓN DE ENFERMERÍA NIVEL LICENCIATURA,
3090,5012604022,LICENCIATURA EN ENSEÑANZA DE LA TECNOLOGÍA,
3091,5041200106,BACHELOR IN MARKETING AND COMMUNICATION,
3092,5021400048,LICENCIATURA EN CREACIÓN CINEMATOGRÁFICA,
3093,5042100176,INGENIERÍA EN EMPRESAS DE SERVICIOS,
3094,5041100087,LICENCIATURA EN COMERCIO Y NEGOCIOS GLOBALES,
3095,5042100146,LICENCIATURA EN ADMINISTRACIÓN DE EMPRESAS Y EMPRENDIMIENTO,
3096,5041400070,LICENCIATURA EN CONTADURÍA Y GOBIERNO CORPORATIVO,
3097,5072400030,INGENIERÍA EN MINERÍA,
3098,5033100051,LICENCIATURA EN DERECHO INTERCULTURAL,
3099,5031200039,LICENCIATURA EN DESARROLLO LOCAL,
3100,5071000001,INGENIERÍA EN BIOMÉDICA,
3101,5041300029,LICENCIATURA EN GESTIÓN DE INVERSIONES Y BANCA,
3102,5062200004,LICENCIATURA EN TECNOLOGÍAS APLICADAS A LOS NEGOCIOS,
3103,5081300014,INGENIERÍA EN MANEJO FORESTAL SUSTENTABLE,
3104,4071000002,"TÉCNICO SUPERIOR UNIVERSITARIO EN CONSTRUCCIÓN Y MONTAJE DE PLANTAS INDUSTRIALES, ÁREA HIDROCARBUROS",
3105,5071000014,INGENIERÍA EN GESTIÓN DE LA INNOVACIÓN TECNOLÓGICA,
3106,5081200012,INGENIERO HORTICULTOR,
3107,5094300001,LICENCIATURA EN MEDICINA INTERCULTURAL,
3108,5093100009,LICENCIATURA EN CIRUJANO ODONTÓLOGO,
3109,5072000004,INGENIERÍA EN MANUFACTURA Y AUTOMATIZACIÓN INDUSTRIAL,
3110,5071100033,INGENIERÍA EN DISEÑO MECÁNICO,
3111,5041100103,LICENCIATURA EN LOGÍSTICA EMPRESARIAL,
3112,5041400084,LICENCIATURA EN ADMINISTRACIÓN Y GESTIÓN FISCAL DE PYMES,
3113,5021400049,LICENCIATURA EN ARTES CINEMATOGRÁFICAS Y AUDIOVISUALES,
3114,5012400014,LICENCIATURA EN FORMACIÓN DOCENTE DEL NIVEL MEDIO SUPERIOR,
3115,4021500009,TÉCNICO SUPERIOR UNIVERSITARIO EN DISEÑO DIGITAL ÁREA ANIMACIÓN,
3116,5073200032,LICENCIATURA EN INGENIERÍA CIVIL Y ADMINISTRACIÓN,
3117,5101500026,LICENCIATURA EN GASTRONOMÍA Y ENOLOGÍA,
3118,4053200001,TÉCNICO SUPERIOR UNIVERSITARIO ESPECIALIZADO EN BIOESTADÍSTICA,
3119,4092100008,TÉCNICO SUPERIOR UNIVERSITARIO ESPECIALIZADO EN ENFERMERÍA QUIRÚRGICA E INSTRUMENTISTA,
3120,4091340001,TÉCNICO SUPERIOR UNIVERSITARIO ESPECIALIZADO EN PEDIATRÍA,
3121,4091341001,TÉCNICO SUPERIOR UNIVERSITARIO ESPECIALIZADO EN PSIQUIATRÍA,
3122,5042300006,LICENCIATURA EN DESARROLLO MUNICIPAL Y GOBERNABILIDAD,
3123,5042100010,INGENIERÍA EN DESARROLLO EMPRESARIAL Y DIRECCIÓN DE PROYECTOS,
3124,5033200018,LICENCIATURA EN CRIMINOLOGÍA Y POLÍTICA CRIMINAL,
3125,5031200001,LICENCIATURA EN LINGÜÍSTICA ANTROPOLÓGICA,
3126,5071000024,INGENIERO BIOMÉDICO,
3127,4093100007,TÉCNICO SUPERIOR UNIVERSITARIO EN MECÁNICA DENTAL,
3128,5101300011,LICENCIATURA EN COSMIATRÍA Y DISEÑO DE IMAGEN,
3129,5021400001,LICENCIATURA EN ARTE Y COMUNICACIÓN DIGITALES,
3130,5081100074,INGENIERÍA AGRONÓMICA EN FITOTECNIA,
3131,5011100016,LICENCIATURA EN EDUCACIÓN E INNOVACIÓN PEDAGÓGICA,
3132,5072100035,LICENCIATURA EN INGENIERÍA EN AGROALIMENTOS,
3133,5062100006,LICENCIATURA EN INGENIERÍA EN ELECTRÓNICA Y TELECOMUNICACIONES,
3134,5033200019,LICENCIATURA EN CRIMINOLOGÍA Y SEGURIDAD PÚBLICA,
3135,5021500068,LICENCIATURA EN ARTE Y DISEÑO,
3136,5041200107,LICENCIATURA EN DISEÑO Y CONSULTORÍA DE IMAGEN PERSONAL Y CORPORATIVA,
3137,5021100016,LICENCIATURA EN GESTIÓN Y PROMOCIÓN DE LA CULTURA Y LAS ARTES,
3138,5041100088,LICENCIATURA EN GESTIÓN DE NEGOCIOS,
3139,5101500036,LICENCIATURA EN NUTRICIÓN GASTRONÓMICA,
3140,5042100147,LICENCIATURA EN CREACIÓN DE EMPRESAS Y DIRECCIÓN FINANCIERA,
3141,5042100148,LICENCIATURA EN CREACIÓN DE EMPRESAS Y DIRECCIÓN DE OPERACIONES,
3142,5051300026,LICENCIATURA EN CIENCIAS AMBIENTALES Y DESARROLLO SUSTENTABLE,
3143,5022600008,LICENCIATURA EN FILOSOFÍA ARISTOTÉLICA-TOMISTA,
3144,5092100019,NIVELACIÓN ACADÉMICA DE LICENCIATURA EN ENFERMERÍA,
3145,5021600075,LICENCIATURA EN EMPRESAS DE DISEÑO DE MODAS,
3146,4102100009,TÉCNICO SUPERIOR UNIVERSITARIO EN SISTEMA DE TRANSPORTE TERRESTRE,
3147,5071200028,INGENIERÍA EN ENERGÍAS ALTERNATIVAS,
3148,5021500084,LICENCIATURA EN DISEÑO GRÁFICO Y ARTES,
3149,5021500085,LICENCIATURA EN DISEÑO GRÁFICO E INNOVACIÓN DIGITAL,
3150,5022500014,LICENCIATURA EN ESTUDIOS COREANOS,
3151,5081200014,LICENCIATURA EN INGENIERÍA EN PRODUCCIÓN DE CULTIVOS PROTEGIDOS,
3152,5031500005,LICENCIATURA EN DESARROLLO HUMANO DEL ADULTO MAYOR,
3153,5092203001,LICENCIATURA EN ATENCIÓN INTEGRAL AL ADULTO MAYOR,
3154,5031100047,LICENCIATURA EN PSICOTERAPIA,
3155,5071500037,LICENCIATURA EN DISEÑO AUTOMOTRIZ,
3156,5072000005,LICENCIATURA EN INGENIERÍA EN TECNOLOGÍA Y PRODUCCIÓN,
3157,5021500069,LICENCIATURA EN DISEÑO GRÁFICO Y DIGITAL,
3158,4071700008,TÉCNICO SUPERIOR UNIVERSITARIO EN PROCESOS INDUSTRIALES ÁREA MAQUINADOS DE PRECISIÓN,
3159,4071200009,TÉCNICO SUPERIOR UNIVERSITARIO EN MANTENIMIENTO INDUSTRIAL ÁREA REFRIGERACIÓN,
3160,5021400050,LICENCIATURA EN CINE Y ANIMACIÓN DIGITAL,
3161,5031200040,LICENCIATURA EN PLANEACIÓN DEL DESARROLLO RURAL,
3162,4071200010,TÉCNICO SUPERIOR UNIVERSITARIO EN ENERGÍA RENOVABLE ÁREA ENERGÍA SOLAR,
3163,5031500015,LICENCIATURA EN GERICULTURA,
3164,5041200108,LICENCIATURA EN VENTA Y COMERCIALIZACIÓN,
3165,5041300030,LICENCIATURA EN NEGOCIOS FINANCIEROS Y BANCARIOS,
3166,5071200029,LICENCIATURA EN INGENIERÍA EN ENERGÍA Y DESARROLLO SUSTENTABLE,
3167,5032100054,LICENCIATURA EN COMUNICACIÓN Y PERIODISMO DEPORTIVO,
3168,5041200109,LICENCIATURA EN VENTAS Y COMERCIALIZACIÓN,
3169,4041400006,TÉCNICO SUPERIOR UNIVERSITARIO EN CONTABILIDAD,
3170,4042200005,PROFESIONAL ASOCIADO EN ADMINISTRACIÓN HOTELERA Y NEGOCIOS TURÍSTICOS,
3171,4081300002,TÉCNICO SUPERIOR UNIVERSITARIO EN ARBORICULTURA,
3172,5062100003,INGENIERÍA EN ELECTRÓNICA Y COMUNICACIONES NAVALES,
3173,5042400039,LICENCIATURA EN INGENIERÍA EN PROCESOS LOGÍSTICOS,
3174,5021600065,LICENCIATURA EN DISEÑO DE INDUMENTARIA Y MODA,
3175,4041400007,TÉCNICO SUPERIOR UNIVERSITARIO EN SISTEMAS ADMINISTRATIVOS Y CONTABLES,
3176,5104200003,LICENCIATURA EN INFANTERÍA DE MARINA,
3177,5041000002,LICENCIATURA EN DIRECCIÓN EN RESPONSABILIDAD SOCIAL Y DESARROLLO SUSTENTABLE,
3178,5021500086,LICENCIATURA EN DISEÑO E INFORMACIÓN VISUAL,
3179,5072100036,LICENCIATURA EN INGENIERÍA DE ALIMENTOS,
3180,5072400031,LICENCIATURA EN INGENIERÍA EN MINERÍA,
3181,5081100075,LICENCIATURA EN INGENIERÍA BIOTECNÓLOGO AGROPECUARIO,
3182,5071200030,LICENCIATURA EN INGENIERÍA ELÉCTRICO,
3183,5042100149,LICENCIATURA EN ADMINISTRACIÓN DE PYMES,
3184,5073100032,LICENCIATURA EN ARQUITECTURA SUSTENTABLE,
3185,5021500070,LICENCIATURA EN INGENIERÍA EN DISEÑO MULTIMEDIA,
3186,5072400032,LICENCIATURA EN INGENIERÍA EN MANTENIMIENTO PETROLERO,
3187,5061300034,LICENCIATURA EN DISEÑO WEB,
3188,4061300007,TÉCNICO SUPERIOR UNIVERSITARIO EN DESARROLLO WEB,
3189,5042100041,LICENCIATURA EN GESTIÓN DE NEGOCIOS Y TECNOLOGÍAS DE INFORMACIÓN,
3190,5071600025,LICENCIATURA EN INGENIERÍA AMBIENTAL Y SEGURIDAD INDUSTRIAL,
3191,5051200001,LICENCIATURA EN INGENIERÍA EN BIONEGOCIOS,
3192,5071700054,LICENCIATURA EN INGENIERÍA EN SISTEMAS PRODUCTIVOS,
3193,5071300083,LICENCIATURA EN ROBÓTICA,
3194,5031400021,LICENCIATURA EN INGENIERÍA ECONÓMICA Y FINANCIERA,
3195,5071200031,LICENCIATURA EN INGENIERÍA EN TECNOLOGÍA DEL FRÍO,
3196,5012300025,LICENCIATURA EN EDUCACIÓN BÁSICA EN CONTEXTOS INDÍGENAS,
3197,5021100017,LICENCIATURA EN ARTES VISUALES OPCIÓN PINTURA,
3198,5052200012,LICENCIATURA EN NANOTECNOLOGÍA,
3199,5052300024,LICENCIATURA EN INGENIERÍA EN GEOCIENCIAS,
3200,5071400038,LICENCIATURA EN INGENIERÍA EN MATERIALES,
3201,5071300023,LICENCIATURA EN MECATRÓNICA,
3202,5072100037,LICENCIATURA EN PROCESOS BIOALIMENTARIOS,
3203,4072400006,TÉCNICO SUPERIOR UNIVERSITARIO EN MINERÍA ÁREA BENEFICIO MINERO,
3204,5072400033,LICENCIATURA EN INGENIERÍA PETROLERO,
3205,5081100076,LICENCIATURA EN INGENIERÍA EN INNOVACIÓN AGRÍCOLA SUSTENTABLE,
3206,5021300123,LICENCIATURA EN MÚSICA CON ACENTUACIÓN EN TROMPETA,
3207,5082100006,LICENCIATURA EN MÉDICO VETERINARIO ZOOTECNISTA,
3208,4041100014,TÉCNICO SUPERIOR UNIVERSITARIO EN COMERCIO EXTERIOR Y ADUANAS,
3209,4071200011,TÉCNICO SUPERIOR UNIVERSITARIO EN MANTENIMIENTO ÁREA REFRIGERACIÓN,
3210,5071300084,LICENCIATURA EN INGENIERÍA EN ROBÓTICA Y MECATRÓNICA,
3211,5071700015,LICENCIATURA EN INGENIERÍA EN SISTEMAS Y PRODUCTIVIDAD INDUSTRIAL,
3212,5011200017,LICENCIATURA EN ADMINISTRACIÓN Y GESTIÓN EDUCATIVA,
3213,5101500027,LICENCIATURA EN GASTRONOMÍA Y GESTIÓN RESTAURANTERA,
3214,5071400039,LICENCIATURA EN INGENIERÍA QUÍMICA PARA LA DIRECCIÓN,
3215,5031100048,LICENCIATURA EN PSICOLOGÍA Y DESARROLLO HUMANO,
3216,5041000003,LICENCIATURA EN COMUNICACIÓN Y ADMINISTRACIÓN DE EMPRESAS DE ENTRETENIMIENTO,
3217,5041200110,LICENCIATURA EN PUBLICIDAD Y MERCADOTECNIA DIGITAL,
3218,5021500071,"LICENCIATURA EN DISEÑO, ANIMACIÓN Y ARTE DIGITAL",
3219,5071300085,LICENCIATURA EN AUTOMATIZACIÓN Y CONTROL INDUSTRIAL,
3220,5101500028,LICENCIATURA EN OPERACIÓN Y GESTIÓN DE SERVICIOS GASTRONÓMICOS,
3221,5062200069,LICENCIATURA EN INGENIERÍA EN TECNOLOGÍAS Y SOLUCIONES DE NEGOCIO,
3222,5101500029,LICENCIATURA EN GESTIÓN Y OPERACIÓN DE SERVICIOS GASTRONÓMICOS,
3223,5061300035,LICENCIATURA EN DISEÑO DE VIDEOJUEGOS,
3224,5061300036,LICENCIATURA EN PROGRAMACIÓN DE VIDEOJUEGOS,
3225,5021400051,LICENCIATURA EN CINE DIGITAL Y POST-PRODUCCIÓN,
3226,5041400071,LICENCIATURA EN CONTADURÍA PÚBLICA Y DIRECCIÓN FINANCIERA,
3227,5102100010,LICENCIATURA EN INGENIERÍA EN LOGÍSTICA Y TRANSPORTE,
3228,5103100008,LICENCIATURA EN INGENIERÍA EN SEGURIDAD Y AUTOMATIZACIÓN INDUSTRIAL,
3229,5072000006,LICENCIATURA EN INGENIERÍA EN TECNOLOGÍAS DE MANUFACTURA,
3230,5061300037,INGENIERÍA DE VIDEOJUEGOS,
3231,5101300012,LICENCIATURA EN COSMETOLOGÍA Y COSMIATRÍA,
3232,5042500027,LICENCIATURA EN DIRECCIÓN Y ADMINISTRACIÓN DEL DEPORTE,
3233,5021300124,LICENCIATURA EN MÚSICA CONTEMPORÁNEA,
3234,5041100089,LICENCIATURA EN NEGOCIOS INTERNACIONALES CON ACENTUACIÓN EN EMPRESAS TURÍSTICAS,
3235,5021400052,LICENCIATURA EN PRODUCCIÓN MUSICAL,
3236,5011100017,LICENCIATURA EN PROCESO DOCENTE EDUCATIVO,
3237,5061300006,INGENIERÍA EN ADMINISTRACIÓN DE SISTEMAS COMPUTACIONALES,
3238,5095600006,LICENCIATURA EN SALUD PREVENTIVA,
3239,5021500087,LICENCIATURA EN DISEÑO GRÁFICO Y ARTES VISUALES,
3240,5042500011,LICENCIATURA EN ADMINISTRACIÓN DE INSTITUCIONES PENITENCIARÍAS,
3241,5071300086,INGENIERÍA EN DISEÑO ELECTRÓNICO Y SISTEMAS INTELIGENTES,
3242,5021500072,LICENCIATURA EN DISEÑO Y COMUNICACIÓN MULTIMEDIA,
3243,5022200029,LICENCIATURA EN LENGUAS EUROPEAS,
3244,5062200082,LICENCIATURA EN TECNOLOGÍAS DE LA INFORMACIÓN,
3245,5042200049,LICENCIATURA EN ADMINISTRACIÓN DE EMPRESAS DE ECOTURISMO,
3246,5062200083,LICENCIATURA EN INGENIERÍA EN TECNOLOGÍAS DE INFORMACIÓN Y COMUNICACIÓN,
3247,5091100014,LICENCIATURA INTERNACIONAL EN MEDICINA,
3248,5012300002,LICENCIADO EN EDUCACIÓN BÁSICA Y TECNOLOGÍA EDUCATIVA,
3249,4041200017,TÉCNICO SUPERIOR UNIVERSITARIO EN MERCADOTECNIA Y COMUNICACIÓN,
3250,5052200013,INGENIERÍA EN NANOTECNOLOGÍA Y CIENCIAS QUÍMICAS,
3251,5012603016,LICENCIATURA EN CIENCIAS DE LA EDUCACIÓN CON ACENTUACIÓN EN ENSEÑANZA BILINGÜE,
3252,5011300020,LICENCIATURA EN PSICOPEDAGOGÍA Y GESTIÓN EDUCATIVA,
3253,5021600072,LICENCIATURA EN DISEÑO CON PIEDRAS Y METALES FINOS,
3254,5042500006,LICENCIATURA EN EDUCACIÓN Y ADMINISTRACIÓN ESCOLAR,
3255,5062200070,INGENIERÍA INDUSTRIAL Y DE SISTEMAS DE INFORMACIÓN,
3256,5031300019,LICENCIATURA EN ORGANIZACIÓN DE PROCESOS ELECTORALES CON ACENTUACIÓN EN ADMINISTRACIÓN EN CAMPAÑAS,
3257,5031300020,LICENCIATURA EN ORGANIZACIÓN DE PROCESOS ELECTORALES CON ACENTUACIÓN EN DERECHO ELECTORAL,
3258,5031300021,LICENCIATURA EN ORGANIZACIÓN DE PROCESOS ELECTORALES CON ACENTUACIÓN EN OPERACIÓN ELECTORAL,
3259,5041200111,LICENCIATURA EN IMAGEN Y PROYECCIÓN PÚBLICA,
3260,5031300022,LICENCIATURA EN DESARROLLO DE PROGRAMAS GUBERNAMENTALES,
3261,5062200084,LICENCIATURA EN TECNOLOGÍAS PARA LA INFORMACIÓN EN CIENCIAS,
3262,5033200020,LICENCIATURA EN CIENCIA FORENSE,
3263,4041400008,TÉCNICO SUPERIOR UNIVERSITARIO EN CONTADOR PÚBLICO,
3264,4032100003,TÉCNICO SUPERIOR UNIVERSITARIO EN CIENCIAS DE LA COMUNICACIÓN SOCIAL,
3265,4104100009,TÉCNICO SUPERIOR UNIVERSITARIO EN PROTECCIÓN CIUDADANA Y PROTECCIÓN CIVIL,
3266,5041300031,LICENCIATURA EN BANCA Y FINANZAS INTERNACIONALES,
3267,5042100189,LICENCIATURA EN ADMINISTRACIÓN PORTUARIA,
3268,5081100077,LICENCIATURA EN CIENCIAS AGROGENÓMICAS,
3269,5101100050,LICENCIATURA EN FÍSICOCONSTRUCTIVISMO Y FITNESS,
3270,5021200034,LICENCIATURA EN CANTO CON FORMACIÓN EN ARTES ESCÉNICAS,
3271,5042000013,"LICENCIATURA EN ADMÓN. CON TERMINAL EN MERCADOTECNIA, COMERCIO INT. Y ADUANAS, GESTIÓN PÚBLICA, REC. HUM. Y TURISMO",
3272,5073100033,LICENCIATURA EN ARQUITECTURA Y DISEÑO,
3273,5073200033,LICENCIATURA EN INGENIERÍA EN TOPOGRAFÍA Y GEOLOGÍA,
3274,5042400040,INGENIERÍA EN ADMINISTRACIÓN DE OBRA,
3275,5081100078,INGENIERO EN CIENCIAS AGRARIAS,
3276,5041200006,TRONCO COMÚN EN LICENCIATURA EN MERCADOTECNIA,
3277,5012702003,LICENCIATURA EN PSICOPEDAGOGÍA CON ACENTUACIÓN EN EDUCACIÓN ESPECIAL,
3278,5012702004,LICENCIATURA EN TERAPIA DEL LENGUAJE,
3279,4012701001,PROFESIONAL ASOCIADO EN DESARROLLO INFANTIL,
3280,4012701002,PROFESIONAL ASOCIADO EN PUERICULTURA Y EDUCACIÓN INFANTIL,
3281,5012703001,LICENCIATURA EN EDUCACIÓN DE ADULTOS,
3282,4012701003,TÉCNICO SUPERIOR UNIVERSITARIO EN PUERICULTURA,
3283,5012702008,LICENCIATURA EN EDUCACIÓN ESPECIAL INTEGRAL,
3284,5012701008,LICENCIATURA EN DESARROLLO INFANTIL,
3285,5012701009,LICENCIATURA EN EDUCACIÓN INFANTIL,
3286,5012701010,LICENCIATURA EN EDUCACIÓN INICIAL,
3287,5012701011,LICENCIATURA EN PUERICULTURA,
3288,5012701012,LICENCIATURA EN PUERICULTURA Y DESARROLLO INFANTIL,
3289,5012701013,LICENCIATURA EN ATENCIÓN Y DESARROLLO INFANTIL,
3290,5012702009,LICENCIATURA EN ATENCIÓN PARA LOS TRASTORNOS DE AUDICIÓN Y LENGUAJE,
3291,5012702011,LICENCIATURA EN EDUCACIÓN ESPECIAL,
3292,5012702013,LICENCIATURA EN EDUCACIÓN ESPECIAL EN EL ÁREA DE ATENCIÓN AUDITIVA Y DE LENGUAJE,
3293,5012702002,LICENCIATURA EN EDUCACIÓN ESPECIAL EN EL ÁREA DE ATENCIÓN INTELECTUAL,
3294,5012702014,LICENCIATURA EN EDUCACIÓN ESPECIAL EN EL ÁREA DE ATENCIÓN MOTRIZ,
3295,5012702015,LICENCIATURA EN EDUCACIÓN ESPECIAL EN EL ÁREA DE ATENCIÓN VISUAL,
3296,5012702022,"LICENCIATURA EN LA TERAPIA DE LA AUDICIÓN, LA VOZ Y EL LENGUAJE ORAL Y ESCRITO",
3297,5042000016,INGENIERÍA EN SISTEMAS ADMINISTRATIVOS,
3298,5062200001,LICENCIATURA EN ADMINISTRACIÓN CON ESPECIALIDAD EN INFORMÁTICA ADMINISTRATIVA,
3299,5042100150,LICENCIATURA EN ADMINISTRACIÓN DE EMPRESAS CON ESPECIALIDAD EN INFORMÁTICA ADMINISTRATIVA,
3300,5042100151,LICENCIATURA EN ADMINISTRACIÓN DE EMPRESAS CON SISTEMAS INFORMÁTICOS,
3301,5062200002,LICENCIATURA EN ADMINISTRACIÓN Y SISTEMAS,
3302,4062200022,TÉCNICO SUPERIOR UNIVERSITARIO EN OFIMÁTICA,
3303,5021400053,LICENCIATURA EN ARTES Y NEGOCIOS CINEMATOGRÁFICOS Y TELEVISIVOS,
3304,4021400009,PROFESIONAL ASOCIADO EN CINEMATOGRAFÍA,
3305,5021300125,LICENCIATURA EN LAUDERÍA,
3306,4031500004,TÉCNICO SUPERIOR UNIVERSITARIO EN CONSEJERÍA Y EDUCADOR EN ESTRATEGIAS DE PREVENCIÓN DE CONDUCTAS ANTISOCIALES,
3307,5012603017,LICENCIATURA EN ENSEÑANZA DE IDIOMAS,
3308,5021600066,LICENCIATURA EN DISEÑO DE MODAS ARTÍSTICO E INDUSTRIAL,
3309,5061300072,LICENCIATURA EN TECNOLOGÍAS COMPUTACIONALES,
3310,5062100058,LICENCIATURA EN REDES Y SERVICIOS DE CÓMPUTO,
3311,4101600017,TÉCNICO SUPERIOR UNIVERSITARIO EN  TURISMO ÁREA HOTELERA,
3312,5042100152,INGENIERÍA INDUSTRIAL EMPRESARIAL,
3313,5042200071,GASTRONOMÍA Y ADMINISTRACIÓN HOTELERA.,
3314,5071600023,LICENCIATURA EN INGENIERIA AMBIENTAL Y DESARROLLO SUSTENTABLE,
3315,5041400072,LICENCIATURA EN CONTADURÍA Y FINANZAS PÚBLICAS,
3316,5033100053,LICENCIATURA EN DERECHO Y JUICIOS ORALES,
3317,5071400040,LICENCIATURA EN INGENIERÍA QUÍMICA PETROLERA,
3318,4062200021,TÉCNICO SUPERIOR UNIVERSITARIO EN TECNOLOGÍAS DE LA INFORMACIÓN ÁREA SISTEMAS INFORMÁTICOS,
3319,5021600073,LICENCIATURA EN DISEÑO DE PIEDRAS Y METALES FINOS,
3320,5012603018,LICENCIATURA EN EDUCACIÓN CON ACENTUACIÓN BILINGÜE,
3321,4012603001,TÉCNICO SUPERIOR UNIVERSITARIO EN LA ENSEÑANZA DE LA LENGÜA INGLESA,
3322,5041400073,LICENCIATURA DE CONTADOR PÚBLICO Y AUDITOR,
3323,5031300023,LICENCIATURA EN DIRECCIÓN DE CAMPAÑAS ELECTORALES CON ACENTUACIÓN EN ADMINISTRACIÓN DE CAMPAÑAS,
3324,5042400041,INGENIERO EN ADMINISTRACIÓN Y GESTIÓN TECNOLÓGICA,
3325,5041100090,INGENIERO EN DESARROLLO DE NUEVOS NEGOCIOS,
3326,5031300024,LICENCIATURA EN DIRECCIÓN DE CAMPAÑAS ELECTORALES CON ACENTUACIÓN EN OPERACIÓN ELECTORAL,
3327,5101300013,LICENCIATURA EN COSMETOLOGÍA E IMAGEN INTEGRAL,
3328,5071700016,INGENIERÍA INDUSTRIAL CON ACENTUACIÓN EN CALIDAD Y PRODUCTIVIDAD,
3329,5103100009,INGENIERÍA EN SEGURIDAD INDUSTRIAL Y ECOLOGÍA,
3330,5041100091,LICENCIATURA EN GESTIÓN Y DESARROLLO DE NEGOCIOS,
3331,5081100079,INGENIERÍA EN DESARROLLO AGROINDUSTRIAL,
3332,5051300027,LICENCIATURA EN EVALUACIÓN Y DESARROLLO AMBIENTAL,
3333,5011200012,LICENCIATURA EN PLANEACIÓN Y EVALUACIÓN EDUCATIVA,
3334,5104100018,LICENCIATURA EN SEGURIDAD PÚBLICA Y DESARROLLO HUMANO,
3335,5012702024,LICENCIATURA EN EDUCACIÓN ESPECIAL EN EL ÁREA: INTELECTUAL,
3336,5033100054,LICENCIATURA EN DERECHO GENERAL Y AMBIENTAL,
3337,5073100034,LICENCIATURA EN INGENIERÍA ARQUITECTURA AMBIENTAL,
3338,5051300028,LICENCIATURA EN INGENIERÍA BIOECOLOGÍA,
3339,5081300015,LICENCIATURA EN INGENIERÍA FORESTAL Y DE SUELOS,
3340,5012603019,LICENCIATURA EN DOCENCIA DE LA LENGUA INGLESA,
3341,5041300032,LICENCIATURA EN ADMINISTRACIÓN FINANCIERA Y CONTABLE,
3342,4042500003,TÉCNICO SUPERIOR UNIVERSITARIO EN ADMINISTRACIÓN ÁREA GESTIÓN DE INSTITUCIONES DE LA SALUD,
3343,5091342001,LICENCIATURA EN RADIOLOGÍA,
3344,5073100035,LICENCIATURA EN ARQUITECTURA Y DISEÑO PARTICIPATIVO,
3345,5071200032,LICENCIATURA EN INGENIERÍA EN ENERGÍA Y PETRÓLEO,
3346,5101500030,LICENCIATURA EN GASTRONOMÍA EJECUTIVA,
3347,5021500073,LICENCIATURA EN MEDIOS SOCIALES DIGITALES,
3348,5091100016,LICENCIATURA EN MÉDICO CIRUJANO INTEGRAL,
3349,4093100008,TÉCNICO SUPERIOR UNIVERSITARIO DENTAL,
3350,5071500038,LICENCIATURA EN INGENIERÍA AUTOMOTRIZ Y SISTEMAS ESBELTOS,
3351,5021500074,LICENCIATURA EN DIRECCIÓN Y PRODUCCIÓN DE MEDIOS,
3352,5104100019,LICENCIATURA EN INTELIGENCIA PARA LA SEGURIDAD,
3353,5071400041,INGENIERÍA QUÍMICA EN EL ÁREA DE TECNOLOGÍA AMBIENTAL,
3354,5021400054,LICENCIATURA EN PRODUCCIÓN DE MEDIOS DE COMUNICACIÓN,
3355,5101300014,LICENCIATURA EN COSMIATRÍA NATUROPÁTICA,
3356,5042100155,LICENCIATURA EN ADMINISTRACIÓN Y DIRECCIÓN DE EMPRESAS FAMILIARES,
3357,5042200050,LICENCIATURA EN ADMINISTRACIÓN Y HOSPITALIDAD,
3358,5021500075,LICENCIATURA EN COMUNICACIÓN AUDIOVISUAL,
3359,5021500076,LICENCIATURA EN INGENIERÍA EN INNOVACIÓN Y DISEÑO,
3360,5072400006,INGENIERÍA GEOFÍSICA,
3361,5071300087,LICENCIATURA EN INGENIERÍA ELECTRÓNICA EN SISTEMAS DIGITALES,
3362,5033100055,LICENCIATURA EN DERECHO CON FORMACIÓN EN IMPARTICIÓN DE JUSTICIA FEDERAL,
3363,4095400002,TÉCNICO SUPERIOR UNIVERSITARIO EN QUÍMICA ÁREA TECNOLOGÍA FARMACEÚTICA,
3364,4102100001,TÉCNICO SUPERIOR UNIVERSITARIO EN DESARROLLO DE NEGOCIOS ÁREA ADMINISTRACIÓN DE SISTEMAS DE TRANSPORTE TERRESTRE,
3365,5042100003,LICENCIATURA EN ADMINISTRACIÓN DEL TALENTO HUMANO,
3366,5041300033,LICENCIATURA EN FINANZAS Y ADMINISTRACIÓN BANCARIA,
3367,5041200112,LICENCIATURA EN DIRECCIÓN DE MERCADOTECNIA,
3368,5042100156,LICENCIATURA EN CREACIÓN E INNOVACIÓN DE EMPRESAS,
3369,5042200051,LICENCIATURA EN ECOTURISMO Y SUSTENTABILIDAD,
3370,5032100055,LICENCIATURA EN COMUNICACIÓN INTEGRADA EN LAS ORGANIZACIONES,
3371,5042100047,LICENCIATURA EN ORGANIZACIÓN Y RELACIONES PÚBLICAS PARA LA ALTA DIRECCIÓN,
3372,5041200113,LICENCIATURA EN MERCADOTECNIA DIGITAL Y COMMUNITY MANAGER,
3373,4041200002,TÉCNICO SUPERIOR UNIVERSITARIO EN VENTAS Y DESARROLLO DE NEGOCIOS,
3374,5041400074,LICENCIATURA EN CONTADURÍA Y SISTEMAS FINANCIEROS,
3375,5042200072,LICENCIATURA EN GASTRONOMÍA Y ADMINISTRACIÓN,
3376,5031300032,LICENCIATURA EN SEGURIDAD Y POLÍTICAS PÚBLICAS,
3377,5071300088,INGENIERÍA EN DISEÑO AUTOMATIZACIÓN AGRICOLA,
3378,5071300089,INGENIERÍA EN DISEÑO AUTOMATIZACIÓN ALIMENTARIA,
3379,4071500009,"TÉCNICO SUPERIOR UNIVERSITARIO EN MANTENIMIENTO AERONAÚTICO, ÁREA AVIONICA",
3380,4101600018,TÉCNICO SUPERIOR UNIVERSITARIO EN TURISMO DE NATURALEZA,
3381,4021400010,"TÉCNICO SUPERIOR UNIVERSITARIO EN AUDIO, VIDEO E ILUMINACIÓN",
3382,5042100042,LICENCIATURA EN DESARROLLO EMPRESARIAL E INCUBACIÓN DE NEGOCIOS,
3383,5012601013,LICENCIATURA EN EDUCACIÓN FÍSICA Y ENTRENAMIENTO DEPORTIVO,
3384,5061300038,INGENIERÍA EN SOFTWARE Y SISTEMAS COMPUTACIONALES,
3385,5032200010,LICENCIATURA EN GESTIÓN DOCUMENTAL Y ARCHIVISTICA,
3386,5032200011,LICENCIATURA EN GESTIÓN DE LA INFORMACIÓN,
3387,5042100157,LICENCIATURA EN ADMINISTRACIÓN Y DIRECCIÓN DE PEQUEÑAS Y MEDIANAS EMPRESAS,
3388,5041200114,LICENCIATURA EN MERCADOTECNIA Y MEDIOS DIGITALES,
3389,5101100002,LICENCIATURA EN READAPTACIÓN Y ACTIVACIÓN FÍSICA,
3390,5012702025,LICENCIATURA EN EDUCACIÓN ESPECIAL Y REHABILITACIÓN,
3391,4071500010,TÉCNICO SUPERIOR UNIVERSITARIO EN SISTEMAS AUTOMOTRICES,
3392,5071500039,LICENCIATURA EN INGENIERÍA MECÁNICA Y DISEÑO AUTOMOTRIZ,
3393,4095300014,TÉCNICO SUPERIOR UNIVERSITARIO ESPECIALIZADO EN RADIOTERAPIA,
3394,4092100009,TÉCNICO SUPERIOR UNIVERSITARIO EN ENFERMERÍA GINECO-OBSTÉTRICA,
3395,5021200035,LICENCIATURA EN ARTES ESCÉNICAS EN DANZA,
3396,5021200036,LICENCIATURA EN ARTES ESCÉNICAS EN TEATRO,
3397,5101100004,LICENCIATURA EN ACTIVIDAD FÍSICA PARA LA SALUD,
3398,5071500040,INGENIERÍA MECÁNICA Y AUTOMOTRIZ,
3399,5071700055,INGENIERÍA INDUSTRIAL Y  MANUFACTURA,
3400,5062100059,INGENIERÍA EN TELECOMUNICACIONES Y REDES,
3401,5032100056,LICENCIATURA EN COMUNICACIÓN Y MEDIOS DE INFORMACIÓN,
3402,5101500031,LICENCIATURA EN GASTRONOMÍA CON ÉNFASIS NUTRICIONAL,
3403,5062100060,INGENIERÍA EN SISTEMAS ELECTRÓNICOS Y TELECOMUNICACIONES,
3404,5042500021,LICENCIATURA EN GESTIÓN DE RECURSOS MARINOS Y PORTUARIOS,
3405,5072200008,LICENCIATURA EN DISEÑO Y PRODUCCIÓN DE MODA,
3406,5041400075,LICENCIATURA EN CONTABILIDAD Y DERECHO FISCAL,
3407,5071300090,LICENCIATURA EN INGENIERÍA EN INTELIGENCIA ARTIFICIAL,
3408,5042000015,LICENCIATURA EN ORGANIZACIÓN Y ADMINISTRACIÓN EFICAZ,
3409,5011100018,LICENCIATURA EN PEDAGOGÍA Y COMPETENCIAS DOCENTES,
3410,5032100057,LICENCIADO EN COMUNICACIÓN Y GESTIÓN INTERCULTURAL,
3411,5052200014,LICENCIATURA EN QUÍMICA APLICADA,
3412,5012603020,LICENCIATURA EN EDUCACIÓN CON ACENTUACIÓN EN LA ENSEÑANZA BILINGUE,
3413,5052300001,LICENCIATURA EN PALEONTOLOGÍA,
3414,5031300025,LICENCIATURA EN DIRECCIÓN DE CAMPAÑAS ELECTORALES CON ACENTUACIÓN EN DERECHO ELECTORAL,
3415,4101500009,PROFESIONAL ASOCIADO EN ADMINISTRACIÓN CULINARIA,
3416,5031300026,LICENCIATURA EN ESTUDIOS POLÍTICOS,
3417,5072200016,INGENIERÍA EN TECNOLOGÍA TEXTIL,
3418,4071200012,"TÉCNICO SUPERIOR UNIVERSITARIO EN ENERGÍAS RENOVABLES, ÁREA CALIDAD Y AHORRO DE ENERGÍA",
3419,5101500001,LICENCIATURA EN GASTRONOMÍA Y HOTELERÍA,
3420,5062000001,INGENIERÍA EN SISTEMAS COMPUTACIONALES Y DOMÓTICA,
3421,5032200012,LICENCIATURA EN BIBLIOTECOLOGÍA Y GESTIÓN DEL CONOCIMIENTO,
3422,5071100034,INGENIERÍA EN INNOVACIÓN INDUSTRIAL,
3423,5052100009,LICENCIATURA EN ASTRONOMÍA,
3424,5081200013,LICENCIATURA EN INGENIERÍA HORTÍCOLA ORNAMENTAL Y DISEÑO DEL PAISAJE SUSTENTABLE,
3425,5101100051,LICENCIATURA EN DEPORTES Y ACTIVIDADES EN LA NATURALEZA,
3426,5071200033,LICENCIATURA EN ADMINISTRACIÓN DE ENERGÍA Y DESARROLLO SUSTENTABLE,
3427,5021300126,LICENCIATURA EN MÚSICO INSTRUMENTISTA CON OPCIÓN OBOE,
3428,4093100009,TÉCNICO SUPERIOR UNIVERSITARIO EN ODONTOLOGÍA,
3429,5041100092,LICENCIATURA EN GERENCIA GLOBAL DE NEGOCIOS,
3430,5042100158,LICENCIATURA EN EMPRENDEDORISMO,
3431,5094200016,LICENCIATURA EN NUTRICIÓN Y SALUD,
3432,5022600009,LICENCIATURA EN FILOSOFÍA CON ACENTUACIÓN EN ÉTICA,
3433,5072400011,INGENIERÍA METALURGICA Y DE MATERIALES,
3434,5042400042,INGENIERÍA MECÁNICA ADMINISTRATIVA,
3435,5022600001,LICENCIATURA EN FILOSOFÍA CON ACENTUACIÓN EN FENÓMENOS RELIGIOSOS,
3436,5042500007,LICENCIATURA EN EDUCACIÓN BÁSICA CON ACENTUACIÓN EN DIRECCIÓN Y GESTIÓN EDUCATIVA,
3437,5094300008,LICENCIATURA EN NATUROPATÍA MEDICA,
3438,5042200052,LICENCIATURA EN GESTIÓN INTERNACIONAL DEL TURISMO,
3439,5101100052,LICENCIATURA EN CIENCIAS APLICADAS AL DEPORTE,
3440,4095100006,TÉCNICO SUPERIOR UNIVERSITARIO EN PARAMÉDICO EN COMPETENCIAS PROFESIONALES,
3441,5091100018,LICENCIATURA EN MEDICINA FAMILIAR Y COMUNITARIA,
3442,5061300039,LICENCIATURA EN DESARROLLO DE SOFTWARE,
3443,5021500077,LICENCIATURA EN DISEÑO PARA LA COMUNICACIÓN EN MEDIOS DIGITALES,
3444,5071000015,INGENIERÍA EN OPERACIONES Y PROCESOS INDUSTRIALES,
3445,5101100053,LICENCIATURA EN DEPORTE Y CULTURA FÍSICA,
3446,5071100035,LICENCIATURA EN INGENIERÍA DE DISEÑO INDUSTRIAL,
3447,5071500041,LICENCIATURA EN INGENIERÍA DE SISTEMAS AUTOMOTRICES,
3448,4021200006,TÉCNICO SUPERIOR UNIVERSITARIO EN INVESTIGACIÓN Y CREACIÓN DANCÍSTICA,
3449,4071500011,TÉCNICO SUPERIOR UNIVERSITARIO EN MANUFACTURA AERONÁUTICA ÁREA MAQUINADO DE PRESICIÓN,
3450,5071200034,INGENIERÍA FOTONICA,
3451,5101300015,LICENCIATURA EN ESTÉTICA Y DESARROLLO DE IMAGEN,
3452,5021600074,LICENCIATURA EN DISEÑO DEL PRODUCTO ARTESANAL,
3453,5012602029,LICENCIATURA EN PEDAGOGÍA DE LA DANZA FOLKLÓRICA MEXICANA,
3454,5062100061,INGENIERÍA EN TELEMÁTICA Y SISTEMAS DE SEGURIDAD,
3455,5071500005,LICENCIATURA EN INGENIERÍA INDUSTRIAL Y GESTIÓN DE LA INNOVACIÓN,
3456,5062200107,LICENCIATURA EN INGENIERÍA EN TECNOLOGÍAS DE INFORMACIÓN Y SISTEMAS INTELIGENTES,
3457,5012602021,LICENCIATURA EN DOCENCIA DE LAS ARTES,
3458,5041100093,LICENCIATURA EN COMERCIO INTERNACIONAL Y GESTIÓN ADUANERA,
3459,4021200007,TÉCNICO SUPERIOR UNIVERSITARIO EN ARTES ESCÉNICAS PARA LA EXPRESIÓN DANCÍSTICA,
3460,5081400005,LICENCIATURA EN INGENIERÍA EN BIOTECNOLOGÍA ACUÁTICA,
3461,5072100038,LICENCIATURA EN INGENIERÍA EN TECNOLOGÍA DE ALIMENTOS,
3462,5073100036,LICENCIATURA EN DISEÑO DEL ESPACIO HABITABLE,
3463,4101200003,TÉCNICO SUPERIOR UNIVERSITARIO EN HISTOTECNÓLOGO Y EMBALSAMADOR,
3464,5021100022,LICENCIATURA EN ARTES VISUALES OPCIÓN ESCULTURA,
3465,5101300016,LICENCIATURA EN COSMIATRÍA INTEGRAL,
3466,4101300007,TÉCNICO SUPERIOR UNIVERSITARIO EN COSMIATRÍA,
3467,4061300008,TÉCNICO SUPERIOR UNIVERSITARIO EN SOFTWARE,
3468,5021200038,LICENCIATURA EN EDUCACIÓN ARTÍSTICA CON PERFILES DIFERENCIADOS,
3469,5071000027,LICENCIATURA EN FÍSICA BIOMÉDICA,
3470,5031200041,LICENCIATURA EN ESTUDIO SOCIAL Y GESTIÓN LOCAL,
3471,5052200015,LICENCIATURA EN CIENCIA DE MATERIALES SUSTENTABLES,
3472,5012300001,LICENCIATURA EN EDUCACIÓN BÁSICA ACENTUACIÓN EN NUEVAS TECNOLOGÍAS  APLICADAS A LA EDUCACIÓN,
3473,5042100159,LICENCIATURA EN ADMINISTRACIÓN Y NUEVOS NEGOCIOS,
3474,5103100010,INGENIERÍA EN PREVENCIÓN DE RIESGOS,
3475,5041200115,LICENCIATURA EN ADMINISTRACIÓN CON ACENTUACIÓN EN MERCADOTECNÍA,
3476,5042100160,LICENCIATURA EN ADMINISTRACIÓN DE EMPRESAS Y ESTRATEGIAS DE NEGOCIOS,
3477,5042200053,LICENCIATURA EN GESTION TURISTICA Y GASTRONOMICA,
3478,5033100056,LICENCIATURA EN DERECHO GUBERNAMENTAL,
3479,5012601014,LICENCIATURA EN EDUCACIÓN FÍSICA Y NUTRICIÓN DEPORTIVA,
3480,5012603021,LICENCIATURA EN ENSEÑANZA DE INGLÉS,
3481,5042100161,LICENCIATURA EN GESTIÓN DE ORGANIZACIONES SOLIDARIAS,
3482,5032100066,LICENCIATURA EN DIRECCIÓN ESTRATÉGICA Y COMUNICACIÓN CORPORATIVA,
3483,5041200116,LICENCIATURA EN CONSULTARÍA EMPRESARIAL Y MERCADOTECNIA,
3484,5062200062,LICENCIATURA EN SISTEMAS COMPUTACIONALES ADMINISTRATIVAS,
3485,5062200063,LICENCIATURA EN INGENIERÍA EN SISTEMAS COMPUTACIONALES ADMINISTRATIVAS,
3486,5031100049,"LICENCIATURA EN PSICOLOGÍA EN ÁREAS: EDUCATIVA, LABORAL, JURÍDICA Y PUBLICIDAD Y MERCADOTECNIA",
3487,5081100080,LICENCIATURA EN INGENIERÍA EN INNOVACIÓN Y TECNOLOGÍAS AGRÍCOLAS,
3488,5033200022,LICENCIATURA EN DERECHO CON ACENTUACIÓN EN CRIMINALÍSTICA,
3489,5073100037,"LICENCIATURA EN ARQUITECTURA CON TERMINALES EN: OBRA CIVIL Y CONSTRUCCIÓN, URBANISMO Y ARQUITECTURA  SUSTENTABLE",
3490,5032100058,"LICENCIATURA EN CIENCIAS DE LA COMUNICACIÓN CON TERMINALES EN: COMUNICACIÓN ORGANIZACIONAL, PERIODISMO DEPORTIVO Y/O MERCADOTECNIA E IMAGEN PÚBLICA",
3491,5012603022,LICENCIATURA EN ENSEÑANZA DE LAS LENGUAS EXTRANJERAS,
3492,5061300040,"INGENIERÍA EN SISTEMAS COMPUTACIONALES CON TERMINALES EN: ADMINISTRACIÓN DE REDES Y DISEÑO DE PLATAFORMAS WEB, DISEÑO EN ANIMACION E INTERACCION EN 2D Y 3D, DISEÑO GRAFICO, INTELIGENCIA DE NEGOCIOS Y/O PROTOCOLOS DE SEGURIDAD DIGITAL",
3493,5033100057,"LICENCIATURA EN DERECHO CON TERMINALES EN: DERECHO FISCAL, DERECHO CONSTITUCIONAL Y AMPARO, DERECHO LABORAL Y/O CRIMINOLOGIA",
3494,5041200117,LICENCIATURA EN MERCADOTECNIA E INNOVACIÓN DE NEGOCIOS,
3495,5062200065,LICENCIATURA EN INGENIERÍA EN SISTEMAS COMPUTACIONALES Y EMPRENDEDOR DE NEGOCIOS,
3496,5033100058,LICENCIATURA EN DERECHO ADVERSARIAL,
3497,5041200118,LICENCIATURA EN MERCADOTECNIA Y NEGOCIOS DIGITALES,
3498,5033200023,LICENCIATURA EN CIENCIAS CRIMINOLÓGICAS ADVERSARIALES,
3499,5062200108,LICENCIATURA EN INFORMÁTICA EJECUTIVA,
3500,5072400034,LICENCIATURA EN INGENIERÍA INDUSTRIAL EN SEGURIDAD PETROLERA,
3501,5103100011,LICENCIATURA EN INGENIERÍA EN SEGURIDAD E HIGIENE INDUSTRIAL,
3502,5042100162,LICENCIATURA EN ADMINISTRACIÓN E INNOVACIÓN EMPRESARIAL,
3503,5094200017,LICENCIATURA EN NUTRICIÓN Y DESARROLLO FÍSICO,
3504,4042100014,TÉCNICO SUPERIOR UNIVERSITARIO EN GESTIÓN DE ORGANIZACIONES SOLIDARIAS,
3505,5071300091,INGENIERÍA EN INSTRUMENTACIÓN ELECTRÓNICA Y NANOSENSORES,
3506,4042100001,TÉCNICO SUPERIOR UNIVERSITARIO EN OPERACIÓN Y GESTIÓN DE NEGOCIOS,
3507,4101600019,TÉCNICO SUPERIOR UNIVERSITARIO EN OPERACIONES TURÍSTICAS Y COMERCIALIZACIÓN DE SERVICIOS,
3508,4021400011,TÉCNICO SUPERIOR UNIVERSITARIO EN PRODUCCIÓN GRÁFICA Y DIGITAL,
3509,4041100015,TÉCNICO SUPERIOR UNIVERSITARIO EN TRÁFICO DE MERCANCÍAS Y TRAMITACIÓN ADUANAL,
3510,5042100163,LICENCIATURA EN ADMINISTRACIÓN Y PROYECCIÓN DE NEGOCIOS,
3511,5062200064,LICENCIATURA EN INGENIERÍA EN SISTEMAS COMPUTACIONALES ADMINISTRATIVOS,
3512,5091315001,LICENCIATURA EN GERIATRÍA,
3513,5071000019,LICENCIATURA EN BIOINGENIERÍA,
3514,5094200018,LICENCIATURA EN NUTRICIÓN Y ACONDICIONAMIENTO FÍSICO,
3515,5092100011,NIVELACIÓN A LICENCIATURA EN ENFERMERÍA,
3516,5062100055,LICENCIATURA EN TECNOLOGÍA E INFORMACIÓN,
3517,5012603012,LICENCIATURA EN DIDÁCTICAS DEL FRANCÉS,
3518,4072300002,TÉCNICO SUPERIOR UNIVERSITARIO EN INYECCIÓN DE PLÁSTICOS,
3519,5073200017,INGENIERÍA TOPÓGRAFO,
3520,4051300001,TÉCNICO SUPERIOR UNIVERSITARIO EN ADMINISTRACIÓN DE RECURSOS NATURALES,
3521,4071600004,TÉCNICO SUPERIOR UNIVERSITARIO EN CONTROL DE PLAGAS URBANAS,
3522,5021100005,LICENCIATURA EN ARTES VISUALES EXPRESIÓN PLÁSTICA,
3523,5021200007,LICENCIATURA EN ARTES ESCÉNICAS EXPRESIÓN DANCÍSTICA,
3524,5021200008,LICENCIATURA EN ARTES ESCÉNICAS EXPRESIÓN TEATRAL,
3525,5021300070,LICENCIATURA EN MÚSICA CON ORIENTACIÓN EN CANTO,
3526,5021300071,LICENCIATURA EN MÚSICA CON ORIENTACIÓN EN COMPOSICIÓN,
3527,5021300072,LICENCIATURA EN MÚSICA CON ORIENTACIÓN EN CONCERTISTA SOLISTA,
3528,5021300073,LICENCIATURA EN MÚSICA CON ORIENTACIÓN EN DIRECCIÓN CORAL,
3529,5012602027,LICENCIATURA EN MÚSICA CON ORIENTACIÓN EN PEDAGOGÍA MUSICAL,
3530,5021100020,LICENCIATURA EN ARTES VISUALES EXPRESIÓN FOTOGRÁFICA,
3531,4021500005,TÉCNICO SUPERIOR UNIVERSITARIO EN MULTIMEDIA,
3532,5071300013,INGENIERÍA MECÁNICO Y ELECTRICISTA,
3533,4021400007,TÉCNICO SUPERIOR UNIVERSITARIO EN RADIO Y TELEVISIÓN,
3534,4041100003,TÉCNICO SUPERIOR UNIVERSITARIO EN AGRONEGOCIOS,
3535,4032100005,TÉCNICO SUPERIOR UNIVERSITARIO EN COMUNICACIÓN Y RELACIONES PÚBLICAS,
3536,4041200012,TÉCNICO SUPERIOR UNIVERSITARIO EN RELACIONES PÚBLICAS,
3537,4101400002,TÉCNICO SUPERIOR UNIVERSITARIO EJECUTIVO BILINGÜE PARA ALTA DIRECCIÓN,
3538,4062200001,TÉCNICO SUPERIOR UNIVERSITARIO EN ADMINISTRACIÓN DE SISTEMAS DE INFORMACIÓN,
3539,4101600008,TÉCNICO SUPERIOR UNIVERSITARIO EN HOTELES Y MOTELES,
3540,4071100002,TÉCNICO SUPERIOR UNIVERSITARIO EN DISEÐO INDUSTRIAL ASISTIDO POR COMPUTADORA,
3541,4071300012,TÉCNICO SUPERIOR UNIVERSITARIO EN ELECTROMECÁNICA INDUSTRIAL,
3542,4071300017,TÉCNICO SUPERIOR UNIVERSITARIO EN SISTEMAS ELECTRÓNICOS,
3543,4032100006,TÉCNICO SUPERIOR UNIVERSITARIO EN COMUNICACIÓN POR MEDIOS ELECTRÓNICOS,
3544,5071200007,INGENIERÍA EN ELÉCTRICA INDUSTRIAL,
3545,5071300054,INGENIERÍA EN ELECTRÓNICA POTENCIAL,
3546,5071300058,INGENIERÍA EN INSTRUMENTACIÓN Y CONTROL DE PROCESOS,
3547,5071300073,LICENCIATURA EN ELECTRÓNICA MÉDICA,
3548,5061300066,INGENIERÍA EN TECNOLOGÍAS DE INTERNET,
3549,5081400004,INGENIERÍA BIOTECNÓLOGO ACUÍCOLA,
3550,5062200017,INGENIERÍA EN INFORMÁTICA INDUSTRIAL,
3551,5062200031,LICENCIATURA EN INFORMÁTICA FINANCIERA,
3552,5062100056,LICENCIATURA EN TELEINFORMÁTICA,
3553,5062200035,LICENCIATURA EN INFORMÁTICA Y SISTEMAS,
3554,5041100051,LICENCIATURA EN NEGOCIO Y COMERCIO INTERNACIONAL,
3555,5091200004,LICENCIATURA EN MEDICINA HOMEOPÁTICA,
3556,5032100011,LICENCIATURA EN CIENCIAS DE LA COMUNICACIÓN INTERNACIONAL,
3557,5041100034,LICENCIATURA EN COMERCIO INTERNACIONAL MODALIDAD INTERNACIONAL,
3558,4102100004,TÉCNICO SUPERIOR UNIVERSITARIO EN PILOTO AVIADOR MILITAR,
3559,4062200005,TRONCO COMÚN EN TÉCNICO SUPERIOR UNIVERSITARIO EN TECNOLOGÍAS DE LA INFORMACIÓN Y COMUNICACIONES,
3560,5012702010,LICENCIATURA EN AUDICIÓN Y LENGUAJE,
3561,5012702017,LICENCIATURA EN EDUCACIÓN ESPECIAL EN EL ÁREA: AUDITIVA Y DE LENGUAJE,
3562,5012702019,LICENCIATURA EN EDUCACIÓN ESPECIAL EN EL ÁREA INTELECTUAL,
3563,5012702023,LICENCIATURA EN PROBLEMAS DE APRENDIZAJE,
3564,5012300022,LICENCIATURA EN EDUCACIÓN TELESECUNDARIA,
3565,5012702006,LICENCIATURA EN EDUCACIÓN ESPECIAL EN EL ÁREA DE DEFICIENCIA MENTAL,
3566,5012702007,LICENCIATURA EN EDUCACIÓN ESPECIAL EN EL ÁREA DE TRASTORNOS NEUROMOTORES,
3567,5012702012,LICENCIATURA EN EDUCACIÓN ESPECIAL EN DEFICIENCIA MENTAL,
3568,5012702016,LICENCIATURA EN EDUCACIÓN ESPECIAL EN EL ÁREA DE AUDICIÓN Y LENGUAJE,
3569,5012702018,LICENCIATURA EN EDUCACIÓN ESPECIAL EN EL ÁREA DE PROBLEMAS DE APRENDIZAJE,
3570,5012702020,LICENCIATURA EN EDUCACIÓN ESPECIAL EN EL ÁREA MOTRIZ,
3571,5012702021,LICENCIATURA EN EDUCACIÓN ESPECIAL EN EL ÁREA VISUAL,
3572,5012300006,LICENCIATURA EN EDUCACIÓN MEDIA EN LA ESPECIALIDAD DE CIENCIAS NATURALES,
3573,5012300016,LICENCIATURA EN EDUCACIÓN SECUNDARIA CON ESPECIALIDAD EN INGLÉS,
3574,5022300001,LICENCIATURA EN ESPAÐOL,
3575,5012604011,LICENCIATURA EN CIENCIAS NATURALES,
3576,5071500036,LICENCIATURA EN INGENIERÍA DE MANUFACTURAS DE AUTOPARTES,
3577,5101100020,LICENCIATURA EN DEPORTES EN LA DISCIPLINA DE BÉISBOL,
3578,5101100021,LICENCIATURA EN DEPORTES EN LA DISCIPLINA DE BOLICHE,
3579,5101100025,LICENCIATURA EN DEPORTES EN LA DISCIPLINA DE ESGRIMA,
3580,5101100026,LICENCIATURA EN DEPORTES EN LA DISCIPLINA DE FRONTENIS,
3581,5101100028,LICENCIATURA EN DEPORTES EN LA DISCIPLINA DE HANDBALL,
3582,5101100030,LICENCIATURA EN DEPORTES EN LA DISCIPLINA DE JUDO,
3583,5101100037,LICENCIATURA EN DEPORTES EN LA DISCIPLINA DE TENIS,
3584,5041200101,LICENCIATURA EN DISEÐO DE IMAGEN Y DIRECCIÓN DE EVENTOS,
3585,4021500003,TÉCNICO SUPERIOR UNIVERSITARIO EN DISEÐO GRÁFICO PUBLICITARIO,
3586,4021600005,TÉCNICO SUPERIOR UNIVERSITARIO EN DISEÐO DE MODAS INDUSTRIAL,
3587,5021500081,LICENCIATURA EN GRÁFICOS EN MOVIMIENTO,
3588,4101600004,"PROFESIONAL ASOCIADO EN TURISMO, HOSPITALIDAD Y GASTRONOMÍA",
3589,5021400005,INGENIERÍA Y PRODUCCIÓN EN MÚSICA POPULAR CONTEMPORÁNEA,
3590,5021300127,LICENCIATURA EN EJECUCIÓN DE MÚSICA POPULAR CONTEMPORÁNEA,
3591,4072200001,PROFESIONAL ASOCIADO EN DISEÐO DE MODAS E INDUSTRIA DEL VESTIDO,
3592,5104100003,LICENCIATURA EN PROTECCIÓN CIVIL Y BOMBEROS,
3593,5104100004,LICENCIATURA EN PROTECCIÓN CIVIL Y URGENCIAS,
3594,4042100002,PROFESIONAL ASOCIADO EN ADMINISTRACIÓN DE RECURSOS HUMANOS,
3595,4101300006,TÉCNICO SUPERIOR UNIVERSITARIO EN COSMETOLOGÍA Y COSMIATRÍA,
3596,5011100019,LICENCIATURA EN PEDAGOGÍA Y GESTIÓN DEL APRENDIZAJE,
3597,4095300013,TÉCNICO SUPERIOR UNIVERSITARIO IMAGENÓLOGO,
3598,5021200037,LICENCIATURA EN INTERPRETACIÓN Y PRODUCCIÓN MUSICAL,
3599,5022100008,LICENCIATURA EN CATEQUÉTICA,
3600,5071300041,INGENIERÍA ELECTRÓNICA EN MANUFACTURA,
3601,5072400035,LICENCIATURA EN INGENIERÍA PETROLERA EN COMERCIALIZACIÓN ESTRATÉGICA,
3602,5022200030,LICENCIATURA EN DIDÁCTICA DEL INGLÉS,
3603,5041200119,LICENCIATURA EN MERCADOTECNIA Y REDES SOCIALES,
3604,5071400042,LICENCIATURA EN INGENIERÍA PETROQUÍMICA,
3605,5011200013,LICENCIATURA EN GESTIÓN E INNOVACIÓN EDUCATIVA,
3606,5101600026,LICENCIATURA EN TURISMO EN EL ÁREA DE MERCADOTECNIA,
3607,5012604005,LICENCIADO EN PEDAGOGÍA CON OPCIÓN EN LA ENSEÑANZA DEL ESPAÑOL,
3608,5012604006,LICENCIADO EN PEDAGOGÍA CON OPCIÓN EN LA ENSEÑANZA DEL INGLÉS,
3609,5012604007,LICENCIADO EN PEDAGOGÍA CON OPCIÓN EN LA ENSEÑANZA DE LAS MATEMÁTICAS,
3610,5012604008,LICENCIADO EN PEDAGOGÍA CON OPCIÓN EN LA ENSEÑANZA DE LAS CIENCIAS,
3611,5012604009,LICENCIADO EN PEDAGOGÍA CON OPCIÓN EN LA ENSEÑANZA DE LAS CIENCIAS SOCIALES,
3612,5041100094,LICENCIATURA EN CIENCIAS ADUANALES Y COMERCIO INTERNACIONAL,
3613,5041400097,LICENCIATURA EN ADMINISTRACIÓN DE EMPRESAS Y CONTADURÍA PÚBLICA,
3614,5101100054,LICENCIATURA EN INNOVACIÓN Y CIENCIA DEPORTIVA,
3615,5031400022,LICENCIATURA EN ECONOMÍA Y FINANZAS PÚBLICAS,
3616,4094100013,PROFESIONAL ASOCIADO EN FISIOTERAPIA,
3617,4081200001,TÉCNICO SUPERIOR UNIVERSITARIO EN FRUTICULTURA,
3618,4032100004,TÉCNICO SUPERIOR UNIVERSITARIO EN COMUNICACIÓN TECNOLÓGICA,
3619,5042400043,LICENCIATURA EN INGENIERÍA INDUSTRIAL EMPRESARIAL,
3620,5072400036,INGENIERÍA EN MINERALES,
3621,5021600067,LICENCIATURA EN ARQUITECTURA 3D E INTERIORES,
3622,4022200002,TÉCNICO SUPERIOR UNIVERSITARIO EN LENGUA INGLESA,
3623,5042500008,LICENCIATURA EN GESTIÓN INSTITUCIONAL EDUCATIVA Y CURRICULAR,
3624,5052200016,LICENCIATURA EN DISEÑO MOLECULAR Y NANOQUÍMICA,
3625,5073100038,LICENCIATURA EN ARQUITECTURA DIGITAL Y CONSTRUCCIÓN,
3626,5021600068,LICENCIATURA EN DISEÑO DIGITAL DE INTERIORES,
3627,5042400044,LICENCIATURA EN INGENIERÍA Y ADMINISTRACIÓN DE EMPRESAS CONSTRUCTORAS,
3628,5011500005,LICENCIADO EN EDUCACIÓN,
3629,5041200120,LICENCIATURA EN DIRECCIÓN DE VENTAS Y ADMINISTRACIÓN,
3630,5071400043,INGENIERÍA EN PETROQUÍMICA,
3631,5051200019,LICENCIATURA EN GENÓMICA,
3632,4033200003,TÉCNICO SUPERIOR UNIVERSITARIO EN CRIMINALÍSTICA,
3633,5071600024,INGENIERÍA EN MANEJO AMBIENTAL,
3634,5033100059,LICENCIATURA EN DERECHO CON ENFOQUE EN CIENCIAS PENALES,
3635,5011200018,LICENCIATURA EN EDUCACIÓN Y GESTIÓN EDUCATIVA,
3636,5041200121,LICENCIATURA EN MARKETING PUBLICITARIO,
3637,5032100059,LICENCIATURA EN PERIODISMO DEPORTIVO,
3638,5101100055,"LICENCIATURA EN CULTURA FÍSICA, RECREATIVA Y DEPORTES",
3639,5081100081,LICENCIATURA EN INGENIERO AGRÓNOMO EN PRODUCCIÓN,
3640,5072400037,INGENIERÍA EN PROCESAMIENTO DE RECURSOS MINERALES,
3641,5072200017,INGENIERIA EN TECNOLOGIAS DE MANUFACTURA CON ENFASIS EN TEXTIL Y MECATRONICA,
3642,5071400003,INGENIERÍA DE MATERIALES,
3643,5033100060,LICENCIATURA EN DERECHO CIVIL,
3644,5041400076,LICENCIATURA EN FINANZAS Y CONTABILIDAD,
3645,5021500088,LICENCIATURA EN DISEÑO GRÁFICO Y WEBMASTER,
3646,5012702026,LICENCIATURA EN EDUCACION CON ACENTUACION EN LA ATENCION A NIÑOS EXCEPCIONALES,
3647,5021600069,LICENCIATURA EN DISEÑO DE IMAGEN Y MODA INTERNACIONAL,
3648,5041300034,LICENCIATURA EN ADMINISTRACIÓN CON ACENTUACIÓN EN FINANZAS,
3649,5042100043,LICENCIATURA EN COMERCIO ELECTRÓNICO Y ADMINISTRACIÓN,
3650,4072000003,TÉCNICO SUPERIOR UNIVERSITARIO EN MANUFACTURA EN AREA INSTALACIONES EFICIENTES,
3651,4071200013,TÉCNICO SUPERIOR UNIVERSITARIO EN MANUFACTURA ÁREA INSTALACIONES ELÉCTRICAS EFICIENTES,
3652,5031500001,LICENCIATURA EN MEDIOS ALTERNOS DE CONFLICTOS,
3653,5041200122,LICENCIATURA EN CONSULTORIA Y GESTION DE IMAGEN,
3654,5071200035,INGENIERIA EN ENERGIA ELECTRICA,
3655,5071400044,INGENIERIA PETROQUIMICO,
3656,5071200036,INGENIERIA EN ENERGIA SOSTENIBLE,
3657,5012300003,LICENCIATURA EN EDUCACION BASICA ACENTUACION EN INGLES,
3658,5101600027,LICENCIATURA EN GESTION ESTRATEGICA DE NEGOCIOS TURISTICOS Y EVENTOS,
3659,5042200001,LICENCIATURA EN GESTION ESTRATEGICA DE NEGOCIOS  GASTRONOMICOS,
3660,4042200008,TÉCNICO SUPERIOR UNIVERSITARIO EN GESTION ESTRATEGICA DE NEGOCIOS TURISTICOS Y EVENTOS,
3661,4101500011,TÉCNICO SUPERIOR UNIVERSITARIO EN ARTES GASTRONOMICAS,
3662,4042200009,TÉCNICO SUPERIOR UNIVERSITARIO EN GESTION ESTRATEGICA DE NEGOCIOS GASTRONOMICOS,
3663,5031100050,"LICENCIATURA EN LICENCIATURA EN PSICOLOGIA CON TERMINALES: DESARROLLO HUMANO, AREA LABORAL, AREA SOC",
3664,4071500012,TECNICO PROFESIONAL AUTOMOTRIZ,
3665,4071500013,TECNICO PROFESIONAL EN MECANICA AUTOMOTRIZ,
3666,4072400007,TECNICO SUPERIOR EN MINERIA,
3667,5052100010,LICENCIATURA EN TECNOLOGÍA CON ÁREA TERMINAL EN FÍSICA APLICADA,
3668,5071300092,LICENCIATURA EN TECNOLOGÍA CON ÁREA TERMINAL EN ELECTRÓNICA,
3669,5012300026,LICENCIATURA EN EDUCACION MEDIA EN LA ESPECIALIDAD DE ESPAÑOL,
3670,4041400009,TECNICO SUPERIOR UNIVERSITARIO EN CONTABILIDAD Y FINANZAS,
3671,5021500093,LICENCIATURA EN DISEÑO PUBLICITARIO Y COMUNICACION MASIVA,
3672,5042100164,LICENCIATURA EN ADMINISTRACIÓN DE EMPRESAS Y GESTIÓN PYMES,
3673,4104100010,TÉCNICO SUPERIOR UNIVERSITARIO EN OPERACIONES POLICIALES,
3674,5071500042,LICENCIATURA EN INGENIERO MECÁNICO EN MAQUINARIA AUTOMOTRIZ,
3675,5042400048,LICENCIATURA EN INGENIERO MECÁNICO ADMINISTRADOR,
3676,5031300027,LICENCIATURA EN CIENCIAS POLÍTICAS EN ADMINISTRACIÓN PÚBLICA,
3677,5041400077,LICENCIATURA EN CONTABILIDAD Y ADMINISTRACIÓN FINANCIERA,
3678,5042100165,LICENCIATURA EN ADMINISTRACIÓN DE EMPRESAS COMERCIALES Y DE SERVICIOS,
3679,5041100095,LICENCIATURA EN NEGOCIOS NACIONALES E INTERNACIONALES,
3680,5071300036,LICENCIATURA EN INGENIERO MECANICO ELECTRICISTA,
3681,5062200109,TECNOLOGÍAS DE LA INFORMACIÓN,
3682,5073100001,LICENCIATURA EN ARTE DE LA ARQUITECTURA,
3683,5073200034,INGENIERIA EN CONSTRUCCION,
3684,5062200071,LICENCIATURA EN INGENIERIA EN TECNOLOGIAS Y SISTEMAS DE INFORMACION,
3685,5031300001,LICENCIATURA EN MEDIACION Y CONSTRUCCION DE PAZ,
3686,5011100024,LICENCIATURA EN EDUCACIÓN E INTERVENCIÓN COMUNITARIA,
3687,5021200039,LICENCIATURA EN DANZA FOLKLÓRICA MEXICANA Y ARTES ESCÉNICAS,
3688,5081100082,LICENCIATURA EN IRRIGACIÓN Y DRENAJE AGRÍCOLA,
3689,5012604016,LICENCIATURA EN LA ENSEÑANZA DE LAS MATEMÁTICAS,
3690,5042100166,LICENCIATURA EN GESTIÓN DE NEGOCIOS DIGITALES,
3691,5042100167,LICENCIATURA EN GESTIÓN CORPORATIVA,
3692,5012000001,LICENCIATURA EN EDUCACIÓN Y PRACTICA DOCENTE,
3693,4081100004,TÉCNICO SUPERIOR UNIVERSITARIO EN AGRICULTURA SUSTENTABLE Y PROTEGIDA ÁREA VITIVINICULTURA,
3694,5033100061,LICENCIATURA EN DERECHO CON ÉNFASIS EN EL NUEVO SISTEMA DE JUSTICIA,
3695,5101600028,INGENIERÍA PROFESIONAL EN DESARROLLO Y PROMOCIÓN DEL TURISMO SUSTENTABLE,
3696,5101100056,LICENCIATURA EN CIENCIAS DEL DEPORTE Y DESARROLLO FÍSICO,
3697,5101500032,PROFESIONAL ASOCIADO EN PANADERÍA Y REPOSTERÍA INTERNACIONAL,
3698,5072400038,LICENCIATURA EN INGENIERÍA EN PETRÓLEO Y GAS,
3699,5071300024,LICENCIATURA EN INGENIERÍA EN MECÁNICA ELÉCTRICA,
3700,5021400055,INGENIERÍA EN ANIMACIÓN DIGITAL Y EFECTOS VISUALES,
3701,5052300025,INGENIERÍA GEOMÁTICA,
3702,5071500043,LICENCIATURA EN INGENIERO EN SISTEMAS AUTOMOTRICES,
3703,5011200014,LICENCIATURA EN EDUCACIÓN CON ACENTUACIÓN EN GESTIÓN E INNOVACIÓN,
3704,5061100009,LICENCIATURA EN INGENIERÍA EN SISTEMAS COMPUTACIONALES ELECTRÓNICOS,
3705,5022200031,"LICENCIATURA EN IDIOMAS, ENSEÑANZA Y DIVERSIDAD CULTURAL",
3706,5042200054,LICENCIATURA EN ADMINISTRACIÓN Y GESTIÓN TURÍSTICA,
3707,5071500044,LICENCIATURA EN INGENIERÍA EN DISEÑO MECÁNICO AUTOMOTRIZ,
3708,5071500045,INGENIERÍA EN DISEÑO MECÁNICO AERONAÚTICO,
3709,5071300093,INGENIERÍA EN ELECTRÓNICA Y CONTROL DE SISTEMAS DE AERONAVES,
3710,5042500025,LICENCIATURA EN GESTIÓN ESTRATÉGICA PARA EL DESARROLLO CULTURAL,
3711,5031100051,LICENCIATURA EN PSICOLOGIA Y MECANISMOS ALTERNATIVOS DE SOLUCIÓN DE CONTROVERSIAS,
3712,5042100044,LICENCIATURA EN GESTIÓN DE NEGOCIOS COMERCIALES,
3713,5032100060,LICENCIATURA EN CIENCIAS DE LA COMUNICACIÓN CON ACENTUACIÓN EN COMUNICACIÓN Y DESARROLLO ORGANIZACIO,
3714,5032100061,LICENCIATURA EN CIENCIAS DE LA COMUNICACIÓN CON ACENTUACIÓN EN PERIODISMO Y PUBLICIDAD,
3715,5041200123,LICENCIATURA EN MERCADOTECNIA Y GESTIÓN DE IMAGEN,
3716,5032100062,LICENCIATURA EN PERIODISMO MULTIMEDIA,
3717,5041200005,LICENCIATURA EN PUBLICIDAD Y COMERCIALIZACIÓN,
3718,5042100168,LICENCIATURA EN DIRECCIÓN Y ADMINISTRACIÓN DE NEGOCIOS GLOBALES,
3719,5021500094,LICENCIATURA EN COMUNICACIÓN Y MEDIOS AUDIOVISUALES,
3720,4072100006,TÉCNICO SUPERIOR UNIVERSITARIO EN PROCESOS BIOALIMENTARIOS,
3721,5042100169,LICENCIATURA EN DESARROLLO HUMANO CON ACENTUACIÓN EN ORGANIZACIONES,
3722,5104100020,LICENCIATURA EN POLICÍA DE INVESTIGACIÓN DEL DELITO,
3723,5012701015,LICENCIATURA EN PAIDOLOGIA Y DESARROLLO INFANTIL,
3724,5033100062,LICENCIATURA EN DERECHO CON ENFOQUE INTERCULTURAL,
3725,5031100052,LICENCIATURA EN INTERVENCIÓN PSICOTERAPÉUTICA,
3726,5071300094,LICENCIATURA EN INGENIERÍA EN SISTEMAS ELECTRÓNICOS,
3727,5021400056,LICENCIATURA EN INGENIERÍA EN AUDIO Y PRODUCCIÓN MUSICAL,
3728,5102100003,INGENIERÍA EN TRÁFICO,
3729,5072400039,INGENIERÍA EN GEOFÍSICA PETROLERA,
3730,4072100001,TÉCNICO SUPERIOR UNIVERSITARIO PROCESOS BIOALIMENTARIOS,
3731,5021500089,LICENCIATURA EN DISEÑO GRAFICO CON OPCION EN DISEÑO MULTIMEDIA,
3732,5021400057,LICENCIATURA EN PRODUCCIÓN CINEMATOGRÁFICA DIGITAL,
3733,5053200001,LICENCIATURA EN ACTUARÍA FINANCIERA,
3734,5071700017,LICENCIATURA EN INGENIERO INDUSTRIAL  Y DE SISTEMAS,
3735,5041100096,LICENCIATURA EN CREACIÓN DE NEGOCIOS E INNOVACIÓN EMPRESARIAL,
3736,5022100009,LICENCIATURA EN ESTUDIOS HUMANÍSTICOS Y RELIGIOSOS,
3737,5042100170,LICENCIATURA EN INGENIERO EN GESTIÓN EMPRESARIAL,
3738,5031100053,LICENCIATURA EN PSICOLOGÍA DEL TRABAJO Y DE LAS ORGANIZACIONES,
3739,5033100063,LICENCIATURA EN DERECHO Y FUNCIÓN PÚBLCIA,
3740,5071200002,INGENIERÍA EN INNOVACIÓN SUSTENTABLE Y ENERGÍA,
3741,5071300025,INGENIERIA EN MECATRÓNICA,
3742,5071000025,LICENCIATURA EN INGENIERO BIOMÉDICO,
3743,5012603023,LICENCIATURA EN EDUCACIÓN CON ACENTUACIÓN EN INGLÉS,
3744,5021500090,LICENCIATURA EN INGENIERIA EN DISEÑO GRAFICO DIGITAL,
3745,5071300002,LICENCIATURA EN INGENIERÍA EN CIBERNETICA ELECTRONICA,
3746,5071000006,LICENCIATURA EN INGENIERIA EN CIENCIAS,
3747,5042200002,LICENCIATURA EN DIRECCIÓN DE HOTELES,
3748,5071300003,LICENCIATURA EN INGENIERIA MECATRONICA INDUSTRIAL,
3749,5021500091,LICENCIATURA EN DISEÑO GRAFICO ESTRATEGICO,
3750,5041300035,LICENCIATURA EN ADMINISTRACIÓN DE SEGUROS Y FIANZAS,
3751,5102100001,LICENCIATURA EN DIRECCIÓN Y ADMINISTRACIÓN DE AEROPUERTOS Y NEGOCIOS AÉREOS,
3752,5042000014,LICENCIATURA EN ESTRATEGIAS LOGISTICAS Y SUMINISTRO GLOBAL,
3753,5101100057,"LICENCIATURA EN CULTURA FÍSICA, RECREACIÓN Y DEPORTES",
3754,5021600077,"LICENCIATURA EN MODA, INNOVACIÓN Y TENDENCIA",
3755,4071500014,TÉCNICO SUPERIOR UNIVERSITARIO EN MANTENIMIENTO AERONÁUTICO ÁREA PLANEADOR Y MOTOR,
3756,5011500006,LICENCIATURA EN CIENCIAS EDUCATIVAS,
3757,5101600001,PROFESIONAL ASOCIADO EN ANIMACIÓN TURÍSTICA Y SOCIOCULTURAL,
3758,4101500001,PROFESIONAL ASOCIADO EN ANIMACIÓN TURÍSTICA Y SOCIOCULTURAL,
3759,5042100171,LICENCIATURA EN RELACIONES EJECUTIVAS,
3760,5041200124,LICENCIATURA EN MERCADOTECNIA Y COMERCIO ELECTRÓNICO,
3761,5081100083,INGENIERIA  ZOOTECNISTA ADMINISTRADOR A NIVEL LICENCIATURA,
3762,5042100172,LICENCIATURA EN DESARROLLO MICROEMPRESARIAL,
3763,4051300006,TÉCNICO SUPERIOR UNIVERSITARIO EN MANEJO DE LA VIDA SILVESTRE,
3764,5071100036,INGENIERÍA EN MANTENIMIENTO,
3765,5011400007,LICENCIATURA EN DOCENCIA Y EDUCACION A DISTANCIA,
3766,5012601015,LICENCIATURA EN EDUCACIÓN FÍSICA Y DEPORTE,
3767,5041200135,LICENCIATURA EN DIRECCIÓN DE VENTAS Y ADMINISTRACIÓN DE EMPRESAS,
3768,5041100097,LICENCIADO EN NEGOCIOS INTERNACIONALES,
3769,5092100001,LICENCIATURA EN SALUD REPRODUCTIVA Y PARTERIA,
3770,5021300128,LICENCIATURA EN ARTES MUSICALES OPCIÓN CANTANTE,
3771,5021300129,LICENCIATURA EN ARTES MUSICALES OPCIÓN COMPOSITOR,
3772,5021300130,LICENCIATURA EN ARTES MUSICALES OPCIÓN GUITARRISTA,
3773,5021300131,LICENCIATURA EN ARTES MUSICALES OPCIÓN INSTRUMENTISTA,
3774,5021300132,LICENCIATURA EN ARTES MUSICALES OPCIÓN PIANISTA,
3775,5021300133,LICENCIATURA EN ARTES MUSICALES OPCIÓN PRODUCTOR,
3776,5101500033,INGENIERÍA TÉCNICA EN COCINA REGIONAL MEXICANA,
3777,5081100084,INGENIERÍA TÉCNICA EN MANEJO INTEGRADO DE PLAGAS Y ENFERMEDADES EN CULTIVOS TROPICALES,
3778,5071500046,INGENIERÍA TÉCNICA EN ELECTRÓNICA AUTOMOTRIZ,
3779,5071300095,INGENIERÍA TÉCNICA EN ROBÓTICA INDUSTRIAL,
3780,5042500009,LICENCIATURA EN DIRECCIÓN DE CENTROS EDUCATIVOS,
3781,5032100067,LICENCIATURA EN CIENCIAS DE LA COMUNICACIÓN ORGANIZACIONAL Y RELACIONES PUBLICAS,
3782,4021200001,PROFESIONAL TECNICO EN DANZA CLASICA,
3783,5041200125,LICENCIATURA EN ESTRUCTURA TÉCNICA Y MERCADOLÓGICA,
3784,5062100002,INGENIERIA EN CONECTIVIDAD DE REDES,
3785,5021300134,LICENCIATURA EN MÚSICA SAXOFONISTA,
3786,5081100012,LICENCIATURA EN INGENIERIA AGRONOMO ZOOTECNISTA,
3787,5021400058,LICENCIADO EN COMUNICACIÓN EN PRODUCCIÓN DE MEDIOS,
3788,5021200001,LICENCIATURA EN ARTES CON ORIENTACION EN DANZA FOLKLORICA,
3789,5092100020,LICENCIATURA EN ENFERMERÍA GINECO OBSTETRICIA,
3790,5092100021,LICENCIATURA EN ENFERMERIA GINECOOBSTETRICIA,
3791,5101500037,LICENCIATURA EN ALIMENTACIÓN E HIGIENE,
3792,5012500011,LICENCIATURA EN DOCENCIA PARA LA INDUSTRIA DE LA HOSPITALIDAD,
3793,5012701001,LICENCIATURA EN CIENCIAS DE LA EDUCACIÓN INFANTIL,
3794,5042200055,LICENCIATURA EN ADMINISTRACIÓN DE TURISMO ALTERNATIVO,
3795,5021400059,LICENCIATURA EN GESTIÓN Y PRODUCCIÓN DE ESPECTÁCULOS,
3796,5042100173,LICENCIATURA EN ADMINISTRACIÓN CORPORATIVA,
3797,5042100174,LICENCIATURA EN PRODUCCIÓN Y ORGANIZACIÓN DE EVENTOS,
3798,5071500006,LICENCIATURA EN INGENIERÍA INDUSTRIAL EN ESTADÍSTICA APLICADA,
3799,5031400023,LICENCIATURA EN ECONOMÍA Y DESARROLLO SUSTENTABLE,
3800,4042100015,TÉCNICO SUPERIOR UNIVERSITARIO EN ADMINISTRACIÓN DE EMPRESAS ENERGÉTICAS,
3801,4072400003,TÉCNICO SUPERIOR UNIVERSITARIO EN HIDROCARBUROS,
3802,4042100016,TÉCNICO SUPERIOR UNIVERSITARIO EN OPERACIÓN LOGÍSTICA,
3803,5071500012,INGENIERO AUTOMOTRIZ,
3804,5094200019,LICENCIATURA EN NUTRICIÓN Y SALUD INTEGRAL,
3805,5011400005,LICENCIATURA EN TECNOLOGÍAS PARA LA GENERACIÓN DEL CONOCIMIENTO,
3806,5042500010,LICENCIATURA EN DIRECCIÓN EMPRESARIAL EN INSTITUCIONES DE LA SALUD,
3807,5021200040,LICENCIATURA EN DANZA OPCION MULTIDISCIPLINAR,
3808,5101100058,LICENCIATURA EN CIENCIAS FÍSICAS Y DEL DEPORTE,
3809,5021500114,INGENIERÍA EN PRODUCCIÓN Y DISEÑO DIGITAL,
3810,5042200056,LICENCIATURA EN GESTIÓN DEL TURISMO CULTURAL Y NATURAL,
3811,5042200057,LICENCIATURA EN INNOVACION Y GESTION TURISTICA,
3812,5071000016,INGENIERÍA APLICADA,
3813,5042300027,LICENCIATURA EN ADMINISTRACIÓN GUBERNAMENTAL Y POLÍTICAS PÚBLICAS,
3814,5021000012,LICENCIATURA EN HISTORIA Y ARTE,
3815,5071500047,LICENCIATURA EN INGENIERÍA ELECTROMECÁNICA AUTOMOTRIZ,
3816,5011400006,LICENCIATURA EN EDUCACIÓN E INNOVACIÓN TECNOLÓGICA,
3817,5021100018,LICENCIATURA EN ARTE CONTEMPORÁNEO,
3818,5012602022,LICENCIATURA EN DOCENCIA Y GESTIÓN PARA LAS ACTIVIDADES ARTÍSTICAS,
3819,5101500034,INGENIERÍA TÉCNICA EN COMERCIALIZACIÓN DE PRODUCTOS GASTRONÓMICOS,
3820,5072100039,INGENIERÍA TÉCNICA EN SEGURIDAD E INOCUIDAD ALIMENTARIA,
3821,5061300073,INGENIERÍA TÉCNICA EN DESARROLLO DE SOFTWARE PARA APLICACIONES WEB,
3822,5101600029,INGENIERÍA TÉCNICA EN DESARROLLO Y PROMOCIÓN DEL TURISMO SUSTENTABLE,
3823,5071200037,INGENIERÍA EN FUENTES DE ENERGÍA RENOVABLE,
3824,5094200020,LICENCIATURA EN NUTRICIÓN HUMANA Y DIETÉTICA,
3825,5041400078,LICENCIATURA EN IMPUESTOS Y PLANEACIÓN FISCAL,
3826,5073100039,LICENCIATURA EN GESTIÓN TERRITORIAL,
3827,4042300001,TÉCNICO SUPERIOR UNIVERSITARIO EN PROMOTORÍA COMUNITARIA,
3828,5031300028,LICENCIATURA EN POLÍTICAS Y PROYECTOS SOCIALES,
3829,4031500001,TÉCNICO SUPERIOR UNIVERSITARIO EN PROYECTOS SOCIALES,
3830,5042500024,LICENCIATURA EN GERENCIA DE SERVICIOS DE SALUD,
3831,4042500004,TÉCNICO SUPERIOR UNIVERSITARIO EN GESTIÓN DE SERVICIOS DE SALUD,
3832,4095600002,TÉCNICO SUPERIOR UNIVERSITARIO EN PROMOCIÓN DE LA SALUD,
3833,5094200021,LICENCIATURA EN NUTRICIÓN APLICADA,
3834,4094200004,TÉCNICO SUPERIOR UNIVERSITARIO EN GESTIÓN EN ALIMENTACIÓN Y NUTRICIÓN,
3835,5042300028,LICENCIATURA EN ADMINISTRACIÓN Y GESTIÓN PÚBLICA,
3836,5062200066,LICENCIATURA EN INFORMÁTICA Y NUEVAS TECNOLOGÍAS,
3837,5033100066,LICENCIATURA EN DERECHO CON ESPECIALIDAD EN SEGURIDAD PÚBLICA,
3838,5041400079,LICENCIATURA EN CONTADURÍA CON ESPECIALIDAD FISCAL,
3839,5021200041,LICENCIATURA EN DESARROLLO EN ARTES Y DANZA FOLKLÓRICA,
3840,5012701016,LICENCIATURA EN DESARROLLO INFANTIL Y DEL ADOLESCENTE,
3841,5062200067,LICENCIATURA EN SISTEMAS E INFORMÁTICA,
3842,5033100064,LICENCIATURA EN CIENCIAS JURÍDICO FISCALES,
3843,5042100175,LICENCIATURA EN INNOVACIÓN Y GESTIÓN EMPRESARIAL,
3844,5071500048,LICENCIATURA EN INGENIERÍA EN MECÁNICA Y ELECTRÓNICA AUTOMOTRIZ,
3845,5103100012,INGENIERIA EN HIGIENE Y SEGURIDAD,
3846,5042300029,LICENCIATURA EN GOBERNANZA Y GESTIÓN LOCAL,
3847,5071500049,LICENCIATURA EN INGENIERÍA EN DISEÑO INDUSTRIAL AUTOMOTRIZ,
3848,5072000007,LICENCIATURA EN INGENIERÍA EN NEGOCIOS Y MANUFACTURA,
3849,5071200038,LICENCIATURA EN INGENIERÍA EN ENERGÍA Y SUSTENTABILIDAD,
3850,5071100037,LICENCIATURA EN INGENIERÍA EN INNOVACIÓN TECNOLÓGICA DE MATERIALES,
3851,5051300030,LICENCIATURA EN AGUA,
3852,5042200003,LICENCIATURA EN CREACIÓN Y GESTIÓN DE EMPRESAS TURISTICAS,
3853,5062200110,LICENCIATURA EN INGENIERÍA EN TELECOMUNICACIÓNES Y TECNOLOGÍAS DE LA INFORMACIÓN,
3854,5041100098,LICENCIATURA EN DISEÑO DE NEGOCIOS,
3855,5021300135,LICENCIATURA EN MUSICO INSTRUMENTISTA CON OPCIÓN VIOLA,
3856,4081200002,TÉCNICO SUPERIOR UNIVERSITARIO EN FRUTICULTURA SUSTENTABLE,
3857,5092100022,LICENCIATURA EN ENFERMERÍA NAVAL,
3858,5072100040,LICENCIATURA EN INGENIERÍA EN ALIMENTOS  Y NUTRICIÓN,
3859,5012701014,LICENCIATURA EN DESARROLLO INICIAL INFANTIL,
3860,4042500005,TÉCNICO EN ADMINISTRACIÓN PARA EL EMPRENDIMIENTO AGROPECUARIO,
3861,5042200058,LICENCIATURA EN TURISMO Y ADMINISTRACIÓN DE EMPRESAS,
3862,5041200126,LICENCIATURA EN MERCADOTECNIA Y ADMINISTRACIÓN DE EMPRESAS,
3863,5041000005,LICENCIATURA EN COMUNICACIONES Y ADMINISTRACIÓN DE EMPRESAS,
3864,5031200042,LICENCIATURA EN PLANEACIÓN Y DESARROLLO REGIONAL,
3865,5101100003,LICENCIATURA EN GESTIÓN DEPORTIVA,
3866,5021600070,LICENCIATURA EN DISEÑO DE MODAS E INDUSTRIA TEXTIL,
3867,5091100017,LICENCIATURA DE MÉDICO CIRUJANO,
3868,5101100059,LICENCIATURA EN FORMACIÓN DEPORTIVA Y RECREACIÓN,
3869,5033100065,LICENCIATURA EN DERECHO POLICIAL,
3870,5104200001,LICENCIATURA EN TECNOLOGÍAS APLICADAS A LA SEGURIDAD PÚBLICA,
3871,5031100054,LICENCIATURA EN ARTETERAPIA,
3872,5101300017,LICENCIATURA EN COSMEATRÍA Y CUIDADO CORPORAL,
3873,5042200073,LICENCIATURA EN ADMINISTRACIÓN DE LA GASTRONOMÍA,
3874,5071000026,LICENCIATURA EN INGENIERÍA EN SISTEMAS BIOMÉDICOS,
3875,5031200043,LICENCIATURA EN DESARROLLO COMUNITARIO PARA EL ENVEJECIMIENTO,
3876,5032200013,LICENCIATURA EN ADMINISTRACIÓN DE ARCHIVOS Y GESTIÓN DOCUMENTAL,
3877,5012400015,LICENCIATURA  EN EDUCACIÓN MEDIA SUPERIOR CON ESPECIALIDAD EN MATEMÁTICAS,
3878,5012400016,LICENCIATURA EN EDUCACIÓN MEDIA SUPERIOR CON ESPECIALIDAD EN COMUNICACIÓN,
3879,5012400017,LICENCIATURA EN EDUCACIÓN MEDIA SUPERIOR CON ESPECIALIDAD EN COMUNICACIÓN,
3880,5012400018,LICENCIATURA EN EDUCACIÓN MEDIA SUPERIOR CON ESPECIALIDAD EN CIENCIAS EXPERIMENTALES,
3881,5061300005,LICENCIATURA EN DISEÑO DIGITAL ANIMACIÓN Y WEB,
3882,5052200017,LICENCIATURA  EN CIENCIA DE MATERIALES,
3883,5021400060,LICENCIATURA EN PRODUCCIÓN DE MEDIOS AUDIOVISUALES,
3884,5041100116,INGENIERÍA EN LOGÍSTICA GLOBAL,
3885,5095400010,INGENIERIA QUIMICA FARMACEUTICA,
3886,5092100023,LICENCIATURA EN ENFERMERÍA GENERAL,
3887,4101600016,TÉCNICO SUPERIOR UNIVERSITARIO EN TURISMO ÁREA DESARROLLO DE PRODUCTOS ALTERNATIVOS,
3888,5012603009,LICENCIATURA EN LA ENSEÑANZA DE IDIOMAS,
3889,5021200010,LICENCIATURA EN ARTES ESCÉNICAS Y CIRCENSES CONTEMPORÁNEAS,
3890,5021600059,LICENCIATURA EN DISEÑO INTERIOR ARQUITECTÓNICO,
3891,5071700012,LICENCIATURA EN INGENIERÍA INDUSTRIAL,
3892,4021100003,TECNICO SUPERIOR UNIVERSITARIO EN ARTES PLASTICAS,
3893,4021300007,TÉCNICO SUPERIOR UNIVERSITARIO EN MUSICA,
3894,4021600009,TÉCNICO SUPERIOR UNIVERSITARIO EN DISEÑO Y MODA INDUSTRIAL,
3895,4021600010,TÉCNICO SUPERIOR UNIVERSITARIO EN DISEÑO Y MODA EN EL ÁREA DE CALZADO Y COMPLEMENTOS,
3896,4021400014,"TÉCNICO SUPERIOR UNIVERSITARIO EN TECNOLOGÍAS DE LA COMUNICACIÓN, DISEÑO DIGITAL, ÁREA ANIMACIÓN",
3897,4042100020,TÉCNICO SUPERIOR UNIVERSITARIO EN LOGÍSTICA,
3898,4021200008,TÉCNICO SUPERIOR UNIVERSITARIO EN DESARROLLO DE NEGOCIOS ÁREA VENTAS,
3899,4041200018,PROFESIONAL ASOCIADO EN MERCADOTECNIA,
3900,4101500010,PROFESIONAL ASOCIADO EN PANADERÍA Y REPOSTERÍA INTERNACIONAL,
3901,4101500012,TÉCNICO SUPERIOR UNIVERSITARIO EN PROCESOS ALIMENTARIOS EN EL ÁREA ALIMENTOS GOURMET,
3902,4072400008,TECNICO SUPERIOR UNIVERSITARIO EN EXPLORACION GEOLOGICA,
3903,4071500015,TÉCNICO SUPERIOR UNIVERSITARIO EN MECÁNICA DIESEL,
3904,4042200010,TÉCNICO SUPERIOR UNIVERSITARIO EN PRODUCCIÓN DE EVENTOS,
3905,4071500016,TÉCNICO SUPERIOR UNIVERSITARIO EN MECATRÓNICA AUTOMOTRIZ,
3906,4071500017,TÉCNICO SUPERIOR UNIVERSITARIO EN MECÁNICA DIESEL AUTOMOTRIZ,
3907,4071200015,TECNICO SUPERIOR UNIVERSITARIO EN ENERGIA SOLAR,
3908,4071700010,TÉCNICO SUPERIOR UNIVERSITARIO EN GESTION INDUSTRIAL,
3909,4095100001,PROFESIONAL TÉCNICO EN URGENCIAS MEDICAS,
3910,4091323001,PROFESIONAL ASOCIADO EN URGENCIAS MEDICAS,
3911,4092100010,PROFESIONAL TÉCNICO EN ENFERMERÍA,
3912,4093206001,TÉCNICO SUPERIOR UNIVERSITARIO PROTESISTA DENTAL,
3913,4093206002,TÉCNICO SUPERIOR UNIVERSITARIO EN PRÓTESIS BUCODENTAL,
3914,4104100011,TECNICO SUPERIOR UNIVERSITARIO MANDO Y ADMINISTRACION POLICIAL,
3915,5011100025,"LICENCIATURA EN PEDAGOGÍA CON TERMINALES EN: EDUCACIÓN BÁSICA, EDUCACIÓN MEDIA SUPERIOR, EDUCACIÓN S",
3916,5012701017,LICENCIATURA EN CIENCIAS DE LA EDUCACIÓN CON TERMINAL EN EDUCACIÓN INICIAL,
3917,5012603003,LICENCIATURA EN ENSEÑANZA DE LENGUAS EXTRANJERAS (ESPAÑOL / INGLES),
3918,5012000007,LICENCIATURA EN PEDAGOGÍA APLICADA A LA DOCENCIA,
3919,5011100027,LICENCIATURA EN PEDAGOGIA SOCIAL EDUCATIVA,
3920,5012400019,LICENCIATURA EN EDUCACIÓN MEDIA EN LA ESPECIALIDAD EN CIENCIAS SOCIALES,
3921,5012601016,LICENCIATURA EN EDUCACION FISICA Y METODOLOGIA DEPORTIVA,
3922,5012603039,LICENCIATURA EN LENGUAS EXTRANJERAS E INGLÉS,
3923,5012604031,LICENCIATURA EN MODELACIÓN MATEMATICA,
3924,5012000008,LICENCIATURA EN EDUCACIÓN PREESCOLAR Y PRIMARIA PARA EL MEDIO INDÍGENA,
3925,5012603040,LICENCIATURA EN ESTRATEGIAS DE ENSEÑANZA BILINGUE,
3926,5012701018,LICENCIATURA EN DESARROLLO INFANTIL Y GESTIÓN DE INSTITUCIONES EDUATIVAS,
3927,5012603041,LICENCIATURA EN ENSEÑANZA DE LA LENGUA INGLESA,
3928,5012602023,LICENCIATURA EN LA ENSEÑANZA DE LAS ARTES,
3929,5021600079,LICENCIATURA EN ARQUITECTURA 3D,
3930,5021100023,LICENCIATURA EN FORMACIÓN EN ARTE Y CULTURA,
3931,5021200043,LICENCIATURA EN ARTES ESCÉNICAS Y GESTIÓN CULTURAL,
3932,5021000015,LICENCIATURA EN ARTES Y HUMANIDADES,
3933,5021300146,LICENCIATURA EN EJECUCIÓN INSTRUMENTAL,
3934,5012602032,LICENCIATURA EN MÚSICA CON ÁREA TERMINAL EN EDUCACIÓN,
3935,5021300147,LICENCIATURA EN MÚSICA CON ÁREA TERMINAL EN INSTRUMENTO,
3936,5021300148,LICENCIATURA EN MÚSICA CON ÁREA TERMINAL EN COMPOSICIÓN,
3937,5012602033,LICENCIATURA EN MÚSICA CON ÁREA TERMINAL EN EDUCACIÓN MUSICAL,
3938,5021300149,LICENCIATURA EN MÚSICA CON ÁREA TERMINAL EN CANTO,
3939,5021300150,LICENCIATURA EN MUSICA CON ACENTUACION EN CLARINETE,
3940,5021300151,LICENCIATURA EN MUSICA POPULAR CONTEMPORANEA,
3941,5021300152,LICENCIATURA EN CANTO GREGORIANO,
3942,5021300153,LICENCIATURA EN JAZZ CON ESPECIALIDAD EN TROMPETA,
3943,5021300154,LICENCIATURA EN MÚSICA ANTIGUA CON ESPECIALIDAD EN FLAUTA DE PICO,
3944,5021300155,LICENCIATURA EN MÚSICA ANTIGUA CON ESPECIALIDAD EN FLAUTA TRAVERSA BARROCA,
3945,5021300156,LICENCIATURA EN MÚSICA ANTIGUA CON ESPECIALIDAD EN ÓRGANO,
3946,5021200044,LICENCIATURA EN ARTE DANZARIO,
3947,5021300157,"LICENCIATURA EN MÚSICA CON OPCIÓN EN VIOLÍN, VIOLA, VIOLONCELLO, CONTRABAJO, FLAUTA TRANSVERSA, OBO",
3948,5021300158,"LICENCIATURA EN MÚSICA CON OPCIÓN EN VIOLÍN, VIOLA, VIOLONCELLO, CONTRABAJO, FLAUTA TRANSVERSA, OBOE",
3949,5021400067,INGENIERÍA EN MULTIMEDIA Y ANIMACIÓN DIGITAL,
3950,5021400068,LICENCIATURA EN PRODUCCIÓN DE ESPECTACULOS,
3951,5021500103,LICENCIATURA EN PRODUCCION Y ANIMACION,
3952,5021600071,LICENCIATURA EN DISEÑO DE MODA TEXTIL,
3953,5021500104,LICENCIATURA EN DISEÑO GRÁFICO Y PRODUCCIÓN INDUSTRIAL,
3954,5021500105,LICENCIADO EN DISEÑO GRAFICO Y ANIMACION DIGITAL,
3955,5021500106,LICENCIATURA EN DISEÑO DIGITAL DE MEDIOS INTERACTIVOS,
3956,5021500107,LICENCIATURA EN DISEÑO INTERACTIVO Y MERCADOTECNIA DIGITAL,
3957,5021500108,LICENCIATURA EN DISEÑO DIGITAL Y ANIMACION,
3958,5022200032,LICENCIATURA EN TRADUCCIÓN E INTERPRETACIÓN,
3959,5011500008,LICENCIATURA EN CIENCIAS DE LA EDUCACIÓN HOLISTICA,
3960,5041000001,LICENCIATURA EN RESPONSABILIDAD SOCIAL,
3961,5061300077,LICENCIATURA EN INGENIERIA EN DATOS E INTELIGENCIA ORGANIZACIONAL,
3962,5031100056,LICENCIATURA EN NEUROEDUCACIÓN,
3963,5031200046,LICENCIATURA EN DESARROLLO COMUNAL,
3964,5012604032,LICENCIATURA EN EDUCACIÓN MEDIA CON ACENTUACIÓN EN CIENCIAS SOCIALES Y HUMANIDADES,
3965,5031100055,LICENCIATURA EN PSICOLOGÍA CRIMINAL FORENSE,
3966,5031100058,"LICENCIATURA EN PSICOLOGÍA CON TERMINALES EN: DESARROLLO HUMANO, LABORAL, SOCIAL, EDUCATIVA Y DEL DE",
3967,5031100059,LICENCIADO EN PSICOLOGIA,
3968,5031100060,LICENCIATURA EN PSICOLOGIA CLINICA ORGANIZACIONAL,
3969,5031100061,LICENCIATURA EN PSICOLOGIA DEL DEPORTE,
3970,5031100062,LICENCIATURA EN PSICOLOGÍA SISTÉMICA,
3971,5031200044,LICENCIATURA EN SOCIOLOGÍA CAMPO DESARROLLO REGIONAL,
3972,5031200047,LICENCIATURA EN INGENIERÍA EN DESARROLLO COMUNITARIO Y SUSTENTABLE,
3973,5041200140,LICENCIATURA EN FACTIBILIDAD DE MERCADOS,
3974,5011300023,LICENCIATURA EN EDUCACION PARA LA FAMILIA,
3975,5031500016,NIVELACION A LA LICENCIATURA EN TRABAJO SOCIAL,
3976,5021500110,LICENCIATURA EN COMUNICACION Y ENTORNOS DIGITALES,
3977,5032100070,LICENCIATURA EN COMUNICACIÓN ESTRATÉGICA,
3978,5032100071,LICENCIATURA EN COMUNICACIÓN Y GESTIÓN CULTURAL,
3979,5032100072,LICENCIATURA EN MEDIOS DE DIFUSIÓN MASIVA,
3980,5032100073,LICENCIATURA EN COMUNICACIÓN COMUNITARIA,
3981,5032100074,LICENCIATURA EN PERIODISMO CULTURAL,
3982,5032200014,LICENCIATURA EN BIBLIOTECOLOGÍA Y GESTIÓN DE LA INFORMACIÓN,
3983,5081100002,INGENIERO ZOOTECNISTA ADMINISTRADOR,
3984,5042100001,#¿NOMBRE?,
3985,5102100012,LICENCIATURA EN ADMINISTRACIÓN DEL TRANSPORTE,
3986,5061100010,INGENIERÍA EN DATOS E INTELIGENCIA ORGANIZACIONAL,
3987,5031200048,LICENCIATURA EN ADMINISTRACION Y DESARROLLO RURAL,
3988,5061100011,INGENIERIA EMPRESARIAL Y TECNOLOGIAS DE INFORMACION,
3989,5041100099,LICENCIATURA EN ADUANAS Y ADMINISTRACIÓN NAVIERA,
3990,5042100197,LICENCIATURA EN DESARROLLO EMPRESARIAL CON TERMINALES EN: AGRONEGOCIOS Y COMERCIO COMPETITIVO,
3991,5021600082,LICENCIATURA EN NEGOCIOS DE LA MODA,
3992,5041100120,LICENCIATURA EN GESTIÓN DEL COMERCIO INTERNACIONAL,
3993,5041100121,LICENCIATURA EN COMERCIO Y LOGÍSTICA INTERNACIONAL,
3994,5041100122,LICENCIADO EN INNOVACIÓN Y DIRECCIÓN DE NEGOCIOS,
3995,5041100123,LICENCIATURA EN COMERCIO INTERNACIONAL AGROPECUARIO,
3996,5041200141,LICENCIATURA EN GESTIÓN DE IMAGEN Y PROTOCOLOS,
3997,5041100124,LICENCIATURA EN INGENIERIA EN GESTION DE NEGOCIOS,
3998,5032100075,LICENCIATURA EN RELACIONES PÚBLICAS Y COMUNICACIÓN CORPORATIVA,
3999,5041100125,"LICENCIATURA EN ADMINISTRACIÓN CON ÁREAS TERMINALES EN: COMERCIO INTERNACIONAL Y ADUANAS, MERCADOTEC",
4000,5041200143,LICENCIATURA EN EXPRESIÓN Y ASESORÍA DE IMAGEN INTEGRAL,
4001,5041200144,LICENCIATURA EN MERCADOTECNIA Y COMUNICACIÓN GRAFICA,
4002,5041200145,LICENCIATURA EN MERCADOTÉCNIA Y COMUNICACIÓN GRÁFICA,
4003,5041200146,LICENCIATURA EN MERCADOTECNIA DIGITAL Y REDES SOCIALES,
4004,5041200147,LICENCIATURA EN ADMINISTRACION CON ACENTUACION  EN MERCADOTECNIA,
4005,5041200148,LICENCIATURA DE MARKETING POR INTERNET,
4006,5041200149,LICENCIATURA EN ADMINISTRACIÓN DE NEGOCIOS Y MERCADOTECNIA,
4007,5042100198,LICENCIATURA EN INTELIGENCIA EN DESARROLLO EMPRESARIAL,
4008,5041400091,LICENCIATURA EN SISTEMAS Y PROCESOS FISCALES,
4009,5041400092,LICENCIATURA EN CONTABILIDAD PÚBLICA ESTRATÉGICA,
4010,5041400093,LICENCIATURA EN CONTADURÍA FISCAL Y FINANZAS,
4011,5041400094,LICENCIATURA EN CONTADURÍA PARA NEGOCIOS,
4012,5011400009,LICENCIATURA EN INNOVACIÓN Y TECNOLOGÍA EDUCATIVA,
4013,5101300001,LICENCIATURA EN ADMINISTRACIÓN DE EMPRESAS SPA,
4014,5042100199,LICENCIATURA EN PLANEACION Y DESARROLLO EMPRESARIAL,
4015,5042100200,LICENCIATURA EN ADMINISTRACIÓN DE PERSONAL,
4016,5042100201,LICENCIATURA EN GESTIÓN CORPORATIVA,
4017,5042400050,LICENCIATURA EN INGENIERIA EN ADMINISTRACION DE EMPRESAS,
4018,5032100076,LICENCIATURA EN GESTIÓN DE LA TECNOLOGÍA DE INFORMACIÓN Y COMUNICACIÓN,
4019,5042100202,LICENCIATURA EN INGENIERÍA EN GESTIÓN DE LA CADENA DE SUMINISTRO,
4020,5042100203,LICENCIATURA EN ADMINISTRACIÓN DE RECURSOS HUMANOS AL SERVICIO DEL TRANSPORTE,
4021,5041300039,LICENCIATURA EN INGENIERIA ADMINISTRATIVA Y FINANZAS,
4022,5042100204,LICENCIATURA EN ESTRATEGIA LOGISTICA Y SUMINISTRO GLOBAL,
4023,5042100205,LICENCIATURA EN DIRECCIÓN Y DESARROLLO DE EMPRESAS,
4024,5042100206,LICENCIATURA EN GESTIÓN DEL CAPITAL HUMANO,
4025,5042100207,LICENCIATURA EN ADMINISTRACION CON ACENTUACION EN EMPRESAS,
4026,5041100126,LICENCIATURA DE ADMINISTRACION EN NEGOCIOS DE ENTRETENIMIENTO,
4027,5042100208,LICENCIADO EN ADMINISTRACION Y EMPRENDIMIENTO,
4028,5042100209,LICENCIATURA EN LIDERAZGO EMPRESARIAL Y ALTA DIRECCION,
4029,5042300035,LICENCIATURA EN ADMINISTRACIÓN Y POLÍTICAS PÚBLICAS,
4030,5042300036,LICENCIATURA EN GESTIÓN PÚBLICA Y POLÍTICAS GLOBALES,
4031,5042100187,INGENIERIA EN CADENA DE SUMINISTRO Y LOGISTICA,
4032,5042200077,LICENCIATURA EN DIRECCIÓN ESTRATÉGICA TURÍSTICA Y HOSPITALIDAD,
4033,5101600030,LICENCIATURA EN HOTELERIA Y NEGOCIOS TURÍSTICOS,
4034,5101600031,LICENCIATURA EN INNOVACIÓN TURÍSTICA,
4035,5042200078,LICENCIATURA EN TURISMO DE NEGOCIOS Y REUNIONES,
4036,5042200079,LICENCIATURA EN ADMINISTRACIÓN Y PRODUCCIÓN DE EVENTOS,
4037,5042200080,LICENCIATURA EN ADMINISTRACION Y GESTION DEL TURISMO,
4038,5042200081,LICENCIATURA EN ADMINISTRACION CON ACENTUACION EN GESTION TURISTICA,
4039,5101500035,LICENCIATURA EN GASTRONOMÍA INTEGRAL,
4040,5101500038,LICENCIATURA EN ALTA GASTRONOMÍA PROFESIONAL,
4041,5072100044,LICENCIATURA EN ALIMENTACION SUSTENTABLE,
4042,5101500039,LICENCIATURA EN REPOSTERIA Y PANADERIA,
4043,5042200085,LICENCIATURA EN ADMINISTRACION TURISTICA Y RESTAURANTERA,
4044,5101500040,LICENCIATURA EN GASTRONOMIA Y ADMINISTRACION DE EMPRESAS DE ALIMENTOS,
4045,5101500041,LICENCIATURA EN GASTRONOMÍA Y CIENCIAS DE LOS ALIMENTOS,
4046,5041200150,LICENCIATURA EN DESARROLLO GERENCIAL CON ACENTUACIÓN EN VENTAS Y SERVICIOS O ADMINISTRACIÓN DE RESTA,
4047,5072100045,LICENCIATURA EN GASTRONOMIA Y  ALIMENTACION SALUDABLE,
4048,5033100067,LICENCIADO EN DERECHO,
4049,5033100068,LICENCIATURA EN DERECHO CON ESPECIALIDAD JUICIOS ORALES,
4050,5033100069,LICENCIATURA EN DERECHO CON TERMINAL EN PROCESO PENAL ADVERSARIAL,
4051,5033100070,LICENCIATURA EN DERECHO CON ACENTUACIÓN EN AMÉRICA DEL NORTE,
4052,5033100071,LICENCIATURA EN DERECHO CON ECONOMIA,
4053,5033100072,LICENCIATURA EN DERECHO CON ACENTUACION EN ECONOMIA,
4054,5033200027,LICENCIATURA EN CRIMINOLOGIA Y CIENCIAS JURIDICAS,
4055,5033200028,LICENCIATURA EN CRIMINOLOGIA Y CIENCIAS SOCIALES,
4056,5051200031,INGENIERIA EN BIOCIENCIAS,
4057,5051300037,INGENIERIA EN PRODUCCION SUSTENTABLE,
4058,5051200032,LICENCIATURA EN QUIMICO BIOLOGO PARASITOLOGO,
4059,5052200021,INGENIERÍA EN DISEÑO MOLECULAR DE MATERIALES,
4060,5052300026,INGENIERÍA EN GEOINFORMÁTICA,
4061,5052300027,INGENIERO EN GEOMATICA,
4062,5071600026,LICENCIATURA EN CIENCIAS AMBIENTALES Y CAMBIO CLIMATICO,
4063,5061300078,LICENCIATURA EN INGENIERIA EN DESARROLLO DE TECNOLOGIA Y SOFTWARE,
4064,5061300079,LICENCIATURA EN INGENIERIA EN SISTEMAS COMPUTACIONALES EMBEBIDOS,
4065,5061300080,LICENCIATURA EN DESARROLLO DE TECNOLOGIAS DE LA INFORMACION,
4066,5062200117,LICENCIATURA EN INFORMÁTICA Y  COMUNICACIÓN DE MERCADO,
4067,5061300081,LICENCIATURA EN INGENIERÍA EN DESARROLLO Y TECNOLOGÍAS DEL SOFTWARE,
4068,5061300082,LICENCIATURA EN SISTEMAS Y SEGURIDAD INFORMATICA,
4069,5061300083,LICENCIATURA EN DISEÑO Y PRODUCCION DE VIDEOJUEGOS,
4070,5061100012,LICENCIATURA EN INGENIERÍA EN CIENCIAS DE COMPUTO,
4071,5061300084,LICENCIATURA EN INGENIERIA EN SISTEMAS Y SEGURIDAD INFORMATICA,
4072,5061300085,INGENIERÍA EN DESARROLLO Y DISEÑO DE SOFTWARE,
4073,5061300086,INGENIERIA EN SOFTWARE Y REDES,
4074,5061300087,LICENCIATURA EN INGENIERÍA DE SISTEMAS E INFORMÁTICA,
4075,5071700059,INGENIERO INDUSTRIAL Y DE SISTEMAS,
4076,5071400045,INGENIERO EN PROCESOS PETROQUIMICOS,
4077,5071300103,LICENCIATURA EN INGENIERIA EN ROBOTICA COMPUTACIONAL,
4078,5061300088,LICENCIATURA EN INGENIERO EN COMPUTACIÓN Y SISTEMAS DIGITALES,
4079,5062200118,LICENCIATURA EN INGENIERÍA EN INFORMÁTICA Y NEGOCIOS DIGITALES,
4080,5071700060,LICENCIATURA EN INGENIERIA INDUSTRIAL Y DE PROCESOS PRODUCTIVOS,
4081,5032100077,LICENCIATURA DE COMUNICACIÓN EN MEDIOS DIGITALES,
4082,5071700061,INGENIERIA INDUSTRIAL EN PRODUCTIVIDAD CON ACENTUACION EN LOGISTICA,
4083,5071300104,LICENCIATURA EN INGENIERIA EN ELECTRONICA Y CIBERNETICA,
4084,5071300105,INGENIERÍA EN ROBÓTICA COMPUTACIONAL,
4085,5051100015,INGENIERÍA EN SISTEMAS BIOLÓGICOS,
4086,5071700062,LICENCIATURA EN INGENIERÍA INDUSTRIAL EN SISTEMAS PRODUCTIVOS,
4087,5071200043,INGENIERÍA ELÉCTRICA Y ENERGÍA,
4088,5071200039,INGENIERIA EN ENERGÍAS ALTERNATIVAS Y TECNOLOGÍAS SUSTENTABLES,
4089,5071200040,INGENIERÍA PROFESIONAL EN ENERGÍAS RENOVABLES ÁREA SOLAR,
4090,5071200041,INGENIERIA EN FOTONICA,
4091,5071200044,INGENIERÍA EN SEGURIDAD PARA LA INDUSTRIA ENERGÉTICA,
4092,5071200045,LICENCIATURA EN ENERGÍA Y DESARROLLO SUSTENTABLE,
4093,5071200046,INGENIERO EN ENERGIAS RENOVABLES,
4094,5071200047,LICENCIATURA EN INGENIERA DE ENERGIAS LIMPIAS,
4095,5021400071,LICENCIATURA EN AUDIO PROFESIONAL,
4096,5061300089,LICENCIATURA EN INGENIERÍA EN SISTEMAS Y GRÁFICAS COMPUTACIONALES,
4097,5061300090,LICENCIATURA EN INGENIERÍA EN SISTEMAS Y GRÁFICAS COMPUTACIONALES,
4098,5071300106,LICENCIATURA EN INGENIERIA EN AUTOMATIZACION Y AUTOTRONICA,
4099,5071500051,INGENIERÍA EN MANUFACTURA AERONAÚTICA,
4100,5071500052,INGENIERIA EN TECNOLOGIA AUTOMOTRIZ,
4101,5051300036,INGENIERÍA EN MANEJO SUSTENTABLE DE RECURSOS NATURALES,
4102,5051200033,INGENIERO EN BIOTECNOLOGÍA,
4103,5031200049,LICENCIATURA EN INGENIERÍA EN PROCESOS SUSTENTABLES Y DESARROLLO REGIONAL,
4104,5071600027,LICENCIATURA EN INGENIERO EN CONSERVACIÓN Y RESTAURACIÓN AMBIENTAL,
4105,5051300038,LICENCIATURA EN INGENIERIA EN CIENCIAS AMBIENTALES,
4106,5062100062,LICENCIATURA EN INGENIERÍA EN SISTEMAS Y REDES,
4107,5062200119,LICENCIATURA EN TECNOLOGÍAS DE LA INFORMACIÓN EN LOS NEGOCIOS,
4108,5062200120,LICENCIATURA EN INGENIERIA DE DATOS,
4109,5062100065,LICENCIATURA EN INGENIERÍA TELEMATICA,
4110,5062200121,INGENIERO EMPRESARIAL Y TECNOLOGIAS DE INFORMACION,
4111,5061300091,LICENCIATURA EN INGENIERIA EN SISTEMAS Y TECNOLOGIAS DE LA INFORMACION INDUSTRIAL,
4112,5021500111,LICENCIATURA EN CONTENIDOS DIGITALES ITERACTIVOS,
4113,5071700064,LICENCIATURA EN INGENIERIA EN MANUFACTURA INDUSTRIAL,
4114,5071700065,INGENIERIA EN GESTION INDUSTRIAL,
4115,5071700066,LICENCIATURA EN PROCESOS Y GESTION INDUSTRIAL,
4116,5072100046,LICENCIATURA EN SEGURIDAD ALIMENTARIA,
4117,5072100047,LICENCIATURA EN CIENCIAS Y TECNOLOGIA DE LOS ALIMENTOS,
4118,5072300004,.- LICENCIATURA EN INGENIERIA EN RECURSOS MADERABLES Y NO MADERABLES,
4119,5072400040,INGENIERÍA EN MANTENIMIENTO PETROLERO,
4120,5072400041,"LICENCIATURA EN INGENIERÍA PETROLERA (ÉNFASIS EN EXPLORACIÓN, PERFORACIÓN Y PRODUCCIÓN - ÉNFASIS EN",
4121,5072400042,INGENIERIA EN MINAS,
4122,5073100043,LICENCIATURA EN ARQUITECTURA DE INTERIORES Y HABITABILIDAD,
4123,5073100044,LICENCIATURA EN ARQUITECTURA BIOCLIMÁTICA,
4124,5092208003,LICENCIATURA EN ARQUITECTURA Y ESTRATEGIAS URBANAS,
4125,5073100045,"LICENCIATURA EN ARQUITECTURA CON TERMINALES EN: DISEÑO DE INTERIORES, OBRA CIVIL Y CONTRUCCIÓN, URBA",
4126,5081100085,LICENCIATURA EN PRODUCCIÓN AGROPECUARIA SUSTENTABLE,
4127,5081300016,INGENIERO AGRÓNOMO,
4128,5082100007,LICENCIATURA EN MEDICINA VETERINARIA,
4129,5091303001,LICENCIATURA EN FONOAUDIOLOGIA,
4130,5091100020,COMPLEMENTO EN LICENCIATURA EN MEDICINA GENERAL,
4131,5091100021,LICENCIATURA EN MEDICO CIRUJANO Y PARTERO,
4132,5091310002,LICENCIATURA EN HERBOLARIA Y FITOTERAPIA,
4133,5091342002,LICENCIATURA EN IMAGENOLOGÍA,
4134,5095600007,LICENCIATURA EN PROMOCIÓN Y EDUCACIÓN PARA LA SALUD,
4135,5101100063,LICENCIATURA EN ACONDICIONAMIENTO FÍSICO,
4136,5101300019,LICENCIATURA EN ESTILISMO MAQUILLAJE E IMAGEN PERSONAL,
4137,5101300020,LICENCIATURA EN COSMETOLOGIA,
4138,5102100014,LICENCIATURA EN SISTEMAS Y CONTROLES DEL TRANSPORTE,
4139,5102100015,LICENCIATURA EN ADMINISTRACIÓN DEL TRANSPORTE,
4140,5102100016,"LICENCIATURA EN INGENIERÍA, OPERACIONES, LOGÍSTICA Y TRANSPORTE",
4141,5104100023,LICENCIATURA EN PROTECCIÓN CIVIL Y GESTIÓN DE RIESGOS,
4142,5104100024,LICENCIATURA EN CIENCIAS POLICIALES Y SEGURIDAD CIUDADANA,
4143,5104100025,INGENIERIA EN PREVENCION DE DESASTRES Y PROTECCION CIVIL,
4144,5104100026,LICENCIATURA EJECUTIVA EN SEGURIDAD PÚBLICA,
4145,4071700009,TÉCNICO SUPERIOR UNIVERSITARIO INDUSTRIAL,
4146,5042100210,LICENCIATURA EN ADMINISTRACION EN ALTA GERENCIA,
4147,5042200082,LICENCIATURA EN ALTA ADMNISTRACION HOTELERA Y ALTA COCINA,
4148,4101500013,TÉCNICO SUPERIOR UNIVERSITARIO EN CHEF EJECUTIVO,
4149,5042200083,LICENCIATURA EN ADMINISTRACION Y DIRECCION TURISTICA,
4150,5072100042,LICENCIATURA EN VITICULTURA Y ENOLOGÍA,
4151,5033200029,EN CIENCIAS FORENSES,
4152,5071700056,LICENCIATURA EN INGENIERIA INDUSTRIAL CON ESPECIALIDAD Y CONTROL DE CALIDAD,
4153,5042100190,LICENCIATURA EN ADMINISTRACIÓN DE EMPRESAS Y LOGÍSTICA,
4154,5071500053,INGENIERÍA AERONÁUTICA,
4155,5041100127,LICENCIATURA EN GESTIÓN DE NEGOCIOS GASTRONÓMICOS,
4156,5033100073,LICENCIATURA EN DERECHO PROCESAL PENAL,
4157,5073200035,INGENIERÍA EN TOPOGRAFÍA GEOMÁTICA,
4158,5031100057,LICENCIATURA EN COMPORTAMIENTO HUMANO,
4159,5071700063,LICENCIATURA EN INGENIERIA INDUSTRIAL Y SISTEMAS DE CALIDAD,
4160,5041200142,LICENCIATURA EN LOGÍSTICA Y COMERCIALIZACIÓN,
4161,5071500054,LICENCIATURA EN INGENIERÍA AERONÁUTICA,
4162,5011100026,LICENCIATURA EN CIENCIAS PEDAGOGICAS,
4163,5104100027,LICENCIATURA EN SEGURIDAD Y PROTECCION A INSTALACIONES,
4164,5101100064,LICENCIATURA EN CIENCIAS DEL DEPORTE Y FITNESS,
4165,4092100011,TÉCNICO SUPERIOR UNIVERSITARIO EN PARTERÍA PROFESIONAL,
4166,5022100010,LICENCIATURA EN TEOLOGIA PASTORAL,
4167,5073100041,LICENCIATURA EN AUTOGESTION SUSTENTABLE DEL TERRITORIO,
4168,5042100211,LICENCIATURA EN ADMINISTRACIÓN DE EMPRESAS Y NEGOCIOS INTERNACIONALES,
4169,5073100042,LICENCIATURA EN DESARROLLO TERRITORIAL,
4170,5021300159,LICENCIATURA EN MÚSICA Y TECNOLOGÍA ARTÍSTICA,
4171,5021600080,LICENCIATURA EN DISEÑO CONSULTORIA DE IMAGEN PERSONAL Y COORPORATIVA,
4172,5021400069,LICENCIATURA EN PRODUCCIÓN AUDIOVISUAL Y CINEMATOGRAFÍA,
4173,5061100013,LICENCIATURA EN INGENIERÍA EN COMPUTACIÓN Y TELECOMUNICACIONES,
4174,5041400095,LICENCIATURA EN CONTABILIDAD Y ADMINISTRACION,
4175,5102100013,LICENCIATURA EN ADMINISTACION DE COMERCIO Y TRANSPORTE,
4176,5021000016,LICENCIATURA EN DESARROLLO DEL ARTE,
4177,5033100074,LICENCIATURA EN DERECHO Y CONSULTORIA LEGAL,
4178,4021400012,TECNICO SUPERIOR UNIVERSITARIO EN FOTOGRAFIA PROFESIONAL,
4179,4021400013,"TECNICO SUPERIOR UNIVERSITARIO EN DISEÑO GRAFICO, ANIMACIÓN Y MULTIMEDIA",
4180,5021400070,LICENCIATURA EN FOTOGRAFIA PROFESIONAL,
4181,5011200019,LICENCIATURA EN DESARROLLO DOCENTE CON ACENTUACION EN ADMINISTRACION Y GESTION ESCOLAR,
4182,5011300022,LICENCIATURA EN DESARROLLO DOCENTE CON ACENTUACION EN PSICOPEDAGOGIA,
4183,5021500109,LICENCIATURA EN DISEÑO GRAFICO Y MERCADOTECNIA ESTRATEGICA,
4184,5021600081,LICENCIATURA EN ARQUITECTURA DE ESPACIOS Y EXPERIENCIAS EN INTERIORES,
4185,5041100117,LICENCIATURA EN TRAMITACION ADUANAL Y COMERCIO EXTERIOR,
4186,5062200115,INGENIERIA EN TECNOLOGIA INFORMATICA,
4187,5104100021,LICENCIATURA Y PROTECCION CIUDADANA,
4188,5032100069,LICENCIATURA EN GESTION EN COMUNICACIÓN TECNOLOGICA,
4189,5104100022,LICENCIATURA EN GESTION EN PROTECCION CIVIL,
4190,5091310001,LICENCIATURA EN DERMO TECNOLOGIA APLICADA,
4191,5042200084,LICENCIATURA EN GESTION EN TURISMO DE NATURALEZA,
4192,5042200076,LICENCIATURA EN GESTIÓN EN PRODUCCIÓN DE EVENTOS,
4193,5021400065,"LICENCIATURA EN GESTION EN AUDIO, VIDEO E ILUMINACION",
4194,5031000007,LICENCIATURA EN DESARROLLO HUMANO GESTÁLTICO,
4195,5042100191,LICENCIATURA EN ADMINISTRACION Y GERENCIA DE PROYECTOS,
4196,5042100192,LICENCIATURA EN GESTIÓN E INNOVACIÓN DE EMPRESAS,
4197,5021300137,LICENCIATURA EN COMPOSICIÓN Y NEGOCIOS DE LA MÚSICA,
4198,5021400066,LICENCIATURA EN PRODUCCIÓN  Y NEGOCIOS DE LA MÚSICA,
4199,5021500098,LICENCIATURA EN ANIMACIÓN Y VIDEOJUEGOS,
4200,5011500007,LICENCIATURA EN EDUCACIÓN Y DESARROLLO INSTITUCIONAL,
4201,5071700057,LICENCIATURA EN INGENIERÍA INDUSTRIAL Y EN SISTEMAS ORGANIZACIONALES,
4202,5012602034,LICENCIATURA EN MUSICA CON ENFASIS EN EDUCACION MUSICAL EJECUCION Y COMPOSICION,
4203,5104100028,LICENCIATURA EN SEGURIDAD  Y PROTECCION CIUDADANA,
4204,5021300138,LICENCIATURA EN MUSICA CON ENFASIS EN COMPOSICION,
4205,5021300139,LICENCIATURA EN MUSICA CON ENFASIS EN EJECUCION,
4206,5012602035,LICENCIATURA EN MUSICA CON ENFASIS EN EDUCACION MUSICAL,
4207,5041400096,LICENCIATURA EN ESTRATEGIAS FINANCIERAS Y CONTABLES,
4208,5041200137,LICENCIATURA EN MERCADOTECNIA Y SOCIAL MEDIA,
4209,5041000006,LICENCIATURA EN VENTAS Y ADMINISTRACIÓN,
4210,5101100060,LICENCIATURA EN FORMACIÓN DIDÁCTICA PARA EL DEPORTE Y LA CULTURA,
4211,5092208001,LICENCIATURA EN ENFERMERIA Y REHABILITACION,
4212,5021500099,LICENCIATURA EN ANIMACIÓN DIGITAL Y VIDEOJUEGOS,
4213,5071500050,LICENCIATURA EN INGENIERIA MECANICA AUTOMOTRIZ,
4214,5101300018,LICENCIATURA EN COSMETOLOGÌA E IMAGEN,
4215,5031300033,LICENCIATURA EN POLÍTICA Y MERCADOTECNIA ELECTORAL,
4216,5073100040,INGENIERÍA EN URBANISMO  PLANEACIÓN RURAL,
4217,5021200042,LICENCIATURA EN ACTUACIÓN Y CINEMATOGRAFÍA,
4218,5103100013,LICENCIATURA EN SEGURIDAD Y ADMINISTRACIÓN INDUSTRIAL,
4219,5033200024,LICENCIATURA EN CIENCIAS FORENSES,
4220,5042100193,LICENCIATURA EN COACHING,
4221,5041400089,LICENCIATURA EN CONTADURÍA CON TEGNOLOGÍAS DE LA INFORMACIÓN,
4222,5071700058,INGENIERÍA EMPRESARIAL EN PRODUCCIÓN,
4223,5041300038,"LICENCIATURA EN FINANZAS, BANCA Y SEGUROS",
4224,5041200138,LICENCIATURA EN MERCADOTECNIA Y PUBLICIDAD,
4225,5041400090,LICENCIATURA EN CONTADURÍA CON TECNOLOGÍAS DE LA INFORMACIÓN,
4226,5012602030,LICENCIATURA EN EDUCACION ARTISTICA,
4227,5042100194,LICENCIATURA EN ADMINISTRACIÓN DE EMPRESAS Y DESARROLLO DE NEGOCIOS INNOVADORES,
4228,5101100061,LICENCIATURA EN ACTIVACIÓN DEPORTIVA Y RECREACIÓN,
4229,5041100118,"LICENCIATURA EN COMERCIO EXTERIOR, LOGÍSTICA Y ADUANAS",
4230,5092208002,LICENCIATURA EN ENFERMERÍA CON ACENTUACIÓN EN OBSTETRICIA,
4231,5042500031,LICENCIATURA EN GESTIÓN DE EMPRESAS GERONTOLÓGICAS,
4232,5101600033,LICENCIATURA EN GESTIÓN Y PRODUCCIÓN DE EVENTOS,
4233,5101600034,LICENCIATURA EN HOTELERÍA SUSTENTABLE,
4234,5012603037,LICENCIATURA EN LA DOCENCIA DEL IDIOMA INGLÉS,
4235,5021300140,LICENCIADO EN MÚSICA CONTRABAJISTA,
4236,5021300141,LICENCIADO EN MÚSICA OBOISTA,
4237,5021300142,LICENCIADO EN MÚSICA CLARINETISTA,
4238,5021300143,LICENCIADO EN MÚSICA CORNISTA,
4239,5021300144,LICENCIADO EN MÚSICA TROMBONISTA,
4240,5021300145,LICENCIADO EN MÚSICA VIOLONCELLISTA,
4241,5033200025,LICENCIATURA EN CRIMINALÍSTICA Y JUICIOS ORALES,
4242,5042100195,LICENCIATURA EN ADMINISTRACIÓN DE NEGOCIOS EN ENTORNOS VIRTUALES,
4243,5042100196,LICENCIATURA EN RELACIONES LABORALES Y RECURSOS HUMANOS,
4244,5072100043,LICENCIATURA EN DISEÑO DE ALIMENTOS Y PRODUCTOS SALUDABLES,
4245,5101600035,LICENCIATURA EN CREACIÓN Y DIRECCIÓN ESTRATÉGICA DE EVENTOS,
4246,5042200074,LICENCIATURA EN CREACIÓN DE NEGOCIOS TURÍSTICOS GLOBALES,
4247,5042200075,LICENCIATURA EN ARTES CULINARIAS Y NEGOCIOS GASTRONÓMICOS,
4248,4042100018,TÉCNICO SUPERIOR UNIVERSITARIO EN ADMINISTRACIÓN ÁREA FORMULACIÓN Y EVALUACIÓN DE PROYECTOS,
4249,5101100062,LICENCIATURA EN EDUCACIÓN FÍSICA RECREACIÓN Y DEPORTES,
4250,5021600078,LICENCIATURA EN DISEÑO E INDUSTRIA DEL VESTIDO Y DE LA MODA,
4251,4042100019,TÉCNICO SUPERIOR UNIVERSITARIO EN ADMINISTRACIÓN ÁREA FORMULACIÓN Y EVALUACIÓN DE PROYECTOS,
4252,4062100011,TÉCNICO SUPERIOR UNIVERSITARIO EN REDES Y TELECOMUNICACIONES DEL PROGRAMA EDUCATIVO EN TECNOLOGÍAS,
4253,5041000007,LICENCIATURA EN RESPONSABILIDAD Y LIDERAZGO SOCIAL,
4254,5062200116,LICENCIATURA EN GESTIÓN DE LA INFORMACIÓN EN REDES SOCIALES,
4255,5071200042,LICENCIATURA EN CIENCIAS EN INGENIERÍA ELÉCTRICA,
4256,5071100039,LICENCIATURA EN CIENCIAS DE INGENIERÍA MECÁNICA,
4257,4062200023,REDES Y TELECOMUNICACIONES DEL PROGRAMA EDUCATIVO TÉCNICO SUPERIOR UNIVERSITARIO EN TECNOLOGÍAS DE LA INFORMACIÓN Y COMUNICACIÓN,
4258,4071100016,TÉCNICO SUPERIOR UNIVERSITARIO EN MECÁNICA ÁREA MOLDES Y TROQUELES,
4259,5071300102,INGENIERO EN ROBOTICA Y SISTEMAS DE MANUFACTURA INDUSTRIAL,
4260,5031000008,LICENCIATURA EN CIENCIAS SOCIALES CON ÁREA TERMINAL EN ESTUDIOS SOCIALES Y CULTURALES.,
4261,5042300034,LICENCIATURA EN CIENCIAS SOCIALES CON ÁREA TERMINAL EN GOBIERNO Y GESTIÓN MUNICIPAL.,
4262,5012603038,LICENCIATURA EN EDUCACIÓN BILINGÜE CON ENFOQUE EN INGLES,
4263,5012602031,LICENCIATURA EN EDUCACIÓN BILINGÜE CON ENFOQUE EN ARTES,
4264,5042500032,LICENCIATURA EN ADMINISTRACION Y DIRECCION DE INSTITUCIONES EDUCATIVAS,
4265,5033200026,LICENCIATURA EN CIENCIAS APLICADAS A LA PREVENCIÒN Y COMBATE DE SINIESTROS,
4266,4033200004,TÉCNICO SUPERIOR UNIVERSITARIO EN INVESTIGACIÓN PERICIAL,
4267,5021500100,LICENCIATURA EN MODELADO Y ANIMACIÓN 3D,
4268,5021500101,LICENCIATURA EN ILUSTRACIÓN Y CONCEPT ART,
4269,5041200139,LICENCIATURA EN DIRECCIÓN DE VENTAS Y MARKETING,
4270,4042100017,TÉCNICO SUPERIOR UNIVERSITARIO EN ADMINISTRACIÓN ÁREA CAPITAL HUMANO,
4271,4042300002,TÉCNICO SUPERIOR UNIVERSITARIO EN ADMINISTRACIÓN POLICIAL,
4272,4042500006,TÉCNICO SUPERIOR UNIVERSITARIO EN ADMINISTRACIÓN ÁREA CAPITAL HUMANO EN COMPETENCIAS PROFESIONALES,
4273,4093100010,TÉCNICO SUPERIOR UNIVERSITARIO EN HIGIENE BUCAL,
4274,4095100007,TÉCNICO SUPERIOR UNIVERSITARIO EN ATENCIÓN MÉDICA PREHOSPITALARIA,
4275,4101400004,TÉCNICO SUPERIOR UNIVERSITARIO EN OPERACIONES INDUSTRIALES,
4276,5011000005,LICENCIATURA EN EDUCACIÓN Y TECNOLOGÍAS PARA EL APRENDIZAJE,
4277,5011100028,LICENCIATURA EN PSICOPEDAGOGÍA APLICADA,
4278,5012000009,LICENCIATURA EN ATENCIÓN AL DESARROLLO Y BIENESTAR INFANTIL,
4279,5012100011,LICENCIATURA EN NIVELACIÓN EDUCACIÓN INICIAL Y PREESCOLAR,
4280,5012200011,LICENCIATURA EN NIVELACIÓN EDUCACIÓN PRIMARIA,
4281,5012300029,LICENCIATURA EN NIVELACIÓN EDUCACIÓN SECUNDARIA,
4282,5012400020,LICENCIATURA EN NIVELACIÓN EDUCACIÓN MEDIA SUPERIOR,
4283,5021200045,LICENCIATURA EN DANZA ESCÉNICA INTEGRAL,
4284,5021300160,LICENCIATURA EN MÚSICA CON ACENTUACIÓN EN CORNO FRANCÉS,
4285,5021500112,LICENCIATURA EN DISEÑO MULTIMEDIA Y ARTE DIGITAL,
4286,5021600083,LICENCIATURA EN DISEÑO DE INTERIORES Y AMBIENTAL,
4287,5022200037,LICENCIATURA EN IDIOMAS CONTEMPORÁNEOS,
4288,5022500015,LICENCIATURA EN HISTORIA Y GESTIÓN DEL PATRIMONIO CULTURAL,
4289,5031100063,LICENCIATURA EN PSICOLOGÍA APLICADA,
4290,5031100064,LICENCIATURA EN PSICOLOGÍA BIOMÉDICA,
4291,5033100075,LICENCIATURA EN DERECHO CON ÉNFASIS EMPRESARIAL,
4292,5041000008,LICENCIATURA EN ADMINISTRACIÓN DE NEGOCIOS CON CONCENTRACIÓN EN EMPRESAS FAMILIARES,
4293,5041100128,LICENCIATURA EN INTELIGENCIA DE NEGOCIOS E INNOVACIÓN,
4294,5041200151,LICENCIATURA EN ADMINISTRACIÓN DE NEGOCIOS CON CONCENTRACIÓN EN MERCADOTECNIA,
4295,5041200152,LICENCIATURA EN MARKETING CORPORATIVO,
4296,5042000017,LICENCIATURA EN ADMINISTRACIÓN Y GESTIÓN EMPRESARIAL,
4297,5061000008,LICENCIATURA EN TECNOLOGÍAS DE SISTEMAS INTELIGENTES,
4298,5071100040,LICENCIATURA EN INGENIERÍA MECÁNICA PARA LA INNOVACIÓN,
4299,5071700067,LICENCIATURA EN INGENIERÍA INDUSTRIAL CON ESPECIALIDAD EN PRODUCCIÓN Y CONTROL DE CALIDAD,
4300,5071700068,INGENIERÍA TÉCNICA EN MAQUINADOS DE PRECISIÓN,
4301,5071700069,INGENIERO INDUSTRIAL ADMINISTRADOR,
4302,5071700070,INGENIERIA EN OPERACIONES INDUSTRIALES,
4303,5072300005,LICENCIATURA EN INGENIERIA EN RECURSOS NATURALES,
4304,5081000002,INGENIERÍA AGROQUÍMICA,
4305,5094200022,LICENCIATURA EN NUTRICIÓN Y SERVICIOS ALIMENTARIOS,
4306,5101500042,LICENCIATURA EN GASTRONOMÍA EN COMPETENCIAS PROFESIONALES.,
4307,5101500043,LICENCIATURA EN GASTRONOMIA NUTRICIONAL,
4308,5101600036,"LICENCIATURA EN HOTELERIA, NEGOCIOS Y TURISMO",
4309,5102100017,INGENIERIA EN LOGISTICA AEROPORTUARIA,
4310,4104100012,TÉCNICO SUPERIOR UNIVERSITARIO EN SEGURIDAD PÚBLICA ÁREA PROTECCIÓN CIVIL,
4311,5071700074,LICENCIATURA EN INGENIERO INDUSTRIAL,
4312,4102100010,TÉCNICO SUPERIOR UNIVERSITARIO EN LOGÍSTICA ÁREA TRANSPORTE TERRESTRE,
4313,4071000003,TÉCNICO SUPERIOR UNIVERSITARIO EN MECATRÓNICA ÁREA OPTOMECATRÓNICA,
4314,5101500045,LICENCIATURA EN CAFICULTURA,
4315,5081100086,LICENCIATURA EN INGENIERO AGRONOMO EN GANADERÍA AMBIENTAL,
4316,5081100087,LICENCIATURA EN INGENIERÍA EN DESARROLLO AGROAMBIENTAL,
4317,5062200123,LICENCIATURA EN INGENIERÍA EN REDES COMPUTACIONALES,
4318,5101500046,LICENCIATURA EN CAFICULTURA,
4319,4071100017,TÉCNICO SUPERIOR UNIVERSITARIO EN PRODUCCIÓN ÁREA MANUFACTURA AUTOMOTRIZ,
4320,5101500047,INGENIERIA EN PRODUCCION SUSTENTABLE ALIMENTARIA,
4321,5073200037,INGENIERIA EN TOPOGRAFO Y GEOMATICO,
4322,5095600008,LICENCIATURA EN URGENCIAS MEDICAS PREHOSPITALARIAS,
4323,5042200087,LICENCIATURA EN GESTIÓN DEL TURISMO ALTERNATIVO,
4324,5041200153,LICENCIATURA EN RELACIONES PUBLICAS TURISTICAS E IDIOMAS,
4325,5071100041,INGENIERIA EN MANTENIMIENTO HOTELERO,
4326,5061200005,INGENIERÍA DE SOFTWARE Y REDES,
4327,5042200088,LICENCIATURA INTERNACIONAL EN TURISMO Y REUNIONES,
4328,5041200154,LICENCIATURA EN MERCADOTECNIA Y ANÁLISIS DEL CONSUMIDOR,
4329,5031000009,LICENCIATURA EN RESPONSABILIDAD SOCIAL Y EMPRENDIMIENTO,
4330,5041100130,LICENCIATURA EN NEGOCIOS GLOBALES,
4331,5032100079,LICENCIATURA EN DIRECCION ESTRATEGICA DEL CAPITAL HUMANO,
4332,5011100029,LICENCIATURA EN PSICOPEDAGOGIA  E INNOVACION EDUCATIVA,
4333,5012100012,LICENCIATURA EN EDUCACION BASICA CON ACENTUACION EN PREESCOLAR,
4334,5072400043,INGENIERIA EN SISTEMAS Y DESARROLLO DE APLICACIONES,
4335,5072400044,INGENIERIA EN SEGURIDAD INDUSTRIAL Y LABORAL,
4336,5031300034,LICENCIATURA EN CIENCIA POLITICA Y GOBERNANZA,
4337,5071700075,LICENCIATURA EN INGENIERO EN INNOVACION SUSTENTABLE Y ENERGIA,
4338,5021100024,LICENCIATURA EN ESTUDIOS DEL ARTE Y GESTIÓN  CULTURAL.,
4339,5071700076,INGENIERÍA INDUSTRIAL Y DESARROLLO ORGANIZACIONAL,
4340,5021200046,LICENCIATURA EN CINEMATOGRAFÍA Y ANIMACIÓN DIGITAL,
4341,5022200038,LICENCIATURA EN TRADUCCIÓN E INTERPRETACIÓN DEL INGLES,
4342,5081100088,INGENIERO AGRÓNOMO EN PRODUCCIÓN ANIMAL,
4343,4042000002,TÉCNICO SUPERIOR UNIVERSITARIO EN LOGÍSTICA ÁREA CADENA DE SUMINISTROS,
4344,4042000003,TÉCNICO SUPERIOR UNIVERSITARIO EN EVALUACIÓN DE PROYECTOS,
4345,4094000001,TECNICO SUPERIOR UNIVERSITARIO EN GERONTOLOGÍA SOCIAL,
4346,4101600020,TÉCNICO SUPERIOR UNIVERSITARIO EN SERVICIOS TURÍSTICOS ESPECIALIZADOS,
4347,5012400021,LICENCIATURA EN NIVELACION EDUCATIVA PARA MAESTROS EN SERVICIO EN EL NIVEL MEDIO SUPERIOR,
4348,5012604033,LICENCIATURA EN EDUCACION INICIAL Y PREESCOLAR,
4349,5032100078,LICENCIATURA EN COMUNICACIONES Y MEDIOS DIGITALES,
4350,5033200030,LICENCIADO EN CRIMINOLOGÍA,
4351,5041000009,LICENCIADO EN CONTADURÍA PÚBLICA,
4352,5041100129,LICENCIADO EN NEGOCIOS EN INNOVACIÓN ECONÓMICA,
4353,5042000018,LICENCIADO EN ADMINISTRACIÓN Y EVALUACIÓN DE PROYECTOS,
4354,5042200086,LICENCIATURA EN DIRECCIÓN DE EMPRESAS GASTRONÓMICAS,
4355,5051000001,LICENCIADO EN GESTIÓN Y CIENCIAS DEL AGUA,
4356,5051300039,LICENCIADO EN CIENCIAS AMBIENTALES,
4357,5062000002,INGENIERÍA EN TECNOLOGÍAS DE LA INFORMACIÓN Y LA COMUNICACIÓN ESPECIALIDAD REDES Y TELECOMUNICACIONE,
4358,5071400046,BIOINGENIERÍA Y ACUACULTURA,
4359,5071600028,INGENIERO EN PROTECCIÓN DE DESASTRES Y PROTECCIÓN CIVIL,
4360,5071700071,LICENCIATURA EN INGENIERO INDUSTRIAL Y DE MANUFACTURA,
4361,5071700072,LICENCIATURA EN INGENIERO INDUSTRIAL ADMINISTRATIVO,
4362,5071700073,INGENIERO PETROLERO,
4363,5073200036,INGENIERÍA EN CONSTRUCCIÓN Y MONTAJE DE PLANTAS INDUSTRIALES,
4364,5095000001,LICENCIATURA EN RADIOLOGIA E IMAGEN,
4365,5101500044,LICENCIATURA EN GASTRONOMÍA Y TURISMO SUSTENTABLE,
4366,5042300037,LICENCIADO EN GESTIÓN PÚBLICA Y GOBIERNO,
4367,5022100011,LICENCIATURA EN PASTORAL CATEQUETICA,
4368,5041300040,LICENCIADO EN COMERCIO EXTERIOR Y ADUANAS.,
4369,5042200089,LICENCIATURA EN HOSPITALIDAD Y TURISMO,
4370,5104100029,INGENIERIA EN SEGURIDAD INFORMATICA Y REDES,
4371,5072300006,LICENCIATURA EN PRODUCCIÓN PUBLICITARIA,
4372,5071600029,INGENIERO EN PREVENCIÓN DE DESASTRES Y PROTECCIÓN CIVIL,
4373,5101600037,LICENCIATURA EN GESTIÓN E INNOVACIÓN HOTELERA Y TURÍSTICA.,
4374,5101500048,LICENCIATURA EN INNOVACIÓN CULINARIA Y GESTIÓN,
4375,5021200047,"LICENCIATURA EN ACTUACIÓN, PRODUCCIÓN Y DIRECCIÓN",
4376,5072100048,INGENIERIA EN ALIMENTOS Y BIOTECNOLOGIA,
4377,5101500049,LICENCIATURA EN GASTRONOMÍA EMPRESARIAL,
4378,5042300038,LICENCIATURA  EN GESTIÓN PÚBLICA Y GOBIERNO,
4379,5042300039,LICENCIATURA EN DESARROLLO Y GESTIÓN DEL TERRITORIO,
4380,5033200031,LICENCIATURA EN CRIMINALÍSTICA E INVESTIGACIÓN CRIMINAL,
4381,5022100012,LICENCIATURA EN TEOLOGIA CON ENFOQUE EN SERVICIO SOCIAL.,
4382,5022100013,LICENCIATURA EN CONSEJERIA FAMILIAR,
4383,5072400045,INGENIERÍA EN GESTIÓN DE TECNOLOGÍAS DE INFORMACIÓN,
4384,5041200155,LICENCIATURA EN ADMINISTRACIÓN DE LAS FINANZAS,
4385,5042100212,LICENCIATURA EN ADMINISTRACIÓN Y GERENCIA DE PROYECTOS,
4386,5042300040,LICENCIATURA EN ADMINISTRACION GOBIERNO Y POLITICAS PUBLICAS,
4387,5071700077,LICENCIATURA EN INGENIERIA EN TECNOLOGIAS DE INFORMACION Y CIENCIAS DE DATOS,
4388,5031500017,LICENCIATURA EN CIENCIAS PARA LA FAMILIA,
4389,5072300007,LICENCIATURA EN INGENIERIA EN PROYECTOS INDUSTRIALES,
4390,5011100030,LICENCIATURA EN PEDAGOGÍA Y PROCESOS EDUCATIVOS,
4391,5011500010,LICENCIATURA EN EDUCACIÓN CON OPCIÓN TERMINAL EN PSICOPEDAGOGÍA,
4392,5021600084,DISEÑO DE ESPACIOS Y AMBIENTES CON EL GRADO DE LICENCIATURA,
4393,4012603003,PROFESIONAL ASOCIADO EN LA ENSEÑANZA DEL IDIOMA INGLÉS,
4394,4012603004,TÉCNICO SUPERIOR UNIVERSITARIO EN EDUCACIÓN ÁREA INGLÉS,
4395,5012603024,LICENCIATURA EN DOCENCIA DE LENGUA INGLESA,
4396,5012603025,LICENCIATURA EN DOCENCIA DEL IDIOMA INGLÉS,
4397,5012603026,LICENCIATURA EN DOCENCIA DEL INGLÉS,
4398,5012603027,LICENCIATURA EN DOCENCIA DEL INGLÉS COMO LENGUA EXTRANJERA,
4399,5012603028,LICENCIATURA EN EDUCACIÓN CON ACENTUACIÓN EN ENSEÑANZA DEL INGLÉS,
4400,5012603029,LICENCIATURA EN ENSEÑANZA DEL IDIOMA INGLÉS,
4401,5012603030,LICENCIATURA EN ENSEÑANZA DEL INGLÉS,
4402,5012603031,LICENCIATURA EN LA ENSEÑANZA DE LA LENGUA INGLESA,
4403,5012603032,LICENCIATURA EN LA ENSEÑANZA DE LENGUAS-INGLÉS,
4404,5012603033,LICENCIATURA EN LA ENSEÑANZA DEL IDIOMA INGLÉS,
4405,5012603034,LICENCIATURA EN LA ENSEÑANZA DEL INGLÉS,
4406,4012603002,TÉCNICO SUPERIOR UNIVERSITARIO EN ENSEÑANZA DEL INGLÉS,
4407,5012300027,LICENCIATURA EN EDUCACIÓN BILINGÜE EN NIVEL BÁSICO,
4408,5012300028,LICENCIATURA EN EDUCACIÓN BILINGÜE EN NIVEL MEDIO,
4409,5062200111,INGENIERÍA EN TECNOLOGÍAS DE INFORMACIÓN Y COMUNICACIÓN,
4410,5061300074,LICENCIATURA EN SEGURIDAD DE LAS TECNOLOGÍAS DE INFORMACIÓN,
4411,5061300076,LICENCIATURA EN COMPUTACIÓN Y SISTEMAS DIGITALES,
4412,5061300075,INGENIERÍA EN SISTEMAS COMPUTACIONALES POR COMPETENCIAS PROFESIONALES,
4413,5062100063,INGENIERÍA EN SISTEMAS CON LAS ESPECIALIDADES EN: REDES Y TELECOMUNICACIONES Y SISTEMAS DE INFORMACIÓN,
4414,5062100064,LICENCIATURA EN REDES,
4415,5062200112,LICENCIATURA EN TECNOLOGÍAS DE INFORMACIÓN Y COMUNICACIÓN APLICADAS A LA EDUCACIÓN,
4416,5062200113,LICENCIATURA EN TECNOLOGÍAS DE LA INFORMACIÓN Y COMUNICACIONES,
4417,5062200114,INGENIERÍA EN TECNOLOGÍA DE INFORMACIÓN Y COMPUTACIÓN,
4418,5012702005,LICENCIATURA EN EDUCACIÓN ESPECIAL EN EL ÁREA AUDITIVA Y DE LENGUAJE,
4419,4041200019,PROFESIONAL ASOCIADO EN MERCADOTECNIA,
4420,5041100119,LICENCIATURA EN ADMINISTRACIÓN Y COMERCIO ELECTRÓNICO,
4421,4061300010,TÉCNICO SUPERIOR UNIVERSITARIO EN TECNOLOGÍAS Y COMPUTACIONALES,
4422,5091100019,LICENCIATURA EN MEDICO CIRUJANO RURAL,
4423,4094100014,PROFESIONAL ASOCIADO EN CIENCIAS QUIROFÍSICAS,
4424,5062200122,LICENCIATURA EN SISTEMAS INFORMATICOS EMPRESARIALES,
4425,5031400024,LICENCIATURA EN DERECHO CON ENFOQUE DE PLURALISMO JURÍDICO,
4426,5011000004,LICENCIATURA EN ENSEÑANZA DE LAS ARTES,
4427,5071500055,INGENIERÍA EN AERONÁUTICA,
4428,5012601017,LICENCIATURA EN CIENCIAS DE LA EDUCACIÓN DEPORTIVA,
4429,4071200016,TÉCNICO SUPERIOR UNIVERSITARIO EN MANTENIMIENTO ÁREA SOLDADURA  ,
4430,5094100014,LICENCIATURA EN FISIOTERAPIA Y PROMOCIÓN PARA LA SALUD,
4431,5012602036,LICENCIATURA EN EDUCACIÓN MUSICAL Y EXPRESIÓN ARTÍSTICA,
4432,5021000017,LICENCIATURA EN ARTES VISUALES Y PLASTICAS,
4433,5021500113,LICENCIATURA EN ARTE Y DISEÑO DIGITAL,
4434,5012602037,LICENCIATURA EN EDUCACIÓN Y CULTURA DE LAS ARTES,
4435,5071700078,LICENCIATURA EN INGENIERÍA EN SOFTWARE Y REDES,
4436,5101300021,LICENCIATURA DISEÑO DE LA IMAGEN Y DEL BIENESTAR,
4437,5042100213,LICENCIATURA EN DESARROLLO Y GESTION EMPRESARIAL,
4438,5033200032,LICENCIATURA EN CRIMINALISTICA Y CIENCIAS FORENSES,
4439,5033200033,"LICENCIATURA EN CRIMINOLOGIA,  VICTIMOLOGIA Y POLITICA CRIMINOLOGICA",
4440,5071300107,LICENCIATURA EN INGENIERIA DE COMERCIO ELECTRONICO,
4441,5072300008,LICENCIATURA EN PROCESOS INDUSTRIALES,
4442,5062300001,LICENCIATURA EN CREATIVIDAD TECNOLOGICA,
4443,5021200048,LICENCIATURA EN ARTE DRAMÁTICO Y PRODUCCIÓN AUDIOVISUAL,
4444,5012604034,LICENCIATURA EN DOCENCIA E INNOVACION EDUCATIVA,
4445,5041100131,LICENCIATURA EN ADMINISTRACIÓN DE NEGOCIOS DE TURISMO Y HOSPITALIDAD,
4446,5021600085,LICENCIATURA EN DISEÑO INDUSTRIAL DE PRODUCTO,
4447,5021600086,"LICENCIATURA EN MODA, INNOVACIÓN Y TENDENCIA",
4448,5101100065,LICENCIATURA EN ACTIVACIÓN FÍSICA,
4449,5042500033,LICENCIATURA EN DIRECCIÓN DE ARTE,
4450,5062100066,LICENCIATURA EN LOCUCIÓN,
4451,5033200034,"LICENCIATURA EN CRIMINALOGIA, VICTIMOLOGIA Y POLITICA CRIMINOLOGICA",
4452,5062300002,LICENCIATURA EN CINEMATOGRAFIA Y MEDIOS AUDIOVISUALES,
4453,5041200156,LICENCIATURA EN ESTRATEGIAS COMERCIALES,
4454,5012604035,LICENCIATURA EN LA ENSEÑANZA DE LENGUAS Y ESTUDIOS INTERCULTURALES,
4455,5021500115,LICENCIATURA EN DISEÑO DE LA INFORMACION DE MEDIOS DIGITALES,
4456,5101600038,LICENCIATURA EN TURISMO GASTRONOMICO,
4457,5101300022,LICENCIATURA EN COSMETRIA,
4458,5031100065,LICENCIATURA EN PSICOLOGIA CON TERMINAL EN EL AREA CLINICA/PSICOEDUCATIVA/ORGANIZACIONAL,
4459,5042200090,"LICENCIATURA EN ADMINISTRACION DE HOTELES, RESTAURANTES Y EMPRESAS TURISTICAS",
4460,5042300041,LICENCIATURA EN ADMINISTRACION PUBLICA Y GESTION PARA EL DESARROLLO,
4461,5071300108,LICENCIATURA EN INGENIERIA EN COMERCIO ELECTRONICO,
4462,5042100214,LICENCIATURA EN RECURSOS HUMANOS Y RELACIONES LABORALES,
4463,5041100132,LICENCIATURA EN COMERCIO ELECTRÓNICO Y MERCADOTECNIA DIGITAL,
4464,5042200091,LICENCIATURA EN ADMINISTRACION DE HOTELES Y RESTAURACION DE EMPESAS TURISTICAS,
4465,4104100013,TECNICO SUPERIOR UNIVERSITARIO EN SEGURIDAD PUBLICA Y POLICIAL,
4466,5041300041,LICENCIATURA EN FINANZAS Y DIRECCION DE NEGOCIOS,
4467,5021100025,LICENCIATURA EN ARTES VISUALES Y GESTION,
4468,5041400098,LICENCIATURA EN CONTABILIDAD Y FISCALIZACIÓN,
4469,4101500014,PROFESIONAL ASOCIADO EN CHEF EN COCINA INTERNACIONAL,
4470,5071300109,INGENIERÍA EN ELECTROMECÁNICA,
4471,5041200157,LICENCIATURA EN SISTEMAS DE CALIDAD Y PRODUCTIVIDAD,
4472,5042100215,LICENCIATURA EN GESTION EMPRESARIAL Y DE PROYECTOS,
4473,5101300023,LICENCIATURA EN ESTILISMO E IMAGEN,
4474,5033100076,LICENCIATURA EN DERECHO Y LITIGACION ESTRATEGICA,
4475,5041400099,LICENCIADO EN CONTABILIDAD PÚBLICA ESTRATÉGICA,
4476,5031100066,LICENCIATURA EN PSICOLOGÍA Y NEUROCIENCIAS,
4477,5041200158,LICENCIATURA EN VENTAS Y ESTRATEGIAS COMERCIALES,
4478,5041400100,LICENCIATURA EN CONTABILIDAD PÚBLICA,
4479,5041100133,LICENCIATURA EN INTELIGENCIA DE NEGOCIOS,
4480,5042500034,LICENCIATURA EN ADMINISTRACIÓN MARÍTIMA Y PORTUARIA,
4481,5073100046,LICENCIATURA EN ARQUITECTURA Y TECNOLOGIAS SUSTENTABLES,
4482,5071100042,LICENCIATURA EN INGENIERÍA  MECATRONICA CON ENFOQUE AUTOMOTRIZ,
4483,5041200159,LICENCIATURA EN MERCADOTECNIA Y DIRECCIÓN DE NEGOCIOS,
4484,5041100134,LICENCIATURA EN ADMINISTRACION Y DIRECCION DE NEGOCIOS,
4485,5011500011,"LICENCIATURA EN EDUCACIÓN, APRECIACIÓN Y EXPRESIÓN DE LAS ARTES",
4486,5021100026,LICENCIATURA EN ARTES VISUALES Y GESTIÓN CULTURAL,
4487,4101600021,TÉCNICO SUPERIOR UNIVERSITARIO EN HOTELES Y RESTAURANTES,
4488,4021400015,TÉCNICO SUPERIOR UNIVERSITARIO EN PRODUCCIÓN GRÁFICA,
4489,4071100018,TÉCNICO SUPERIOR UNIVERSITARIO EN DISEÑO MECÁNICO Y MANUFACTURA,
4490,4042200011,TÉCNICO SUPERIOR UNIVERSITARIO EN HOTELES Y RESTAURANTES,
4491,4071700011,TÉCNICO SUPERIOR UNIVERSITARIO EN DISEÑO MECÁNICO Y MANUFACTURA,
4492,5032100080,LICENCIATURA EN CIENCIAS Y TÉCNICAS DE INFORMACIÓN,
4493,5022200039,"LICENCIATURA EN IDIOMAS CON TERMINALES EN INGLES, FRANCÉS Y ESPAÑOL",
4494,5071700079,INGENIERÍA EN INNOVACIÓN Y DISEÑO INDUSTRIAL,
4495,5071700080,INGENIERÍA EN TECNOLOGÍAS DE LA INFORMACIÓN,
4496,5071500056,LICENCIATURA EN INGENIERÍA NAVAL,
4497,5072400046,LICENCIATURA EN INGENIERÍA METALÚRGICA Y CIENCIA DE LOS MATERIALES,
4498,5073200038,LICENCIATURA EN INGENIERÍA TOPOGRÁFICA GEODÉSICA,
4499,5101100066,"LICENCIATURA EN CULTURA FÍSICA Y DEPORTE CON TERMINALES EN: ENTRENAMIENTO DEPORTIVO, DIVERSIDAD FUNCIONAL Y EDUCACIÓN FÍSICA",
4500,5011200020,LICENCIATURA EN PROCESOS DE INNOVACIÓN EDUCATIVA,
4501,5012604036,LICENCIATURA EN EDUCACIÓN ÁREA CIENCIAS BIOLÓGICAS,
4502,5011300024,LICENCIATURA EN EDUCACIÓN ÁREA PSICOLOGÍA EDUCATIVA,
4503,5033200035,LICENCIATURA EN INVESTIGACIÓN PERICIAL,
4504,5071700081,LICENCIATURA EN INGENIERÍA EN LOGÍSTICA Y ALTA DIRECCIÓN,
4505,5091334001,LICENCIATURA EN NEUROCIENCIAS,
4506,5011500012,LICENCIATURA EN COMPETENCIAS INFANTILES,
4507,5021400072,LICENCIATURA EN DISEÑO DIGITAL Y PRODUCCIÓN AUDIOVISUAL,
4508,5012604037,LICENCIATURA EN DOCENCIA Y ADMINISTRACIÓN EDUCATIVA,
4509,5041100135,LICENCIATURA EN COMERCIO Y ADMINISTRACION DE ADUANAS,
4510,4102100011,TÉCNICO SUPERIOR UNIVERSITARIO EN PILOTO AVIADOR,
4511,4102100012,TÉCNICO SUPERIOR UNIVERSITARIO EN OFICIAL DE OPERACIONES DE AERONAVES Y AERÓDROMOS,
4512,5101100067,"LICENCIATURA EN CULTURA FÍSICA, DEPORTE Y RECREACIÓN",
4513,5093100010,LICENCIATURA EN MÉDICO CIRUJANO ODONTÓLOGO,
4514,5021300161,LICENCIATURA EN CULTURA Y EXPRESIÓN ARTÍSTICA,
4515,5061100014,LICENCIATURA EN PROGRAMACIÓN Y DISEÑO DE APLICACIONES,
4516,5081200015,LICENCIATURA DE INGENÍERO AGRONÓMO EN FLORICULTURA,
4517,5071200048,LICENCIATURA EN INGENIERÍA EN SISTEMAS ENERGÉTICOS SUSTENTABLES,
4518,5062200124,LICENCIATURA EN INGENIERÍA EN SISTEMAS INTELIGENTES,
4519,5062300003,LICENCIATURA EN INGENIERÍA EN SISTEMAS Y COMUNICACIONES,
4520,5071500057,LICENCIATURA EN INGENIERÍA EN TRANSPORTE,
4521,5031500018,LICENCIATURA EN MEDIOS ALTERNOS DE SOLUCIÓN DE CONFLICTOS,
4522,4102100013,TÉCNICO SUPERIOR UNIVERSITARIO EN OPERACIÓN DE AUTOTRANSPORTES,
4523,5022200040,LICENCIATURA EN LENGUAS Y CULTURAS EXTRANJERAS,
4524,5072100049,LICENCIATURA EN CIENCIAS Y ARTES CULINARIAS,
4525,5042500035,LICENCIATURA EN ADMINISTRACIÓN Y ENTRENAMIENTO DEPORTIVO,
4526,5022100014,LICENCIATURA EN TEOLOGÍA Y CONSEJERÍA PARA LA FAMILIA,
4527,5033100077,LICENCIATURA EN CIENCIAS JURÍDICAS Y DERECHO,
4528,5072400047,INGENIERÍA EN GESTIÓN DE PROCESOS INDUSTRIALES,
4529,5011500013,LICENCIATURA EN EDUCACIÓN NUTRICIONAL DEPORTIVA,
4530,5041100136,LICENCIATURA EN POLÍTICA DE NEGOCIOS INTERNACIONALES,
4531,5041300042,LICENCIATURA EN ESTRATEGIAS FINANCIERAS,
4532,5101100068,LICENCIATURA EN CULTURA DEPORTIVA PARA EL ALTO DESEMPEÑO,
4533,5082100008,LICECIATURA EN MEDICINA VETERINARIA ZOOTECNISTA,
4534,5081100089,LICENCIATURA EN INGENIERÍA AGRONÓMICA FITOTECNISTA,
4535,5061100015,INGENIERÍA EN SISTEMAS Y TECNOLOGIAS COMPUTACIONALES,
4536,5033200036,LICENCIATURA EN DERECHO CON ÉNFASIS EN CRIMINALÍSTICA,
4537,5091326001,LICENCIATURA EN MEDICINA HÓLISTICA,
4538,5031100067,LICENCIATURA EN PSICOLOGÍA CON FORMACIÓN EN INTELIGENCIA EMOCIONAL,
4539,5051300040,LICENCIATURA EN CIENCIAS AMBIENTALES PARA ZONAS URBANAS,
4540,5041100137,LICENCIATURA EN CIENCIAS DE DATOS PARA NEGOCIOS,
4541,5033100078,LICENCIATURA EN DERECHO Y SEGURIDAD CIUDADANA,
4542,5031500019,LICENCIATURA EN DESARROLLO COMUNITARIO PARA ZONAS METROPOLITANAS,
4543,4071100019,TÉCNICO SUPERIOR UNIVERSITARIO EN MECÁNICA AUTOMOTRIZ,
4544,5081100090,INGENIERÍA EN INNOVACIÓN Y TECNOLOGÍA AGRÍCOLA,
4545,5101100069,LICENCIATURA EN CIENCIAS DEL DEPORTE Y DE LA ACTIVIDAD FÍSICA,
4546,5061300092,LICENCIATURA EN DESARROLLO DE SOFTWARE INTERACTIVO Y VIDEOJUEGOS,
4547,5021500116,LICENCIATURA EN CREACIÓN ARTÍSTICA PARA VIDEOJUEGOS Y MEDIOS DIGITALES,
4548,5073100047,LICENCIATURA EN ARQUITECTURA Y CONSTRUCCIÓN,
4549,5021300162,LICENCIATURA EN PRODUCCIÓN MUSICAL DIGITAL,
4550,5042100216,LICENCIATURA EN DIRECCIÓN Y CREACIÓN DE NEGOCIOS,
4551,5093207001,LICENCIATURA EN PRÓTESIS DENTAL,
4552,5041300043,INGENIERÍA TÉCNICA EN EVALUACIÓN SOCIOECONÓMICA DE PROYECTOS DE INVERSIÓN,
4553,5042200092,LICENCIATURA EN ADMINISTRACIÓN CON ACENTUACIÓN EN CADENA DE SUMINISTROS,
4554,5072100050,LICENCIATURA EN ALIMENTOS Y BEBIDAS,
4555,5012604038,LICENCIATURA EN EDUCACIÓN CON ACENTUACIÓN EN FORMACIÓN INFANTIL,
4556,5012604039,LICENCIATURA EN FORMACIÓN DOCENTE,
4557,5012601018,LICENCIATURA EN DOCENCIA DE DANZA FOLKLÓRICA MEXICANA,
4558,5021200049,LICENCIATURA EN EDUCACIÓN ARTÍSTICA ESCOLAR,
4559,5101500050,LICENCIATURA EN GASTRONOMÍA Y TURÍSMO,
4560,5041200160,LICENCIATURA EN MARKETING DIGITAL,
4561,5042400051,LICENCIATURA EN INGENIERIA EN ADMINISTRACIÓN Y FINANZAS,
4562,5071300111,LICENCIATURA EN INGENIERÍA EN SISTEMAS MECATRÓNICOS INDUSTRIALES,
4563,5033200037,LICENCIATURA EN ESTUDIOS CRIMINO- VICTIMALES,
4564,5101100070,LICENCIATURA EN DEPORTES DE ALTO RENDIMIENTO,
4565,5062200125,LICENCIATURA EN DISEÑO DE PAGINA WEB Y APLICACIONES MÓVILES,
4566,5012400022,LICENCIATURA EN FORMACIÓN DOCENTE EN EL TIPO MEDIO SUPERIOR CON ÉNFASIS EN CIENCIAS SOCIALES Y HUMANIDADES,
4567,5012400023,LICENCIATURA EN FORMACIÓN DOCENTE EN EL TIPO MEDIO SUPERIOR CON ÉNFASIS EN CIENCIAS EXPERIMENTALES,
4568,5012400024,LICENCIATURA EN FORMACIÓN DOCENTE EN EL TIPO MEDIO SUPERIOR CON ÉNFASIS EN MATEMÁTICAS,
4569,5021500117,"LICENCIATURA EN DISEÑO, ARTE Y ANIMACIÓN DIGITAL",
4570,5041200161,LICENCIATURA EN MERCADOTECNIA INTEGRAL,
4571,5041200162,LICENCIATURA EN MERCADOTECNIA Y DISEÑO DE MARCA,
4572,5072400048,LICENCIATURA EN INGENIERÍA EN LOGÍSTICA INTERNACIONAL,
4573,5012703002,LICENCIATURA EN DESARROLLO INTEGRAL DEL ADULTO MAYOR,
4574,5071600030,LICENCIATURA EN INGENIERÍA EN DESARROLLO AMBIENTAL,
4575,5081100091,LICENCIATURA EN INGENIERIA EN AGRICULTURA Y AGRONOMIA,
4576,4104100014,TÉCNICO SUPERIOR UNIVERSITARIO EN SEGURIDAD E HIGIENE,
4577,5021600087,LICENCIATURA EN INTERIORISMO,
4578,5042200093,LICENCIATURA EN SUSTENTABILIDAD,
4579,5021400073,LICENCIATURA EN CINE Y TELEVISIÓN DIGITAL,
4580,5062300004,LICENCIATURA EN INGENIERÍA EN TEGNOLOGIAS Y SISTEMAS DE INFORMACIÓN ,
4581,5022400005,LICENCIATURA EN ENSEÑANZA Y APRENDIZAJE DE LA FORMACIÓN ÉTICA Y CIUDADANA ,
4582,5021100027,LICENCIATURA EN GESTIÓN Y PROMOCIÓN DE LA CULTURA,
4583,5012604040,LICENCIATURA EN EDUCACIÓN ÁREA ESPAÑOL Y LITERATURA,
4584,5011300025,LICENCIATURA EN INCLUSIÓN EDUCATIVA,
4585,5012300030,LICENCIATURA EN ENSEÑANZA Y APRENDIZAJE EN TELESECUNDARIA,
4586,5033200038,LICENCIATURA EN CIENCIAS FORENSES Y TÉCNICAS PERICIALES,
4587,5042100217,LICENCIATURA EN ADMINISTRACIÓN Y GESTIÓN DE NEGOCIOS EMPRENDEDORES,
4588,5012400025,LICENCIATURA EN FORMACIÓN DOCENTE EN EL TIPO MEDIA SUPERIOR CON ÉNFASIS EN LENGUAJE Y COMUNICACIÓN,
4589,5071300110,LICENCIATURA EN INGENIERÍA EN AUTOMATIZACIÓN INDUSTRIAL,
4590,5042100218,LICENCIATURA EN ADMINISTRACIÓN Y GESTIÓN DE CALIDAD EMPRESARIAL,
4591,4095100008,TÉCNICO SUPERIOR UNIVERSITARIO  PARAMÉDICO,
4592,5071000028,LICENCIATURA EN INGENIERÍA Y MANUFACTURA AUTOMOTRIZ,
4593,5101300024,LICENCIATURA EN COSMIATRÍA Y ESTÉTICA CORPORAL,
4594,5042100219,LICENCIATURA EN ADMINISTRACIÓN Y LOGÍSTICA EMPRESARIAL,
4595,5031300035,LICENCIATURA EN POLÍTICAS PÚBLICAS PARA GOBIERNOS LOCALES   ,
4596,5021500118,LICENCIATURA EN DISEÑO Y DESARROLLO DE APLICACIONES,
4597,5021500119,LICENCIATURA EN ESCRITURA CREATIVA,
4598,4061000002,TÉCNICO SUPERIOR UNIVERSITARIO EN TECNOLOGIAS DE LA INFORMACIÓN ÁREA DESARROLLO DE SOFTWARE MULTIPLATAFORMA ,
4599,4061000003,TÉCNICO SUPERIOR UNIVERSITARIO EN TECNOLOGIAS DE LA INFORMACIÓN ÁREA ENTORNOS VIRTUALES Y NEGOCIOS DIGITALES EN COMPETENCIAS PROFESIONALES ,
4600,5042400052,LICENCIATURA EN INGENIERIA INDUSTRIAL Y ADMINISTRATIVA ,
4601,5041200163,LICENCIATURA EN DIRECCIÓN PERIODÍSTICA Y PRODUCCIÓN AUDIOVISUAL,
4602,5041100138,LICENCIADO EN COMERCIO VIRTUAL Y DISEÑO WEB,
4603,5041400101,LICENCIADO EN CONTABILIDAD FISCAL,
4604,5021600088,LICENCIADO EN DISEÑO DE INTERIORES,
4605,5021500120,LICENCIADO EN DISEÑO GRAFICO DIGITAL,
4606,5042500036,LICENCIADO EN ADMINISTRACIÓN DE EMPRESAS,
4607,5021600089,LICENCIADO EN DISEÑO INTEGRAL,
4608,5032100081,LICENCIADO EN CIENCIAS DE LA COMUNICACIÓN,
4609,5062100067,INGENIERIA EN TÉCNOLOGIA DE LA INFORMACIÓN  Y LA COMONICACIÓN CON ÉNFASIS E Y TELECOMUNICACIONES,
4610,5021400074,LICENCIATURA EN PRODUCCIÓN Y EJECUCIÓN MUSICAL,
4611,4021400016,TÉCNICO SUPERIOR UNIVERSITARIO EN PROCESOS INDUSTRIALES ÁREA TECNOLOGÍA GRÁFICA,
4612,4072200007,TÉCNICO SUPERIOR UNIVERSITARIO EN  DISEÑO Y MODA INDUSTRIAL ÁREA PRODUCCIÓN,
4613,4062200024,TÉCNICO SUPERIOR UNIVERSITARIO EN TECNOLOGÍAS DE LA INFORMACIÓN ÁREA DESARROLLO DE SOFTWARE MULTIPLATAFORMA,
4614,4062200025,TÉCNICO SUPERIOR UNIVERSITARIO EN TECNOLOGÍAS DE LA INFORMACIÓN ÁREA ENTORNOS VIRTUALES Y NEGOCIOS DIGITALES,
4615,4062300002,TÉCNICO SUPERIOR UNIVERSITARIO EN TECNOLOGÍAS DE LA INFORMACIÓN ÁREA INFRAESTRUCTURA DE REDES DIGITALES,
4616,5101300025,LICENCIATURA EN IMAGEN PERSONAL CORPORATIVA,
4617,5042500037,LICENCIATURA EN GESTION INDUSTRIAL ,
4618,4071000004,TÉCNICO SUPERIOR UNIVERSITARIO EN ELECTRICIDAD Y ELECTRÓNICA INDUSTRIAL ÁREA AUTOMATIZACIÓN Y CONTROL,
4619,5042100220,LICENCIATURA EN PLANEACIÓN Y GESTIÓN DE EVENTOS,
4620,5101300026,LICENCIATURA EN ASESORÍA DE IMAGEN ESTILISMO Y MAQUILLAJE,
4621,5041100139,INGENIERO EN DESARROLLO SUSTENTABLE,
4622,5071000029,INGENIERO EN DISEÑO AUTOMOTRIZ,
4623,5073200039,INGENIERO CIVIL,
4624,5071700082,INGENIERO EN SISTEMAS DIGITALES Y ROBÓTICA,
4625,5042400053,INGENIERO MECÁNICO ADMINISTRADOR,
4626,5061000009,INGENIERO EN TECNOLOGÍAS DE INFORMACIÓN,
4627,5071000030,INGENIERO EN INNOVACIÓN Y DESARROLLO,
4628,5021400075,INGENIERO EN PRODUCCIÓN MUSICAL DIGITAL,
4629,5071000031,INGENIERÍA DE LA AUTOMATIZACIÓN Y ROBÓTICA INDUSTRIAL,
4630,5071100043,LICENCIATURA EN DISEÑO Y DIRECCIÓN DE EMPRESAS,
4631,4101500015,TÉCNICO SUPERIOR UNIVERSITARIO EN REPOSTERÍA ,
4632,4062200026,TÉCNICO SUPERIOR UNIVERSITARIO EN INFORMÁTICA DE GESTIÓN,
4633,4062200027,TÉCNICO SUPERIOR UNIVERSITARIO EN INFORMÁTICA DE SISTEMAS,
4634,5041100140,LICENCIATURA EN NEGOCIOS INTERNACIONALES Y SISTEMAS,
4635,5022600010,LICENCIATURA EN FILOSOFÍA Y CIENCIAS HUMANAS,
4636,5012100013,LICENCIATURA EN EDUCACIÓN PREESCOLAR INDÍGENA CON ENFOQUE INTERCULTURAL BILINGÜE,
4637,5012604041,LICENCIATURA EN ENSEÑANZA Y APRENDIZAJE DEL ESPAÑOL EN EDUCACIÓN SECUNDARIA,
4638,5012604042,LICENCIATURA EN ENSEÑANZA Y APRENDIZAJE DE LAS MATEMÁTICAS EN EDUCACIÓN SECUNDARIA,
4639,5012604043,LICENCIATURA EN ENSEÑANZA Y APRENDIZAJE DE LA GEOGRAFÍA EN EDUCACIÓN SECUNDARIA,
4640,5012604044,LICENCIATURA EN ENSEÑANZA Y APRENDIZAJE DE LA FÍSICA EN EDUCACIÓN SECUNDARIA,
4641,5012604045,LICENCIATURA EN ENSEÑANZA Y APRENDIZAJE DE LA HISTORIA EN EDUCACIÓN SECUNDARIA,
4642,5012604046,LICENCIATURA EN ENSEÑANZA Y APRENDIZAJE DE LA QUÍMICA EN EDUCACIÓN SECUNDARIA,
4643,5012604047,LICENCIATURA EN ENSEÑANZA Y APRENDIZAJE DE LA BIOLOGÍA EN EDUCACIÓN SECUNDARIA,
4644,5012604048,LICENCIATURA EN ENSEÑANZA Y APRENDIZAJE DE LA FORMACIÓN ÉTICA Y CIUDADANA EN EDUCACIÓN SECUNDARIA,
4645,5012604049,LICENCIATURA EN ENSEÑANZA Y APRENDIZAJE DEL INGLÉS EN EDUCACIÓN SECUNDARIA,
4646,5012200012,LICENCIATURA EN EDUCACIÓN PRIMARIA INDÍGENA CON ENFOQUE INTERCULTURAL BILINGÜE,
4647,5011000006,LICENCIATURA EN EDUCACIÓN FÍSISCA Y GESTIÓN DEPORTIVA,
4648,4104100015,TÉCNICO SUPERIOR UNIVERSITARIO COMO POLICÍA INVESTIGADOR,
4649,5042300042,LICENCIATURA EN ADMINISTRACIÓN GESTIÓN Y PLANEACIÓN ESTRATÉGICA,
4650,5042100221,LICENCIATURA EN ADMINISTRACIÓN Y LOGÍSTICA ,
4651,5041200164,LICENCIATURA EN MERCADOTECNIA Y COMUNICACIÓN MULTIMEDIA ,
4652,5041400102,LICENCIATURA EN CONTADURÍA PÚBLICA Y FINANZAS INTERNACIONALES ,
4653,4062300003,PROFESIONAL ASOCIADO EN TEGNOLOGIAS DE INFORMACIÓN Y COMUNICACIÓN,
4654,4052300003,PROFESIONAL ASOCIADO EN DESARROLLO REGIONAL,
4655,5021300163,LICENCIATURA EN JAZZ Y MUSICA POPULAR,
4656,5071600031,GESTION DE RIESGOS Y CAMBIO CLIMATICO,
4657,5094200023,NUTRICIÓN Y ALIMENTACIÓN SUSTENTABLE,
4658,5041200165,LICENCIATURA EN MERCADOTECNIA Y COMUNICACIÓN DIGITAL,
4659,5011400010,LICENCIATURA EN EDUCACIÓN Y TECNOLOGÍAS DIGITALES,
4660,5071000032,Ingeniería Técnica en Hardware,
4661,5071000033,INGENIERÍA TÉCNICA EN DESARROLLO DE APLICACIONES PARA INTERNET DE LAS COSAS,
4662,5062200126,LICENCIADO EN INFORMATICA   ,
4663,5021500121,LICENCIADO EN DISEÑO GRAFICO ,
4664,5051100016,LICENCIADO EN CIENCIAS  BIOLÓGICAS  ,
4665,5041400103,LICENCIADO EN CONTADURIA Y FINANZAS    ,
4666,5091100022,LICENCIADO EN MEDICINA,
4667,5032100082,COMUNICACIÓN Y GESTIÓN EMPRESARIAL ,
4668,5032100083,LICENCIATURA EN COMUNICACIÓN Y MARKETING DIGITAL ,
4669,5081100092,LICENCIATURA EN INGENIERO AGRÓNOMO ZOOTECNISTA  ,
4670,5081100093,LICENCIATURA EN INGENIERO AGRÓNOMO FITOTECNISTA ,
4671,5021500122,LICENCIATURA EN DISEÑO ESTRATÉGICO DE INFORMACIÓN  ,
4672,4071000005,TECNICO SUPERIOR UNIVERSITARIO EN INNOVACIÓN DEL MANTENIMIENTO INDUSTRIAL      ,
4673,5033200039,LICENCIATURA EN CRIMINOLOGÍA Y GRAFOLOGÍA FORENSE    ,
4674,5072000008,INGENIERIA EN MANUFACTURA AVANZADA,
4675,5071700083,LICENCIATURA EN INGENIERÍA INDUSTRIAL Y EN SUSTENTABILIDAD  ,
4676,5061100016,LICENCIATURA EN COMPUTACIÓN MATEMÁTICA   ,
4677,5033200040,"LICENCIATURA EN CRIMINOLOGÍA, CRIMINALÍSTICA Y CIENCIAS PENALES ",
4678,5033200041,LICENCIATURA EN CRIMINOLOGÍA Y VICTIMOLOGÍA  ,
4679,5042400054,LICENCIATURA EN GESTIÓN TERRITORIAL E IDENTIDAD BIOCULTURAL ,
4680,4062100012,TECNICO SUPERIOR UNIVERSITARIO EN TECNOLOGÍAS DE LA INFORMACIÓN ÁREA INFRAESTRUCTURA DE REDES DIGITALES ,
4681,4062300004,TECNICO SUPERIOR UNIVERSITARIO EN TECNOLOGÍAS DE LA INFORMACIÓN ÁREA ENTORNOS VIRTUALES Y NEGOCIOS DIGITALES,
4682,5073100048,LICENCIATURA EN GESTIÓN DE CIUDADES INTELIGENTES Y TRANSICIONES TECNOLÓGICAS  ,
4683,4072000004,TECNICO SUPERIOR UNIVERSITARIO EN INNOVACION DEL MANTENIMIENTO INDUSTRIAL   ,
4684,5012100014,LICENCIATURA EN EDUCACIÓN. CON ORIENTACIÓN A INICIAL Y PREESCOLAR  ,
4685,5021300164,LICENCIATURA EN COMPOSICIÓN MUSICAL PARA MEDIOS AUDIOVISUALES Y ESCÉNICOS   ,
4686,5022000008,LICENCIATURA EN HUMANIDADES Y PRODUCCIÓN DE IMÁGENES ,
4687,5021400076,LICENCIATURA EN ANIMACIÓN DIGITAL Y MEDIOS INTERACTIVOS   ,
4688,4101500016,TECNICO SUPERIOR UNIVERSITARIO O PROFESIONAL ASOCIADO CHEF PASTELERO Y PANADERO INTERNACIONAL  ,
4689,5021200050,LICENCIATURA EN DANZA REGIONAL Y BAILES CONTEMPORÁNEOS ,
4690,5094100015,"LICENCIATURA EN FISIOTERAPIA CON ACENTUACIÓN EN DEPORTE, GERONTOLOGÍA, TERAPIA OCUPACIONAL Y EN NEUROREHABILITACIÓN",
4691,5041300044,LICENCIATURA EN ADMINISTRACIÓN Y VENTAS,
4692,5041300045,"LICENCIATURA EN ADMINISTRACIÓN, SERVICIO Y OPERACIÓN",
4693,5041300046,LICENCIATURA EN ADMINISTRACIÓN DE OPERACIONES BANCARIAS,
4694,5071000034,INGENIERIA EN MECANICO ELECTRICO,
4695,5041300047,LICENCIATURA EN ADMINISTRACIÓN FINANCIERA BANCARIA   ,
4696,4071700012,TÉCNICO SUPERIOR UNIVERSITARIO PETROLERO    ,
4697,5042100222,LICENCIATURA EN ADMINISTRACIÓN COMERCIAL ,
4698,5071700084,INGENIERÍA INDUSTRIAL Y GESTIÓN AMBIENTAL   ,
4699,5041200166,LICENCIATURA EN MERCADOTECNIA E INNOVACIÓN   ,
4700,5102100018,INGENIERO EN LOGÍSTICA PORTUARIA ,
4701,5094200024,LICENCIATURA EN BIENESTAR INTEGRAL Y NUTRICIÓN  ,
4702,5042100223,LICENCIATURA EN DESARROLLO INDUSTRIAL ,
4703,4041100016,TECNICO SUPERIOR UNIVERSITARIO EN INNOVACIÓN Y DESARROLLO DE NEGOCIOS AGROPECUARIOS ,
4704,5021400077,LICENCIATURA EN DISEÑO Y PRODUCCION MULTIMEDIA ,
4705,5021400078,LICENCIATURA EN TELEVISIÓN Y PRODUCCIÓN AUDIOVISUAL ,
4706,5101300027,LICENCIATURA DE COSMETOLOGIA FACIAL Y CORPORAL ,
4707,4101500017,TECNICO SUPERIOR UNIVERSITARIO O PROFESIONAL ASOCIADO CHEF DE COCINA INTERNACIONAL,
4708,5061300093,LICENCIATURA EN DESARROLLO DE TECNOLOGÍAS DE INFORMACIÓN,
4709,5062200127,LICENCIATURA EN INGENIERÍA EN INFORMÁTICA ADMINISTRATIVA  ,
4710,5071300112,INGENIERIA EN AUTOMATIZACIÓN Y CONTROL ESCOLAR ,
4711,5072000009,"INGENIERÍA EN SEGURIDAD INDUSTRIAL, PROTECCIÓN AMBIENTAL Y SALUD EN EL TRABAJO",
4712,5071000035,LICENCIATURA EN INGENIERÍA EN GEOLOGÍA  ,
4713,5021400079,LICENCIATURA EN PRODUCCIÓN DE TELEVISIÓN,
4714,5021400080,LICENCIATURA EN PRODUCCIÓN DE TELEVISIÓN Y PLATAFORMAS DIGITALES ,
4715,5022200041,LICENCIATURA EN LENGUAS INTERNACIONALES ,
4716,5071000036,LICENCIATURA EN INGENIERÍA EN CIENCIA DE DATOS   ,
4717,5071000037,LICENCIATURA EN INGENIERÍA EN DESARROLLO SUSTENTABLE      ,
4718,5062100068,LICENCIATURA EN MANEJO DE REDES SOCIALES    ,
4719,5061000010,LICENCIATURA EN INGENIERO BIOTECNÓLOGO   ,
4720,5071600032,LICENCIATURA EN INGENIERÍA FORESTAL  ,
4721,5062100069,LICENCIATURA EN CREATIVIDAD VISUAL Y NUEVOS MEDIOS  ,
4722,5091100023,LICENCIATURA EN MEDICINA GENERAL Y COMUNITARIA,
4723,5041100141,LICENCIATURA EN INGENIERÍA EN ADMINISTRACIÓN Y NEGOCIOS,
4724,5061000011,LICENCIATURA EN COMUNICACIÓN Y NUEVOS MEDIOS,
4725,5021500123,LICENCIATURA EN ESCRITURA CREATIVA Y LITERATURA,
4726,5041100142,LICENCIATURA EN INGENIERÍA EN ADMINISTRACIÓN DE NEGOCIOS,
4727,5021000107,LICENCIATURA EN ESTUDIOS E HISTORIA DE LAS ARTES,
4728,5041300048,LICENCIATURA EN INGENIERÍA EN FINANZAS,
4729,5041400104,LICENCIATURA EN CONTADURÍA PUBLICA ESTRATÉGICA,
4730,5101600039,LICENCIATURA EN INNOVACIÓN TURÍSTICA Y GASTRONÓMICA,
4731,5062200128,INGENIERÍA EN TECNOLOGÍAS DE LA INFORMACIÓN PARA NEGOCIOS,
4732,5061000012,LICENCIATURA EN CIENCIAS DE LA COMUNICACIÓN Y GESTIÓN DE SISTEMAS DEL CONOCIMIENTO  ,
4733,5011500014,LICENCIATURA EN PEDAGOGÍA Y ESTRATEGIAS DIDÁCTICAS  ,
4734,5042100224,LICENCIATURA EN GESTIÓN ESTRATÉGICA DE NEGOCIOS E INNOVACIÓN ORGANIZACIONAL ,
4735,5022300041,LICENCIATURA EN LITERATURA Y CIENCIAS DEL LENGUAJE   ,
4736,5052300028,LICENCIATURA EN GEOLOGÍA  ,
4737,5073200040,INGENIERO CONSTRUCTOR  ,
4738,5061100017,INGENIERO EN COMPUTACIÓN  ,
4739,5032100084,LICENCIATURA EN CIENCIAS Y TECNOLOGÍAS DE LA INFORMACIÓN  ,
4740,4051300008,TÉCNICO SUPERIOR UNIVERSITARIO EN GESTIÓN INTEGRAL DEL RIESGO DE DESASTRES,
4741,5011200021,LICENCIATURA EN EDUCACIÓN Y GESTIÓN DE INSTITUCIONES EDUCATIVAS,
4742,5041200167,LICENCIATURA EN MERCADOTECNIA DIGITAL Y PUBLICIDAD ,
4743,5041100143,LICENCIATURA EN GESTIÓN DE NEGOCIOS DE LA HOSPITALIDAD ,
4744,5041200168,LICENCIATURA EN RELACIONES PÚBLICAS Y ORGANIZACIÓN DE EVENTOS,
4745,5021400081,LICENCIATURA EN ANIMACIÓN Y EFECTOS VISUALES,
4746,5011500015,LICENCIATURA EN PEDAGOGÍA GERONTOLÓGICA  ,
4747,5031100068,LICENCIATURA EN PSICOLOGÍA JURIDICA FORENSE  ,
4748,5081100094,LICENCIATURA EN INGENIERÍA EN AGRICULTURA PROTEGIDA ,
4749,5081100095,INGENIERÍA EN SISTEMAS AGRÍCOLAS  ,
4750,5062300005,INGENIERÍA EN TECNOLOGIAS Y SISTEMAS DE INFORMACIÓN   ,
4751,5033100079,LICENCIATURA EN DERECHO CON ÉNFASIS EN LITIGACIÓN Y JUZGAMIENTO ORAL   ,
4752,5021500124,INGENIERÍA EN ANIMACIÓN Y DISEÑO DE CONTENIDOS DIGITALES ,
4753,4021400017,TÉCNICO SUPERIOR UNIVERSITARIO EN FOTOGRAFÍA Y PRODUCCIÓN DE VÍDEO DIGITAL ,
4754,5021500125,LICENCIATURA EN DISEÑO Y ARTE MULTIMEDIA  ,
4755,5071700085,LICENCIATURA EN INGENIERÍA EN PROCESOS INDUSTRIALES  ,
4756,5012400026,LICENCIATURA EN EDUCACIÓN MEDIA EL EL ÁREA DE MATEMÁTICAS   ,
4757,5012400027,LICENCIATURA EN EDUCACIÓN MEDIA EL EL ÁREA DE ESPAÑOL   ,
4758,5021400082,LICENCIATURA EN DISEÑO VISUAL ESTRATÉGICO ,
4759,5021400083,LICENCIATURA EN CIENCIAS DE LA COMUNICACIÓN Y MEDIOS VISUALES  ,
4760,5104100030,LICENCIATURA EN TECNOLOGÍAS APLICADAS A LA SEGURIDAD CIUDADANA,
4761,5021000108,LICENCIATURA EN GESTIÓN Y PRODUCCIÓN DE ARTE Y CULTURA ,
4762,5073100049,LICENCIATURA EN DISEÑO DE AMBIENTES INTERIORES Y EXTERIORES,
4763,4071500018,TECNICO SUPERIOR UNIVERSITARIO EN MANTENIMIENTO ÁREA NAVAL,
4764,5071000038,LICENCIATURA EN INGENIERÍA MECATRÓNICA CON ENFOQUE AUTOMOTRIZ,
4765,5011500016,LICENCIATURA EN EDUCACIÓN CON ENFOQUE EN INCLUSIÓN   ,
4766,5103100014,INGENIERÍA EN ORGANIZACIÓN INDUSTRIA  ,
4767,5071700086,LICENCIATURA EN INGENIERÍA SISTEMAS EMBEBIDOS  ,
4768,5042200094,LICENCIATURA EN GESTIÓN DE EXPERIENCIAS TURÍSTICAS ,
4769,5042500038,LICENCIATURA EN LIDERAZGO EMPRENDIMIENTO E INNOVACIÓN   ,
4770,5101300028,LICENCIATURA EN COSMIATRÍA  ,
4771,5021000109,LICENCIATURA EN EXPRESIÓN PARA LAS ARTES   ,
4772,5012604050,LICENCIATURA EN DOCENCIA DE LA DANZA FOLCLÓRICA MEXICANA  ,
4773,5042500039,LICENCIATURA EN ADMINISTRACIÓN DE CENTROS DE SALUD ,
4774,5041100144,LICENCIATURA EN LOGÍSTICA INTEGRAL ,
4775,5061000013,LICENCIATURA EN GESTIÓN Y DESARROLLO DE TECNOLOGÍAS,
4776,5042100225,LICENCIATURA EN INGENIERÍA EN LOGÍSTICA Y CADENA DE SUMINISTROS,
4777,5071000039,LICENCIATURA EN INGENIERÍA EN ROBOTICA Y TELECOMUNICACIONES ,
4778,5031100069,LICENCIATURA EN PSICOLOGÍA EDUCATIVA Y CONSEJERÍA ,
4779,5071100044,INGENIERÍA EN METROLOGÍA Y CALIDAD ,
4780,5042400055,LICENCIATURA EN INGENIERÍA EN ADMINISTRACIÓN DE SISTEMAS DIGITALES ,
4781,4062200028,TÉCNICO SUPERIOR UNIVERSITARIO EN TECNOLOGÍAS DE LA INFORMACIÓN ÁREA DESARROLLO DEL SOFTWARE MULTIPLATAFORMA,
4782,5042200095,LICENCIATURA EN NEGOCIOS GASTRONÓMICOS Y TURÍSTICOS  ,
4783,5102100019,LICENCIATURA EN INGENIERÍA EN LOGÍSTICA DEL TRANSPORTE,
4784,4093100011,TECNICO SUPERIOR UNIVERSITARIO EN HIGIENISTA DENTAL   ,
4785,5071600033,INGENIERIA EN INNOVACIÓN TECNOLÓGICA SUSTENTABLE  ,
4786,5081200016,LICENCIATURA EN AGRONOMÍA EN HORTICULTURA PROTEGIDA,
4787,5081100096,INGENIERÍA AGRONÓMICA ESPECIALISTA EN FITOTECNIA,
4788,5081100097,INGENIERÍA MECÁNICA AGRÍCOLA,
4789,5081100098,INGENIERÍA MECATRÓNICA AGRÍCOLA,
4790,5081100099,INGENIERÍA EN ECONOMÍA AGRÍCOLA,
4791,5101300029,LICENCIATURA EN ESTILISMO  ,
4792,5033200042,"LICENCIATURA EN CRIMINALÍSTICA, CRIMINOLOGÍA Y TÉCNICAS PERICIALES",
4793,5041100145,LICENCIATURA EN ANALÍTICA DE NEGOCIOS   ,
4794,5051200034,LICENCIATURA EN CIENCIAS BIOMEDICAS ,
4795,5031300036,LICENCIATURA EN LENGUAS EXTRANJERAS EN EL ÁREA DE ESTUDIOS DE CIENCIAS DIPLOMÁTICAS Y RELACIONES INTERNACIONALES,
4796,5041300049,LICENCIATURA EN DIRECCIÓN CONTABLE Y FINANCIERA   ,
4797,5022200042,LICENCIATURA EN LENGUAS EXTRANJERAS EN EL ÁREA DE ESTUDIOS DE TRADUCCIÓN E INTERPRETACIÓN ,
4798,5041100146,LICENCIATURA EN LENGUAS EXTRANJERAS EN EL ÁREA DE ESTUDIOS DE CIENCIAS ADUANALES Y COMERCIO EXTERIOR,
4799,5101600040,LICENCIATURA EN LENGUAS EXTRANJERAS EN EL ÁREA DE ESTUDIOS DE HOTELERÍA Y TURISMO,
4800,5041200169,LICENCIATURA EN EJECUTIVO EN VENTAS Y COMERCIALIZACIÓN ,
4801,5062200129,INGENIERÍA EN TECNOLOGÍA DE LA INFORMACIÓN Y LA COMUNICACIÓN CON ÉNFASIS ESPECIALIDAD EN SISTEMAS,
4802,5062200130,INGENIERÍA EN TECNOLOGÍAS DE LA INFORMACIÓN Y LA COMUNICACIÓN ESPECIALIDAD INFORMÁTICA ADMINISTRATIVA,
4803,4062100013,TÉCNICO SUPERIOR UNIVERSITARIO EN TECNOLOGÍAS DE LA INFORMACIÓN ÁREA INFRAESTRUCTURA DE REDES SOCIALES ,
4804,5062300006,INGENIERÍA EN ADMINISTRACIÓN DE TECNOLOGÍAS DE LA INFORMACIÓN ,
4805,5033200043,LICENCIATURA EN CRIMINALÍSTICA Y TÉCNICAS PERICIALES  ,
4806,5101300030,LICENCIATURA EN COSMEATRIA    ,
4807,5031100070,LICENCIATURA EN GERENTOLOGÍA   ,
4808,4101400005,PROFESIONAL ASOCIADO ASISTENTE EJECUTIVO GERENCIAL ,
4809,5031200050,LICENCIADO EN TRANSFORMACIÓN SOCIAL,
4810,5061300094,LICENCIATURA EN INGENIERÍA PARA EL DISEÑO Y DESARROLLO DE SOFTWARE ,
4811,5062200131,LICENCIATURA EN INFORMÁTICA Y TECNOLOGÍAS COMPUTACIONALES   ,
4812,5011000007,LICENCIADO EN EDUCACIÓN CON ACENTUACIÓN EN ADMINISTRACIÓN EDUCATIVA  ,
4813,5042400056,LICENCIADO EN INGENIERO INDUSTRIAL ADMINISTRADOR,
4814,5071000040,INGENIERÍA EN DISEÑO DE COMUNICACIÓN DIGITAL  ,
4815,5032100085,LICENCIATURA EN CIENCIAS DE LA COMUNICACIÓN CON ESPECIALIDAD EN PERIODISMO  ,
4816,5101500051,LICENCIATURA EN ADMINISTRACIÓN OPERATIVA EN ALIMENTOS Y BEBIDAS,
4817,5012500022,"LICENCIATURA EN EDUCACIÓN MEDIA SUPERIOR CON TERMINAL EN: CIENCIAS SOCIALES, CIENCIAS NATURALES, LENGUA Y LITERATURA, O MATEMÁTICAS",
4818,5032100086,"LICENCIATURA EN CIENCIAS DE LA COMUNICACIÓN EN ÁREA DE:  IMAGEN CORPORATIVA E IDENTIDAD EMPRESARIAL, COMUNICACIÓN POLÍTICA, PERIODISMO",
4819,5042400057,INGENIERÍA EN EDIFICACIÓN Y ADMINISTRACIÓN DE OBRAS  ,
4820,5033100080,LICENCIATURA EN DERECHO CON ÉNFASIS EN DERECHOS HUMANOS,
4821,5031100071,LICENCIATURA EN INTERVENCIÓN PSICOPEDAGÓGICA  ,
4822,5071700087,LICENCIATURA EN INGENIERO INDUSTRIAL ADMINISTRADOR,
4823,4071200017,PROFESIONAL ASOCIADO EN ENERGÍA ELÉCTRICA,
4824,4071200018,PROFESIONAL ASOCIADO EN ENERGÍAS RENOVABLES,
4825,5071700088,INGENIERÍA INDUSTRIAL EN PRODUCTIVIDAD CON ACENTUACIÓN EN SEGURIDAD INDUSTRIAL,
4826,5041200170,LICENCIATURA EN MERCADOTECNIA Y ESTRATEGIA CREATIVA,
4827,5073200041,INGENIERO TOPÓGRAFO Y GEOMÁTICO  ,
4828,5022600011,LICENCIATURA EN FILOSOFÍA Y ANÁLISIS,
4829,5101400001,LICENCIATURA EN SERVICIO PÚBLICO,
4830,5031000010,LICENCIATURA EN SOCIOLOGÍA DE LA COMUNICACIÓN Y EDUCACIÓN ,
4831,4071000006,TÉCNICO SUPERIOR UNIVERSITARIO EN MECATRÓNICA ÁREA MANTENIMIENTO A LÍNEAS DE PRODUCCIÓN    ,
4832,5031100072,LICENCIATURA EN PSICOLOGÍA CLÍNICA Y DEL DESARROLLO   ,
4833,4072300005,TÉCNICO SUPERIOR UNIVERSITARIO EN MOLDEO DE PLÁSTICOS ,
4834,5041300050,LICENCIATURA EN FINANZAS E INVERSIONES ,
4835,4041300002,TÉCNICO SUPERIOR UNIVERSITARIO EN COMERCIALIZACIÓN Y VENTAS    ,
4836,5021100028,LICENCIATURA EN EXPRESIÓN Y PRODUCCIÓN ARTÍSTICA,
4837,5072000010,LICENCIATURA EN CALIDAD     ,
4838,5042100226,LICENCIATURA EN GESTIÓN Y DESARROLLO DE EMPRESAS ,
4839,5103100015,LICENCIATURA EN DESARROLLO DE PERSONAL EN LA EMPRESA  ,
4840,5071300113,INGENIARÍA EN MECATRONICA   ,
4841,5062200132,INGENIERÍA EN TECNOLOGÍA DE LA INFORMÁTICA Y LA COMPUTACIÓN ,
4842,5021200051,LICENCIATURA EN ARTES CIRCENSES CONTEMPORÁNEAS,
4843,5011500017,LICENCIATURA EN EDUCACIÓN ÁREA: CIENCIAS EXACTAS ,
4844,5011500018,LICENCIATURA EN EDUCACIÓN CON ÁREA: CIENCIAS SOCIALES  ,
4845,5101500052,LICENCIATURA EN GASTRONOMÍA Y ORGANIZACIÓN DE EVENTOS  ,
4846,5081100100,LICENCIATURA EN INGENIERÍA EN AGRICULTURA SOSTENIBLE,
4847,5041200171,LICENCIATURA EN MERCADOTECNIA Y DISEÑO DIGITAL,
4848,5061000014,LICENCIATURA EN COMUNICACIÓN CON PROGRAMACIÓN NEUROLINGUÍSTICA,
4849,5042500040,LICENCIATURA EN NEUROADMINISTRACIÓN Y GESTIÓN DE NEGOCIOS,
4850,5071600034,INGENIERO EN MEDIO AMBIENTE Y DESARROLLO SUSTENTABLE,
4851,5031100073,LICENCIATURA EN NEUROPSICOLOGÍA    ,
4852,5033100081,LICENCIATURA EN DERECHO Y LITIGACIÓN ORAL  ,
4853,5042100227,LICENCIATURA EN FORMACIÓN EMPRESARIAL  ,
4854,5071500058,LICENCIATURA EN GESTIÓN AERONÁUTICA ,
4855,5104100031,LICENCIATURA EN SISTEMAS PENITENCIARIOS ,
4856,5062100070,LICENCIATURA DE TELECOMUNICACIONES EN LA SEGURIDAD PÚBLICA ,
4857,5062100071,LICENCIATURA EN ,
4858,5062100072,LICENCIATURA EN INGENIERÍA EN TELEMÁTICA Y SISTEMAS DE SEGURIDAD,
4859,5092203002,LICENCIATURA EN ENFERMERÍA Y GERONTOGERIATRÍA  ,
4860,5042500041,INGENIERÍA EN ADMINISTRACIÓN DE DESARROLLO SUSTENTABLE,
4861,5042100228,LICENCIATURA EN ADMINISTRACIÓN Y ALTA DIRECCIÓN DE EMPRESAS SUSTENTABLES ,
4862,5071000041,LICENCIATURA EN INGENIERÍA EN SISTEMAS INFORMÁTICOS E INTELIGENCIA ARTIFICIAL ,
4863,5031100074,LICENCIATURA EN CRIMINOLOGÍA Y PSICOLOGÍA JURIDÍCA ,
4864,4022300001,TÉCNICO SUPERIOR UNIVERSITARIO EN TERAPIA DAOISTA ,
4865,5095000002,LICENCIADO EN PEDAGOGÍA  ,
4866,5011000008,LICENCIADO EN PSICOPEDAGOGIA ,
4867,4042000004,TÉCNICO SUPERIOR UNIVERSITARIO EN ADMINISTRACIÓN Y GESTIÓN HOSPITALARIA ,
4868,4101100001,TÉCNICO SUPERIOR UNIVERSITARIO EN CULTURA FÍSICA Y DEPORTES,
4869,5101300031,LICENCIATURA EN COSMEATRÍA Y MÉTODOS ALTERNATIVOS Y COMPLEMENTARIOS ,
4870,5042000019,LICENCIATURA EN GESTIÓN Y DIRECCIÓN DE VENTAS   ,
4871,5042100229,INGENIERÍA EN GESTIÓN EMPRESARIAL Y FINANZAS  ,
4872,5071000042,LICENCIATURA DE INGENIERÍA EN DESARROLLO Y GESTIÓN DEL SOFTWARE ,
4873,5073100050,LICENCIADO EN ARQUITECTURA   ,
4874,5093207002,LICENCIATURA DE MEDICO CIRUJANO DENTISTA   ,
4875,5041300051,LICENCIATURA EN MICROFINANZAS Y BANCA  ,
4876,5071000043,LICENCIATURA INGENIERÍA EN ADMINISTRACIÓN Y DESARROLLO EMPRESARIAL  ,
4877,5041400105,"INGENIERÍA EN FINANCIERA, FISCAL Y CONTADOR PUBLICO ",
4878,5031400025,LICENCIATURA EN ECONOMÍA SOCIAL Y DESARROLLO LOCAL ,
4879,5031200051,LICENCIATURA EN GESTIÓN CULTURAL Y DESARROLLO SUSTENTABLE ,
4880,5021000110,"LICENCIATURA EN DISEÑO, ARTE Y TECNOLOGÍAS INTERACTIVAS ",
4881,5071000044,LICENCIATURA EN CONSTRUCCIÓN Y ADMINISTRACIÓN DE OBRA ,
4882,5041000010,LICENCIATURA EN ADMINISTRACIÓN ESTRATÉGICA Y MARKETING ,
4883,4103100002,TÉCNICO SUPERIOR UNIVERSITARIO EN PREVENCIÓN DE RIESGOS LABORALES ,
4884,4031000001,TÉCNICO SUPERIOR UNIVERSITARIO EN CUIDADO DEL ADULTO MAYOR   ,
4885,5042100230,LICENCIATURA EN GESTIÓN Y LIDERAZGO EMPRESARIAL   ,
4886,5101000001,LICENCIATURA EN COSMETOLOGÍA   ,
4887,4072000005,TÉCNICO SUPERIOR UNIVERSITARIO EN DISEÑO Y PRODUCCIÓN DE MODAS ,
4888,5041000011,LICENCIATURA EN CIENCIA DE DATOS E INTELIGENCIA DE NEGOCIOS,
4889,5072000011,LICENCIATURA EN MERCADOTECNIA E INGENIERÍA DIGITAL,
4890,5021000111,LICENCIATURA EN PRODUCCIÓN Y DIRECCIÓN DE ARTES Y MULTIMEDIA,
4891,5101000002,LICENCIATURA EN PROYECTOS Y DEPORTES ECUESTRES ,
4892,5041200172,LICENCIATURA EN MERCADOTECNIA Y COMERCIO DIGITAL ,
4893,5022100015,LICENCIATURA EN ADMINISTRACIÓN ECLESIÁSTICA ,
4894,5101300032,LICENCIATURA EN ESTILISMO Y COSMETOLOGÍA  ,
4895,5062000003,INGENIERÍA EN DESARROLLO DIGITAL Y TECNOLOGÍAS DE LA COMUNICACIÓN ,
4896,5041200173,LICENCIADO EN MERCADOTECNIA ,
4897,5011000009,LICENCIATURA EN EDUCACIÓN CON  ÁREA: CIENCIAS SOCIALES ,
4898,5041000012,LICENCIATURA EN CREACIÓN Y DESARROLLO DE NEGOCIOS ,
4899,5104100032,LICENCIATURA EN CULTURA DE LA PREVENCIÓN Y SEGURIDAD CIVIL ,
4900,5042000020,LICENCIATURA EN TURISMO Y GESTIÓN DE PROYECTOS ,
4901,5011000010,LICENCIATURA EN EDUCACIÓN Y CULTURA DEL DEPORTE  ,
4902,5011000011,LICENCIATURA EN EDUCACIÓN CON ENFASIS EN INGLÉS   ,
4903,5041000013,LICENCIATURA EN CONTADURÍA PÚBLICA CON ÉNFASIS EN SOFTWARE CONTABLE   ,
4904,5022100016,LICENCIATURA EN TEOLOGÍA MINISTERIAL ,
4905,5042000021,LICENCIATURA EN ADMINISTRACIÓN CON ENFOQUE EN RECURSOS HUMANOS ,
4906,5042100231,LICENCIATURA EN ADMINISTRACIÓN DE EMPRESAS PÚBLICAS ,
4907,5041000014,LICENCIATURA EN INNOVACIÓN DE NEGOCIOS Y MERCADOTÉCNIA   ,
4908,5042200096,LICENCIATURA EN ADMINISTRACIÓN DE NEGOCIOS GASTRONÓMICOS  Y DE LA RECREACIÓN ,
4909,5041100147,LICENCIATURA EN INNOVACIÓN DE NEGOCIOS Y MERCADOTECNIA  ,
4910,4101300008,TÉCNICO SUPERIOR UNIVERSITARIO EN ESTETO COSMETOLOGÍA,
4911,5071700089,LICENCIATURA EN INGENIERÍA INDUSTRIAL Y CALIDAD EN LA PRODUCCIÓN ,
4912,5042000022,INGENIERÍA EN ADMINISTRACIÓN Y GESTIÓN DE CALIDAD    ,
4913,5041000015,LICENCIATURA EN LOGÍSTICA Y ADUANAS  ,
4914,4041400010,TÉCNICO SUPERIOR UNIVERSITARIO EN AUDITORIA  ,
4915,4041100017,TÉCNICO SUPERIOR UNIVERSITARIO EN COMERCIO AL DETALLE  ,
4916,4042000005,TÉCNICO SUPERIOR UNIVERSITARIO EN RECURSOS HUMANOS   ,
4917,5033100082,LICENCIATURA EN DERECHO ESPECIALIDAD JUICIOS ORALES,
4918,5042000023,LICENCIATURA EN ADMINISTRACIÓN ESTRATÉGICA Y DIRECCIÓN DE EMPRESAS  ,
4919,5041200174,LICENCIATURA EN MERCADOTECNIA ESTRATÉGICA Y COMUNICACIÓN   ,
4920,5071000045,LICENCIATURA EN INGENIERÍA EN PRODUCTIVIDAD Y SEGURIDAD MINERA  ,
4921,5071300114,INGENIERO MECÁNICO ELÉCTRICO Y AUTOMATIZACIÓN  ,
4922,5071100045,INGENIERO MECÁNICO AUTOMOTRIZ  ,
4923,5022200043,"LICENCIATURA EN TRADUCCIÓN, LOCALIZACIÓN E INTERPRETACIÓN",
4924,5093100011,LICENCIATURA EN MEDICINA Y CIRUGÍA ODONTOLÓGICA,
4925,5072000012,INGENIERÍA EN SISTEMAS AGROALIMENTARIOS,
4926,5042000024,LICENCIATURA EN GESTIÓN DE EMPRESAS  ,
4927,5012000010,LICENCIATURA EN EDUCACIÓN EN EL ÁREA DE INGLÉS  ,
4928,5101500053,LICENCIATURA EN ENOLOGÍA ,
4929,5021200052,LICENCIATURA EN DANZA FOLCLÓRICA MEXICANA,
4930,5021200053,LICENCIATURA EN EDUCACIÓN DE LAS ARTES ESCÉNICAS  ,
4931,5021300165,LICENCIATURA EN EJECUCIÓN MUSICAL  ,
4932,5021000112,LICENCIATURA EN INTERPRETACIÓN DANCÍSTICA DEL FOLCLOR MEXICANO  ,
4933,5021500126,"LICENCIATURA EN DISEÑO DE IMAGEN FÍSICA, ARTÍSTICA Y POLÍTICA  ",
4934,5042200097,LICENCIATURA EN ADMINISTRACIÓN DE EMPRESAS HOTELERAS,
4935,5104100033,LICENCIATURA EN GOBERNANZA Y POLÍTICAS PÚBLICAS  ,
4936,5021300166,LICENCIATURA EN MÚSICA CONTEMPORÁNEA Y PRODUCCIÓN   ,
4937,4021300008,TÉCNICO SUPERIOR UNIVERSITARIO EN PRODUCCIÓN MUSICAL  ,
4938,4021000001,"TÉCNICO SUPERIOR UNIVERSITARIO EN INSTRUMENTISTA, COMPOSITOR Y ARREGLISTA",
4939,5041000016,"LICENCIATURA EN NEGOCIOS, INNOVACIÓN Y EMPRENDIMIENTO",
4940,5021700001,"LICENCIATURA EN DISEÑO, FABRICACIÓN Y MERCADOTECNIA DE MUEBLES  ",
4941,5021300167,LICENCIATURA EN EJECUCIÓN DE INSTRUMENTOS DE CONCIERTO ,
4942,5091333001,LICENCIATURA EN EDUCACIÓN CON ACENTUACIÓN EN NEUROAPRENDIZAJE ,
4943,5021000113,LICENCIATURA EN FOTOGRAFÍA Y ARTE DIGITAL ,
4944,4021600011,PROFESIONAL ASOCIADO EN DISEÑO Y MODA,
4945,5012000011,LICENCIATURA EN EDUCACIÓN BILINGÜE E INNOVACIÓN  ,
4946,5041200175,LICENCIATURA EN MERCADOTECNIA Y PUBLICIDAD DIGITAL   ,
4947,5031300037,LICENCIATURA EN CIENCIA POLITICA Y DERECHO ,
4948,4021000002,TÉCNICO SUPERIOR UNIVERSITARIO EN DISEÑO Y FABRICACIÓN DE MUEBLES ,
4949,5052000001,INGENIERO GEÓLOGO  ,
4950,5042000025,LICENCIATURA EN GESTIÓN PÚBLICA    ,
4951,5033200044,LICENCIATURA EN SEGURIDAD PÚBLICA Y CRIMINALÍSTICA,
4952,5021200054,LICENCIATURA EN ARTES ESCÉNICAS PARA LA EXPRESIÓN DANCÍSTICA,
4953,5021200055,LICENCIATURA EN ARTES ESCÉNICAS PARA LA EXPRESIÓN TEATRAL ,
4954,5021700002,LICENCIATURA EN ARTES VISUALES PARA LA EXPRESIÓN PLÁSTICA ,
4955,5021000114,LICENCIATURA EN ARTES VISUALES PARA LA EXPRESIÓN FOTOGRÁFICA ,
4956,5071000046,LICENCIATURA EN INGENIERÍA ELÉCTRICA-ELECTRÓNICA  ,
4957,5101300033,LICENCIATURA EN DISEÑO Y DESARROLLO DE IMAGEN PERSONAL ,
4958,5071000047,INGENIERÍA EN VIDEOJUEGOS ,
4959,5042000026,LICENCIATURA EN GESTIÓN E INNOVACIÓN EMPRESARIAL ,
4960,5073100051,LICENCIATURA EN ARQUITECTURA CON ÉNFASIS EN URBANISMO ,
4961,5062000004,LICENCIATURA EN ,
4962,5061000015,LICENCIATURA EN DESARROLLO DE SISTEMAS WEB ,
4963,5042200098,LICENCIATURA EN ADMINISTRACIÓN DE GASTRONOMÍA Y HOTELERÍA  ,
4964,5032100087,LICENCIATURA EN CIENCIAS DE LA COMUNICACIÓN DIGITAL ,
4965,5061300095,LICENCIATURA EN INGENIERÍA EN DISEÑO DE SOFTWARE Y MULTIMEDIA   ,
4966,5071000048,LICENCIATURA EN INGENIERÍA INDUSTRIAL Y GESTIÓN DE CALIDAD  ,
4967,5041000017,LICENCIATURA EN MERCADOTECNIA Y TURISMO ,
4968,5071000049,LICENCIATURA EN INGENIERÍA EN ROBÓTICA ,
4969,5071000050,LICENCIATURA EN INGENIERÍA ELECTRONICA Y DE COMUNICACIONES  ,
4970,5042000027,LICENCIATURA EN LIDERAZGO PARA EL EMPRENDIMIENTO INNOVADOR  ,
4971,5042000028,LICENCIATURA EN GESTIÓN DE NEGOCIOS Y PROYECTOS   ,
4972,5042200099,LICENCIATURA EN TURISMO Y NEGOCIOS,
4973,5062200133,LICENCIATURA EN INFORMATICA-COMPUTACIÓN   ,
4974,5021000115,LICENCIATURA EN INGENIERÍA EN PROGRAMACIÓN DE VIDEOJUEGOS,
4975,5021000116,LICENCIATURA EN DISEÑO Y ARTE PARA VIDEOJUEGOS  ,
4976,5011400011,LICENCIATURA EN EDUCACIÓN E INNOVACIÓN ,
4977,5082100009,LICENCIATURA EN MEDICINA VETERINARIA Y ZOOTECNIA EN PEQUEÑAS ESPECIES,
4978,5021000117,LICENCIATURA EN COMUNICACIÓN AUDIOVISUAL Y MULTIMEDIA ,
4979,5092203003,LICENCIATURA EN ENFERMERÍA GERIÁTRICA Y GERONTOLÓGICA ,
4980,5041400106,LICENCIATURA EN CONTABILIDAD FISCAL ,
4981,5072000013,LICENCIATURA EN INGENIERÍA COMERCIAL ,
4982,5022600012,LICENCIATURA EN FILOSOFÍA SISTEMÁTICA    ,
4983,5061000016,LICENCIATURA EN DISEÑO Y GESTIÓN DE REDES LOGÍSTICAS  ,
4984,5061300096,INGENIERÍA EN SISTEMAS Y SEGURIDAD INFORMÁTICA  ,
4985,5101000003,LICENCIADO EN ENOLOGÍA ,
4986,5073100052,LICENCIATURA EN DISEÑO URBANO Y ARQUITECTURA DEL PAISAJE ,
4987,5011000012,LICENCIATURA EN PEDAGOGÍA ORGANIZACIONAL Y EDUCATIVA ,
4988,5031000011,LICENCIATURA EN CIENCIA DE DATOS  ,
4989,4094000002,TÉCNICO SUPERIOR UNIVERSITARIO EN RADIOLOGÍA E IMAGENOLOGÍA  ,
4990,5042000029,LICENCIATURA EN ADMINISTRACIÓN CON TERMINAL EN COMERCIO Y ADUANAS   ,
4991,5042000030,LICENCIATURA EN ADMINISTRACIÓN CON TERMINAL EN ADMINISTRACIÓN PÚBLICA,
4992,5042200100,LICENCIATURA EN ADMINISTRACIÓN CON TERMINAL EN TURISMO    ,
4993,5042500042,LICENCIATURA EN ADMINISTRACIÓN CON TERMINAL EN RECURSOS HUMANOS   ,
4994,5041200176,LICENCIATURA EN ADMINISTRACIÓN CON TERMINAL EN MERCADOTECNÍA,
4995,5033100083,LICENCIATURA EN DERECHO CON TERMINAL EN DERECHO CIVIL Y MERCANTIL   ,
4996,5033100084,LICENCIATURA EN DERECHO CON TERMINAL EN DERECHO PENAL   ,
4997,5033100085,LICENCIATURA EN DERECHO CON TERMINAL EN DERECHO FISCAL    ,
4998,5022200044,LICENCIATURA EN LENGUAS EXTRANJERAS CON ESPECIALIDAD EN INGLÉS  ,
4999,5011000013,LICENCIATURA EN PEDAGOGÍA CON TERMINAL EN EDUCACIÓN BÁSICA    ,
5000,5011000014,LICENCIATURA EN PEDAGOGÍA CON TERMINAL EN EDUCACIÓN MEDIA SUPERIOR ,
5001,5011000015,LICENCIATURA EN PEDAGOGÍA CON TERMINAL EN CULTURA FÍSICA Y DEPORTE      ,
5002,5081100101,INGENIERÍA EN AGRONOMÍA Y ZOOTECNIA  ,
5003,4021000003,TÉCNICO SUPERIOR UNIVERSITARIO EN DISEÑO Y MODA INDUSTRIAL ÁREA CALZADO Y COMPLEMENTOS ,
5004,4101500018,TÉCNICO SUPERIOR UNIVERSITARIO EN PROCESOS ALIMENTARIOS ÁREA ALIMENTOS GOURMET,
5005,5061300097,LICENCIATURA EN INNOVACIÓN Y DESARROLLO DE SOFTWARE  ,
5006,5071000051,LICENCIATURA EN INGENIERÍA EN ENERGÍAS RENOVABLES Y DESARROLLO SUSTENTABLE  ,
5007,5082100010,"LICENCIATURA EN MEDICINA VETERINARIA, ZOOTECNIA Y ESTÉTICA CANINA ",
5008,5011000016,LICENCIATURA EN GESTIÓN DEL POTENCIAL EMPRENDEDOR  ,
5009,5061000017,LICENCIATURA EN INGENIERÍA EN TECNOLOGÍA DE CÓMPUTO Y COMUNICACIONES ,
5010,4102100014,TÉCNICO SUPERIOR UNIVERSITARIO DE PILOTO COMERCIAL DE ALA FIJA ,
5011,5071000052,LICENCIATURA EN INGENIERÍA MECATRÓNICA Y SISTEMAS INTELIGENTES ,
5012,5062000005,LICENCIATURA EN PUBLICIDAD Y COMUNICACIÓN  ,
5013,5012000012,LICENCIATURA EN PUERICULTURA Y EDUCACIÓN INICIAL ,
5014,5011000017,"LICENCIATURA EN PEDAGOGÍA CON TERMINALES EN MATEMÁTICAS, ESPAÑOL, CIENCIAS NATURALES Y CIENCIAS SOCIALES ",
5015,5021600090,LICENCIATURA EN DISEÑO Y GESTIÓN DE MARCA  ,
5016,5072000014,LICENCIATURA EN INGENIERÍA EN DISEÑO Y MANUFACTURA ,
5017,5022000009,CURSO CERO ÁREA DE CONOCIMIENTO,
5018,5081100102,LICENCIATURA EN INGENIERÍA EN PRODUCCIÓN,
5019,5061300098,LICENCIATURA EN COMUNICACIÓN Y MANEJO DE REDES,
5020,5061300099,LICENCIATURA EN COMUNICACIÓN Y MANEJO DE REDES SOCIALES,
5021,5041000018,LICENCIATURA EN EMPRENDIMIENTO Y NEGOCIOS DE IMPACTO  ,
5022,4101500019,PROFESIONAL ASOCIADO CHEF,
5023,5041100148,LICENCIATURA EN COMERCIO Y ESTRATEGIA INTERNACIONAL  ,
5024,5101600041,LICENCIATURA EN DIRECCIÓN DE HOSPITALIDAD Y TURISMO,
5025,5022000010,LICENCIATURA EN HUMANIDADES Y GESTIÓN CULTURAL   ,
5026,5031100075,LICENCIATURA EN PSICOLOGÍA EDUCATIVA Y ORGANIZACIONAL    ,
5027,5042100232,LICENCIATURA EN ADMINISTRACIÓN Y LIDERAZGO EMPRESARIAL ,
5028,5051000002,LICENCIATURA EN GESTIÓN Y REDUCCIÓN DEL RIESGO DE DESASTRES ,
5029,5031100076,LICENCIATURA EN PSICOLOGÍA CON ACENTUACIÓN EN RELACIONES INDUSTRIALES ,
5030,5031100077,LICENCIATURA EN PSICOLOGÍA CON ACENTUACIÓN EN EDUCACIÓN  ,
5031,5051000003,LICENCIATURA EN ENSEÑANZA DE LAS CIENCIAS NATURALES,
5032,5041200177,LICENCIATURA EN MERCADOTECNIA E INNOVACIÓN ESTRATEGICA  ,
5033,5101500054,LICENCIATURA EN NUTRICIÓN Y ARTES CULINARIAS   ,
5034,5094200025,LICENCIATURA EN NUTRICIÓN Y ESTILO DE VIDA   ,
5035,5072000015,LICENCIATURA EN INGENIERÍA TRANSICIONAL,
5036,4042000006,TÉCNICO SUPERIOR UNIVERSITARIO EN GESTIÓN DE CALIDAD  ,
5037,5072000016,LICENCIATURA EN INGENIERÍA EN MANUFACTURA Y ROBÓTICA ,
5038,5071200049,INGENIERÍA EN SISTEMAS ENERGÉTICOS Y REDES INTELIGENTES,
5039,5041000020,INGENIERÍA EN NEGOCIOS ENERGÉTICOS SUSTENTABLES,
5040,5033200045,"LICENCIATURA EN CRIMINOLOGÍA, CRIMINALISTICA E INVESTIGACIÓN CRIMINAL   ",
5041,5042000031,LICENCIATURA EN GESTIÓN DE NEGOCIOS INTERNACIONALES  ,
5042,5071300115,INGENIERÍA EN AUTOMATIZACIÓN Y CONTROL INDUSTRIAL ,
5043,5042500043,LICENCIATURA EN ADMINISTRACIÓN DE EMPRESAS DE ENTRETENIMIENTO Y COMUNICACIÓN,
5044,5041200178,LICENCIATURA EN GESTIÓN DE VENTAS Y COMERCIALIZACIÓN,
5045,4071000007,TÉCNICO SUPERIOR UNIVERSITARIO EN PROCESOS INDUSTRIALES ÁREA MOLDES Y TROQUELES,
5046,5021300168,LICENCIATURA EN PRODUCCIÓN MUSICAL Y DESARROLLO ARTÍSTICO ,
5047,5072300009,LICENCIATURA DE INGENIERÍA EN PLÁSTICOS ,
5048,5071000053,INGENIERÍA EN DATOS   ,
5049,5062000006,INGENIERÍA EN SISTEMAS EMBEBIDOS COMPUTACIONALES  ,
5050,4095600003,TÉCNICO SUPERIOR UNIVERSITARIO EN SALUD COMUNITARIA,
5051,5072200018,LICENCIATURA EN DISEÑO TEXTIL Y MODA,
5052,5021000118,LICENCIATURA EN GESTIÓN PARA LA DANZA FOLKLÓRICA MEXICANA ,
5053,5062300007,CURSO DE FORMACIÓN DE OFICIALES DE TRANSMISIONES LICENCIADO EN TECNOLOGÍAS DE LA INFORMACIÓN Y  COMUNICACIONES,
5054,5071700090,LICENCIATURA EN INGENIERÍA INDUSTRIAL Y LOGÍSTICA   ,
5055,5071000054,LICENCIATURA EN INGENIERÍA EN SISTEMAS Y NEGOCIOS DIGITALES  ,
5056,5041100149,LICENCIATURA EN NEGOCIOS DE ENTRETENIMIENTO,
5057,5021500127,LICENCIATURA EN COMUNICACIÓN Y CONTENIDOS DIGITALES,
5058,5021300169,LICENCIATURA EN NEGOCIOS DE LA MÚSICA ,
5059,5041200179,LICENCIATURA EN COMUNICACIÓN TRANSMEDIA,
5060,5041400107,LICENCIATURA EN CONTABILIDAD Y FINANZAS INTERNACIONALES ,
5061,5062000007,LICENCIATURA EN GESTIÓN DE LA INFORMACIÓN Y RECURSOS DIGITALES   ,
5062,5022400006,LICENCIATURA EN LINGÜÍSTICA APLICADA A LA ENSEÑANZA Y TRADUCCIÓN DEL INGLÉS ,
5063,5022400007,LICENCIATURA EN LINGÜÍSTICA APLICADA A LA ENSEÑANZA Y TRADUCCIÓN DEL FRANCÉS ,
5064,5071000055,INGENIERO PROGRAMADOR Y ANALISTA  ,
5065,5094000001,LICENCIATURA EN REHABILITACIÓN FÍSICA Y PROMOTOR DE SALUD  ,
5066,5071000056,INGENIERÍA QUÍMICA DE PROCESOS INDUSTRIALES    ,
5067,5092203004,LICENCIATURA EN ENFERMERIA GERIÁTRICA ,
5068,5021400084,LICENCIATURA EN INGENIERÍA EN TÉCNICAS E INTERACCIÓN EN ANIMACIÓN DIGITAL,
5069,5021400085,INGENIERÍA EN TÉCNICAS E INTERACCIÓN EN ANIMACIÓN DIGITAL,
5070,5042100233,LICENCIATURA EN ADMINISTRACIÓN DE NEGOCIOS FINANCIEROS,
5071,5072000017,LICENCIATURA EN INGENIERÍA DE NEGOCIOS Y MANUFACTURA,
5072,5062300008,LICENCIATURA EN DESARROLLO DE TÉCNICAS DE INFORMACIÓN,
5073,5101500055,LICENCIATURA EN PRODUCCIÓN GASTRONÓMICA    ,
5074,5072000018,LICENCIATURA EN INGENIERÍA EN GESTIÓN EMPRESARIAL Y FINANZAS   ,
5075,5092208004,LICENCIATURA EN ENFERMERÍA POR NIVELACIÓN     ,
5076,5011400012,LICENCIATURA EN EDUCACIÓN E INNOVACIÓN EDUCATIVA,
5077,5071700091,LICENCIATURA EN INGENIERÍA INDUSTRIAL ELÉCTRICA    ,
5078,5061100018,INGENIERO EN SISTEMAS COMPUTACIONALES    ,
5079,5042000032,LICENCIADO EN ADMINISTRACIÓN DE NEGOCIOS    ,
5080,5071300116,LICENCIATURA EN INGENIERO EN ELECTRÓNICA E INSTRUMENTACIÓN ,
5081,5071000057,LICENCIATURA EN INGENIERO EN SISTEMAS COMPUTACIONALES   ,
5082,4041100018,TÉCNICO SUPERIOR UNIVERSITARIO EN COMERCIO INTERNACIONAL Y ADUANAS  ,
5083,4032100007,TÉCNICO SUPERIOR UNIVERSITARIO EN COMUNICACIÓN,
5084,4033200005,TÉCNICO SUPERIOR UNIVERSITARIO EN CRIMINOLOGÍA,
5085,5031000012,LICENCIATURA EN EDICIÓN Y GESTIÓN DE LA CULTURA  ,
5086,5042500044,LICENCIATURA EN ADMINISTRACIÓN ORGANIZACIONAL  ,
5087,5011000018,LICENCIATURA EN EDUCACIÓN PARA LA ATENCIÓN A LA DIVERSIDAD  ,
5088,5101000004,LICENCIATURA EN CIENCIAS DEL DEPORTE Y GESTIÓN EDUCATIVA  ,
5089,4072000006,TÉCNICO SUPERIOR UNIVERSITARIO EN PROCESOS Y DESARROLLO INDUSTRIAL  ,
5090,5021400086,"LICENCIATURA EN NEGOCIOS, ARTES CINEMATOGRÁFICAS Y TELEVISIVAS",
5091,5042000033,LICENCIATURA EN ADMINISTRACIÓN DE EMPRESAS GLOBALES   ,
5092,5033200046,"LICENCIATURA EN CIENCIAS FORENSES Y PERICIALES CON TERMINACIÓN EN QUÍMICA FORENSE, GENÉTICA FORENSE, CRIMINALÍSTICA Y CRIMINOLOGÍA  ",
5093,4101500020,TÉCNICO SUPERIOR UNIVERSITARIO EN ARTES CULINARIAS  ,
5094,4042000007,TÉCNICO SUPERIOR UNIVERSITARIO EN ADMINISTRACIÓN DE EMPRESAS  (CON MENCIÓN EN LOGÍSTICA) ,
5095,4041200020,TÉCNICO SUPERIOR UNIVERSITARIO EN ADMINISTRACIÓN DE EMPRESAS  (CON MENCIÓN EN MERCADOTECNIA)    ,
5096,4071000008,TÉCNICO SUPERIOR UNIVERSITARIO EN MANTENIMIENTO INDUSTRIAL ÁREA AUTOMOTRIZ ,
5097,4071000009,TÉCNICO SUPERIOR UNIVERSITARIO EN PROCESOS DE MANUFACTURA ÁREA AUTOMOTRIZ ,
5098,5021600091,LICENCIATURA EN DISEÑO DE MODAS Y CAMBIO DE IMAGEN   ,
5099,5072100051,LICENCIATURA EN INGENIERO EN ALIMENTOS Y NEGOCIOS  ,
5100,5101300034,LICENCIATURA EN CONSULTOR DE IMAGEN  ,
5101,5022200045,LICENCIATURA EN LENGUAS EXTRANJERAS CON TERMINAL EN INGLÉS ,
5102,4042000008,TÉCNICO SUPERIOR UNIVERSITARIO EN ADMINISTRACIÓN DE EMPRESAS CON MENCIÓN EN MERCADOTECNIA ,
5103,5094200026,LICENCIATURA EN NUTRICIÓN Y EDUCACIÓN ALIMENTARIA ,
5104,5012702029,LICENCIATURA EN PUERICULTURA Y EDUCACIÓN INFANTIL CON ADMINISTRACIÓN   ,
5105,5101600042,LICENCIATURA EN TURISMO ALTERNATIVO Y GESTIÓN DEL PATRIMONIO ,
5106,5021500128,LICENCIATURA EN ILUSTRACIÓN,
5107,5041300052,LICENCIATURA EN ADMINISTRACIÓN Y FINANZAS INTERNACIONALES   ,
5108,5011000019,LICENCIATURA EN EDUCACIÓN INTERCULTURAL COMUNITARIA,
5109,5101000005,LICENCIATURA EN CIENCIAS DEL DEPORTE Y GESTIÓN DIRECTIVA  ,
5110,5031000013,LICENCIATURA EN CÓMPUTO FORENSE Y CIBER SEGURIDAD  ,
5111,5073100053,LICENCIATURA EN URBANISMO Y DESARROLLO METROPOLITANO  ,
5112,5041000021,LICENCIATURA EN CIENCIAS DE DATOS,
5113,5011000020,LICENCIATURA EN EDUCACIÓN E INNOVACIÓN CON ENFOQUE EN COMUNICACIÓN Y LENGUAJE  ,
5114,5012000013,LICENCIATURA EN EDUCACIÓN E INNOVACIÓN CON ENFOQUE EN PROBLEMAS DE APRENDIZAJE,
5115,5041200180,LICENCIATURA EN ASESORÍA Y GESTIÓN DE IMAGEN   ,
5116,5012000014,LICENCIATURA EN FORMACIÓN Y DESARROLLO HUMANO   ,
5117,5071700092,LICENCIATURA EN INGENIERÍA INDUSTRIAL EN LOGÍSTICA ,
5118,5071700093,LICENCIATURA EN INGENIERÍA INDUSTRIAL AUTOMOTRIZ ,
5119,5042100234,"LICENCIATURA EN CREACIÓN, DIRECCIÓN Y ADMINISTRACIÓN DE EMPRESAS  ",
5120,5072000019,LICENCIATURA EN INGENIERÍA EN OPERACIONES. LOGISTICA Y TRANSPORTE ,
5121,5062000008,LICENCIATURA EN COMUNICACIÓN CORPORATIVA ESTRATÉGICA ,
5122,5062000009,LICENCIADO EN SISTEMAS DE COMPUTACIÓN ADMINISTRATIVA ,
5123,5071000058,"LICENCIATURA EN INGENIERÍA EN PROTECCIÓN CIVIL, PREVENCIÓN DE RIESGO INDUSTRIAL Y EMERGENCIAS   ",
5124,5095200004,LICENCIATURA EN QUÍMICO FARMACÉUTICO BIOTECNÓLOGO  ,
5125,4072400009,TÉCNICO SUPERIOR UNIVERSITARIO EN PERFORACIÓN Y SERVICIOS DE PRODUCCIÓN ,
5126,5031000014,LICENCIATURA EN DESARROLLO Y GESTIÓN PUBLICA   ,
5127,4042000009,TÉCNICO SUPERIOR UNIVERSITARIO EN ADMINISTRACIÓN DE EMPRESAS CON MENCIÓN EN LOGÍSTICA    ,
5128,5062300009,LICENCIATURA EN ADMINISTRACIÓN DE TECNOLOGÍAS DE LA INFORMACIÓN,
5129,5031100078,LICENCIATURA EN PSICOLOGÍA CLÍNICA Y NEUROCIENCIAS  ,
5130,5072000020,LICENCIATURA EN INGENIERÍA EN REDES Y TELECOMUNICACIONES ,
5131,5041100150,LICENCIATURA EN INGENIERÍA EN NEGOCIOS Y LOGÍSTICA,
5132,5042500045,LICENCIATURA EN ADMINISTRACIÓN DE LAS TECNOLOGÍAS DE LA INFORMACIÓN,
5133,4081000001,TÉCNICO SUPERIOR UNIVERSITARIO EN AGRICULTURA SUSTENTABLE ÁREA VITIVINICULTURA  ,
5134,5101000006,LICENCIATURA EN CIENCIAS DE LA ACTIVIDAD FÍSICA Y DEPORTIVA ,
5135,5021500129,LICENCIATURA EN DISEÑO DE LA INFORMACIÓN Y MEDIOS DIGITALES   ,
5136,5021500130,LICENCIATURA EN DISEÑO GRÁFICO Y ANIMACIÓN DIGITAL    ,
5137,4101600022,TÉCNICO SUPERIOR UNIVERSITARIO EN HOSPITALIDAD Y TURISMO ,
5138,5092208005,LICENCIATURA EN ENFERMERIA   ,
5139,5041000022,LICENCIATURA EJECUTIVO EN VENTAS Y COMERCIALIZACIÓN ,
5140,5021300170,LICENCIATURA EN AUTOGESTIÓN E INTERPRETACIÓN MUSICAL,
5141,5101000007,LICENCIATURA EN IMAGEN PERSONAL Y CORPORATIVA   ,
5142,5011300026,LICENCIATURA EN EDUCACIÓN Y GESTIÓN ESCOLAR ,
5143,5041400108,LICENCIATURA EN CONTADURÍA PÚBLICA Y PERICIAL CONTABLE ,
5144,5103100016,"LICENCIATURA EN INGENIERÍA EN SEGURIDAD INDUSTRIAL, PROTECCIÓN AMBIENTAL Y SALUD EN EL TRABAJO    ",
5145,5022600013,LICENCIATURA EN FILOSOFÍA Y TÉCNICAS EN POLÍTICA APLICADA    ,
5146,5041000023,LICENCIATURA EN NEGOCIOS INTERNACIONALES Y SERVICIOS ADUANALES   ,
5147,4012000001,TÉCNICO SUPERIOR UNIVERSITARIO EN PUERICULTURA Y DESARROLLO INFANTIL ,
5148,5072000021,LICENCIATURA EN INGENIERÍA EN MANUFACTURA  ,
5149,5104100034,LICENCIATURA EN SEGURIDAD INDUSTRIAL ,
5150,5071200050,INGENIERÍA EN ENERGÍAS LIMPIAS   ,
5151,5012000015,LICENCIATURA EN ENSEÑANZA Y APRENDIZAJE DE LA EDUCACIÓN ARTÍSTICA PARA EDUCACIÓN BÁSICA   ,
5152,4101500021,PROFESIONAL ASOCIADO EN ARTES GASTRONÓMICAS,
5153,5072300010,INGENIERÍA EN RECURSOS MADERABLES Y NO MADERABLES,
5154,5041100151,LICENCIADO EN ADMINISTRACIÓN CON ÁREA TERMINAL EN COMERCIO INTERNACIONAL Y ADUANAS ,
5155,5042000034,LICENCIADO EN ADMINISTRACIÓN CON ÁREA TERMINAL EN GESTIÓN PÚBLICA ,
5156,5101600043,LICENCIATURA EN TURISMO SUSTENTABLE Y DESARROLLO EMPRESARIAL ,
5157,5031100079,LICENCIATURA EN PSICOLOGÍA EDUCATIVA INFANTIL ,
5158,5031000015,LICENCIATURA EN CIENCIAS APLICADAS   ,
5159,5051000004,LICENCIATURA EN CIENCIA Y TECNOLOGÍA DEL AGUA  ,
5160,5041000024,LICENCIATURA EN INNOVACIÓN Y DIRECCIÓN ORGANIZACIONAL ,
5161,5071000059,LICENCIATURA EN INGENIERÍA EN TECNOLOGÍAS DE INFORMACIÓN   ,
5162,5021300171,LICENCIATURA EN MÚSICA E INNOVACIÓN,
5163,4042100021,TÉCNICO SUPERIOR UNIVERSITARIO EN ADMINISTRACIÓN DE EMPRESAS CON MENCIÓN EN CAPITAL HUMANO   ,
5164,5042300043,LICENCIATURA EN GOBIERNO,
5165,5021500131,LICENCIATURA EN DISEÑO PARA LA INNOVACIÓN DIGITAL,
5166,5091345001,LICENCIATURA EN FÍSICA MÉDICA ,
5167,5092100024,LICENCIATURA EN ENFERMERÍA PARA QUIENES HAN CONCLUÍDO LOS ESTUDIOS DE ENFERMERÍA GENERAL,
5168,5011000021,LICENCIATURA EN CIENCIAS DE LA EDUCACIÓN CON ENFOQUE EN CIENCIAS NATURALES  ,
5169,5011000022,LICENCIATURA EN CIENCIAS DE LA EDUCACIÓN CON ENFOQUE EN CIENCIAS SOCIALES  ,
5170,5011000023,LICENCIATURA EN CIENCIAS DE LA EDUCACIÓN CON ENFOQUE EN ESPAÑOL ,
5171,5053100009,LICENCIATURA EN CIENCIAS DE LA EDUCACIÓN CON ENFOQUE EN MATEMATICAS  ,
5172,5042000035,LICENCIATURA EN ADMINISTRACIÓN Y SERVICIOS GENERALES DE AVIACIÓN ,
5173,5041000025,LICENCIATURA EN GESTIÓN EMPRESARIAL Y NEGOCIOS   ,
5174,5031500020,LICENCIATURA EN GESTIÓN SOCIAL DEL TRABAJO ,
5175,5071700094,LICENCIATURA EN INGENIERÍA INDUSTRIAL Y CALIDAD,
5176,5042000036,LICENCIATURA EN GESTIÓN ESTRATÉGICA DE IMAGEN  ,
5177,5041400109,LICENCIATURA EN CONTABILIDAD Y FINANZAS PÚBLICAS   ,
5178,4101500022,PROFESIONAL ASOCIADO EN BARMAN Y BARISTA,
5179,5042200101,LICENCIATURA EN ADMINISTRACIÓN DE NEGOCIOS GASTRONÓMICOS  ,
5180,5101600044,LICENCIATURA EN INNOVACIÓN HOTELERA Y GESTIÓN TURÍSTICA SUSTENTABLE   ,
5181,5042000037,LICENCIATURA EN ADMINISTRACIÓN Y PERICIAL ADMINISTRATIVA,
5182,5021200056,LICENCIATURA EN CINEMATOGRAFÍA Y ARTES ESCÉNICAS  ,
5183,5071000060,LICENCIATURA EN INGENIERÍA EN INNOVACIÓN EMPRESARIAL  ,
5184,5072000022,"LICENCIATURA EN INGENIERÍA, INNOVACIÓN Y DISEÑO INDUSTRIAL  ",
5185,5062000010,LICENCIATURA EN MEDIOS INTERACTIVOS Y TECNOLOGÍA   ,
5186,5021000119,LICENCIATURA EN PRODUCCIÓN EJECUTIVA DE ESPECTACULOS  ,
5187,5031100080,"LICENCIATURA EN PSICOLOGÍA CON TERMINALES EN: DESARROLLO HUMANO, ÁREA LABORAL, ÁREA SOCIAL, PSICOLOGÍA EDUCATIVA Y PSICOLOGÍA CLÍNICA  ",
5188,5101600045,LICENCIATURA EN TURISMO Y HOSPITALIDAD  ,
5189,4042000010,TÉCNICO SUPERIOR UNIVERSITARIO EN INNOVACIÓN EMPRESARIAL   ,
5190,5042100235,LICENCIATURA EN CREACIÓN DE EMPRESAS SOCIALES ,
5191,5021600092,LICENCIATURA EN EMPRESAS DE DISEÑO DE MODAS Y ASESORÍA PERSONAL ,
5192,5062200134,LICENCIATURA EN TECNOLOGÍAS DE INFORMACIÓN Y COMUNICACIÓN,
5193,5021000120,LICENCIATURA EN ANIMACIÓN 3D Y DISEÑO DE VIDEOJUEGOS   ,
5194,4061000004,TÉCNICO SUPERIOR UNIVERSITARIO EN COMUNICACIÓN ORGANIZACIONAL ,
5195,4072000007,TÉCNICO SUPERIOR UNIVERSITARIO EN INGENIERÍA EN NEGOCIOS  ,
5196,4041300003,TÉCNICO SUPERIOR UNIVERSITARIO EN ADMINISTRACIÓN Y FINANZAS,
5197,5062000011,LICENCIATURA EN MEDIOS DE COMUNICACIÓN Y MERCADOTECNIA  ,
5198,5081400018,LICENCIATURA EN EDUCACIÓN ACUÁTICA ,
5199,5041200181,LICENCIATURA EN NEGOCIOS Y MERCADOTECNIA ,
5200,5062000012,LICENCIATURA EN COMUNICACIÓN Y TECNOLOGÍAS DE LA INFORMACIÓN   ,
5201,5011100031,LICENCIATURA EN PEDAGOGÍA CON TERMINAL EN EDUCACIÓN SUPERIOR  ,
5202,5011100032,LICENCIATURA EN PEDAGOGÍA CON TERMINAL EN CULTURA FÍSICA,
5203,5011100033,LICENCIATURA EN INGLÉS CON ENFOQUE PSICOPEDAGÓGICO HOLÍSTICO ,
5204,5071000061,LICENCIATURA EN INGENIERÍA EN DESARROLLO DE VIDEOJUEGOS  ,
5205,4062200029,TÉCNICO SUPERIOR UNIVERSITARIO EN SISTEMAS CIBER-FÍSICOS  ,
5206,5041200182,LICENCIATURA EN MERCADOTECNIA BILINGÜE  ,
5207,5012603042,LICENCIATURA EN ENSEÑANZA DE IDIOMAS BILINGÜE,
5208,5012000016,LICENCIATURA EN DOCENCIA PARA LA INFANCIA   ,
5209,5094200027,LICENCIATURA EN NUTRICIÓN Y DIETOLOGÍA   ,
5210,5094000002,LICENCIATURA EN OPTOMETRÍA Y REHABILITACIÓN VISUAL ,
5211,5042000038,LICENCIATURA EN GESTIÓN DE RECURSOS HUMANOS ,
5212,4073200003,TÉCNICO SUPERIOR UNIVERSITARIO EN CONSTRUCCIÓN SOSTENIBLE  ,
5213,5042000039,"LICENCIATURA EN ADMINISTRACIÓN DE EMPRESAS, CON ACENTUACIÓN EN INVESTIGACIÓN Y DOCENCIA  ",
5214,5041000026,LICENCIATURA EN CONTADURÍA CON ACENTUACIÓN EN INVESTIGACIÓN Y DOCENCIA,
5215,5101600046,"LICENCIATURA EN TURISMO, CON ACENTUACIÓN EN INVESTIGACIÓN Y DOCENCIA   ",
5216,5041200183,"LICENCIATURA EN MERCADOTECNIA, CON ACENTUACIÓN EN INVESTIGACIÓN Y DOCENCIA ",
5217,5062200135,"LICENCIATURA EN INFORMÁTICA, CON ACENTUACIÓN EN INVESTIGACIÓN Y DOCENCIA ",
5218,5033100086,"LICENCIATURA EN DERECHO, CON ACENTUACIÓN EN INVESTIGACIÓN Y DOCENCIA  ",
5219,5011000024,"LICENCIATURA EN EDUCACIÓN, CON ACENTUACIÓN EN INVESTIGACIÓN, GESTIÓN E INNOVACIÓN ",
5220,5071000062,LICENCIATURA EN INGENIERÍA EN MECATRÓNICA Y ROBÓTICA  ,
5221,5071000063,LICENCIATURA EN INGENIERÍA EN APLICACIONES MÓVILES DIGITALES   ,
5222,5052300029,LICENCIATURA EN GEOGRAFÍA APLICADA,
5223,5033200047,LICENCIATURA EN DERECHO CON ENFOQUE EN CRIMINALISTICA ,
5224,5042300044,LICENCIATURA EN ADMINISTRACIÓN DE EMPRESAS PÚBLICAS Y PRIVADAS ,
5225,5092100025,LICENCIATURA EN ENFERMERÍA FAMILIAR Y COMUNITARIA,
5226,5021000121,LICENCIATURA EN ENSEÑANZA ARTÍSTICA Y PROMOCIÓN CULTURAL,
5227,5071000064,LICENCIATURA EN INGENIERÍA EN SISTEMAS DIGITALES,
5228,5021000122,LICENCIATURA EN DISEÑO Y ARTES VISUALES   ,
5229,4042000011,TÉCNICO SUPERIOR UNIVERSITARIO EN ADMINISTRACIÓN Y COMERCIALIZACIÓN ,
5230,4081000002,TÉCNICO SUPERIOR UNIVERSITARIO EN AGRICULTURA SUSTENTABLE E INNOVACIÓN  ,
5231,4051000001,TÉCNICO SUPERIOR UNIVERSITARIO EN MANEJO DE FAUNA SILVESTRE ,
5232,5022000011,LICENCIATURA EN HUMANIDADES Y NARRATIVAS DIGITALES,
5233,5021200057,LICENCIATURA EN ARTES ESCÉNICAS Y MERCADOTECNIA CULTURAL   ,
5234,5072000023,LICENCIATURA EN INGENIERÍA EN LOGÍSTICA EMPRESARIAL  ,
5235,5021000123,LICENCIATURA EN DISEÑO Y MULTIMEDIA  ,
5236,5092208006,LICENCIATURA EN ENFERMERÍA BICULTURAL  ,
5237,4071000010,TÉCNICO SUPERIOR UNIVERSITARIO EN MATRICERÍA  ,
5238,5071300117,LICENCIATURA EN INGENIERÍA EN AUTOMATIZACIÓN Y CONTROL INDUSTRIAL  ,
5239,5021300172,LICENCIATURA EN MÚSICA MODERNA   ,
5240,5041400110,LICENCIATURA EN ,
5241,5041400111,LICENCIATURA EN CONTABILIDAD FISCAL Y ADMINISTRATIVA  ,
5242,5042000040,INGENIERÍA EN GESTIÓN DE EMPRESAS CON ÉNFASIS EN COSTOS Y PRESUPUESTOS  ,
5243,5071300118,"INGENIERÍA INDUSTRIAL EN ELECTRÓNICA, AUTOMATIZACIÓN Y COMUNICACIONES ",
5244,5071000065,INGENIERO EN ENERGÍA ELÉCTRICA   ,
5245,5071000066,INGENIERO PETROQUÍMICO    ,
5246,5062000013,LICENCIADO EN EDUCACIÓN CON ACENTUACIÓN EN TECNOLOGÍAS DE LA INFORMACIÓN ,
5247,5012200013,LICENCIATURA EN EDUCACIÓN CON ACENTUACIÓN EN EDUCACIÓN PRIMARIA   ,
5248,5062000014,LICENCIATURA EN ENSEÑANZA DEL LENGUAJE Y LA COMUNICACIÓN  ,
5249,4021600012, TECNICO SUPERIOR UNIVERSITARIO EN ARQUITECTURA DE INTERIORES   ,
5250,5042100236,LICENCIATURA EN EMPRESAS DIGITALES,
5251,5071700095,INGENIERÍA BIOQUÍMICA INDUSTRIAL,
5252,5071000067,INGENIERÍA  EN DESARROLLO Y GESTIÓN DE SOFTWARE  ,
5253,5101500056,LICENCIATURA EN INNOVACIÓN ALIMENTARIA  ,
5254,5061300100,INGENIERÍA EN DESARROLLO Y GESTIÓN DE SOFTWARE,
5255,5071000068,LICENCIATURA EN INGENIERÍA EN CIENCIAS COMPUTACIONALES ,
5256,5041000027,LICENCIATURA EN DESARROLLO DE NEGOCIOS E INNOVACIÓN   ,
5257,5022200046,LICENCIATURA EN IDIOMAS Y LENGUAS EXTRANJERAS   ,
5258,5022000012,LICENCIATURA EN HUMANIDADES Y NARRATIVAS MULTIMEDIA,
5259,5071600035,INGENIERÍA EN INNOVACIÓN TECNOLÓGICA ,
5260,5071000069,LICENCIATURA EN IGENIERÍA EN LOGÍSTICA DIGITAL ,
5261,5071000070,LICENCIATURA EN INGENIERÍA EN REDES INTELIGENTES   ,
5262,5091100024,LICENCIATURA EN MÉDICO GENERAL  ,
5263,5104100035,LICENCIATURA EN PROTECCIÓN CIVIL Y PILOTO AVIADOR  ,
5264,5042000041,DESARROLLO DEL TALENTO HUMANO EN LAS ORGANIZACIONES  ,
5265,5062000015,TECNOLOGIAS DE LA INFORMACION EN LAS ORGANIZACIONES  ,
5266,5042500046,DIRECCION ESTRATEGICA DE RECURSOS HUMANOS ,
5267,4071200019,TÉCNICO SUPERIOR UNIVERSITARIO EN TECNOLOGÍAS ENERGÉTICAS ,
5268,5061000018,INGENIERÍA EN REDES INTELIGENTES Y CIBERSEGURIDAD ,
5269,5041200184,LICENCIATURA EN MARKETING DIGITAL Y REDES SOCIALES   ,
5270,5041000028,INGENIERÍA EN ENTORNOS VIRTUALES Y NEGOCIOS DIGITALES  ,
5271,5033200048,LICENCIATURA EN CRIMINOLOGÍA EMPRESARIAL    ,
5272,5104100036,LICENCIATURA EN SEGURIDAD CIUDADANA Y PREVENCION DEL DELITO ,
5273,5051000005,LICENCIATURA EN SUSTENTABILIDAD Y AMBIENTE  ,
5274,5021500132,LICENCIATURA EN DISEÑO Y DESARROLLO DE SOFTWARE   ,
5275,5073100054,LICENCIATURA EN ARQUITECTURA Y SOSTENIBILIDAD     ,
5276,5021500133,LICENCIATURA EN DISEÑO Y DESARROLLO DE VIDEOJUEGOS ,
5277,5021400087,LICENCIATURA EN PRODUCCIÓN CINEMATOGRÁFICA    ,
5278,4052000001,TÉCNICO SUPERIOR UNIVERSITARIO EN QUÍMICA ÁREA PERFORACIÓN Y SERVICIOS A POZOS  ,
5279,5073200042,LICENCIATURA EN INGENIERÍA CIVIL EN CONSTRUCCIÓN  ,
5280,5101600047,LICENCIATURA EN DESARROLLOS TURÍSTICOS   ,
5281,4042200012,TÉCNICO SUPERIOR UNIVERSITARIO EN ADMINISTRACIÓN TURÍSTICA ,
5282,5072000024,LICENCIATURA EN INGENIERÍA LOGÍSTICA DE COMERCIO EXTERIOR Y ADUANAS,
5283,5011000025,LICENCIATURA EN EDUCACIÓN Y MEDIACIÓN INTERCULTURAL   ,
5284,5041000029,"LICENCIATURA EN CONTADURÍA, AUDITORÍA E IMPUESTOS   ",
5285,5072100052,INGENIERO EN PRODUCCIÓN VEGETAL ,
5286,4072100007,PROFESIONAL ASOCIADO EN INSPECCIÓN DE PROCESOS AGROINDUSTRIALES  ,
5287,5022600014,LICENCIATURA EN FILOSOFÍA MASÓNICA   ,
5288,5011000026,LICENCIATURA EN EDUCACIÒN CON OPCIÒN TERMINAL EN EDUCACIÒN BILINGÜE   ,
5289,5042200102,LICENCIATURA EN GESTIÓN HOTELERA ,
5290,5011400013,LICENCIATURA EN PEDAGOGÍA Y TECNOLOGÍA EDUCATIVA  ,
5291,5042200103,LICENCIATURA EN ADMINISTRACIÓN DE EMPRESAS TURÍSTICAS CON ORIENTACIÓN EN GESTIÓN ,
5292,5042000042,LICENCIATURA EN ADMINISTRACIÓN DE EMPRESAS TURÍSTICAS CON ORIENTACIÓN EN HOTELERÍA Y TURISMO     ,
5293,5042200104,LICENCIATURA EN ADMINISTRACIÓN DE EMPRESAS TURÍSTICAS CON ORIENTACIÓN EN GASTRONOMÍA  ,
5294,5042000043,LICENCIATURA EN ADMINISTRACIÓN DE EMPRESAS TURÍSTICAS CON ORIENTACIÓN EN ORGANIZACIÓN DE EVENTOS,
5295,5012400028,LICENCIATURA EN FORMACIÓN DOCENTE EN EL TIPO MEDIO SUPERIOR CON ÉNFASIS EN LENGUA EXTRANJERA (INGLÉS),
5296,5093207003,LICENCIATURA EN ÓRTESIS Y PRÓTESIS,
5297,5061300101,LICENCIATURA EN INGENIERÍA EN SISTEMAS DE SOFTWARE,
5298,4071000011,TÉCNICO SUPERIOR UNIVERSITARIO EN TECNOLOGÍAS ENERGÉTICAS ÁREA EN EFICIENCIA ENERGÉTICA ,
5299,5041000030,LICENCIATURA EN INNOVACIÓN Y EMPRENDIMIENTO ,
5300,5071000071,LICENCIATURA EN INGENIERÍA EN VIDEOJUEGOS  ,
5301,5021300173,LICENCIATURA EN INSTRUMENTISTA ( ORQUESTA ),
5302,5041000031,LICENCIATURA EN PROCESOS RURALES SUSTENTABLES PARA UNA VIDA DIGNA ,
5303,5021600093,LICENCIATURA EN DISEÑO DE MODA E INNOVACIÓN  ,
5304,5062100073,"LICENCIATURA EN INGENIERÍA EN TELECOMUNICACIONES, SISTEMAS Y ELECTRÓNICA",
5305,5031000016,LICENCIATURA EN ESTUDIOS SOCIALES Y GESTIÓN LOCAL   ,
5306,5081000003,LICENCIATURA EN INGENIERÍA AGRÓNICA  ,
5307,5012603043,LICENCIATURA EN LA ENSEÑANZA DE ITALIANO COMO LENGUA EXTRANJERA,
5308,5012603044,LICENCIATURA EN LA ENSEÑANZA DE ALEMÁN COMO LENGUA EXTRANJERA,
5309,5012603045,LICENCIATURA EN LA ENSEÑANZA DE ESPAÑOL COMO LENGUA EXTRANJERA,
5310,5012603046,LICENCIATURA EN LA ENSEÑANZA DE FRANCÉS COMO LENGUA EXTRANJERA,
5311,5012603047,LICENCIATURA EN LA ENSEÑANZA DE INGLÉS COMO LENGUA EXTRANJERA,
5312,5053100010,LICENCIATURA EN MATEMÁTICA ALGORÍTMICA,
5313,5073200043,INGENIERÍA FERROVIARIA,
5314,5041000032,LICENCIATURA EN NEGOCIOS DIGITALES,
5315,5081100103,LICENCIATURA EN INGENIERÍA AGRÍCOLA ,
5316,5095400011,LICENCIATURA EN QUÍMICA FARMACÉUTICO BIOLÓGICA,
5317,5071000072,LICENCIATURA EN INGENIERÍA EN PROGRAMACIÓN Y WEBMASTER ,
5318,5021000124,LICENCIATURA EN ESTUDIOS Y CREACIÓN TEATRAL   ,
5319,5033100087,LICENCIATURA EN SEGURIDAD CIUDADANA Y CIENCIAS FORENSES  ,
5320,5081000004,INGENIERO AGRÓNOMO EN DESARROLLO RURAL  ,
5321,5081200017,INGENIERO AGRÓNOMO EN HORTICULTURA   ,
5322,5041000033,LICENCIATURA EN GESTION DE NEGOCIOS AGROPECUARIOS ,
5323,5042000044,"LICENCIATURA EN ADMINISTRACIÓN MILITAR, PILOTO AVIADOR     ",
5324,5081000005,LICENCIATURA DE INGENIERO AGRÓNOMO FITOTECNISTA  ,
5325,5071600036,LICENCIATURA EN INGENIERÍA AMBIENTAL Y SUSTENTABILIDAD,
5326,5072000025,LICENCIATURA EN INGENIERÍA EN FITOSANITARIA   ,
5327,5021500134,LICENCIATURA EN MERCADOTECNIA Y DISEÑO GRÁFICO DIGITAL  ,
5328,5062000016,LICENCIATURA EN COMUNICACIÓN COMUNAL  ,
5329,5031000017,LICENCIATURA EN TERRITORIO Y BIEN VIVIR COMUNAL  ,
5330,5071000073,INGENIERIA COMUNAL   ,
5331,5095000003,LICENCIATURA EN SALUD INTEGRAL COMUNITARIA  ,
5332,5101500057,LICENCIATURA EN SISTEMAS ALIMENTARIOS SUSTENTABLES  ,
5333,5031000018, LICENCIATURA EN VIDA COMUNAL Y TERRITORIO  ,
5334,5031000019, LICENCIATURA EN GESTION COMUNAL   ,
5335,5101500058, LICENCIATURA EN GASTRONOMIA COMUNAL   ,
5336,5081000006,LICENCIATURA EN COMUNALIDAD AGRICOLA  ,
5337,5081100104, LICENCIATURA EN AGROECOLOGIA COMUNAL  ,
5338,5021000125,LICENCIATURA EN ARTES Y FILOSOFIA COMUNAL  ,
5339,5073200044,INGENIERIA EN BIOCONSTRUCCION COMUNAL   ,
5340,5033100088,LICENCIATURA EN DERECHO INDIGENA COMUNAL   ,
5341,5081000007,LICENCIATURA EN PESCA Y COOPERATIVISMO  ,
5342,5011000027,LICENCIATURA EN EDUCACION COMUNAL   ,
5343,5104100037,LICENCIATURA EN COMUNALIDAD ,
5344,5101000008,MAESTRIA EN RECREACIÓN COMUNAL ,
5345,5081000008,INGENIERO AGRONOMO ADMINISTRADOR  ,
5346,5072000026,LICENCIATURA EN INGENIERÍA INDUSTRIAL EN GESTIÓN INTERNACIONAL ,
5347,5021300174,LICENCIATURA EN MÚSICO INSTRUMENTISTA OPCIÓN PERCUSIONES ,
5348,5061000019,INGENIERÍA EN TECNOLOGÍAS DE LA INFORMACIÓN Y NEGOCIOS DIGITALES ,
5349,5071200051,INGENIERÍA EN ENERGÍAS SUSTENTABLES ,
5350,5062200136,INGENIERÍA EN TÉCNOLOGIAS DE LA INFORMACIÓN Y LA COMUNICACIÓN CON ENFASIS EN INFORMATICA ,
5351,5061000020,INGENIERÍA EN TÉCNOLOGIAS DE LA INFORMACIÓN Y LA COMUNICACIÓN CON ENFASIS EN SISTEMAS,
5352,5041400112,LICENCIATURA COMO CONTADOR PÚBLICO   ,
5353,5073100055,"LICENCIATURA EN ARQUITECTURA, URBANISMO Y SUSTENTABILIDAD ",
5354,4062000001,TÉCNICO SUPERIOR UNIVERSITARIO EN ADMINISTRACIÓN DE TECNOLOGÍAS DE LA INFORMACIÓN ,
5355,5081000009,LICENCIATURA EN GESTIÓN DE LA PRODUCCIÓN AGROPECUARIA    ,
5356,5041100152,LICENCIATURA EN INNOVACIÓN Y NEGOCIOS   ,
5357,5042300045,LICENCIATURA EN GESTIÓN Y ADMINISTRACIÓN PÚBLICA,
5358,5033100089,LICENCIATURA EN DERECHO CON PERSPECTIVA EN DERECHOS HUMANOS ,
5359,5021400088,LICENCIATURA EN COMUNICACIÓN Y CREACIÓN AUDIOVISUAL  ,
5360,5021000126, LICENCIATURA EN ARTE Y CREACIÓN    ,
5361,5021700003,LICENCIATURA EN DESARROLLO INMOBILIARIO SUSTENTABLE    ,
5362,5041000034,LICENCIATURA EN NEGOCIOS Y MERCADOS DIGITALES,
5363,5071000074,LICENCIATURA EN INGENIERÍA Y CIENCIA DE DATOS   ,
5364,5101000009,LICENCIATURA EN DEPORTES Y RECREACIÓN ,
5365,5071000075,LICENCIATURA EN INGENIERÍA  PARA LA SEGURIDAD INFORMÁTICA Y REDES ,
5366,4071200020,TÉCNICO SUPERIOR UNIVERSITARIO EN ENERGÍA RENOVABLES ÁREA ENERGÍA SOLAR  ,
5367,4031000002,TÉCNICO SUPERIOR UNIVERSITARIO EN MODIFICACIÓN LICENCIATURA DEBIENDO SER ,
5368,4071000012,TÉCNICO SUPERIOR UNIVERSITARIO EN INGENIERÍA EN LOGÍSTICA INTERNACIONAL  ,
5369,5011500019,LICENCIADO EN CIENCIAS DE LA EDUCACIÓN   ,
5370,5051300041,LICENCIATURA EN ECOLOGÍA Y CONSEVACIÓN ,
5371,5011000028,LICENCIATURA EN EDUCACIÓN CON ENFOQUE A ESPAÑOL Y LITERATURA   ,
5372,5011000029,LICENCIATURA EN EDUCACIÓN CON ENFOQUE EN CIENCIAS SOCIALES  ,
5373,5042300046,LICENCIATURA EN ADMINISTRACIÓN DE INSTITUCIONES DE SEGURIDAD PÚBLICA ,
5374,5031000020,LICENCIATURA EN PREVENCIÓN DEL DELITO Y SEGURIDAD CIUDADANA ,
5375,5072000027,INGENIERO EN AUTOMATIZACIÓN DE PROCESOS ,
5376,5011500020,LICENCIATURA EN APLICACIÓN Y ENSEÑANZA DE LAS CIENCIAS  ,
5377,5042000045,LICENCIATURA EN DESARROLLO Y ADMINISTRACION INMOBILIARIA EN BIENES RAICES ,
5378,4042400003,TÉCNICO SUPERIOR EN LA ADMINISTRACIÓN DE LA CONSTRUCCIÓN,
5379,5073100056,LICENCIATURA EN ARQUITECTURA HABITACIONAL ,
5380,5021600094,LICENCIATURA EN DISEÑO E IMAGEN DE LA MODA ,
5381,5073100057,LICENCIATURA EN INGENIERÍA CIVIL EN INFRAESTRUCTURA URBANA ,
5382,5071700096,LICENCIATURA EN INGENIERIA EN ORGANIZACIÓN INDUSTRIAL   ,
5383,5011500021,LICENCIATURA EN PEDAGOGÍA DE LAS CIENCIAS NATURALES      ,
5384,5011000030,LICENCIATURA EN PEDAGOGÍA DE LAS MATEMÁTICAS      ,
5385,5011000031,LICENCIATURA EN PEDAGOGÍA Y DESARROLLO EDUCATIVO    ,
5386,5011000032,LICENCIATURA EN PEDAGOGÍA DEL INGLÉS    ,
5387,5104100038,LICENCIATURA EN PREVENCIÓN Y CONTROL DE SINIESTROS ,
5388,5033100090,LICENCIATURA EN INVESTIGACIÓN CIENTÍFICA DEL DELITO ,
5389,5032100088,LICENCIATURA EN MEDIOS DIGITALES Y TECNOLOGÍA,
5390,5011000033,LICENCIADO EN PEDAGOGÍA CON ESPECIALIDAD EN CIENCIAS NATURALES ,
5391,5011000034,LICENCIADO EN PEDAGOGÍA CON ESPECIALIDAD EN CIENCIAS SOCIALES ,
5392,5011000035,LICENCIADO EN PEDAGOGÍA CON ESPECIALIDAD EN ESPAÑOL ,
5393,5011000036,LICENCIADO EN PEDAGOGÍA CON ESPECIALIDAD EN INGLÉS   ,
5394,5011000037,LICENCIADO EN PEDAGOGÍA CON ESPECIALIDAD EN MATEMÁTICAS  ,
5395,5011000038,LICENCIADO EN PEDAGOGÍA CON ESPECIALIDAD EN PSICOLOGÍA EDUCATIVA ,
5396,5011300027,LICENCIATURA EN PEDAGOGÍA Y ORIENTACIÓN EDUCATIVA    ,
5397,5033200049,LICENCIATURA EN CRIMINOLOGÍA Y CRIMINALÍSTICA FORENSES ,
5398,5041300053,LICENCIATURA EN CONTABILIDAD Y GESTIÓN FINANCIERA ,
5399,5101600048,LICENCIATURA EN TURISMO ALTERNATIVO Y DESARROLLO SUSTENTABLE ,
5400,5101000010,LICENCIATURA EN EDUCACIÓN FÍSICA Y EL DEPORTE  ,
5401,5062000017,LICENCIADO EN SISTEMAS  ,
5402,5042000046,LICENCIATURA EN CREACIÓN DE NEGOCIOS  ,
5403,5021600095,LICENCIATURA EN DISEÑO URBANO Y EDIFICACIÓN   ,
5404,5021600096,LICENCIATURA EN DECORACIÓN Y DISEÑO DE INTERIORES ,
5405,5101600049,LICENCIATURA EN GESTIÓN HOTELERA INTERNACIONAL ,
5406,5101000011,LICENCIATURA EN REHABILITACIÓN Y TERAPIA FÍSICA ,
5407,5011000039,LICENCIATURA EN PEDAGOGÍA DE LAS CIENCIAS SOCIALES ,
5408,5011000040,LICENCIATURA EN PEDAGOGÍA DEL ESPAÑOL ,
5409,5071300119,INGENIERO EN ELECTRÓNICA E INSTRUMENTACIÓN ,
5410,5033100091,LICENCIATURA EN DERECHO Y CIENCIAS POLICIALES   ,
5411,5071000076,LICENCIATURA EN INGENIERÍA EN TECNOLOGÍAS DE LA INFORMACIÓN Y NEGOCIOS DIGITALES ,
5412,4042100022,TÉCNICO SUPERIOR UNIVERSITARIO EN CAPACITACIÓN PARA EL DESARROLLO EMPRESARIAL ,
5413,4042000012,TÉCNICO SUPERIOR UNIVERSITARIO EN GESTIÓN DE RECURSOS HUMANOS   ,
5414,5071000077,LICENCIATURA EN INGENIERÍA EN DESARROLLO DE VIDEOJUEGOS Y MEDIOS INTERACTIVOS ,
5415,5021000127,LICENCIATURA EN ANIMACIÓN Y DISEÑO DE ARTE DIGITAL ,
5416,5071100046,INGENIERÍA EN MECÁNICA AUTOMOTRIZ,
5417,5071000078,INGENIERÍA DE DATOS ,
5418,4071300018,PROFESIONAL ASOCIADO EN AUTOMATIZACIÓN INDUSTRIAL ,
5419,5022200047,LICENCIATURA EN LENGUAS Y GESTIÓN CULTURAL ,
5420,5041200185,LICENCIATURA EN INNOVACIÓN EN MARKETING DIGITAL   ,
5421,5094200028,LICENCIATURA EN NUTRICIÓN Y CIENCIA DE LOS ALIMENTOS    ,
5422,5101500059,LICENCIATURA EN GESTIÓN GASTRONÓMICA Y ARTE CULINARIO ,
5423,5101000012,LICENCIATURA EN ENTRENAMIENTO FÍSICO Y DEPORTIVO ,
5424,5041100153,LICENCIATURA EN ADMINISTRACIÓN DE NEGOCIOS DIGITALES  ,
5425,5041200186,LICENCIATURA EN MERCADOTECNIA Y DIRECCIÓN DE VENTAS  ,
5426,5042100237,LICENCIATURA EN ADMINISTRACIÓN Y ALTA DIRECCIÓN EMPRESARIAL  ,
5427,5042000047,LICENCITURA EN GESTIÓN ORGANIZACIONAL Y DEL CAPITAL HUMANO  ,
5428,5071000079,LICENCIATURA EN INGENIERIA EN AUDIO Y TECNOLOGIAS DEL SONIDO  ,
5429,5071000080,LICENCIATURA EN INGENIERÍA EN COMPUTACIÓN Y NEGOCIOS   ,
5430,5012400029,LICENCIATURA EN FORMACIÓN DOCENTE EN EL TIPO MEDIO SUPERIOR ,
5431,4042000013,TÉCNICO SUPERIOR UNIVERSITARIO EN DESARROLLO HUMANO Y ADMINISTRACIÓN EMPRESARIAL ,
5432,5033100092,LICENCIATURA EN DERECHO Y SEGURIDAD PÚBLICA,
5433,5071700097,INGENIERÍA INDUSTRIAL MILITAR,
5434,5081000010,LICENCIATURA EN CIENCIAS AGROFORESTALES,
5435,5072000028,LICENCIATURA EN QUÍMICA E INGENIERÍA EN MATERIALES,
5436,5021500135,LICENCIATURA EN ANIMACION Y DISEÑO DIGITAL,
5437,5101000013,LICENCIATURA EN RECREACIÓN Y TIEMPO LIBRE ,
5438,5042000048,"LICENCIATURA EN ADMINISTRACIÓN, DIRECCIÓN Y NEGOCIOS ",
5439,5102100020,INGENIERÍA EN TRANSPORTE,
5440,5095200005, INGENIERÍA BIOTECNOLÓGICA,
5441,5102100021,Ingeniería en Movilidad Urbana,
5442,5082100011,LICENCIATURA EN FAUNA SILVESTRE,
5443,5041400113,INGENIERÍA FINANCIERA Y CONTABLE,
5444,5071700098,INGENIERÍA ECONÓMICA E INDUSTRIAL ,
5445,5041300054,INGENIERÍA EN FINANZAS Y COMERCIO INTERNACIONAL,
5446,5051300042,INGENIERÍA EN GESTIÓN DE RECURSOS HÍDRICOS,
5447,5042000049,LICENCIATURA EN ADMINISTRACIÓN TECNOLÓGICA Y DIRECCIÓN DE NEGOCIOS ,
5448,5033100093,LICENCIATURA EN DERECHO Y NORMATIVIDAD EMPRESARIAL,
5449,5011500022,LICENCIATURA EN EDUCACIÓN Y ESTRATEGIAS DE APRENDIZAJE ,
5450,5022200048,"LICENCIATURA EN IDIOMAS, TRADUCCIÓN E INTERPRETACIÓN",
5451,5061300102,LICENCIATURA EN INFORMÁTICA Y DESARROLLO DE APLICACIONES,
5452,5012601019,LICENCIATURA EN ENSEÑANZA DE LA EDUCACIÓN FÍSICA,
5453,5022000013,LICENCIATURA EN INGENIERÍA HUMANA,
5454,5022100017,LICENCIATURA EN TEOLOGÍA BÍBLICA,
5455,5062200137,LICENCIATURA EN INGENIERÍA EN TECNOLOGÍAS DE LA INFORMACIÓN Y LA COMUNICACIÓN ,
5456,5062200138,LICENCIATURA EN ADMINISTRACIÓN DE TECNOLOGÍAS DE LA INFORMACIÓN Y COMUNICACIÓN,
5457,5042000050,LICENCIATURA EN ADMINISTRACIÓN DE NEGOCIOS INTERNACIONALES Y LOGÍSTICA,
5458,5041100154,LICENCIATURA EN ADMINISTRACIÓN Y CREACIÓN DE NEGOCIOS ,
5459,4102100015,TÉCNICO SUPERIOR UNIVERSITARIO EN PILOTO AVIADOR COMERCIAL DE ALA FIJA ,
5460,5042500047,LICENCIATURA EN RECURSOS HUMANOS CON COMPETENCIAS GERENCIALES,
5461,5021400089,LICENCIATURA EN VIDEOGRAFÍA,
5462,5011000041,LICENCIATURA EN EDUCACIÓN CRISTIANA ,
5463,5022300042,LICENCIATURA EN LETRAS BÍBLICAS,
5464,4102100016,TÉCNICO SUPERIOR UNIVERSITARIO PILOTO AVIADOR COMERCIAL DE ALA FIJA,
5465,5033100094,LICENCIATURA EN DERECHO CON ESPECIALIDAD EN JUICIOS ORALES ,
5466,5021500136, LICENCIATURA EN DISEÑO GRÁFICO E INNOVACIÓN ,
5467,5022000014,LICENCIATURA EN MISIONES TRANSCULTURALES,
5468,5042100238,LICENCIATURA EN GERENCIA Y DIRECCIÓN DE EMPRESAS,
5469,5021500137,"LICENCIATURA EN DISEÑO, DESARROLLO Y ADMINISTRACIÓN DE EMPRESAS",
5470,4101600023,TÉCNICO SUPERIOR UNIVERSITARIO EN HOTELERÍA,
5471,5104100039,LICENCIATURA EN SEGURIDAD PÚBLICA PREVENTIVA,
5472,5033200050,LICENCIATURA EN CIENCIAS CRIMINOLÓGICAS Y CRIMINALÍSTICAS ADVERSARIALES,
5473,5104100040,LICENCIATURA EN PROTECCIÓN COMUNITARIA Y SEGURIDAD PÚBLICA,
5474,4042300003,TECNICO SUPERIOR UNIVERSITARIO EN ADMINISTRACIÓN PÚBLICA ,
5475,4042100023,TÉCNICO SUPERIOR UNIVERSITARIO EN GESTIÓN DE CAPITAL HUMANO,
5476,5101100071,CIENCIAS DE LA ACTIVIDAD FÍSICA Y DEL DEPORTE,
5477,5033100095,LICENCIADO EN CIENCIAS JURÍDICAS,
5478,5041200187,LICENCIATURA EN COMUNICACIÓN PUBLICITARIA Y EMPRESARIAL,
5479,5062100074,LICENCIATURA EN TECNOLOGÍAS DE LA INFORMACIÓN Y TELECOMUNICACIONES,
5480,5072400049,LICENCIATURA EN INGENIERÍA EN GEOFÍSICA,
5481,5031100081,LICENCIATURA EN CIENCIAS DEL COMPORTAMIENTO HUMANO,
5482,5061300103,LICENCIATURA EN INGENIERÍA EN PROGRAMACIÓN Y VIDEOJUEGOS  ,
5483,5061300104,LICENCIATURA EN INGENIERÍA EN PROGRAMACIÓN EN LA NUBE  ,
5484,5062200139,LICENCIATURA EN INGENIERÍA EN DESARROLLO DE SISTEMAS  ,
5485,5062200140,LICENCIATURA EN INGENIERÍA EN CIBERSEGURIDAD Y AUDITORÍA INFORMÁTICA ,
5486,5011100034,LICENCIATURA EN PEDAGOGÍA Y DOCENCIA,
5487,4042200013,PROFESIONAL ASOCIADO EN ADMINISTRACIÓN HOTELERA,
5488,5094200029,LICENCIADO EN NUTRICIÓN Y SALUD,
5489,4071500019,TÉCNICO SUPERIOR UNIVERSITARIO EN INGENIERÍA AUTOMOTRIZ,
5490,5101100072,LICENCIATURA EN ENTRENAMIENTO PERSONAL EN MUSCULACIÓN Y FITNESS,
5491,5062100075,LICENCIATURA EN TECNOLOGÍAS DE LA COMUNICACIÓN Y DISEÑO VISUAL,
5492,5042500048,LICENCIATURA EN AGRONEGOCIOS,
5493,5022200049,LICENCIATURA EN ADQUISICIÓN Y ENSEÑANZA DEL INGLÉS,
5494,5031400026,LICENCIATURA EN ECONOMÍA Y DESARROLLO SOSTENIBLE,
5495,5031400027,"LICENCIATURA EN ECONOMÍA Y DESARROLLO SOSTENIBLE ,BIOECONOMÍA Y ECONOMÍA CIRCULAR",
5496,5041200188,LICENCIATURA EN MARKETING Y DISEÑO DIGITAL,
5497,5033200051,LICENCIATURA EN INVESTIGACIÓN PERICIAL Y COMPORTAMIENTO CRIMINAL,
5498,5071700099,LICENCIATURA EN INGENIERÍA EN LOGÍSTICA Y ALTA DIRECCIÓN DE EMPRESAS,
5499,5073100058,LICENCIATURA EN CRECIMIENTO Y PLANEACIÓN DE DESARROLLO URBANO,
5500,5011500023,LICENCIATURA EN CIENCIAS DE LA EDUCACIÓN INTERCULTURAL Y TRANSNACIONAL,
5501,5041100155,LICENCIATURA EN AGRONEGOCIOS Y COMERCIO EXTERIOR,
5502,5021400090,"LICENCIATURA EN ANIMACIÓN, PRODUCCIÓN Y ARTE DIGITAL",
5503,5041400114,LICENCIATURA EN CONTABILIDAD FISCAL Y HACENDARIA,
5504,5021400091,LICENCIATURA EN PRODUCCIÓN 3D PARA CINE Y PUBLICIDAD,
5505,5021400092,LICENCIATURA EN ARTE PARA VIDEOJUEGOS,
5506,5021500138,LICENCIATURA EN DESARROLLO Y PROGRAMACIÓN DE VIDEOJUEGOS ,
5507,5021500139,LICENCIATURA EN GESTIÓN DE NEGOCIOS Y CONTENIDO EN ANIMACIÓN Y VIDEOJUEGOS ,
5508,5081100105,LICENCIATURA EN INGENIERÍA AGRÍCOLA AMBIENTAL,
5509,5073200045,LICENCIATURA EN MANEJO DE RECURSOS HÍDRICOS,
5510,5061000021,LICENCIATURA EN TECNOLOGÍAS E INNOVACIÓN DIGITAL,
5511,5062200141,LICENCIATURA EN TECNOLOGÍAS DE LA INFORMACIÓN Y LA COMUNICACIÓN,
5512,5042400058,LICENCIATURA EN INGENIERÍA INDUSTRIAL EN ADMINISTRACIÓN AMBIENTAL,
5513,5071300120,LICENCIATURA EN INGENIERÍA EN ELECTÓNICA Y AUTOMATIZACIÓN,
5514,5071300121,LICENCIATURA EN INGENIERÍA EN ELECTRÓNICA Y AUTOMATIZACIÓN,
5515,5011300028,LICENCIATURA EN EDUCACIÓN Y PSICOPEDAGOGÍA,
5516,5091334002,LICENCIATURA EN NEUROEDUCACIÓN Y DESARROLLO INFANTIL,
5517,5031100082,LICENCIATURA EN PSICOTERAPIA HUMANISTA,
5518,5011000042,LICENCIATURA EN EDUCACIÓN HUMANISTA Y NEUROCIENCIA,
5519,5061300105,LICENCIATURA EN INGENIERÍA DE SOFTWARE Y MINERÍA DE DATOS,
5520,5053200007,LICENCIATURA EN ACTUARÍA Y CIENCIA DE DATOS,
5521,5041100156,LICENCIADO EN NEGOCIOS INTERNACIONALES CON ACENTUACIÓN EN RELACIONES INTERNACIONALES,
5522,5041100157, LICENCIADO EN NEGOCIOS INTERNACIONALES CON ACENTUACIÓN EN EMPRESAS TURÍSTICAS,
5523,5041300055,LICENCIADO EN ADMINISTRACIÓN DE EMPRESAS CON ACENTUACIÓN EN FINANZAS,
5524,5041200189,LICENCIADO EN ADMINISTRACIÓN DE EMPRESAS CON ACENTUACIÓN EN MERCADOTECNIA,
5525,5012601020,"LICENCIADO EN EDUCACIÓN FÍSICA, DEPORTES Y RECREACIÓN",
5526,5012200014,LICENCIATURA EN EDUCACIÓN CON ACENTUACIÓN EN NIVEL PRIMARIA,
5527,5042100239,LICENCIADO EN DESARROLLO Y ADMINISTRACIÓN DE EMPRESAS,
5528,5042400059,INGENIERO INDUSTRIAL Y ADMINISTRADOR,
5529,5071600037,INGENIERO EN PREVENCIÓN DE RIESGOS,
5530,5061300106,INGENIERO EN TECNOLOGÍAS COMPUTACIONALES,
5531,5011400014,LICENCIATURA EN AMBIENTES INNOVADORES DE EDUCACIÓN,
5532,5042100240,LICENCIATURA EN DESARROLLO EMPRESARIAL Y NEGOCIOS,
5533,5041200190,LICENCIATURA EN PUBLICIDAD Y COMUNICACIÓN CORPORATIVA,
5534,5041100158,LICENCIATURA EN EMPRENDIMIENTO Y NEGOCIOS,
5535,5102100022,"LICENCIATURA EN INGENIERÍA EN TRANSPORTACIÓN, LOGÍSTICA Y OPERACIONES",
5536,5101300035,LICENCIATURA EN ESTETOCOSMETOLOGÍA Y ADMINISTRACIÓN DE SPA,
5537,5022100018,LICENCIATURA EN FILOSOFÍA Y TEOLOGÍA,
5538,5021500140,LICENCIATURA EN DISEÑO GRÁFICO Y MEDIOS DIGITALES,
5539,4041300004,TÉCNICO SUPERIOR UNIVERSITARIO EN ASESOR FINANCIERO COOPERATIVO EN COMPETENCIAS PROFESIONALES,
5540,4041300005,TÉCNICO SUPERIOR UNIVERSITARIO EN ASESOR FINANCIERO COOPERATIVO Maestría en Tecnología Aplicada,
5541,4041300006,TÉCNICO SUPERIOR UNIVERSITARIO EN ASESOR FINANCIERO COOPERATIVO,
5542,5021200058,LICENCIATURA EN ARTE Y PRODUCCIÓN CINEMATOGRÁFICA,
5543,5022100019,LICENCIATURA EN TEOLOGÍA Y CIENCIAS RELIGIOSAS,
5544,4062200030,TÉCNICO SUPERIOR UNIVERSITARIO EN INFORMÁTICA Y LOGÍSTICA ADUANERA,
5545,5072100053,LICENCIATURA EN INGENIERÍA EN PROCESOS ALIMENTARIOS,
5546,5094100016,LICENCIATURA EN TERAPIA FÍSICA Y KINESIOLOGÍA,
5547,5011100035, LICENCIATURA EN CIENCIAS DE LA EDUCACIÓN Y PEDAGOGÍA,
5548,5033100096,LICENCIATURA EN DERECHO PENAL Y SISTEMA ACUSATORIO,
5549,5041400115,LICENCIATURA EN CONTABILIDAD PÚBLICA Y FISCAL,
5550,5061000022,INGENIERIA EN ENTORNOS VIRTUALES Y NEGOCIOS DIGITALES,
5551,4073200004,TÉCNICO SUPERIOR UNIVERSITARIO EN CONSTRUCCIÓN EN COMPETENCIAS PROFESIONALES,
5552,5041400116,LICENCIATURA EN CONTADURÍA Y ADMINISTRACIÓN FINANCIERA,
5553,5073200046,LICENCIATURA EN INGENIERÍA CIVIL CON DISEÑO ARQUITECTÓNICO,
5554,5042400060,LICENCIATURA EN INGENIERÍA EN ADMINISTRACIÓN DE RIESGO,
5555,5041200191,LICENCIATURA EN ESTRATÉGIA Y GESTIÓN DE VENTAS,
5556,5071700100,LICENCIATURA EN INGENIERO INDUSTRIAL Y DE SISTEMAS,
5557,5071300122,LICENCIATURA EN INGENIERO EN MECATRÓNICA,
5558,5041100159,LICENCIATURA EN ESTRATEGIA Y TRANSFORMACIÓN DE NEGOCIOS,
5559,5042300047,LICENCIATURA EN GESTIÓN DEL DESARROLLO FAMILIAR Y COMUNITARIO,
5560,5031500021,LICENCIATURA EN TRABAJO SOCIAL Y GESTIÓN DEL DESARROLLO,
5561,5071600038,INGENIERO BIOTECNÓLOGO AMBIENTAL,
5562,5042200105,LICENCIATURA EN DESARROLLO SUSTENTABLE Y ECOTURISMO,
5563,5041100160,LICENCIATURA EN COMERCIO ELECTRÓNICO Y ADUANAS,
5564,5071300123,INGENIERO MECATRÓNICO ADMINISTRADOR,
5565,5012400030,LICENCIATURA EN EDUCACIÓN CON ACENTUACIÓN EN NIVEL MEDIO SUPERIOR,
5566,5071200052,LICENCIATURA EN INGENIERÍA EN ENERGÍA Y DESARROLLO SOSTENIBLE,
5567,5061300107,LICENCIATURA EN INGENIERÍA EN CREACIÓN DE VIDEOJUEGOS Y ENTORNOS VIRTUALES,
5568,5072300011,LICENCIATURA EN INGENIERÍA EN MANUFACTURA CIRCULAR,
5569,5061300108,INGENIERÍA EN SEGURIDAD INFORMÁTICA,
5570,5041100161,INGENIERÍA LOGÍSTICA,
5571,5102100023,LICENCIATURA EN NAVEGACIÓN,
5572,5022100020,LICENCIATURA EN TEOLOGÍA CON ACENTUACIÓN EN CRISTIANDAD,
5573,5041200192,LICENCIADO EN DISEÑO DE IMAGEN ,
5574,5033100097,LICENCIADO EN DERECHO CON ECONOMÍA,
5575,5071700101,LICENCIATURA EN INGENIERÍA INDUSTRIAL LOGÍSTICA,
5576,5052200022,LICENCIATURA INSTITUCIONAL EN QUÍMICA APLICADA,
5577,5071700102,LICENCIATURA EN INGENIERÍA INDUSTRIAL Y RENTABILIDAD DE NEGOCIOS,
5578,5021600097,LICENCIATURA EN ARQUITECTURA E INTERIORISMO,
5579,5041300056,"LICENCIATURA EN FINANZAS, BANCA E INVERSIONES ESTRATÉGICAS",
5580,5062100076,LICENCIATURA EN INGENIERÍA EN SEGURIDAD INFORMÁTICA Y REDES,
5581,5031200052,LICENCIATURA EN EDUCACIÓN Y DESARROLLO COMUNITARIO,
5582,5104100041,"LICENCIATURA EN SEGURIDAD PÚBLICA, SEGURIDAD NACIONAL Y JUICIOS ORALES",
5583,5081300017,LICENCIATURA EN INGENIERÍA AGRONÓMICA EN RECURSOS NATURALES RENOVABLES,
5584,5101300036,LICENCIATURA EN COSMETOLOGÍA FACIAL Y CORPORAL,
5585,5071200053,LICENCIATURA EN INGENIERÍA EN ENERGÍA RENOVABLE,
5586,5042200106,LICENCIATURA EN DESARROLLO E INNOVACIÓN TURÍSTICA,
5587,5021600098,LICENCIATURA EN DISEÑO INDUSTRIAL Y DE PRODUCTO,
5588,5042100241,LICENCIATURA EN GESTIÓN EMPRESARIAL Y PRODUCTIVIDAD,
5589,5071700103,LICENCIATURA EN INGENIERÍA INDUSTRIAL EN SISTEMAS DE MANUFACTURA Y CALIDAD,
5590,5102100024,LICENCIATURA EN LOGÍSTICA DEL TRANSPORTE Y CADENAS DE SUMINISTRO,
5591,5072100054,LICENCIATURA DE INGENIERO AGRÓNOMO INDUSTRIAL,
5592,5071700104,LICENCIATURA DE INGENIERÍA EN PRODUCCIÓN INDUSTRIAL,
5593,5073200047,LICENCIATURA DE INGENIERÍA CIVIL,
5594,5061000023,LICENCIATURA DE INGENIERÍA EN COMPUTACIÓN,
5595,5061300109,LICENCIATURA DE INGENIERÍA EN ELECTRÓNICA,
5596,5071100047,LICENCIATURA DE INGENIERÍA MECÁNICA,
5597,5081100106,LICENCIATURA DE INGENIERO AGRÓNOMO ZOOTECNISTA,
5598,5093100012,LICENCIATURA DE CIRUJANO DENTISTA,
5599,5042500049,LICENCIATURA EN ADMINISTRACIÓN DE HOSPITALES,
5600,5071700105,LICENCIATURA EN INGENIERÍA INDUSTRIAL Y EFICIENCIAS PRODUCTIVAS,
5601,5011100036,FORMACIÓN UNIVERSITARIA,
5602,5041400117,"FORMACIÓN DIVISIONAL EN CONTADURÍA, ADMINISTRACIÓN Y ECONOMÍA PARA EL DESARROLLO SOCIAL",
5603,5022600015,"FORMACIÓN DIVISIONAL EN FILOSOFÍA, ARTES Y HUMANIDADES",
5604,5071200054,"FORMACIÓN DIVISIONAL EN MATERIA, ENERGÍA Y SU TRANSFORMACIÓN",
5605,5095600009,FORMACIÓN DIVISIONAL EN SALUD Y BIENESTAR HUMANO,
5606,5033100098,"FORMACIÓN DIVISIONAL EN SOCIEDAD, JUSTICIA Y ESTADO DE DERECHO",
5607,5104100042,FORMACIÓN DIVISIONAL EN SUSTENTABILIDAD Y SEGURIDAD ALIMENTARIA,
5608,5081100107,LICENCIATURA EN AGROECOLOGÍA Y SOBERANÍA ALIMENTARIA,
5609,4081100011,TÉCNICO SUPERIOR UNIVERSITARIO EN APICULTURA,
5610,4012603006,TÉCNICO SUPERIOR UNIVERSITARIO EN DOCENCIA DEL INGLÉS,
5611,5012604051,LICENCIATURA EN DOCENCIA MEDIADA POR TECNOLOGÍAS,
5612,5042500050,LICENCIATURA EN DESARROLLO INTEGRAL DE LAS PERSONAS CON DISCAPACIDAD,
5613,5012701019,LICENCIATURA EN EDUCACIÓN INICIAL Y GESTIÓN  DE INSTITUCIONES,
5614,5101100073,LICENCIATURA EN DIRECCIÓN DEL DEPORTE,
5615,5042100242,LICENCIATURA EN ADMINISTRACIÓN ESTRATÉGICA E INNOVACIÓN EN LOS NEGOCIOS,
5616,5101600050, LICENCIATURA EN TURISMO,
5617,5062300010,LICENCIATURA EN INGENIERÍA EN REDES Y NUEVAS TECNOLOGÍAS,
5618,5033200052,"LICENCIATURA EN CRIMINALÍSTICA, CRIMINOLOGÍA Y POLÍTICA CRIMINAL",
5619,5021500141,LICENCIATURA EN DISEÑO GRÁFICO Y MARKETING,
5620,5021500142,LICENCIATURA EN INGENIERÍA EN ANIMACIÓN E INTERACTIVIDAD,
5621,5042300048,"LICENCIATURA EN POLÍTICA, GOBIERNO Y GESTIÓN PÚBLICA",
5622,5042100243,LICENCIATURA EN ADMINISTRACIÓN Y GESTIÓN ESTRATÉGICA,
5623,5041400118,LICENCIATURA DE ASUNTOS FISCALES Y ADUANALES,
5624,5041400119,LICENCIATURA EN ASUNTOS FISCALES Y JURÍDICOS,
5625,5041200193,LICENCIATURA EN EMPRESAS DE DISEÑO DE IMAGEN,
5626,5041400120,LICENCIATURA EN ASUNTOS FISCALES Y ADUANALES,
5627,5031200053,LICENCIATURA EN DESARROLLO COMUNITARIO INTEGRAL,
5628,5031400028,LICENCIATURA EN ECONOMÍA Y POLÍTICA PARA EL DESARROLLO,
5629,5104100043,LICENCIATURA EN INTELIGENCIA POLICIAL,
5630,5042100244,LICENCIATURA EN ADMINISTRACIÓN Y GESTIÓN DE LA COMPETITIVIDAD,
5631,5061300110,LICENCIATURA EN INGENIERIA EN DISEÑO DE SOFTWARE Y REDES,
5632,5061000024,LICENCIATURA EN INGENIERIA EN INNOVACION,
5633,5041400121,LICENCIATURA DE CONTADOR PÚBLICO,
5634,5101100074,LICENCIATURA EN ENTRENAMIENTO DEPORTIVO Y CULTURA FÍSICA,
5635,5021500143, LICENCIATURA EN DISEÑO DIGITAL Y MULTIMEDIA,
5636,5042100245,LICENCIATURA EN ADMINISTRACIÓN ESTRATÉGICA DE LOS NEGOCIOS,
5637,5032100089,LICENCIATURA EN COMUNICACIÓN ESTRATÉGICA E INNOVACIÓN DIGITAL,
5638,5061300111,LICENCIATURA EN DISEÑO GRÁFICO Y DESARROLLO WEB,
5639,5041200194,LICENCIATURA EN COMUNICACIÓN Y MERCADOTECNIA DIGITAL,
5640,5073200048, LICENCIATURA EN INGENIERÍA CIVIL Y URBANISMO,
5641,5071500059, LICENCIATURA EN INGENIERÍA  EN AERONÁUTICA,
5642,5042400061,LICENCIATURA EN INGENIERÍA INDUSTRIAL EN ADMINISTRACIÓN,
5643,5062100077,LICENCIATURA EN INGENIERÍA EN SISTEMAS COMPUTACIONALES Y DE INFORMACIÓN,
5644,5071300124,LICENCIATURA EN INGENIERÍA  EN ROBÓTICA Y SISTEMAS INDUSTRIALES,
5645,5041200195,LICENCIATURA EN MERCADOTECNIA Y DISEÑO EN MEDIOS DIGITALES,
5646,5041100162,LICENCIATURA EN NEGOCIOS Y MERCADOTECNIA INTERNACIONAL,
5647,5042100246,LICENCIATURA EN RELACIONES INDUSTRIALES Y GESTIÓN DEL CAPITAL HUMANO,
5648,5041200196,LICENCIATURA EN RELACIONES PÚBLICAS Y DISEÑO DE IMAGEN,
5649,5041200197,LICENCIATURA EN MERCADOTECNIA CORPORATIVA,
5650,5032100090,LICENCIATURA EN COMUNICACIÓN DIGITAL E IMAGEN,
5651,5062100078, INGENIERÍA EN TECNOLOGÍAS DE LA INFORMACIÓN,
5652,5031000021,LICENCIATURA EN DESARROLLO HUMANO Y EDUCACIÓN,
5653,5012603048,LICENCIATURA EN CIENCIAS DE LA EDUCACIÓN BILINGÜE,
5654,5041300057,LICENCIATURA EN ADMINISTRACIÓN DE NEGOCIOS CON ORIENTACIÓN EN FINANZAS ,
5655,5041200198,LICENCIATURA EN ADMINISTRACIÓN DE NEGOCIOS CON ORIENTACIÓN EN MERCADOTECNIA ,
5656,5041100163,LICENCIATURA EN ADMINISTRACIÓN DE NEGOCIOS CON ORIENTACIÓN EN NEGOCIOS INTERNACIONALES ,
5657,5041100164,LICENCIADO EN INTELIGENCIA DE NEGOCIOS,
5658,5041100165,INGENIERO EN AGRONEGOCIOS,
5659,5021200059,LICENCIATURA EN ACTUACIÓN PARA TEATRO Y CINE,
5660,5073200049,INGENIERÍA CIVIL SUSTENTABLE,
5661,5073200050,LICENCIATURA EN INGENIERÍA CIVIL SUSTENTABLE,
5662,5061300112,LICENCIATURA EN INGENIERÍA EN TECNOLOGÍA DE SOFTWARE,
5663,5101100075,LICENCIATURA EN CIENCIAS DEL DEPORTE Y ACTIVIDAD FÍSICA,
5664,5071200055,INGENIERÍA EN ENERGÍA Y SOSTENIBILIDAD,
5665,5041300058,LICENCIATURA EN FINANZAS CUANTITATIVAS ,
5666,5071400047,INGENIERÍA EN QUÍMICA FARMACÉUTICA,
5667,5031300038,LICENCIATURA EN POLÍTICA COMUNAL,
5668,5021300175,LICENCIATURA EN MÚSICO INSTRUMENTISTA OPCIÓN VIOLA,
5669,5104100044,LICENCIATURA EN SEGURIDAD PÚBLICA Y PREVENCIÓN DEL DELITO ,
5670,5022300043,LICENCIATURA LENGUA Y LITERATURA INGLESA ,
5671,5022300044,LICENCIATURA EN LENGUA Y LETRAS MODERNAS,
5672,5061300113,LICENCIATURA EN INGENIERÍA EN INTERNET DE  LAS COSAS,
5673,5062300011,LICENCIATURA EN INGENIERÍA EN SEGURIDAD INFORMÁTICA,
5674,5061300114,LICENCIATURA EN INGENIERÍA EN ROBÓTICA Y TECNOLOGÍAS DIGITALES,
5675,4032100008,TÉCNICO SUPERIOR UNIVERSITARIO EN COMUNICACIÓN HUMANA MULTILINGÜE,
5676,5061000025,LICENCIATURA EN INGENIERÍA EN TECNOLOGÍAS COMPUTACIONALES ,
5677,5041100166,LICENCIATURA EN COMERCIO INTERNACIONAL Y ADUANERO ,
5678,5072100055, INGENIERO EN BIOSISTEMAS AGROALIMENTARIOS,
5679,5072100056, INGENIERO EN ALIMENTOS,
5680,5071100048,INGENIERO MECÁNICO,
5681,5071300125,INGENIERO EN MECATRÓNICA,
5682,5071300126,INGENIERO EN ROBÓTICA Y SISTEMAS DIGITALES,
5683,5021400093,LICENCIADO EN ARTE DIGITAL,
5684,5041300059,LICENCIADO EN FINANZAS,
5685,5032100091,LICENCIADO EN COMUNICACIÓN,
5686,5042100247,LICENCIADO EN EMPRENDIMIENTO,
5687,5021600099,LICENCIADO EN DISEÑO,
5688,5031300039,LICENCIADO EN RELACIONES INTERNACIONALES,
5689,5021400094,LICENCIADO EN TECNOLOGÍA Y PRODUCCIÓN MUSICAL,
5690,5012702030,LICENCIATURA EN EDUCACIÓN ESPECIAL E INCLUSIÓN EDUCATIVA,
5691,5041400122,LICENCIATURA EN CONTABILIDAD Y PLANEACIÓN FISCAL,
5692,5012701020,LICENCIATURA EN EDUCACIÓN INICIAL Y GESTIÓN DE INSTITUCIONES,
5693,5095200006,LICENCIATURA EN BIOMEDICINA AMBIENTAL TRASLACIONAL,
5694,5042100248,LICENCIATURA EN ADMINISTRACIÓN DE EMPRESAS DEL ENTRETENIMIENTO,
5695,5092100026,LICENCIATURA EN PARTERÍA PROFESIONAL,
5696,5041000035,RESPONSABILIDAD SOCIAL Y SUSTENTABILIDAD,
5697,5042400062,INGENIERÍA INDUSTRIAL ADMINISTRATIVA ,
5698,4101600024,PROFESIONAL ASOCIADO EN TURISMO,
5699,5041000036,LICENCIATURA EN RESPONSABILIDAD SOCIAL Y SUSTENTABILIDAD,
5700,5071300127,LICENCIATURA EN INGENIERÍA EN BIOELECTRÓNICA,
5701,5061300115,LICENCIATURA EN INGENIERÍA EN ELECTRÓNICA Y SISTEMAS DIGITALES,
5702,5021400095,LICENCIATURA EN FOTOGRAFÍA Y PRODUCCIÓN DE VIDEO,
5703,5053100011,LICENCIATURA EN CIENCIAS ÁREA TERMINAL EN MATEMÁTICAS,
5704,5052100011,LICENCIATURA EN CIENCIAS ÁREA TERMINAL EN FÍSICA,
5705,5061100019,LICENCIATURA EN CIENCIAS ÁREA TERMINAL EN CIENCIAS COMPUTACIONALES Y COMPUTACIÓN CIENTÍFICA,
5706,5071300128,LICENCIATURA EN INGENIERÍA EN MECATRÓNICA CON ENFOQUE AUTOMOTRIZ,
5707,4062200031,TÉCNICO SUPERIOR UNIVERSITARIO EN PROCESOS PRODUCTIVOS CON ESPECIALIDAD EN AUTOMATIZACIÓN,
5708,5071400048,INGENIERO BIOQUÍMICO ,
5709,5031500022,LICENCIATURA EN TRABAJO SOCIAL PARA QUIENES HAN CONCLUIDO LOS ESTUDIOS DE TÉCNICO EN TRABAJO SOCIAL,
5710,5071300129,LICENCIATURA EN INGENIERO EN ELECTRÓNICA,
5711,5071100049,LICENCIATURA EN INGENIERO MECÁNICO,
5712,5052200023,LICENCIATURA EN INGENIERO EN NANOTECNOLOGÍA,
5713,5071300130,LICENCIATURA EN TECNOLOGÍA ROBÓTICA Y SISTEMAS DIGITALES,
5714,5041100167,LICENCIATURA EN INGENIERO EN TRANSFORMACIÓN DIGITAL DE NEGOCIOS,
5715,5042100249,LICENCIATURA EN DESARROLLO DE TALENTO Y CULTURA ORGANIZACIONAL,
5716,5033200053,LICENCIATURA EN CRIMINOLOGÍA Y TÉCNICAS PERICIALES,
5717,5073100059,LICENCIATURA EN ARQUITECTURA E IMAGEN,
5718,5041200199,LICENCIATURA EN DISEÑO GRÁFICO Y MERCADOTECNIA PUBLICITARIA,
5719,5042100250,LICENCIATURA EN ADMINISTRACIÓN DE EMPRESAS DE SERVICIOS DE ENTRETENIMIENTO,
5720,5071000081,LICENCIATURA EN INGENIERÍA MECATRÓNICA Y SISTEMAS CIBERFÍSICOS,
5721,5041400123,LICENCIATURA EN CONTADURÍA Y DIRECCIÓN DE NEGOCIOS,
5722,5021600100,LICENCIATURA EN DISEÑO DE MODA Y TEXTILES SOSTENIBLES,
5723,5021500144,LICENCIATURA EN DISEÑO DE FICCIONES Y NARRATIVAS TRANSMEDIA,
5724,5021500145,LICENCIATURA EN DISEÑO SENSORIAL Y DIRECCIÓN CREATIVA,
5725,5021000128,LICENCIATURA EN DISEÑO DE PRODUCTOS Y EXPERIENCIAS,
5726,4011100002,TÉCNICO SUPERIOR UNIVERSITARIO EN PEDAGOGÍA MUSICAL,
5727,5092100027,PROFESIONALIZACIÓN PARA LA LICENCIATURA EN ENFERMERÍA,
5728,5061300116,LICENCIADO EN SISTEMAS COMPUTACIONALES,
5729,5041100168,LICENCIADO EN COMERCIO INTERNACIONAL,
5730,5041400124,LICENCIADO EN CONTADOR PÚBLICO E INFORMÁTICA,
5731,5041400125,LICENCIADO EN CONTADOR PÚBLICO Y AUDITOR,
5732,5071300131,LICENCIATURA EN INGENIERO EN CIENCIA DE DATOS Y MATEMÁTICAS,
5733,5033100099,LICENCIATURA EN DERECHO CON ENFOQUE EN JUICIOS ORALES,
5734,5041100169,LICENCIATURA EN EMPRENDIMIENTO DIGITAL,
5735,5012400031,LICENCIATURA EN EDUCACIÓN CON ENFOQUE EN CIENCIAS NATURALES,
5736,5012500023,LICENCIATURA EN EDUCACIÓN CON ENFOQUE EN INGLÉS,
5737,5071100050,LICENCIATURA EN INGENIERÍA EN INNOVACIÓN Y DISEÑO INDUSTRIAL,
5738,5071400049,LICENCIATURA EN INGENIERO QUÍMICO ADMINISTRADOR,
5739,5041400126,LICENCIATURA EN CONTADURÍA PÚBLICA EJECUTIVA EN FINANZAS,
5740,5021400096,LICENCIATURA EN ANIMACIÓN 3D Y DISEÑO DE VIDEOJUEGOS,
5741,5032100092,LICENCIATURA EN PERIODISMO EN NUEVAS TECNOLOGÍAS,
5742,5042100251,LICENCIATURA EN ADMINISTRACIÓN DE EMPRESAS Y MEDIOS DIGITALES,
5743,5041200200,LICENCIATURA EN MARKETING DIGITAL Y MEDIOS ONLINE,
5744,5021000129,LICENCIATURA EN DISEÑO DE PRODUCTOS Y ENTORNOS TECNOLÓGICOS,
5745,5041100170,INGENIERO EN NEGOCIOS,
5746,5094200030,LICENCIATURA EN NUTRICIÓN DE LA SALUD,
5747,5033100100,LICENCIATURA EN DERECHO Y ABOGACÍA,
5748,5012702031,LICENCIATURA EN EDUCACIÓN INTEGRAL,
5749,5061000026,LICENCIATURA EN INGENIERÍA EN INTELIGENCIA DE DATOS Y CIBERSEGURIDAD,
5750,5051300043,LICENCIATURA EN SUSTENTABILIDAD AMBIENTAL,
5751,4042500007,TÉCNICO SUPERIOR UNIVERSITARIO EN GESTIÓN DE PROYECTOS SOCIALES,
5752,5101100076,LICENCIATURA EN CIENCIAS DEL DEPORTE Y GESTIÓN DEPORTIVA,
5753,4033200006,TÉCNICO SUPERIOR UNIVERSITARIO EN PERICIAL EN DACTILOSCOPIA,
5754,4033200007,TÉCNICO SUPERIOR UNIVERSITARIO EN PERICIAL EN DOCUMENTOSCOPIA,
5755,4021400018,TÉCNICO SUPERIOR UNIVERSITARIO EN PRODUCCIÓN AUDIOVISUAL Y DIGITAL,
5756,5041200201,LICENCIATURA EN MERCADOTECNIA TURÍSTICA,
5757,4061000005,TÉCNICO SUPERIOR UNIVERSITARIO EN TRANSFORMACIÓN DIGITAL,
5758,4071700013,TÉCNICO SUPERIOR UNIVERSITARIO EN SISTEMAS PRODUCTIVOS DE CALIDAD,
5759,4042100024,TÉCNICO SUPERIOR UNIVERSITARIO EN EMPRENDIMIENTO Y GESTIÓN DE PYMES,
5760,5042100252, LICENCIATURA EN ADMINISTRACIÓN Y DESARROLLO DEL FACTOR HUMANO,
5761,5041200202,LICENCIATURA EN CONSULTORÍA DE IMAGEN E INNOVACIÓN EMPRESARIAL,
5762,5062100079, LICENCIATURA EN REDES SOCIALES Y MERCADOTECNIA,
5763,5041200203, LICENCIATURA EN COMERCIO Y MERCADOTECNIA,
5764,5041300060,LICENCIATURA EN GESTIÓN FINANCIERA Y ALTA DIRECCIÓN,
5765,5071300132,LICENCIATURA EN INGENIERÍA ELECTRÓNICA INDUSTRIAL Y AUTOMÁTICA,
5766,5071300133,LICENCIATURA EN INGENIERÍA ROBÓTICA,
5767,4021500010,TECNICO SUPERIOR UNIVERSITARIO EN DISEÑO DIGITAL Y ANIMACIÓN,
5768,5041200204,LICENCIATURA EN MERCADOTECNIA Y GESTIÓN EMPRESARIAL,
5769,5041400127,LICENCIATURA EN ADMINISTRACIÓN Y CONTADURÍA,
5770,5041100171,LICENCIATURA EN COMERCIO EXTERIOR Y LOGÍSTICA,
5771,5095000004,LICENCIATURA EN CIENCIA DE LA NUTRICIÓN HUMANA,
5772,4104100016,TÉCNICO SUPERIOR EN SEGURIDAD CIUDADANA,
5773,4104100017,TÉCNICO SUPERIOR UNIVERSITARIO EN SEGURIDAD CIUDADANA,
5774,5033100101,LICENCIATURA EN DERECHO Y COMPLEJIDAD,
5775,5042000051,LICENCIATURA EN ADMINISTRACIÓN Y COMPLEJIDAD,
5776,5101500060,LICENCIATURA EN GASTRONOMÍA-CHEF,
5777,5021300176,LICENCIATURA EN CULTURA MUSICAL COMUNITARIA,
5778,5071300134,LICENCIATURA EN INGENIERÍA MECATRÓNICA Y ROBÓTICA,
5779,5021000130,LICENCIATURA EN ARTE Y TRADICIÓN,
5780,5022300045,LICENCIATURA EN CREACIÓN Y ESTUDIOS LITERARIOS,
5781,5031500023,LICENCIATURA EN CIENCIAS DE LA FAMILIA Y DESARROLLO HUMANO,
5782,5031300040,"LICENCIATURA EN DEMOCRACIA, PARTICIPACIÓN CIUDADANA Y BUEN GOBIERNO",
5783,5104100045,LICENCIATURA EN BOMBERO,
5784,5042100253,LICENCIATURA EN GERENCIAMIENTO VENTAS Y SERVICIO,
5785,5061300117,LICENCIATURA EN INGENIERÍA EN DISEÑO DE COMUNICACIÓN DIGITAL,
5786,5071700106,LICENCIATURA EN INGENIERÍA INDUSTRIAL Y EN SISTEMAS,
5787,5071300135,LICENCIATURA EN INGENIERO MECATRÓNICO,
5788,5042100254,LICENCIATURA EN CAPITAL HUMANO,
5789,5104100046,LICENCIATURA EN PROTECCIÓN CIVIL Y SEGURIDAD INDUSTRIAL,
5790,5031000022,LICENCIATURA EN DESARROLLO HUMANO Y COACHING,
5791,5072100057,LICENCIATURA EN INGENIERÍA EN AGRONOMÍA INDUSTRIAL,
5792,5042200107,LICENCIATURA EN DIRECCIÓN EN DESARROLLO TURÍSTICO,
5793,5101100077,LICENCIATURA EN DEPORTES ELECTRÓNICOS (E-SPORTS),
5794,5104100047,LICENCIATURA EN TECNOLOGÍA BOMBERIL Y EMERGENCIAS,
5795,5081000011,LICENCIATURA EN INGENIERÍA EN AGROTECNOLOGÍA,
5796,5042100255,LICENCIATURA EN DESARROLLO HUMANO Y ORGANIZACIONAL,
5797,5071700107,INGENIERÍA INDUSTRIAL Y DE NEGOCIOS,
5798,5021300177,LICENCIATURA EN EJECUCIÓN Y PRODUCCIÓN DE MÚSICA POPULAR CONTEMPORÁNEA ,
5799,4104100018,TÉCNICO SUPERIOR UNIVERSITARIO EN INVESTIGACIÓN EN SEGURIDAD,
5800,5033200054,LICENCIATURA EN CRIMINOLOGÍA PARA LA PREVENCIÓN SOCIAL,
5801,5033200055,LICENCIATURA EN ESTUDIOS DE ANTROPOLOGÍA CRIMINAL,
5802,5042100256,LICENCIATURA EN INNOVACIÓN Y NUEVOS NEGOCIOS,
5803,5041200205,LICENCIATURA EN MARKETING Y COMERCIALIZACIÓN,
5804,5011200022,LICENCIATURA EN EDUCACIÓN Y ADMINISTRACIÓN DE CENTROS EDUCATIVOS,
5805,5032100093,LICENCIADO EN COMUNICACIÓN Y ESTRATEGIA DIGITAL,
5806,5041400128,CONTADOR PÚBLICO Y FINANZAS,
5807,5041200206,LICENCIATURA EN PUBLICIDAD Y MEDIOS DIGITALES,
5808,5071600039,INGENIERÍA INDUSTRIAL Y EN ADMINISTRACIÓN AMBIENTAL,
5809,5021500146,LICENCIADO EN ANIMACIÓN DIGITAL,
5810,5042000052,LICENCIADO EN DISEÑO ESTRATÉGICO Y DIRECCIÓN CREATIVA,
5811,5011100037,LICENCIADO EN PEDAGOGÍA CON ÉNFASIS EN FORMACIÓN CÍVICA Y ÉTICA,
5812,5033100102,LICENCIATURA EN DERECHO EN JUICIOS ORALES,
5813,5031200054,LICENCIATURA EN CULTURA DEL DESARROLLO,
5814,5101100078,LICENCIATURA EN METODOLOGÍA APLICADA AL DEPORTE,
5815,5033100103,LICENCIATURA EN DERECHO LABORAL,
5816,5042100257,LICENCIATURA EN ADMINISTRACIÓN CON ENFOQUE EN OPERACIONES,
5817,4104100019,TÉCNICO SUPERIOR UNVERSITARIO EN OPERACIONES ESPECIALES,
5818,4104100020,TÉCNICO SUPERIOR UNVERSITARIO EN INGENIERÍA DE TRANSITO Y SEGURIDAD VIAL,
5819,4033200008,TÉCNICO SUPERIOR UNVERSITARIO EN INVESTIGACIÓN CRIMINOLÓGICA PARA LA PREVENCIÓN DEL DELITO,
5820,4053100003,TÉCNICO SUPERIOR UNVERSITARIO EN ANÁLISIS TÁCTICO Y ADMINISTRACIÓN POLICIAL,
5821,4033200009,TÉCNICO SUPERIOR UNVERSITARIO EN INVESTIGACIÓN CRIMINALÍSTICA,
5822,5042000053,LICENCIADO EN ADMINISTRACIÓN,
5823,5062200142,LICENCIADO EN TECNOLOGÍAS DE LA INFORMACIÓN,
5824,5071500060,INGENIERÍA EN DISEÑO Y MECÁNICA AUTOMOTRIZ,
5825,5033100104,LICENCIATURA EN AGENCIA ANTICORRUPCIÓN,
5826,5104100048,LICENCIATURA EN FUNCIÓN POLICIAL,
5827,5081100108,LICENCIATURA EN INGENIERÍA EN AGRONOMÍA Y ZOOTECNIA,
5828,5021500147,LICENCIATURA EN DISEÑO DIGITAL ANIMACIÓN,
5829,5042100258,LICENCIATURA EN CONSULTORÍA EN IMAGEN E INNOVACIÓN EMPRESARIAL,
5830,5081100109,LICENCIATURA COMO INGENIERO EN CIENCIAS AGRARIAS,
5831,5042200108,LICENCIATURA EN GASTRONOMÍA Y ORGANIZACIÓN,
5832,5021600101,LICENCIATURA EN CIENCIAS DEL ARTE,
5833,5012701021,LICENCIATURA EN PUERICULTURA E INTERVENCIÓN INFANTIL,
5834,5011100038,LICENCIATURA EN PEDAGOGÍA E INTERVENCIÓN EDUCATIVA,
5835,5031200055,LICENCIATURA EN GESTIÓN INTERCULTURAL,
5836,5021500148,LICENCIATURA EN DISEÑO GRÁFICO Y COMUNICACIÓN VISUAL MULTIMEDIA,
5837,5042400063,INGENIERÍA EN ADMINISTRACIÓN 4.0,
5838,5033100105,LICENCIATURA EN DERECHO CON ENFOQUE EN SEGURIDAD PÚBLICA,
5839,5031200056,INGENIERÍA EN MANEJO INTEGRADO DEL TERRITORIO COMUNAL,
5840,5101500061,LICENCIATURA EN GESTIÓN GASTRONÓMICA,
5841,5062100080,LICENCIATURA EN DESARROLLO DE REDES SOCIALES,
5842,5042100259,LICENCIATURA EN ADMINISTRACIÓN E INNOVACIÓN DE EMPRESAS,
5843,5033100106,LICENCIATURA EN DERECHO E INNOVACIÓN EN EL SECTOR JURÍDICO,
5844,5073100060,LICENCIATURA EN ARQUITECTURA E INNOVACIÓN EN DISEÑO Y CONSTRUCCIÓN,
5845,5041400129,LICENCIATURA EN CONTADURÍA E INNOVACIÓN EN ESTRATEGIAS FINANCIERAS,
5846,5041100172,LICENCIATURA EN COMERCIO GLOBAL E INNOVACIÓN EN NEGOCIOS,
5847,5041200207,LICENCIATURA EN MARKETING GLOBAL E INNOVACIÓN DIGITAL,
5848,5021500149,LICENCIATURA EN DISEÑO DIGITAL E INNOVACIÓN EN PRODUCTOS,
5849,5051300044,LICENCIATURA EN EMPRENDIMIENTO Y PROYECTOS SOCIOAMBIENTALES,
5850,5012602038,LICENCIATURA EN EDUCACIÓN DE LAS ARTES,
5851,5032100094,"LICENCIATURA EN CIENCIAS DE LA COMUNICACIÓN, LOCUCIÓN Y PERIODISMO",
5852,5042200109,LICENCIATURA EN ADMINISTRACIÓN DE LA HOSPITALIDAD Y TURISMO,
5853,5094100017,LICENCIATURA EN FISIOTERAPIA Y REHABILITACIÓN FÍSICA,
5854,5021500150,LICENCIATURA EN INTERACCIÓN Y MEDIOS DIGITALES,
5855,5033200056,"LICENCIATURA EN CRIMINALÍSTICA, CRIMINOLOGÍA Y SEGURIDAD PÚBLICA",
5856,5042100260,LICENCIATURA ADMINISTRACIÓN Y GESTIÓN EMPRESARIAL,
5857,4073200005,TÉCNICO SUPERIOR UNIVERSITARIO EN CONSTRUCCIÓN E INNOVACIÓN EN DISEÑO,
5858,5061300118,INGENIERÍA EN SEGURIDAD INFORMÁTICA Y DESARROLLO DE SOFTWARE,
5859,5061300119,INGENIERÍA EN BIG DATA E INNOVACIÓN TECNOLÓGICA,
5860,5042400064, INGENIERÍA EN DIRECCIÓN DE NEGOCIOS DISRUPTIVOS Y GESTIÓN INDUSTRIAL,
5861,5031300041,LICENCIATURA EN PROCESOS ELECTORALES Y ADMINISTRACIÓN PÚBLICA,
5862,5021400097,LICENCIATURA EN PRODUCCIÓN E INNOVACIÓN DE CONTENIDOS DIGITALES,
5863,5032100095,LICENCIATURA EN COMUNICACIÓN E INNOVACIÓN EN NEGOCIOS DE ENTRETENIMIENTO,
5864,5094100018,LICENCIATURA EN TERAPIA FÍSICA Y READAPTACIÓN DEPORTIVA,
5865,5061300120,LICENCIATURA EN INGENIERO EN SOFTWARE Y REDES,
5866,5021600102,LICENCIATURA EN DISEÑO GRÁFICO Y COMUNICACIÓN DIGITAL,
5867,5032100096,LICENCIATURA EN COMUNICACIÓN EN LENGUA INGLESA,
5868,5031300042,LICENCIATURA EN RELACIONES INTERNACIONALES Y ECONOMÍA,
5869,5021600103,LICENCIATURA EN DISEÑO DE MODAS Y TENDENCIAS INTERNACIONALES,
5870,5031300043,LICENCIATURA EN RELACIONES INTERNACIONALES Y CIENCIAS POLÍTICAS,
5871,5021300178,LICENCIATURA EN MÚSICA Y COMUNICACIÓN CREATIVA,
5872,5011400015,LICENCIATURA EN EDUCACIÓN MEDIADA POR TECNOLOGÍAS,
5873,5071300136,LICENCIATURA EN INTELIGENCIA ARTIFICIAL,
5874,5033100107,LICENCIATURA EN DERECHO Y DESARROLLO CORPORATIVO,
5875,5042100261,LICENCIATURA EN ADMINISTRACIÓN Y DESARROLLO DE ORGANIZACIONES,
5876,5022200050,LICENCIATURA EN IDIOMA INGLÉS Y RELACIONES PÚBLICAS,
5877,5033200057,LICENCIATURA EN DERECHO CON ENFOQUE CRIMINOLÓGICO,
5878,5041200208,LICENCIATURA EN MERCADOTECNIA Y DIRECCIÓN COMERCIAL,
5879,5042100262,LICENCIATURA EN RECURSOS HUMANOS Y TALENTO ORGANIZACIONAL,
5880,5101500062,LICENCIATURA EN ARTES DE REPOSTERÍA Y PANADERÍA,
5881,5101500063,LICENCIATURA EN ENOLOGÍA Y SUMILLERÍA,
5882,5031300044,LICENCIATURA EN CONSTRUCCIÓN DE LA PAZ Y SEGURIDAD,
5883,4042200014,TÉCNICO SUPERIOR UNIVERSITARIO EN GESTIÓN DE LA HOSPITALIDAD Y SERVICIOS TURÍSTICOS,
5884,5022200051,LICENCIATURA EN EUROLENGUAS,
5885,5021300179,LICENCIATURA EN EJECUCIÓN DE INSTRUMENTO ORQUESTAL,
5886,5072100058,LICENCIATURA EN PROCESOS ALIMENTARIOS Y NUTRICIÓN,
5887,5021300180,LICENCIATURA EN COMPOSICIÓN APLICADA Y PRODUCCIÓN MUSICAL ,
5888,5042200110,LICENCIATURA EN ADMINISTRACIÓN DE INSTITUCIONES Y HOSPITALIDAD,
5889,5011100039,LICENCIATURA EN ESTRATEGIA Y CREACIÓN PUBLICITARIA,
5890,5021500151,LICENCIATURA EN DISEÑO E INNOVACIÓN VISUAL,
5891,5031500024,LICENCIATURA EN TRABAJO SOCIAL EN RECURSOS HUMANOS ,
5892,5072100059,INGENIERÍA EN BIOSISTEMAS AGROALIMENTARIOS,
5893,5071300137,INGENIERÍA EN ROBÓTICA Y SISTEMAS DIGITALES,
5894,5041100173,LICENCIATURA EN EMPRENDIMIENTO,
5895,5021400098,LICENCIATURA EN TECNOLOGÍA Y PRODUCCIÓN MUSICAL ,
5896,5062100081,INGENIERÍA EN PROCESOS PRODUCTIVOS CON ESPECIALIDAD EN TECNOLOGÍAS DE INFORMACIÓN,
5897,5071700108,INGENIERÍA EN PROCESOS PRODUCTIVOS CON ESPECIALIDAD EN PRODUCCIÓN,
5898,5071000082,INGENIERÍA EN PROCESOS PRODUCTIVOS CON ESPECIALIDAD EN AUTOMATIZACIÓN,
5899,4071700014,TÉCNICO SUPERIOR UNIVERSITARIO EN PROCESOS PRODUCTIVOS CON ESPECIALIDAD EN PRODUCCIÓN,
5900,4062100014,TÉCNICO SUPERIOR UNIVERSITARIO EN PROCESOS PRODUCTIVOS CON ESPECIALIDAD EN TECNOLOGÍAS DE INFORMACIÓN,
5901,5021400099,LICENCIATURA EN ANIMACIÓN Y ARTE DE VIDEOJUEGOS,
5902,5101100079,LICENCIATURA EN CIENCIAS DEL DEPORTE Y GESTIÓN,
5903,5042100263,LICENCIATURA EN ADMINISTRACIÓN Y LOGÍSTICA INTERNACIONAL,
5904,5012400032,LICENCIATURA EN EDUCACIÓN MEDIA SUPERIOR CON ESPECIALIDAD EN ESPAÑOL,
5905,5042200111,LICENCIATURA EN DIRECCIÓN Y GESTIÓN DE ORGANIZACIONES TURÍSTICAS,
5906,5021500152,LICENCIATURA EN DISEÑO Y COMUNICACIÓN AUDIOVISUAL,
5907,4032100009,TÉCNICO SUPERIOR UNIVERSITARIO EN COMUNICACIÓN Y NUEVAS TECNOLOGÍAS,
5908,5095600010,LICENCIATURA EN SANIDAD E INOCUIDAD AGROALIMENTARIA,
5909,5042500051,LICENCIATURA EN ADMINISTRACIÓN DE LOS AGRONEGOCIOS,
5910,5021500153,LICENCIATURA EN DISEÑO GRÁFICO Y PRODUCCIÓN DIGITAL,
5911,5022200052,"LICENCIATURA EN IDIOMAS, ÁREA INGLÉS",
5912,5081100110,LICENCIATURA EN INGENIERO EN DESARROLLO AGRÍCOLA,
5913,5062100082,LICENCIATURA EN INGENIERÍA EN TELECOMUNICACIONES Y SISTEMAS ELECTRÓNICOS,
5914,5062100083,LICENCIATURA EN RED LOGÍSTICA Y TRANSPORTE,
5915,5042300049,LICENCIATURA EN ADMINISTRACIÓN Y GESTIÓN DE POLÍTICAS PÚBLICAS,
5916,5071300138,LICENCIATURA EN INGENIERÍA EN ROBÓTICA Y SISTEMAS DIGITALES,
5917,5012100015,"LICENCIATURA EN EDUCACIÓN PREESCOLAR INTERCULTURAL, PLURILINGÜE Y COMUNITARIA",
5918,5012200015,"LICENCIATURA EN EDUCACIÓN PRIMARIA INTERCULTURAL, PLURILINGÜE Y COMUNITARIA",
5919,5012300031,LICENCIATURA EN ENSEÑANZA Y APRENDIZAJE DEL ESPAÑOL,
5920,5012604052,LICENCIATURA EN ENSEÑANZA Y APRENDIZAJE DE LAS MATEMÁTICAS,
5921,5012300032,LICENCIATURA EN ENSEÑANZA Y APRENDIZAJE DEL INGLÉS,
5922,5012300033,LICENCIATURA EN ENSEÑANZA Y APRENDIZAJE DE LA FORMACIÓN ÉTICA Y CIUDADANA,
5923,5011500024,LICENCIATURA EN ENSEÑANZA Y APRENDIZAJE DE LA HISTORIA,
5924,5012500024,LICENCIATURA EN LA ENSEÑANZA Y APRENDIZAJE DE BIOLOGÍA,
5925,5012300034,LICENCIATURA EN ENSEÑANZA Y APRENDIZAJE DE LA GEOGRAFÍA,
5926,5031500025,LICENCIATURA EN INTERVENCIÓN Y GESTIÓN SOCIAL,
5927,5011500025,LICENCIATURA EN CIENCIAS DE LA EDUCACIÓN Y DESARROLLO DE COMPETENCIAS,
5928,5041100174,LICENCIATURA EN CONSULTORÍA E IMAGEN EMPRESARIAL,
5929,5073200051,LICENCIATURA EN INGENIERÍA EN RECURSOS HÍDRICOS,
5930,5022200053,LICENCIATURA EN LENGUA EXTRANJERA CON ACENTUACIÓN EN INGLÉS,
5931,5081300018,INGENIERO FORESTAL,
5932,5033200058,LICENCIATURA EN CIENCIAS FORENSES Y CRIMINOLOGÍA,
5933,5011300029,LICENCIATURA EN EDUCACIÓN CON ORIENTACIÓN EN A)PEDAGOGÍA E B)INNOVACIÓN EDUCATIVA,
5934,5052300030,LICENCIATURA EN GEOLOGÍA AMBIENTAL,
5935,5022200054,LICENCIATURA EN LENGUAS MODERNAS CON ORIENTACIÓN EN A) DOCENCIA Y B) ESTUDIOS CULTURALES,
5936,5012701022,LICENCIATURA INTERINSTITUCIONAL EN EDUCACIÓN INICIAL Y GESTIÓN DE INSTITUCIONES,
5937,4062200032,TÉCNICO SUPERIOR UNIVERSITARIO EN TECNOLOGÍAS DE LA INFORMACIÓN ÁREA INTELIGENCIA ARTIFICIAL,
5938,5092100028,NIVELACIÓN DE LICENCIATURA EN ENFERMERÍA,
5939,5061300121,LICENCIATURA DE INGENIERÍA EN SISTEMAS INTELIGENTES,
5940,5102100025,LICENCIATURA  DE INGENIERÍA EN TRANSPORTE,
5941,5081100111,LICENCIATURA DE INGENIERO AGRÓNOMO EN PRODUCCIÓN,
5942,5061300122,LICENCIATURA DE INGENIERÍA EN SOFTWARE,
5943,5041100175,LICENCIATURA EN NEGOCIOS INTERNACIONALES BILINGÜE,
5944,5012602039,LICENCIATURA EN ENSEÑANZA DE LA MÚSICA,
5945,4095100009,TÉCNICO SUPERIOR UNIVERSITARIO EN ATENCIÓN PREHOSPITALARIA PARAMÉDICO,
5946,5021500154,LICENCIATURA EN DISEÑO GRÁFICO EN PUBLICIDAD DIGITAL,
5947,5062100084,LICENCIATURA EN INGENIERÍA DE DATOS E INTELIGENCIA ARTIFICIAL,
5948,5071000083,LICENCIATURA EN BIOINGENIERÍA EN PROCESOS DE MANUFACTURA,
5949,5103100017,"LICENCIATURA EN SEGURIDAD LABORAL, PROTECCIÓN CIVIL Y EMERGENCIAS",
5950,5041200209,LICENCIATURA EN MERCADOTECNIA (NO ESCOLARIZADO),
5951,5062200143,LICENCIATURA EN TECNOLOGÍAS DE LA INFORMACIÓN (NO ESCOLARIZADO),
5952,5021400100,LICENCIATURA EN ANIMACIÓN 2D Y 3D,
5953,5021400101,LICENCIATURA EN DIRECCIÓN CINEMATOGRÁFICA Y MEDIOS DIGITALES,
5954,5021200060,"LICENCIATURA EN ACTUACIÓN PARA TEATRO, CINE Y T.V.",
5955,4041200021,TÉCNICO SUPERIOR UNIVERSITARIO EN COMERCIALIZACIÓN INMOBILIARIA,
5956,5042100264,LICENCIATURA EN DESARROLLO Y ADMINISTRACIÓN DEL CAPITAL HUMANO,
5957,5062200144,LICENCIATURA EN INFORMÁTICA Y TECNOLOGÍAS APLICADAS,
5958,5012604053,LICENCIATURA EN ENSEÑANZA Y APRENDIZAJE DE LA QUÍMICA,
5959,5061300123,INGENIERÍA EN CIBERSEGURIDAD,
5960,5021300181,LICENCIATURA EN COMPOSICIÓN Y PRODUCCIÓN MUSICAL,
5961,5011100040,"LICENCIATURA EN PEDAGOGÍA CON ACENTUACIÓN EN DOCENCIA, GESTIÓN ESCOLAR E INCLUSIÓN",
5962,5041200210,LICENCIATURA EN ADMINISTRACIÓN DE EMPRESAS Y MERCADOTECNIA,
5963,5012604054,LICENCIATURA EN ENSEÑANZA Y APRENDIZAJE DE LA BIOLOGÍA,
5964,5012604055,LICENCIATURA EN ENSEÑANZA Y APRENDIZAJE DE LA FÍSICA,
5965,5061300124,INGENIERO EN SOFTWARE Y TECNOLOGÍAS EMERGENTES,
5966,5021400102,LICENCIATURA EN ANIMACIÓN DIGITAL Y EFECTOS VISUALES,
5967,5021200061,LICENCIATURA EN ARTES CINEMATOGRÁFICAS Y PRODUCCIÓN AUDIOVISUAL,
5968,5012604056,LICENCIATURA EN DOCENCIA DE LAS CIENCIAS,
5969,5094100019,LICENCIATURA EN KINESIOLOGÍA Y FISIATRÍA,
5970,5021500155,LICENCIATURA EN DISEÑO GRÁFICO DIGITAL Y MULTIMEDIA,
5971,5021200062,LICENCIATURA EN DISEÑO Y ORGANIZACIÓN DE EVENTOS,
5972,5101600051,LICENCIATURA EN TURISMO SOSTENIBLE Y DESARROLLO LOCAL,
5973,5053100012,LICENCIATURA EN MATEMÁTICAS PARA EL DESARROLLO,
5974,5012604057,LICENCIATURA EN ENSEÑANZA Y APRENDIZAJE DEL ESPAÑOL,
5975,5021200063,LICENCIATURA EN ACTUACIÓN Y EMPRENDIMIENTO ARTÍSTICO,
5976,5071700109,LICENCIATURA EN INGENIERÍA EN INNOVACIÓN INDUSTRIAL,
5977,5071000084,LICENCIATURA EN BIOCONSTRUCCIÓN Y DISEÑO SUSTENTABLE,
5978,5021500156,LICENCIATURA EN DISEÑO E INNOVACIÓN,
5979,5021400103,LICENCIATURA EN PRODUCCIÓN E INDUSTRIA DE LA MÚSICA,
5980,5042500052,LICENCIATURA EN DIRECCIÓN DE EMPRESAS CULTURALES,
5981,5072100060,INGENIERÍA EN INNOVACIÓN AGROALIMENTARIA,
5982,5042100265,LICENCIATURA EN DESARROLLO EMPRESARIAL Y CAPITAL HUMANO,
5983,4042100025,TÉCNICO SUPERIOR UNIVERSITARIO EN GESTIÓN DOCUMENTAL,
5984,5041200211,LICENCIATURA EN MERCADOTECNIA Y PUBLICIDAD EN ENTORNOS DIGITALES ,
5985,5072400050,LICENCIATURA EN PETRÓLEO Y GAS,
5986,5031000023,LICENCIATURA EN DESARROLLO HUMANO Y FAMILIAR,
5987,5072400051,INGENIERÍA PETROLERA Y ENERGÍAS RENOVABLES,
5988,5071400050,INGENIERÍA EN BIOQUÍMICA,
5989,5041200212,"LICENCIATURA EN MERCADOTECNIA CON ACENTUACIÓN EN PUBLICIDAD, DIGITAL Y ESTRATÉGICA",
5990,5061100020,LICENCIATURA EN COMPUTACIÓN CREATIVA,
5991,5101100080,LICENCIATURA EN ENTRENAMIENTO E INNOVACIÓN DEPORTIVA,
5992,5011100041,LICENCIATURA EN PEDAGOGÍA INFANTIL E INTERCULTURAL,
5993,5031200057,LICENCIATURA EN GESTIÓN PARA EL DESARROLLO,
5994,4041400011,TÉCNICO SUPERIOR UNIVERSITARIO EN CONTADURÍA Y FINANZAS,
5995,5094100020,LICENCIATURA EN FISIOTERAPIA Y REHABILITACIÓN INTEGRAL,
5996,4042100026,TÉCNICO SUPERIOR UNIVERSITARIO EN ADMINISTRACIÓN DE EMPRESAS,
5997,5041400130,LICENCIATURA EN CONTADURÍA Y ADMINISTRACIÓN DE NEGOCIOS,
5998,5022300046,LICENCIATURA EN LENGUA ESPAÑOLA Y LITERATURA,
5999,5033200059,LICENCIATURA EN SEGURIDAD Y CIENCIAS FORENSES,
6000,5012702032,LICENCIATURA EN NECESIDADES EDUCATIVAS ESPECIALES,
6001,5041200213,LICENCIATURA EN ADMINISTRACIÓN DE VENTAS,
6002,5011100042,LICENCIATURA EN PEDAGOGÍA EN EL ÁREA DE TÉCNICAS DIDÁCTICAS,
6003,5104100049,LICENCIATURA EN SEGURIDAD CIUDADANA E INVESTIGACIÓN POLICIAL,
6004,5101500064,LICENCIATURA EN GASTRONOMÍA Y GESTIÓN DE NEGOCIOS CULINARIOS,
6005,4072000008,TÉCNICO SUPERIOR UNIVERSITARIO EN PROCESOS DE MANUFACTURA AUTOMOTRIZ,
6006,5071500061,INGENIERO INDUSTRIAL AUTOMOTRIZ,
6007,5092100029,LICENCIATURA EN ENFERMERÍA COMPLEMENTO DE PROFESIONAL TÉCNICO,
6008,5042200112,LICENCIATURA EN GESTIÓN E INNOVACIÓN DEL TURISMO,
6009,5072100061,LICENCIATURA EN CIENCIA DE ALIMENTOS,
6010,5031500026,LICENCIATURA EN GESTIÓN DE LA RESPONSABILIDAD SOCIAL,
6011,5051200035,LICENCIATURA EN QUÍMICO BACTERIÓLOGO PARASITÓLOGO,
6012,5033200060,LICENCIATURA EN CIENCIAS FORENSES Y CRIMINALÍSTICA,
6013,4091342002,NIVELACIÓN DE TÉCNICO SUPERIOR UNIVERSITARIO EN IMAGENOLOGÍA A LICENCIATURA EN IMAGENOLOGÍA,
6014,5033100108, LICENCIADO EN DERECHO Y ASUNTOS INTERNACIONALES,
6015,4091100001,TÉCNICO SUPERIOR UNIVERSITARIO EN MEDICINA PREHOSPITALARIA INTEGRAL,
6016,4042100027,PROFESIONAL ASOCIADO EN ADMINISTRACIÓN DE NEGOCIOS,
6017,5062100085,LICENCIATURA EN INGENIERÍA EN SISTEMAS DE LA INFORMACIÓN Y COMPUTACIÓN,
6018,5021500157,LICENCIATURA EN ANIMACIÓN CINEMATOGRÁFICA,
6019,5061300125,INGENIERÍA EN CIENCIA Y ANALÍTICA DE DATOS,
6020,5042100266,LICENCIATURA EN EMPRENDIMIENTO E INNOVACIÓN,
6021,5071100051,LICENCIATURA EN INGENIERÍA EN DISEÑO INDUSTRIAL E INNOVACIÓN TECNOLÓGICA,
6022,5041100176,LICENCIATURA EN EN NEGOCIOS FINANZAS,
6023,5041100177,LICENCIATURA EN NEGOCIOS FINANZAS,
6024,5071500062,LICENCIATURA EN INGENIERÍA ELECTRÓNICA AUTOMOTRIZ,
6025,5062100086,LICENCIATURA EN INGENIERÍA DE AMBIENTES INTELIGENTES,
6026,5061300126,LICENCIATURA EN INGENIERÍA DE PRODUCCIÓN DE MEDIOS DIGITALES,
6027,5042300050,LICENCIANDO EN ADMINISTRACIÓN GUBERNAMENTAL,
6028,5042300051,LICENCIADO EN ADMINISTRACIÓN GUBERNAMENTAL,
6029,5021500158,LICENCIATURA EN DISEÑO GRÁFICO DIGITAL Y ANIMACIÓN ,
6030,5071400051,LICENCIATURA EN INGENIERO QUÍMICO,
6031,5012500025,LICENCIATURA EN EDUCACIÓN MEDIA SUPERIOR CON ESPECIALIDAD EN CIENCIAS SOCIALES,
6032,5042400065,LICENCIATURA EN INGENIERÍA INDUSTRIAL E INNOVACIÓN BASADA EN DATOS,
6033,5042200113,LICENCIATURA EN ADMINISTRACIÓN DE EMPRESAS GASTRONÓMICAS Y TURÍSTICAS,
6034,5041200214,LICENCIADO EN ADMINISTRACIÓN Y MERCADOTECNIA,
6035,5041100178,LICENCIADO EN COMERCIO INTERNACIONAL Y ADUANAS,
6036,5042300052,LICENCIADO EN CIENCIAS POLÍTICAS Y ADMINISTRATIVAS,
6037,5011400016,LICENCIATURA EN EDUCACIÓN Y TECNOLOGÍAS DE LA INFORMACIÓN Y LA COMUNICACIÓN,
6038,5093100013,LICENCIADO CIRUJANO DENTISTA,
6039,4033100004,TÉCNICO SUPERIOR UNIVERSITARIO EN DERECHOS HUMANOS,
6040,4041100019,TÉCNICO SUPERIOR UNIVERSITARIO EN NEGOCIOS DIGITALES,
6041,4031400001,TÉCNICO SUPERIOR UNIVERSITARIO EN FINANZAS Y ECONOMÍA SOCIAL,
6042,4042100028,TÉCNICO SUPERIOR UNIVERSITARIO EN GESTIÓN DEL TERRITORIO,
6043,4041400012,TÉCNICO SUPERIOR UNIVERSITARIO EN SISTEMAS CONTABLES Y ADMINISTRATIVOS,
6044,5071300139,LICENCIATURA EN INGENIERÍA ELECTRÓNICA PARA SISTEMAS INTELIGENTES,
6045,5061000027,LICENCIATURA EN TRANSFORMACIÓN DIGITAL PARA LOS NEGOCIOS,
6046,5093100014,LICENCIATURA EN MEDICINA DENTAL,
6047,5101600052,LICENCIATURA EN TURISMO Y DESARROLLO SOSTENIBLE,
6048,4052300004,TÉCNICO SUPERIOR UNIVERSITARIO EN FORMULACIÓN Y EVALUACIÓN DE PROYECTOS AGROPECUARIOS,
6049,5101500065,LICENCIATURA EN GASTRONOMÍA Y ARTE CULINARIO,
6050,4071500020,TÉCNICO SUPERIOR UNIVERSITARIO EN MECÁNICA AUTOMOTRIZ A GASOLINA,
6051,5021500159,LICENCIATURA EN ANIMACIÓN Y DISEÑO DE ENTRETENIMIENTO,
6052,5021000131,LICENCIATURA EN ARTE Y GESTIÓN CULTURAL,
6053,5033100109,LICENCIATURA EN DERECHO CON ÉNFASIS EN LA INTERCULTURALIDAD,
6054,5101600053,LICENCIATURA EN TURISMO COMUNITARIO,
6055,5041300061,LICENCIATURA EN DIRECCIÓN DE FINANZAS ,
6056,5031000024,LICENCIATURA EN DESARROLLO HUMANO Y LIDERAZGO,
6057,5041100179,LICENCIATURA EN NEGOCIOS INMOBILIARIOS,
6058,4041100020,PROFESIONAL ASOCIADO EN NEGOCIOS E INVERSIONES,
6059,5041100180,LICENCIATURA EN NEGOCIOS E INVERSIONES,
6060,4041100021,PROFESIONAL ASOCIADO EN NEGOCIOS,
6061,4041100022,PROFESIONAL ASOCIADO EN NEGOCIOS INMOBILIARIOS,
6062,5042100267,LICENCIATURA EN DIRECCIÓN DE ESTRATEGIAS DE CONTENIDO,
6063,5104200004,LICENCIATURA EN LOGÍSTICA DEL MATERIAL DE GUERRA,
6064,5101600054,LICENCIATURA EN TURISMO COMUNITARIO Y MERCADOTECNIA,
6065,5042100268,LICENCIATURA EN ADMINISTRACIÓN Y LOGÍSTICA INTERCULTURAL,
6066,5061300127,INGENIERÍA AGRÓNICA SOSTENIBLE,
6067,5071500063,LICENCIATURA EN AERONÁUTICA MILITAR,
6068,5041400131,LICENCIATURA EN CONTABILIDAD CON ÉNFASIS FISCAL,
6069,5031100083,LICENCIATURA EN PSICOLOGÍA CLÍNICA Y DE LA SALUD,
6070,5042100269,LICENCIATURA EN GESTIÓN DEL TALENTO HUMANO Y ADMINISTRACIÓN,
6071,5095600011,LICENCIATURA EN ATENCIÓN PRIMARIA DE LA SALUD INTEGRAL,
6072,5021400104,LICENCIATURA EN ACTUACIÓN PARA DOBLAJE DE VOZ,
6073,5071500064,INGENIERÍA EN MANUFACTURA AUTOMOTRIZ SUSTENTABLE,
6074,5071700110,INGENIERÍA INDUSTRIAL E INNOVACIÓN TECNOLÓGICA,
6075,5011100043,LICENCIATURA EN PEDAGOGÍA EN ARTES MARCIALES,
6076,5012702033,EDUCACIÓN ESPECIAL EN EL ÁREA AUDITIVA Y DE LENGUAJE,
6077,5012702034,EDUCACIÓN ESPECIAL EN EL ÁREA INTELECTUAL,
6078,5042200114,LICENCIATURA EN ADMINISTRACIÓN TURÍSTICA SOSTENIBLE,
6079,5061100021,LICENCIATURA EN CIENCIAS DE LA COMUNICACIÓN Y MEDIOS DIGITALES,
6080,5042000054,LICENCIATURA EN DISEÑO GRÁFICO ESTRATÉGICO,
6081,5071200056,LICENCIATURA EN INGENIERÍA ELÉCTRICA SUSTENTABLE,
6082,5071300140,LICENCIATURA EN INGENIERÍA ELECTRÓNICA BIOMÉDICA,
6083,5072100062,LICENCIATURA EN INGENIERÍA EN ALIMENTOS Y NEGOCIOS,
6084,5071300141,LICENCIATURA EN INGENIERÍA EN ELECTRÓNICA E INTERNET DE LAS COSAS,
6085,5071300142,LICENCIATURA EN INGENIERÍA EN ELECTRÓNICA Y CIBERSEGURIDAD,
6086,5042100270,LICENCIATURA EN INGENIERÍA EN INNOVACIÓN Y GESTIÓN EMPRESARIAL,
6087,5071500065,LICENCIATURA EN INGENIERÍA EN TECNOLOGÍAS AUTOMOTRICES,
6088,5071400052,LICENCIATURA EN INGENIERÍA QUÍMICA EN AUTOMATIZACIÓN DE PROCESOS SUSTENTABLES,
6089,5081100112,LICENCIATURA EN INGENIERO EMPRESARIAL AGROPECUARIO,
6090,5021600104,LICENCIATURA EN NEGOCIOS DE LA MODA E IMAGEN,
6091,5041100181,LICENCIATURA EN NEGOCIOS Y TRANSFORMACIÓN DIGITAL,
6092,4021200009,PROFESIONAL ASOCIADO EN ACTUACIÓN Y CONDUCCIÓN AUDIOVISUAL,
6093,4053200002,PROFESIONAL ASOCIADO EN ANALISTA DE DATOS,
6094,4071300019,PROFESIONAL ASOCIADO EN AUTOMATIZACIÓN Y CONTROL INDUSTRIAL ,
6095,4061300011,PROFESIONAL ASOCIADO EN DESARROLLO DE SOFTWARE ,
6096,4071200021,PROFESIONAL ASOCIADO EN ENERGÍA SOSTENIBLE ,
6097,4062100015,PROFESIONAL ASOCIADO EN GESTIÓN DE REDES SOCIALES ,
6098,4062200033,PROFESIONAL ASOCIADO EN GESTIÓN Y DIGITALIZACIÓN EMPRESARIAL ,
6099,4073100003,PROFESIONAL ASOCIADO EN ILUMINACIÓN SOSTENIBLE ,
6100,4073100004,PROFESIONAL ASOCIADO EN INTERIORISMO SOSTENIBLE,
6101,4072000009,PROFESIONAL ASOCIADO EN PROCESOS DE MANUFACTURA INDUSTRIAL,
6102,4081100012,PROFESIONAL ASOCIADO EN SISTEMAS DE PRODUCCIÓN AGRÍCOLA SUSTENTABLE,
6103,5041100182,"LICENCIATURA EN COMERCIO INTERNACIONAL, LOGÍSTICA Y ADUANAS",
6104,5041400132,"LICENCIATURA EN CONTADOR PÚBLICO, AUDITORÍA Y FINANZAS",
6105,5073200052,INGENIERÍA EN SISTEMAS HIDRÁULICOS,
6106,4071300020,TÉCNICO SUPERIOR UNIVERSITARIO EN ELECTRÓNICA Y PRUEBAS ,
6107,5042200115,LICENCIATURA EN GESTIÓN DE RESTAURANTES Y EVENTOS,
6108,5042100271,LICENCIATURA EN LIDERAZGO Y ALTA DIRECCIÓN,
6109,5012400033,LICENCIATURA EN EDUCACIÓN MEDIA SUPERIOR CON ESPECIALIDAD EN CIENCIAS NATURALES,
6110,4033200010,TÉCNICO SUPERIOR UNIVERSITARIO EN SISTEMA PENITENCIARIO CUSTODIO,
6111,5042300053,LICENCIATURA EN GOBIERNO Y TRANSFORMACIÓN PÚBLICA,
6112,4071700015,TÉCNICO SUPERIOR UNIVERSITARIO EN PROCESOS INDUSTRIALES ÁREA GESTIÓN Y PRODUCTIVIDAD DEL CALZADO,
6113,5041200215,LICENCIATURA EN MARKETING INTEGRAL,
6114,5042100272,LICENCIATURA EN ADMINISTRACIÓN ESTRATÉGICA Y GESTIÓN DE NEGOCIOS,
6115,5071500066,LICENCIATURA EN INGENIERÍA MECÁNICA AUTOMOTRIZ Y MOTOCICLETAS,
6116,5042200116,LICENCIATURA EN ADMINISTRACIÓN HOTELERA Y TURISMO,
6117,5021500160,"LICENCIATURA EN DISEÑO, ANIMACIÓN DIGITAL Y PUBLICIDAD",
6118,5071700111,LICENCIATURA EN METROLOGÍA Y NORMALIZACIÓN ,
6119,5032100097,LICENCIATURA EN PERIODISMO Y COMUNICACIÓN DIGITAL,
6120,5042100273,LICENCIATURA EN ADMINISTRACIÓN Y ESTRATEGIAS DE NEGOCIOS,
6121,5031500027,LICENCIADO EN TRABAJO SOCIAL,
6122,5031500028,LICENCIADO EN TRABAJO SOCIAL PARA QUIENES HAYAN CONCLUIDO LOS ESTUDIOS DE TRABAJO SOCIAL,
6123,5042100274,LICENCIATURA EN GESTIÓN FINANCIERA EMPRESARIAL ,
6124,5042100275,LICENCIATURA EN ADMINISTRACIÓN DE NEGOCIOS OMNICANAL,
6125,5101300037,LICENCIATURA EN COSMETOLOGÍA Y COSMIATRÍA INTEGRAL,
6126,5012601021,LICENCIADO EN EDUCACIÓN FÍSICA,
6127,5081300019,LICENCIATURA EN INGENIERÍA AGROFORESTAL,
6128,5081100113,LICENCIATURA EN INGENIERÍA AGROHIDRÁULICA,
6129,5081100114,LICENCIATURA EN INGENIERÍA AGRONÓMICA Y ZOOTECNIA,
6130,5061000028,LICENCIATURA EN INGENIERÍA EN CIENCIAS DE LA COMPUTACIÓN,
6131,5071700112,LICENCIATURA EN INGENIERÍA EN PROCESOS Y GESTIÓN INDUSTRIAL,
6132,5072200019,LICENCIATURA EN INGENIERÍA TEXTIL,
6133,5012603049,LICENCIATURA EN LA ENSEÑANZA DEL FRANCÉS,
6134,4101200004,PROFESIONAL ASOCIADO EN DIRECCIÓN FUNERARIA,
6135,5061300128,LICENCIATURA EN INGENIERÍA EN TECNOLOGÍA DIGITAL,
6136,5091200005,LICENCIATURA EN MEDICINA Y HOMEOPATÍA,
6137,5092100030,LICENCIATURA EN ENFERMERÍA NIVELACIÓN ACADÉMICA,
6138,5041400133,LICENCIADO EN CONTADURÍA,
6139,5031400029,LICENCIADO EN ECONOMÍA,
6140,5062200145,LICENCIADO EN INFORMÁTICA ADMINISTRATIVA,
6141,5062100087,LICENCIATURA EN INGENIERÍA EN CIENCIA DE DATOS,
6142,5101100081,LICENCIATURA EN GESTIÓN DEL ENTRENAMIENTO DEPORTIVO,
6143,4041200022,TÉCNICO SUPERIOR UNIVERSITARIO EN COMERCIO Y VENTAS,
6144,5032100098,LICENCIATURA EN COMUNICACIÓN Y ESTILISMO DE MODA,
6145,5022600016,LICENCIADO EN FILOSOFÍA,
6146,5071300143,INGENIERO EN ELECTRÓNICA,
6147,5021400105,LICENCIATURA EN PRODUCCIÓN DE ANIMACIÓN Y VFX,
6148,5011300030,LICENCIATURA EN ENSEÑANZA Y APRENDIZAJE DE LAS MATEMÁTICAS,
6149,5012300035,LICENCIATURA EN ENSEÑANZA Y APRENDIZAJE DE LAS MATEMÁTICAS,
6150,5012300036,LICENCIATURA EN ENSEÑANZA Y APRENDIZAJE DE LA FÍSICA,
6151,5012300037,LICENCIATURA EN ENSEÑANZA Y APRENDIZAJE DE LA HISTORIA,
6152,5012300038,LICENCIATURA EN ENSEÑANZA Y APRENDIZAJE DE LA QUÍMICA,
6153,5012300039,LICENCIATURA EN ENSEÑANZA Y APRENDIZAJE DE LA BIOLOGÍA,
6154,5071100052,LICENCIATURA EN INGENIERÍA MECÁNICA Y AUTOMOTRIZ,
6155,5033100110,LICENCIATURA EN DERECHO CON ORIENTACIÓN EN CIENCIAS PENALES,
6156,5033200061,LICENCIATURA EN CRIMINOLOGÍA CON ENFOQUE EN SEGURIDAD CIUDADANA,
6157,5061300129,LICENCIATURA EN INGENIERÍA DE SISTEMAS COMPUTACIONALES,
6158,5061300130,LICENCIATURA EN SEGURIDAD EN TECNOLOGÍAS DE INFORMACIÓN,
6159,5104100050,LICENCIATURA EN SEGURIDAD PÚBLICA Y CIENCIAS POLICIALES,
6160,4093100012,TÉCNICO SUPERIOR UNIVERSITARIO EN PROTESISTA DENTAL,
6161,5021500161,LICENCIATURA EN DISEÑO MULTIMEDIA Y ARTES DIGITALES,
6162,5052300031,LICENCIATURA EN GEOGRAFÍA E HISTORIA,
6163,5061000029,"LICENCIATURA EN INGENIERÍA EN SISTEMAS, TECNOLOGÍAS DE LA INFORMACIÓN Y TELEMÁTICA",
6164,5104100051,LICENCIATURA EN CIENCIAS POLICIALES Y PERICIALES,
6165,5021500162,LICENCIATURA EN DISEÑO GRÁFICO DIGITAL Y MARKETING,
6166,5102100026,INGENIERÍA EN LOGÍSTICA Y ADMINISTRACIÓN DE TRANSPORTES,
6167,5033200062,LICENCIATURA EN CRIMINOLOGÍA Y POLÍTICA POLICIAL,
6168,5041200216,LICENCIATURA EN MERCADOTECNIA Y GESTIÓN DE MARCAS,
6169,5042100276,LICENCIATURA EN INNOVACIÓN EMPRENDEDORA,
6170,5101600055,LICENCIATURA EN HOSPITALIDAD Y DIRECCIÓN,
6171,5041100183,LICENCIATURA EN COMERCIO EXTERIOR Y OPERACIÓN ADUANERA,
6172,5041200217,LICENCIATURA EN DIRECCIÓN COMERCIAL,
6173,5011200023,LICENCIATURA EN INNOVACIÓN EDUCATIVA Y GESTIÓN DEL CONOCIMIENTO,
6174,5042000055,LICENCIATURA EN COMUNICACIÓN EMPRESARIAL,
6175,5042100277,LICENCIATURA EN GESTIÓN Y RECURSOS HUMANOS,
6176,5012701023,LICENCIATURA EN PUERICULTURA Y EDUCACIÓN INFANTIL,
6177,5061300131,INGENIERO DE SISTEMAS ELECTRÓNICOS,
6178,5022500016,LICENCIADO EN ESTUDIOS INTERNACIONALES,
6179,5081400019,LICENCIADO EN PRODUCTIVIDAD PESQUERA,
6180,5071400053,INGENIERO QUÍMICO ADMINISTRADOR,
6181,5062200146,LICENCIADO EN COMPUTACIÓN ADMINISTRATIVA,
6182,5042200117,LICENCIATURA EN DESARROLLO DE PRODUCTOS TURÍSTICOS,
6183,5011200024,LICENCIATURA EN TRANSFORMACIÓN DIGITAL E INNOVACIÓN EDUCATIVA,
6184,5101600056,LICENCIATURA EN TRANSFORMACIÓN DIGITAL Y TURISMO,
6185,5032100099,LICENCIATURA EN TRANSFORMACIÓN DIGITAL Y COMUNICACIONES,
6186,5041100184,LICENCIATURA EN INGENIERO INDUSTRIAL Y DE LOGÍSTICA,
6187,5031500029,LICENCIATURA EN TRABAJO SOCIAL CON ÉNFASIS EN EDUCACIÓN,
6188,5031200058,LICENCIATURA EN SOCIOLOGÍA CRIMINAL,
6189,5021200064,LICENCIATURA EN EXPRESIÓN Y FORMACIÓN EN DANZA,
6190,5021500163,LICENCIATURA EN DISEÑO GRÁFICO E INNOVACIÓN CREATIVA,
6191,5031200059,LICENCIATURA EN GESTIÓN PARA EL DESARROLLO REGIONAL,
6192,5041400134,LICENCIATURA EN CONTADOR PÚBLICO INTERNACIONAL Y FINANZAS,
6193,5071300144,LICENCIATURA EN INGENIERÍA EN CIENCIA DE DATOS E INTELIGENCIA ARTIFICIAL,
6194,5041300062,LICENCIATURA EN INGENIERÍA CONTABLE Y FINANCIERA,
6195,5071300145,LICENCIATURA EN INGENIERÍA EN CONTROL AUTOMÁTICO Y ROBÓTICA,
6196,5041300063,LICENCIATURA EN ADMINISTRACIÓN DE SEGUROS,
6197,5071500067,LICENCIATURA EN INGENIERÍA DE MECÁNICA AUTOMOTRIZ,
6198,5021200065,LICENCIATURA EN ARTES ESCÉNICAS: TEATRO,
6199,5101500066,LICENCIATURA EN GASTRONOMÍA Y GESTIÓN DE RESTAURANTES,
6200,5061300132,LICENCIATURA EN INGENIERÍA EN SOFTWARE Y SISTEMAS,
6201,5061300133,LICENCIATURA EN INGENIERÍA EN TRANSFORMACIÓN DIGITAL DE NEGOCIOS,
6202,5071100053,LICENCIATURA EN INGENIERÍA MECÁNICA Y ELECTRÓNICA AUTOMOTRIZ,
6203,4071500021,TÉCNICO SUPERIOR UNIVERSITARIO EN SISTEMAS AUTOMOTRICES ÁREA CARROCERÍA Y PINTURA,
6204,4071500022,TÉCNICO SUPERIOR UNIVERSITARIO EN SISTEMAS AUTOMOTRICES ÁREA ELECTROMOVILIDAD,
6205,5061300134,LICENCIATURA EN INGENIERÍA EN CIBERSEGURIDAD,
6206,4101500023,TÉCNICO SUPERIOR UNIVERSITARIO EN MANEJO DE ALIMENTOS Y CULTURA DEL VINO,
6207,5062100088,INGENIERÍA DE TECNOLOGÍAS DE INFORMACIÓN Y CIBERSEGURIDAD,
6208,5071100054,LICENCIATURA EN INGENIERÍA BIOMECÁNICA,
6209,5071300146,INGENIERÍA EN SEMICONDUCTORES,
6210,5071400054,INGENIERÍA QUÍMICA METALÚRGICA,
6211,5072100063,INGENIERO QUÍMICO EN ALIMENTOS,
6212,5073200053,INGENIERO TOPÓGRAFO GEOMÁTICO,
6213,5022600017,LICENCIATURA EN FILOSOFÍA Y CIENCIA,
6214,4071500023,TÉCNICO SUPERIOR UNIVERSITARIO EN ELECTROMOVILIDAD,
6215,5021500164,LICENCIATURA EN DISEÑO GRAFICO Y LOGÍSTICA DE EVENTOS,
6216,5041100185,LICENCIATURA EN LOGÍSTICA Y NEGOCIACIÓN INERNACIONAL,
6217,5041100186,LICENCIATURA EN INGENIERÍA EN NEGOCIOS Y SERVICIOS DIGITALES,
6218,5053100013,INGENIERÍA EN CIENCIA DE DATOS Y MATEMÁTICAS,
6219,5042000056,LICENCIATURA EN GESTIÓN Y CREACIÓN DE PyMEs,
6220,5071300147,INGENIERÍA MECATRÓNICA DUAL,
6221,5041400135,LICENCIATURA EN CONTADURÍA FISCAL Y FINANCIERA,
6222,5071000085,LICENCIATURA EN INGENIERÍA EN DESARROLLO SUSTENTABLE Y CALIDAD,
6223,5022200055,LICENCIATURA EN ENSEÑANZA DE LENGUA Y CULTURA FRANCESAS,
6224,5022200056,LICENCIATURA EN LENGUA INGLESA Y DIDÁCTICA DEL INGLES,
6225,5071000086,LICENCIATURA EN INGENIERÍA DE CIBERSEGURIDAD E INFRAESTRUCTURA DE COMPUTO,
6226,5071000087,LICENCIATURA EN INGENIERÍA EN PRODUCCIÓN MUSICAL ,
6227,5031000025,LICENCIATURA EN ESTUDIOS DE GENERO,
6228,5071500068,LICENCIATURA EN EN INGENIERÍA EN MANTENIMIENTO AERONÁUTICO,
6229,5071500069,LICENCIATURA EN INGENIERÍA EN MANTENIMIENTO AERONÁUTICO ,
6230,5071300148,LICENCIATURA EN INGENIERÍA EN INSTRUMENTACIÓN ELECTRÓNICA ,
6231,5061000030,LICENCIATURA EN TECNOLOGÍAS DE INFORMACIÓN EN LAS ORGANIZACIONES,
6232,5022000015,LICENCIATURA EN DESARROLLO DEL TALENTO HUMANO EN LAS ORGANIZACIONES,
6233,5071700113,LICENCIATURA EN INGENIERÍA METALÚRGICA Y CIENCIAS DE LOS MATERIALES,
6234,5073100061,LICENCIATURA EN DISEÑO DE AMBIENTES ARQUITECTÓNICOS,
6235,4061300012,TÉCNICO SUPERIOR UNIVERSITARIO EN DESARROLLO E INNOVACIÓN DE SOFTWARE,
6236,5071300149,LICENCIATURA EN INGENIERÍA EN DISEÑO ELECTRÓNICO,
6237,5071100055,LICENCIATURA EN INGENIERÍA EN DISEÑO MECÁNICO,
6238,5071000088,LICENCIATURA EN INGENIERÍA LOGÍSTICA,
6239,5071500070,LICENCIATURA EN INGENIERÍA EN TRANSPORTE Y SISTEMAS DE DISTRIBUCIÓN,
6240,5071700114,LICENCIATURA EN INGENIERÍA INDUSTRIAL E INNOVACIÓN TECNOLÓGICA,
6241,5071300150,LICENCIATURA EN INGENIERÍA MECATRÓNICA PARA MANUFACTURA,
6242,5101100082,LICENCIATURA EN DEPORTE Y BIENESTAR,
6243,5071600040,LICENCIATURA EN INGENIERÍA EN MANEJO SUSTENTABLE DE RECURSOS NATURALES,
6244,5042000057,LICENCIATURA EN DIRECCIÓN ESTRATÉGICA DE RECURSOS HUMANOS,
6245,5072000029,LICENCIATURA EN INGENIERÍA EN SISTEMAS DE PRODUCCIÓN AGROPECUARIA ,
6246,4101200005,TÉCNICO SUPERIOR UNIVERSITARIO COMO HISTOTECNÓLOGO Y EMBALSAMADOR,
6247,5012604058,LICENCIATURA EN DOCENCIA MEDIADA POR TECNOLOGÍA ,
6248,5012603050,LICENCIATURA EN ENSEÑANZA DE LENGUAS-INGLÉS,
6249,5071200057,LICENCIATURA EN INGENIERÍA EN NANOTECNOLOGÍA Y ENERGÍAS RENOVABLES,
6250,5072000030,INGENIERÍA EN PROCESOS DE PRODUCCIÓN SOSTENIBLE Y ECONOMÍA SOCIAL COMUNITARIA,
6251,5091100025,LICENCIATURA EN MEDICINA Y SALUD COMUNITARIA,
6252,5012603051,LICENCIATURA EN ENSEÑANZA DE LENGUASCON OPCIÓN EN INGLÉS,
6253,5042000058,LICENCIATURA EN ADMINISTRACIÓN CON ENFOQUE EN GERENCIA ESTRATÉGICA ,
6254,5102100027,LICENCIATURA EN MOVILIDAD Y URBANISMO CON ENFOQUE EN SEGURIDAD VIAL,
6255,5012603052,LICENCIATURA EN ENSEÑANZA DE LENGUAS CON OPCIÓN EN INGLÉS,
6256,5072000031,LICENCIATURA EN INGENIERO EN DESARROLLO SUSTENTABLE,
6257,5073200054,LICENCIATURA EN INGENIERO CIVIL,
6258,5072000032,LICENCIATURA EN INGENIERO EN BIOTECNOLOGÍA,
6259,5072100064,LICENCIATURA EN INGENIERO EN ALIMENTOS ,
6260,5071300151,LICENCIATURA EN INGENIERO EN ROBÓTICA Y SISTEMAS DIGITALES,
6261,5072000033,LICENCIATURA EN INGENIERO EN INNOVACIÓN Y DESARROLLO,
6262,5071700115,LICENCIATURA EN INGENIERO FÍSICO INDUSTRIAL,
6263,4021600013,TÉCNICO SUPERIOR UNIVERSITARIO EN CURTIDURÍA,
6264,5012100016,LICENCIATURA EN EDUCACIÓN CON ÉNFASIS EN PREESCOLAR E INICIAL,
6265,5041100187,LICENCIATURA EN NEGOCIOS Y  COMERCIO ELECTRÓNICO,
6266,5071000089,LICENCIATURA EN INGENIERÍA EN  TECNOLOGÍAS Y SERVICIOS DE  TELECOMUNICACIONES ,
6267,5042100278,LICENCIATURA EN GESTIÓN DE EMPRESAS DE ECONOMÍA SOCIAL,
6268,5071700116,LICENCIATURA EN INGENIERÍA EN SISTEMAS INDUSTRIALES,
6269,5041100188,LICENCIATURA EN LOGÍSTICA GLOBAL,
6270,5071100056,LICENCIATURA EN INGENIERÍA EN SISTEMAS MECÁNICOS,
6271,5062100089,LICENCIATURA EN TECNOLOGÍAS DIGITALES Y DISEÑO,
6272,5071200058,LICENCIATURA EN INGENIERÍA EN SISTEMAS ELÉCTRICOS,
6273,5092203005,LICENCIATURA EN ENFERMERÍA Y ATENCIÓN DEL ADULTO MAYOR,
6274,5071000090,LICENCIATURA EN INGENIERIA EN TECNOLOGÍAS Y SERVICIOS DE TELECOMUNICACIÓN,
6275,5031300045,LICENCIATURA EN CIENCIAS POLÍTICAS E INNOVACIÓN DEMOCRÁTICA ,
6276,5041100189,LICENCIATURA EN CREACIÓN Y TRANSFORMACIÓN DE NEGOCIOS,
6277,5092100031,LICENCIATURA EN ENFERMERÍA COMPLEMENTARIO DEL NIVEL TÉCNICO PROFESIONAL,
6278,5051100017,LICENCIATURA EN BIOLOGÍA ACUÍCOLA,
6279,5104100052,LICENCIATURA EN SEGURIDAD PÚBLICA Y MOVILIDAD URBANA,
6280,5101300038,"LICENCIATURA EN COSMIATRIA, INNOVACIÓN BIOTECNOLOGICA Y ESTÉTICA INTEGRAL CON ACENTUACIÓN EN INVESTIGACIÓN",
6281,5051300045,LICENCIATURA EN DESARROLLO DE PROYECTOS AMBIENTALES CON ACENTUACIÓN EN INVESTIGACIÓN Y DOCENCIA,
6282,5072000034,LICENCIATURA EN INGENIERÍA EN GESTIÓN Y CREACIÓN DE EMPRESAS,
6283,5062100090,LICENCIATURA EN INGENIERÍA EN TECNOLOGÍAS Y SERVICIOS DE TELECOMUNICACIÓN,
6284,5031000026,LICENCIATURA EN DIRECCIÓN DEL TALENTO HUMANO,
6285,5071000091,LICENCIATURA EN INGENIERÍA EN ARQUITECTURA INTELIGENTE,
6286,5071700117,LICENCIATURA EN INGENIERÍA INDUSTRIAL EN SISTEMAS INTEGRADOS,
6287,5071700118,LICENCIATURA EN INGENIERÍA EN ANÁLISIS Y CIENCIA DE DATOS,
6288,5032100100,LICENCIATURA EN CIENCIAS DE LA COMUNICACIÓN Y PRODUCCIÓN AUDIOVISUAL,
6289,5071700119,LICENCIATURA EN INGENIERÍA DE GESTIÓN INDUSTRIAL,
6290,5102100028,LICENCIATURA DE INGENIERÍA EN TRANSPORTE,
6291,5072100065,INGENIERÍA QUÍMICA EN ALIMENTOS 2023,
6292,5071400055,INGENIERÍA QUÍMICA EN MATERIALES 2023,
6293,5071600041,INGENIERÍA QUÍMICA AMBIENTAL 2023,
6294,5062100091,INGENIERÍA DE TECNOLOGÍAS DE INFORMACIÓN Y CIBERSEGURIDAD (ITIC22),
6295,5061300135,LICENCIATURA EN INGENIERÍA EN SISTEMAS COMPUTACIONALES Y ROBÓTICA,
6296,5071300152,INGENIERO INDUSTRIAL EN ELECTRÓNICA,
6297,5073200055,LICENCIATURA EN INGENIERÍA CIVIL Y ARQUITECTURA,
6298,4095100010,TÉCNICO SUPERIOR UNIVERSITARIO EN EMERGENCIAS MÉDICAS Y PREHOSPITALARIAS,
6299,4095100011,TÉCNICO SUPERIOR UNIVERSITARIO EN EMERGENCIAS MÉDICAS PREHOSPITALARIAS,
6300,5071300153,"LICENCIATURA EN INGENIERÍA INDUSTRIAL EN ELECTRÓNICA, AUTOMATIZACIÓN Y COMUNICACIONES",
6301,5101600057,LICENCIATURA EN TURISMO Y GASTRONOMÍA,
6302,5101100083,LICENCIATURA DE CIENCIAS DEL EJERCICIO,
6303,4081100013,TSU AGROBIOTECNOLOGÍA ÁREA VEGETAL,
6304,4042100029,TSU ADMINISTRACIÓN ÁREA FORMULACIÓN Y EVALUACIÓN DE PROYECTOS,
6305,5073200056,LICENCIATURA EN INGENIERÍA ARQUITECTÓNICA,
6306,4081100014,TÉCNICO SUPERIOR UNIVERSITARIO AGROBIOTECNOLOGÍA ÁREA VEGETAL,
6307,4042100030,TÉCNICO SUPERIOR UNIVERSITARIO ADMINISTRACIÓN ÁREA FORMULACIÓN Y EVALUACIÓN DE PROYECTOS,
6308,5031200060,LICENCIATURA EN GESTIÓN PARA EL DESARROLLO Y LA DIVERSIDAD,
6309,5081100115,LICENCIATURA EN PRÁCTICAS AGROECOLÓGICAS Y GESTIÓN COMUNITARIA DEL TERRITORIO,
6310,5094200031,LICENCIATURA EN COCINA TRADICIONAL Y NUTRICIÓN COMUNITARIA,
6311,5092100032,LICENCIATURA EN ENFERMERÍA CON ENFOQUE INTERCULTURAL,
6312,4061300013,TÉCNICO SUPERIOR UNIVERSITARIO EN CIENCIA DE DATOS ÁREA INTELIGENCIA ARTIFICIAL,
6313,5081100116,LICENCIATURA EN INGENIERÍA EN DESARROLLO AGROPECUARIO SUSTENTABLE,
6314,4093100013,TÉCNICO SUPERIOR UNIVERSITARIO EN PRÓTESIS DENTAL Y FLUJOS DIGITALES,
6315,5081100117,INGENIERÍA EN AGRONOMÍA Y MEDIO AMBIENTE,
6316,5022500017,LICENCIATURA EN HUMANIDADES CON ESPECIALIDAD EN HISTORIA,
6317,5094200032,LICENCIADO EN NUTRICIÓN,
6318,5101600058,LICENCIADO EN TURISMO,
6319,5041100190,LICENCIADO EN COMERCIO INTERNACIONAL Y GESTIÓN ADUANAL,
6320,5062200147,"LICENCIADO EN SISTEMAS COMPUTACIONALES, ADMINISTRATIVAS Y CONTABLES",
6321,5032100101,LICENCIATURA EN COMUNICACIÓN Y GESTIÓN DIGITAL DE MEDIOS,
6322,5062100092,INGENIERÍA EN TECNOLOGÍAS DE LA INFORMACIÓN Y LA COMUNICACIÓN CON ÉNFASIS EN REDES Y TELECOMUNICACIONES,
6323,5042100279,"LICENCIATURA EN DESARROLLO HUMANO, INNOVACIÓN Y GESTIÓN",
6324,5041200218,"LICENCIATURA EN DESARROLLO HUMANO, COMERCIALIZACIÓN Y VENTAS",
6325,5071700120,"LICENCIATURA EN DESARROLLO HUMANO, PRODUCTIVIDAD Y CALIDAD",
6326,5041200219,"LICENCIATURA EN DESARROLLO HUMANO, MERCADOTECNIA Y PROMOCIÓN",
6327,5041300064,"LICENCIATURA EN DESARROLLO HUMANO, FINANZAS Y ADMINISTRACIÓN",
6328,5042100280,LICENCIATURA EN DESARROLLO HUMANO Y GESTIÓN EMPRESARIAL,
6329,5061300136,INGENIERÍA EN TECNOLOGÍAS DE LA INFORMACIÓN Y LA COMUNICACIÓN CON ÉNFASIS EN INFORMÁTICA ADMINISTRATIVA,
6330,5071300154,INGENIERO EN SEMICONDUCTORES Y MICROELECTRÓNICA,
6331,5095400012,LICENCIATURA COMO QUÍMICO FARMACÉUTICO BIÓLOGO,
6332,5041200220,LICENCIATURA EN MERCADOTECNIA INTERNACIONAL Y NEGOCIOS DIGITALES,
6333,5042100281,LICENCIATURA EN ADMINISTRACIÓN Y EMPRENDIMIENTO,
6334,5062200148,LICENCIADO EN TECNOLOGÍAS DE INFORMACIÓN,
6335,5101500067,LICENCIATURA EN GASTRONOMÍA Y ALTA COCINA,
6336,5021500165,LICENCIATURA EN DISEÑO GRÁFICO Y CREATIVIDAD VISUAL,
6337,5021400106,LICENCIATURA EN INGENIERÍA EN MULTIMEDIA,
6338,5031100084,LICENCIADO EN PSICOLOGÍA ORGANIZACIONAL,
6339,5041200221,LICENCIADO EN MERCADOTECNIA Y PUBLICIDAD,
6340,5041100191,LICENCIATURA EN COMERCIO INTERNACIONAL Y ADMINISTRACIÓN ADUANERA,
6341,5031300046,LICENCIATURA EN COOPERATIVISMO,
6342,5101600059,LICENCIATURA EN TURISMO Y LENGUA INGLESA,
6343,5062200149,LICENCIATURA EN INFORMÁTICA ADMINISTRATIVA Y FISCAL,
6344,5012603053,LICENCIATURA EN PEDAGOGÍA DEL IDIOMA INGLÉS  ,
6345,5012000017,LICENCIATURA EN INTERVENCIÓN EDUCATIVA SOCIAL,
6346,5101100084,LICENCIATURA EN GESTIÓN Y ADMINISTRACIÓN DEL DEPORTE,
6347,5031300047,LICENCIATURA EN CIENCIAS POLÍTICAS Y GOBIERNO,
6348,5082100012,MEDICINA VETERINARIA Y ZOOTECNIA,
6349,5041100192,LICENCIATURA EN NEGOCIOS E INNOVACIÓN,
6350,5021400107,LICENCIATURA EN INGENIERÍA DE AUDIO PARA CINE Y TELEVISIÓN,
6351,5021400108,LICENCIATURA EN INGENIERÍA DE AUDIO EN REFUERZO SONORO,
6352,5021400109,LICENCIATURA EN ,
6353,5021400110,LICENCIATURA EN INGENIERÍA DE AUDIO EN PRODUCCIÓN MUSICAL,
6354,5061300137,LICENCIATURA EN VIDEOJUEGOS,
6355,5041200222,LICENCIATURA EN MERCADOTECNIA Y ESTRATEGIAS DIGITALES,
6356,5061300138,LICENCIATURA EN INGENIERÍA EN DESARROLLO DE VIDEOJUEGOS,
6357,5041200223,LICENCIATURA EN RELACIONES PÚBLICAS Y DIRECCIÓN DE EVENTOS,
6358,5062100093,LICENCIATURA EN INGENIERÍA EN CIBERSEGURIDAD Y TELECOMUNICACIONES,
6359,5061300139,LICENCIATURA EN INGENIERÍA EN DESARROLLO DE APLICACIONES Y SOFTWARE,
6360,5071200059,INGENIERO EN ENERGÍA SOSTENIBLE,
6361,5021500166,LICENCIATURA EN DISEÑO Y PRODUCCIÓN DE CONTENIDOS,
6362,5021500167,LICENCIATURA EN COMUNICACIÓN Y PRODUCCIÓN AUDIOVISUAL,
6363,5101500068,LICENCIATURA EN GASTRONOMÍA Y ADMINISTRACIÓN DE NEGOCIOS,
6364,5032100102,LICENCIATURA EN COMUNICACIÓN ESTRATÉGICA Y PRODUCCIÓN DIGITAL,
6365,5042100282,LICENCIATURA EN DIRECCIÓN E INTELIGENCIA DE NEGOCIOS,
6366,5042100283,LICENCIATURA EN ADMINISTRACIÓN Y GESTIÓN INDUSTRIAL,
6367,5041100193,LICENCIATURA EN DIRECCIÓN DE NEGOCIOS Y DESARROLLO DEL TALENTO HUMANO,
6368,5041200224,LICENCIATURA EN MARKETING DIGITAL Y SOCIAL MEDIA,
6369,5061300140,INGENIERÍA EN TECNOLOGÍAS DE LA COMPUTACIÓN Y DESARROLLO DE SOFTWARE,
6370,5061300141,INGENIERÍA EN CIENCIA DE DATOS E INTELIGENCIA DE NEGOCIOS,
6371,5041200225,LICENCIATURA EN MARKETING Y GESTIÓN DE NEGOCIOS TURÍSTICOS,
6372,4042500008,PROFESIONAL ASOCIADO EN ADMINISTRACIÓN EN SALUD,
6373,5051100018,LICENCIATURA EN CITOTECNOLOGÍA,
6374,5022200057,LICENCIATURA EN IDIOMAS Y TURISMO,
6375,5061300142,LICENCIATURA EN SISTEMAS COMPUTACIONALES Y DESARROLLO DE SOFTWARE,
6376,5022500018,LICENCIATURA EN HISTORIA Y COMUNICACIÓN,
6377,5012602040,LICENCIATURA EN EDUCACIÓN ARTÍSTICA Y GESTIÓN CULTURAL,
6378,5041100194,LICENCIATURA EN INNOVACIÓN DE NEGOCIOS Y MERCADOTECNIA EN COMPETENCIAS PROFESIONALES,
6379,5012604059,LICENCIATURA EN EDUCACIÓN EN EL ÁREA DE ESPAÑOL,
6380,5033200063,"LICENCIATURA EN CRIMINOLOGÍA, INVESTIGACIÓN CRIMINAL Y CRIMINALÍSTICA",
6381,5073100062,TEORÍA Y DISEÑO ARQUITECTÓNICO,
6382,5061300143,"INGENIERÍA EN SISTEMAS COMPUTACIONALES, ELECTRÓNICA Y ELECTROMECÁNICA",
6383,5041400136,LICENCIADO EN CONTADURÍA Y SISTEMAS,
6384,5072400052,INGENIERO PETROLERO Y ENERGÍAS ALTERNAS,
6385,5061300144,INGENIERÍA EN SISTEMAS Y ELECTRÓNICA,
6386,5033100111,LICENCIADO EN DERECHO FISCAL CON ADECUACIÓN EN FISCAL,
6387,5061300145,LICENCIATURA EN INGENIERÍA EN INFORMÁTICA Y COMPUTACIÓN,
6388,5041200226,LICENCIATURA EN MARKETING Y COMUNICACIÓN DIGITAL,
6389,5012603054,LICENCIATURA EN ENSEÑANZA DEL IDIOMA DEL INGLÉS,
6390,5041200227,LICENCIADO EN MERCADOTECNIA Y SISTEMAS,
6391,5062200150,LICENCIADO EN ADMINISTRACIÓN Y SISTEMAS,
6392,5071100057,LICENCIATURA EN INGENIERÍA EN DISEÑO INDUSTRIAL Y DE PROCESOS,
6393,5071400056,INGENIERÍA EN PROCESOS INDUSTRIALES CON ACENTUACIÓN EN HIDROCARBUROS,
6394,5042400066,LICENCIATURA EN INGENIERÍA EN LEAN SIX SIGMA,
6395,5042100284,LICENCIATURA EN ADMINISTRACIÓN ESBELTA DE NEGOCIOS,
6396,5042100285,LICENCIATURA EN ADMINISTRACIÓN DE SEGURIDAD E HIGIENE,
6397,5104100053,"LICENCIATURA EN PROTECCIÓN CIVIL, SEGURIDAD LABORAL Y EMERGENCIAS",
6398,5104100054,LICENCIATURA EN PROTECCIÓN CIVIL Y SEGURIDAD INDUSTRIAL E HIGIENE,
6399,4042100031,TÉCNICO SUPERIOR UNIVERSITARIO EN CONTROL DE CALIDAD,
6400,5042100286,LICENCIATURA EN ADMINISTRACIÓN DE EMPRESAS Y ALTA DIRECCIÓN,
6401,5041400137,LICENCIATURA EN CONTADURÍA Y NEGOCIOS,
6402,5033100112,LICENCIATURA EN DERECHO Y SEGURIDAD HUMANA,
6403,5103100018,"LICENCIATURA EN INGENIERÍA EN SEGURIDAD LABORAL, PROTECCIÓN CIVIL Y GESTIÓN DE RIESGOS",
6404,5012200016,LICENCIATURA EN EDUCACIÓN CON ACENTUACIÓN EN PRIMARIA,
6405,5012100017,LICENCIATURA EN EDUCACIÓN CON ACENTUACIÓN EN PREESCOLAR E INICIAL,
6406,5021300182,LICENCIATURA EN MÚSICA POPULAR Y JAZZ,
6407,5042100287,LICENCIATURA EN DESARROLLO GERENCIAL,
6408,5103100019,INGENIERÍA EN SEGURIDAD INDUSTRIAL Y LABORAL,
6409,5031300048,LICENCIATURA EN GOBIERNO Y POLÍTICAS PÚBLICAS,
6410,5091322001,LICENCIATURA EN CIENCIAS ANALÍTICAS DEL MOVIMIENTO,
6411,4021600014,PROFESIONAL ASOCIADO EN ARQUITECTURA DE INTERIORES,
6412,4021400019,PROFESIONAL ASOCIADO EN FOTOGRAFÍA PROFESIONAL,
6413,4072400010,TÉCNICO SUPERIOR UNIVERSITARIO EN METALMECÁNICA,
6414,5072400053,LICENCIATURA EN INGENIERÍA EN METALMECÁNICA,
6415,5011200025,LICENCIATURA EN GESTIÓN EDUCATIVA,
6416,5061200006,LICENCIATURA EN COMPUTACIÓN ELECTRÓNICA,
6417,5104100055,LICENCIATURA EN CÓMPUTO FORENSE Y CIBERSEGURIDAD,
6418,5094100021,LICENCIATURA EN TERAPIA DE LENGUAJE,
6419,5071700121,LICENCIATURA EN INGENIERÍA INDUSTRIAL Y DESARROLLO ORGANIZACIONAL,
6420,5041300065,LICENCIATURA EN ADMINISTRACIÓN EN INGENIERÍA FINANCIERA,
6421,5073100063,LICENCIATURA EN ARQUITECTURA Y DISEÑO URBANO,
6422,5032100103,LICENCIATURA EN CIENCIAS DE LA COMUNICACIÓN E INNOVACIÓN DIGITAL,
6423,5021500168,LICENCIATURA EN DISEÑO GRÁFICO E IMAGEN INSTITUCIONAL,
6424,5022600018,LICENCIATURA EN FILOSOFÍA Y PENSAMIENTO CRÍTICO,
6425,5011100044,LICENCIATURA EN PEDAGOGÍA Y CIENCIAS DE LA EDUCACIÓN,
6426,4041100023,TECNICO SUPERIOR UNIVERSITARIO EN CLASIFICACIÓN ARANCELARIA,
6427,5042100288,LICENCIATURA EN ADMINISTRACIÓN DE EMPRESAS Y MERCADOTECNIA DE NEGOCIOS,
6428,5042100289,LICENCIATURA EN INNOVACIÓN Y ESTRATEGIAS DE NEGOCIOS,
6429,5041400138,LICENCIATURA EN ESTRATEGIA FINANCIERA Y CONTADURÍA PÚBLICA,
6430,5033100113,LICENCIATURA EN DERECHO CON ÁREA EN DERECHO FISCAL,
6431,5033100114,LICENCIATURA EN DERECHO CON ÁREA EN DERECHO ADUANERO Y COMERCIO INTERNACIONAL,
6432,5033100115,LICENCIATURA EN DERECHO CON ÁREA EN DERECHO AGRARIO,
6433,5033100116,LICENCIATURA EN DERECHO CON ÁREA EN DERECHO ADMINISTRATIVO Y CONSTITUCIONAL,
6434,5081100118,LICENCIATURA EN DESARROLLO EMPRESARIAL EN EL ÁREA DE AGRICULTURA,
6435,5081100119,LICENCIATURA EN DESARROLLO EMPRESARIAL EN EL ÁREA DE GANADERÍA,
6436,5021700004,LICENCIATURA EN DESARROLLO EMPRESARIAL EN EL ÁREA DE ARTESANÍA,
6437,5041200228,LICENCIATURA EN DESARROLLO EMPRESARIAL EN EL ÁREA DE COMERCIO COMPETITIVO,
6438,5102100029,LICENCIATURA EN LOGÍSTICA Y TRANSPORTE,
6439,5101300039,LICENCIATURA EN ESTILISMO Y BELLEZA PROFESIONAL,
6440,5071300155,LICENCIATURA EN INGENIERÍA EN ELECTROMECÁNICA AUTOMOTRIZ,
6441,4072000010,TÉCNICO SUPERIOR UNIVERSITARIO EN PROCESOS DE MANUFACTURA,
6442,5042100290, LICENCIATURA EN EMPRENDIMIENTO E INNOVACIÓN EMPRESARIAL,
6443,5041200229,LICENCIATURA EN MERCADOTECNIA Y COMUNICACIÓN ESTRATÉGICA,
6444,5041400139,"LICENCIATURA EN CONTADURÍA, FISCAL Y FINANZAS",
6445,5011300031,LICENCIATURA EN INTERVENCIÓN EDUCATIVA Y DESARROLLO HUMANO,
6446,5022100021,LICENCIATURA EN TEOLOGÍA HOLÍSTICA,
6447,5041200230,LICENCIATURA EN GESTIÓN DE VENTAS Y COMERCIO,
6448,5061300146,LICENCIATURA EN INGENIERÍA EN CREACIÓN Y DESARROLLO DE SOFTWARE Y APLICACIONES,
6449,5042100291,LICENCIATURA EN CREACIÓN Y DESARROLLO DE EMPRESAS Y NEGOCIOS,
6450,5011100045,LICENCIATURA EN EDUCACIÓN Y PEDAGOGÍA,
6451,5033200064,LICENCIATURA EN CIENCIAS FORENSES: CRIMINALÍSTICA Y CRIMINOLOGÍA,
6452,5041100195,"LICENCIATURA EN LOGÍSTICA, ADUANAS Y COMERCIO",
6453,4081100015,TÉCNICO SUPERIOR UNIVERSITARIO AGROPECUARIO,
6454,5041200231,LICENCIATURA EN MARKETING Y GESTIÓN DE VENTAS,
6455,4103100003,TÉCNICO SUPERIOR UNIVERSITARIO EN SEGURIDAD E HIGIENE INDUSTRIAL Y EMERGENCIAS,
6456,5103100020,INGENIERÍA EN SEGURIDAD E HIGIENE INDUSTRIAL,
6457,5022000016,LICENCIATURA EN MINISTERIOS PASTORALES,
6458,4012604002,TÉCNICO SUPERIOR UNIVERSITARIO EN EDUCACIÓN CRISTIANA,
6459,4022000001,TÉCNICO SUPERIOR UNIVERSITARIO EN PASTORAL PARA LA SIEMBRA DE IGLESIAS,
6460,5071300156,LICENCIATURA EN INGENIERÍA EN AUTOTRÓNICA,
6461,5094100022,LICENCIATURA EN TERAPIA RESPIRATORIA,
6462,5041100196,LICENCIATURA EN BIENES RAÍCES,
6463,5061000031,LICENCIATURA EN INGENIERÍA DE DATOS EN INTELIGENCIA ARTIFICIAL,
6464,4062200034,TÉCNICO SUPERIOR UNIVERSITARIO EN ADMINISTRACIÓN DE SISTEMAS INFORMÁTICOS EN RED,
6465,4021400020,"TÉCNICO SUPERIOR UNIVERSITARIO EN ANIMACIONES TERCERA DIMENSIÓN, ENTORNOS Y JUEGOS INTERACTIVOS",
6466,4071300021,TÉCNICO SUPERIOR UNIVERSITARIO EN AUTOMATIZACIÓN Y ROBÓTICA INDUSTRIAL,
6467,4104100021,TÉCNICO SUPERIOR UNIVERSITARIO EN CIBERSEGURIDAD EN ENTORNOS DE LAS TECNOLOGÍAS DE LA INFORMACIÓN,
6468,4061300014,TÉCNICO SUPERIOR UNIVERSITARIO EN DESARROLLO DE APLICACIONES MULTIPLATAFORMA,
6469,4061300015,TÉCNICO SUPERIOR UNIVERSITARIO EN DESARROLLO DE APLICACIONES WEB,
6470,4101600025,TÉCNICO SUPERIOR UNIVERSITARIO EN GESTIÓN DE ALOJAMIENTOS TURÍSTICOS,
6471,4062100016,TÉCNICO SUPERIOR UNIVERSITARIO EN SISTEMAS DE TELECOMUNICACIONES E INFORMÁTICOS,
6472,4102100017,TÉCNICO SUPERIOR UNIVERSITARIO EN TRANSPORTE Y LOGÍSTICA,
6473,5071300157,LICENCIATURA EN INGENIERÍA ELECTRÓNICA INDUSTRIAL,
6474,5011200026,LICENCIATURA EN ADMINISTRACIÓN DE EMPRESAS CON ACENTUACIÓN EN INVESTIGACIÓN Y DOCENCIA,
6475,5033100117,LICENCIATURA EN DERECHO CON ACENTUACIÓN EN INVESTIGACIÓN Y DOCENCIA,
6476,5011200027,"LICENCIATURA EN EDUCACIÓN CON ACENTUACIÓN EN INVESTIGACIÓN, GESTIÓN E INNOVACIÓN",
6477,5062200151,LICENCIATURA EN INFORMÁTICA CON ACENTUACIÓN EN INVESTIGACIÓN Y DOCENCIA,
6478,5041200232,LICENCIATURA EN MERCADOTECNIA CON ACENTUACIÓN EN INVESTIGACIÓN Y DOCENCIA,
6479,5101600060,LICENCIATURA EN TURISMO CON ACENTUACIÓN EN INVESTIGACIÓN Y DOCENCIA,
6480,5031500030,LICENCIADO EN TRABAJO SOCIAL PARA QUIENES HAYAN CONCLUIDO LOS ESTUDIOS DE TÉCNICO EN TRABAJO SOCIAL,
6481,5011500026,LICENCIATURA EN COMPETENCIAS EDUCATIVAS,
6482,5104100056,LICENCIATURA EN SEGURIDAD CIUDADANA Y CONSTRUCCIÓN DE LA PAZ,
6483,5042100292,LICENCIATURA EN ADMINISTRACIÓN EJECUTIVA,
6484,5062200152,LICENCIATURA EN ADMINISTRACIÓN DE EMPRESAS CON LIDERAZGO DIGITAL,
6485,5053200008,LICENCIATURA EN ANÁLISIS DE DATOS,
6486,5071300158,LICENCIATURA EN INTELIGENCIA ARTIFICIAL Y CIENCIA DE LOS DATOS,
6487,5041300066,LICENCIATURA EN INTELIGENCIA FINANCIERA Y DE NEGOCIOS,
6488,5061300147,LICENCIATURA EN CIBERSEGURIDAD,
6489,5095200007,LICENCIATURA EN TECNOLOGÍAS BIOMÉDICAS,
6490,5061300148,LICENCIATURA EN CREATIVIDAD DIGITAL,
6491,5021400111,LICENCIATURA EN CINEMATOGRAFÍA DIGITAL,
6492,5062100094,LICENCIATURA EN INGENIERÍA EN SISTEMAS COMPUTACIONALES Y TECNOLOGÍAS DE LA INFORMACIÓN,
6493,5032100104,LICENCIATURA EN PERIODISMO Y MEDIOS AUDIOVISUALES,
6494,5022200058,LICENCIATURA EN IDIOMAS Y COMUNICACIÓN INTERCULTURAL,
6495,5011100046,LICENCIATURA EN EDUCACIÓN Y DIDÁCTICA,
6496,5022200059,LICENCIATURA EN ADQUISICIÓN DE IDIOMAS EXTRANJEROS,
6497,5042400067,LICENCIATURA EN INGENIERÍA EN LIDERAZGO Y GESTIÓN EMPRESARIAL,
6498,5041100197,LICENCIATURA EN COMERCIO INTERNACIONAL E INTELIGENCIA DE NEGOCIOS,
6499,5061300149,INGENIERÍA EN CIENCIA DE DATOS,
6500,5071700122,LICENCIATURA EN INGENIERÍA EN INNOVACIÓN TECNOLÓGICA,
6501,5041400140,LICENCIATURA EN CONTADURÍA Y ADMINISTRACIÓN FISCAL,
6502,5042100293,LICENCIATURA EN ADMINISTRACIÓN E INNOVACIÓN ESTRATÉGICA,
6503,5032100105,LICENCIATURA EN GESTIÓN DE COMUNICACIÓN,
6504,5071700123,LICENCIATURA EN INGENIERÍA INDUSTRIAL Y DE SISTEMAS DE PRODUCCIÓN,
6505,5071100058,LICENCIATURA EN INGENIERÍA MECÁNICA Y ADMINISTRACIÓN EMPRESARIAL,
6506,5012500026,LICENCIATURA EN EDUCACIÓN CON ESPECIALIDAD EN CIENCIAS SOCIALES,
6507,5101100085,LICENCIATURA EN CIENCIAS DE LA ACTIVIDAD FÍSICA Y DEL DEPORTE,
6508,5062200153,LICENCIATURA EN INGENIERÍA EN ADMINISTRACIÓN Y SISTEMAS,
6509,5071700124,LICENCIATURA EN INGENIERÍA DE MANUFACTURA,
6510,5071400057,LICENCIATURA EN INGENIERÍA DE MATERIALES,
6511,5071300159,LICENCIATURA EN INGENIERÍA EN AUTOMATIZACIÓN Y SISTEMAS INTELIGENTES,
6512,5071100059,LICENCIATURA EN INGENIERÍA MECÁNICA Y ADMINISTRACIÓN,
6513,5041200233,LICENCIATURA EN MERCADOTECNIA Y GESTIÓN DE LA IMAGEN,
6514,5021600105,LICENCIATURA EN DISEÑO DE MODA Y ASESORÍA DE IMAGEN,
6515,5041100198,LICENCIATURA EN NEGOCIOS INTERNACIONALES Y DIRECCIÓN ESTRATÉGICA,
6516,5071300160,INGENIERÍA MECÁNICA ELECTRICISTA,
6517,5071100060,INGENIERÍA MECÁNICA ADMINISTRADOR,
6518,5071400058,INGENIERÍA EN TECNOLOGÍA QUÍMICA,
6519,5052300032,INGENIERÍA EN GEOCIENCIAS Y RECURSOS HÍDRICOS,
6520,5041200234,LICENCIATURA EN MERCADOTECNIA Y PRODUCCIÓN DIGITAL,
6521,5012603055,LICENCIATURA EN ENSEÑANZAS DE LENGUAS IDÍGENAS,
6522,5022300047,LICENCIATURA EN ESTUDIOS Y CREACIÓN LITERARIA,
6523,5022200060,"LICENCIATURA EN TRADUCCIÓN, INTERPRETACIÓN Y DOCENCIA DE IDIOMAS",
6524,5103100021,"LICENCIATURA EN ATENCIÓN, GESTIÓN Y ADMINISTRACIÓN DE LAS EMERGENCIAS",
6525,5062200154,LICENCIATURA EN TECNOLOGÍAS DE LA INFORMACIÓN PARA NEGOCIOS,
6526,5071400059,LICENCIATURA EN INGENIERÍA EN BIOINGENIERÍA APLICADA,
6527,5062200155,LICENCIATURA EN INGENIERÍA EN PROGRAMACIÓN DE VIDEOJUEGOS,
6528,5032100106,LICENCIATURA EN COMUNICACIÓN POLÍTICA Y DE GOBIERNO,
6529,5033100118,LICENCIATURA EN DERECHO CON ENFOQUE  EN SISTEMA ADVERSARIAL,
6530,5033200065,"LICENCIATURA EN CRIMINALÍSTICA, CRIMINOLOGÍA E INVESTIGACIÓN FORENSE",
6531,5022600019,LICENCIATURA EN FILOSOFÍA E HISTORÍA,
6532,5062200156,LICENCIATURA EN TECNOLOGÍAS Y COMPUTACIÓN FORENSE,
6533,5052300033,LICENCIATURA EN INGENIERÍA HIDROLÓGICA,
6534,5071700125,LICENCIATURA EN INGENIERÍA BIOQUÍMICA INDUSTRIAL,
6535,5072100066,LICENCIATURA EN INGENIERÍA DE LOS ALIMENTOS,
6536,5042200118,LICENCIATURA EN ADMINISTRACIÓN DE RESTAURANTES Y EVENTOS,
6537,5042200119,LICENCIATURA EN ADMINISTRACIÓN DE HOTELES,
6538,5073200057,LICENCIATURA EN INGENIERO CONSTRUCTOR,
6539,5101600061,LICENCIATURA EN TURISMO SUSTENTABLE Y SOSTENIBLE,
6540,5031200061,LICENCIATURA EN DESARROLLO COMUNITARIO SUSTENTABLE,
6541,5071700126,LICENCIATURA EN INGENIERÍA PARA LA INNOVACIÓN DEL DESARROLLO SOSTENIBLE Y RESILIENTE,
6542,5042400068,LICENCIATURA EN INGENIERÍA INDUSTRIAL E INNOVACIÓN EMPRESARIAL,
6543,5041100199,LICENCIATURA EN NEGOCIOS EN INTELIGENCIA ARTIFICIAL,
6544,5041100200,LICENCIATURA EN INGENIERÍA EN NEGOCIOS DE TECNOLOGÍAS AVANZADAS,
6545,4071700016,TÉCNICO SUPERIOR UNIVERSITARIO EN PROCESOS DE FABRICACIÓN,
6546,4042100032,"TÉCNICO SUPERIOR UNIVERSITARIO EN EMPRENDIMIENTO, FORMULACIÓN Y EVALUACIÓN DE PROYECTOS",
6547,5062100095,INGENIERÍA EN TECNOLOGÍAS DE LA INFORMACIÓN E INNOVACIÓN DIGITAL,
6548,4041100024,TÉCNICO SUPERIOR UNIVERSITARIO EN ENTORNOS VIRTUALES Y NEGOCIOS DIGITALES,
6549,5081200018, INGENIERÍA EN FRUTICULTURA,
6550,5051300046,LICENCIATURA EN ECOLOGÍA Y GESTIÓN AMBIENTAL,
6551,5012602041,LICENCIATURA EN DOCENCIA MUSICAL Y EXPRESIÓN ARTÍSTICA,
6552,5081100120,LICENCIATURA EN INGENIERÍA EN AGRICULTURA SUSTENTABLE Y PROTEGIDA,
6553,5062100096,LICENCIATURA EN INGENIERÍA EN TECNOLOGÍAS DE LA INFORMACIÓN E INNOVACIÓN DIGITAL,
6554,4041100025,TÉCNICO SUPERIOR UNIVERSITARIO EN OPERACIONES LOGÍSTICAS Y COMERCIO EXTERIOR,
6555,4081100016,PROFESIONAL SUPERIOR UNIVERSITARIO EN AGROPECUARIO Y FORESTAL,
6556,4022000002,PROFESIONAL SUPERIOR UNIVERSITARIO EN BIENESTAR HUMANO Y COMUNITARIO,
6557,4031200002,PROFESIONAL SUPERIOR UNIVERSITARIO EN INFRAESTRUCTURA Y DESARROLLO COMUNITARIO,
6558,5033100119,LICENCIATURA EN DERECHO DIGITAL,
6559,5062200157,LICENCIATURA EN AGENTE DE COMBATE DIGITAL ANTICORRUPCIÓN,
6560,5041200235,LICENCIATURA EN DISEÑO DE IMAGEN INTEGRAL,
6561,5041200236,LICENCIATURA EN DIRECCIÓN Y PRODUCCIÓN DE EVENTOS,
6562,5021600106,LICENCIATURA EN DISEÑO Y DIRECCIÓN DE MODA,
6563,5041200237,LICENCIATURA EN MERCADOTECNIA DE MODA Y DIGITAL,
6564,5081100121,LICENCIATURA EN INGENIERÍA EN AGROBIOTECNOLOGÍA,
6565,4042100033,TÉCNICO SUPERIOR UNIVERSITARIO EN GESTIÓN DEL CAPITAL HUMANO,
6566,4072200008,TÉCNICO SUPERIOR UNIVERSITARIO EN DISEÑO Y MODA INDUSTRIAL EN PRODUCCIÓN,
6567,4061300016,TÉCNICO SUPERIOR UNIVERSITARIO EN DESARROLLO DE SOFTWARE MULTIPLATAFORMA,
6568,4062100017,TÉCNICO SUPERIOR UNIVERSITARIO EN INFRAESTRUCTURA DE REDES DIGITALES,
6569,4071700017,TÉCNICO SUPERIOR UNIVERSITARIO EN PROCESOS PRODUCTIVOS,
6570,4071300022,TÉCNICO SUPERIOR UNIVERSITARIO EN AUTOMATIZACIÓN,
6571,4031500006,TÉCNICO SUPERIOR UNIVERSITARIO EN GESTIÓN DEL BIENESTAR,
6572,5031500031,LICENCIATURA EN GESTIÓN DEL BIENESTAR,
6573,4071200022,TÉCNICO SUPERIOR UNIVERSITARIO EN ENERGÍA TURBO SOLAR,
6574,4071100020,TÉCNICO SUPERIOR UNIVERSITARIO EN MANTENIMIENTO A INSTALACIONES,
6575,4072400011,TÉCNICO SUPERIOR UNIVERSITARIO EN BENEFICIO MINERO,
6576,4072400012,TÉCNICO SUPERIOR UNIVERSITARIO EN DESARROLLO SOSTENIBLE DEL LITIO,
6577,4061300017,TÉCNICO SUPERIOR UNIVERSITARIO EN CIENCIA DE DATOS,
6578,4071300023,TÉCNICO SUPERIOR UNIVERSITARIO EN INTELIGENCIA ARTIFICIAL,
6579,4071500024,TÉCNICO SUPERIOR UNIVERSITARIO EN AUTOMOTRIZ,
6580,4071700018,TÉCNICO SUPERIOR UNIVERSITARIO EN SISTEMAS Y TECNOLOGÍAS INDUSTRIALES,
6581,4071300024,TÉCNICO SUPERIOR UNIVERSITARIO EN ROBÓTICA,
6582,4071300025,TÉCNICO SUPERIOR UNIVERSITARIO EN SISTEMAS DE MUANUFACTURA FLEXIBLE,
6583,4041200023,TÉCNICO SUPERIOR UNIVERSITARIO EN VENTAS,
6584,5042500053,LICENCIATURA EN DIRECCIÓN Y ADMINISTRACIÓN DEPORTIVA,
6585,5101100086,LICENCIATURA EN DIRECCIÓN DEL BÁSQUETBOL,
6586,5101100087,LICENCIATURA EN DIRECCIÓN DEL FÚTBOL,
6587,5104100057,LICENCIATURA EN SEGURIDAD PÚBLICA Y SISTEMA PENAL ACUSATORIO,
6588,4104100022,TÉCNICO SUPERIOR UNIVERSITARIO EN SEGURIDAD PÚBLICA Y SISTEMA PENAL ACUSATORIO,
6589,4041200024,TÉCNICO SUPERIOR UNIVERSITARIO EN DISEÑO Y CONSULTOR DE IMAGEN,
6590,4081100017,TÉCNICO SUPERIOR UNIVERSITARIO EN PRUDUCCIÓN ANIMAL,
6591,4072400013,TÉCNICO SUPERIOR UNIVERSITARIO EN TRATAMIENTOS TÉRMICOS Y METALURGIA,
6592,4081300004,TÉCNICO SUPERIOR UNIVERSITARIO EN MANEJO FORESTAL,
6593,4042100034,TÉCNICO SUPERIOR UNIVERSITARIO EN PROCESOS LOGÍSTICOS,
6594,4021400021,TÉCNICO SUPERIOR UNIVERSITARIO EN PRODUCCIÓN AUDIOVISUAL Y ANIMACIÓN 2D,
6595,5072400054,INGENIERÍA EN METALÚRGICA,
6596,5062100097, INGENIERÍA EN DATOS E INTELIGENCIA ARTIFICIAL,
6597,4081100018,TÉCNICO SUPERIOR UNIVERSITARIO EN PRODUCCIÓN ANIMAL,
6598,4072400014,TÉCNICO SUPERIOR UNIVERSITARIO EN TRATAMIENTOS TÉRMICOS Y METALURGIA EXTRACTIVA,
6599,5021600107,LICENCIATURA EN INGENIERÍA EN DISEÑO TEXTIL Y MODA,
6600,4021600015,TÉCNICO SUPERIOR UNIVERSITARIO EN CALZADO Y COMPLEMENTOS,
6601,4071200023,TÉCNICO SUPERIOR UNIVERSITARIO EN INSTALACIONES ELÉCTRICAS,
6602,4071100021,TÉCNICO SUPERIOR UNIVERSITARIO EN MECÁNICA EN MOLDES Y TROQUELES,
6603,4071100022,TÉCNICO SUPERIOR UNIVERSITARIO EN MECÁNICA INDUSTRIAL,
6604,4101500024,TÉCNICO SUPERIOR UNIVERSITARIO EN PRODUCTOS ALIMENTARIOS GOURMET,
6605,4071700019,TÉCNICO SUPERIOR UNIVERSITARIO EN SISTEMAS DE MANUFACTURA FLEXIBLE,
6606,5072000035,LICENCIATURA EN INGENIERÍA EN MANUFACTURA AVANZADA,
6607,4041300007,TÉCNICO SUPERIOR UNIVERSITARIO EN GESTIÓN FINANCIERA,
6608,5072400055,LICENCIATURA EN INGENIERÍA EN METALÚRGICA,
6609,5041100201,LICENCIATURA EN LOGÍSTICA Y COMERCIO INTERNACIONAL,
6610,5071500071,LICENCIATURA EN INGENIERÍA DE OPERACIÓN Y MANTENIMIENTO DE DRONES,
6611,5061300150,INGENIERÍA EN DESARROLLO DE APLICACIONES,
6612,5061300151,INGENIERÍA EN CIENCIAS DE DATOS,
6613,5071600042,LICENCIATURA EN INGENIERÍA AMBIENTAL Y TECNOLOGÍAS SUSTENTABLES,
6614,5061300152, LICENCIATURA EN INGENIERÍA EN SISTEMAS DIGITALES EMBEBIDOS,
6615,4071500025,TÉCNICO SUPERIOR UNIVERSITARIO EN ,
6616,4071500026,TÉCNICO SUPERIOR UNIVERSITARIO EN MANTENIMIENTO NAVAL,
6617,4071000013,TÉCNICO SUPERIOR UNIVERSITARIO EN MANTENIMIENTO EN SOLDADURA,
6618,4072400015,TÉCNICO SUPERIOR UNIVERSITARIO EN MANTENIMIENTO PETROLERO,
6619,5061300153,LICENCIATURA EN INGENIERÍA EN DESARROLLO DE SOFTWARE INTERACTIVO Y VIDEOJUEGOS,
6620,4081100019,TÉCNICO SUPERIOR UNIVERSITARIO EN AGRICULTURA SUSTENTABLE Y PROTEGIDA EN VITIVINICULTURA,
6621,5033200066,LICENCIATURA EN INGENIERÍA EN CRIMINALÍSTICA Y CIENCIAS FORENSES,
6622,4012000002,TÉCNICO SUPERIOR UNIVERSITARIO EN ENSEÑANZA DEL IDIOMA INGLÉS,
6623,5052200024,LICENCIATURA EN INGENIERÍA EN QUÍMICA FARMACÉUTICA,
6624,4052200004,TÉCNICO SUPERIOR UNIVERSITARIO EN QUÍMICA EN TECNOLOGÍA FARMACÉUTICA,
6625,5081100122,LICENCIATURA EN INGENIERÍA EN INNOVACIÓN Y TECNOLOGÍA AGRÍCOLA,
6626,5071700127,BACHELOR IN SCIENCE IN INDUSTRIAL ENGINEERING,
6627,5041100202,BACHELOR IN ADMINISTRATION IN GLOBAL BUSINESS,
6628,5042000059,BACHELOR IN ADMINISTRATION IN FINANCE,
6629,5071300161,LICENCIATURA EN INGENIERÍA EN ELECTROMOVILIDAD,
6630,5041300067,LICENCIATURA EN  ASESOR FINANCIERO,
6631,5061300154,INGENIERÍA EN TRANSFORMACIÓN DIGITAL DE NEGOCIOS,
6632,4072000011,TÉCNICO SUPERIOR UNIVERSITARIO EN CALIDAD Y MANUFACTURA AUTOMOTRIZ,
6633,5071500072,LICENCIATURA EN  INGENIERÍA EN TECNOLOGÍA AUTOMOTRIZ,
6634,4071500027,TÉCNICO SUPERIOR UNIVERSITARIO EN TECNOLOGÍA AUTOMOTRIZ,
6635,5061300155,LICENCIATURA EN INGENIERÍA EN DATOS E INTELIGENCIA ARTIFICIAL,
6636,5073100064, LICENCIATURA EN ARQUITECTO CONSTRUCTOR,
6637,5041300068,LICENCIATURA EN ASESOR FINANCIERO,
6638,4041300008,TÉCNICO SUPERIOR UNIVERSITARIO EN ASESOR FINANCIERO,
6639,5021400112,LICENCIATURA EN REALIZACIÓN CINEMATOGRÁFICA,
6640,5071600043,LICENCIATURA EN DISEÑO DE PROYECTOS SUSTENTABLES,
6641,4081400003,PROFESIONAL SUPERIOR UNIVERSITARIO EN ACUICULTURA,
6642,4072100008,PROFESIONAL SUPERIOR UNIVERSITARIO  EN BIOTECNOLOGÍA Y ALIMENTOS,
6643,4031400002,PROFESIONAL SUPERIOR UNIVERSITARIO EN DESARROLLO SOCIOECONÓMICO,
6644,4033100005,PROFESIONAL SUPERIOR UNIVERSITARIO EN JUSTICIA SOCIAL,
6645,5102100030,LICENCIATURA EN INGENIERÍA EN LOGÍSTICA DEL TRANSPORTE Y CADENAS DE SUMINISTRO,
6646,5042400069,LICENCIATURA EN GERENCIA INMOBILIARIA,
6647,5042100294,LICENCIATURA EN GESTIÓN DE EMPRESAS INTERNACIONALES,
6648,5062200158,INGENIERÍA EN SISTEMAS INFORMÁTICOS Y CIBERSEGURIDAD,
6649,5032100107,LICENCIATURA EN COMUNICACIÓN Y PRODUCCIÓN MULTIMEDIA,
6650,4021500011,"PROFESIONAL ASOCIADO EN DISEÑO GRÁFICO, ANIMACIÓN Y MULTIMEDIA",
6651,5095600012,LICENCIATURA EN PROMOCIÓN Y ATENCIÓN A LA SALUD,
6652,5091333002,LICENCIATURA EN PSICONEURODESARROLLO,
6653,4071200024,TÉCNICO SUPERIOR UNIVERSITARIO EN MANTENIMIENTO DE SISTEMAS ELECTRÓNICOS DE LAS AERONAVES,
6654,4071500028,TÉCNICO SUPERIOR UNIVERSITARIO EN MANTENIMIENTO DE AERONAVES DE ALA FIJA Y MOTORES,
6655,4071500029,TÉCNICO SUPERIOR UNIVERSITARIO EN MANUFACTURA AERONÁUTICA,
6656,4071500030,TÉCNICO SUPERIOR UNIVERSITARIO EN MODELADO DE ELEMENTOS AERONÁUTICOS,
6657,4071300026,TÉCNICO SUPERIOR UNIVERSITARIO EN PROGRAMACIÓN Y SISTEMAS DE AERONAVES,
6658,4042100035,TÉCNICO SUPERIOR UNIVERSITARIO EN CADENA DE SUMINISTROS,
6659,4081100020,TÉCNICO SUPERIOR UNIVERSITARIO EN PRODUCCIÓN AGROBIOTECNOLÓGICA,
6660,5081100123,LICENCIADO EN PRODUCCIÓN AGROPECUARIA SUSTENTABLE,
6661,4071700020,TÉCNICO SUPERIOR UNIVERSITARIO EN MANTENIMIENTO EN LÍNEAS DE PRODUCCIÓN,
6662,4071100023,TÉCNICO SUPERIOR UNIVERSITARIO EN MOLDES Y TROQUELES,
6663,4071500031,TÉCNICO SUPERIOR UNIVERSITARIO EN SISTEMAS AUTOMOTRICES EN CARROCERÍA Y PINTURA,
6664,4071500032,TÉCNICO SUPERIOR UNIVERSITARIO EN SISTEMAS AUTOMOTRICES EN ELECTROMOVILIDAD,
6665,4071200025,TÉCNICO SUPERIOR UNIVERSITARIO EN TURBO ENERGÍA,
6666,4042100036,TÉCNICO SUPERIOR UNIVERSITARIO EN CADENA DE SUMINISTRO,
6667,4102100018,TÉCNICO SUPERIOR UNIVERSITARIO EN TRANSPORTE Y MOVILIDAD,
6668,4071100024,TÉCNICO SUPERIOR UNIVERSITARIO EN MANTENIMIENTO EN SOLDADURA,
6669,4072000012,TÉCNICO SUPERIOR UNIVERSITARIO EN AUTOMATIZACIÓN INDUSTRIAL,
6670,4042000014,TÉCNICO SUPERIOR UNIVERSITARIO EN SISTEMAS DE GESTIÓN DE CALIDAD,
6671,4071500033,TÉCNICO SUPERIOR UNIVERSITARIO EN DISEÑO Y MANUFACTURA AUTOMOTRIZ,
6672,5021400113,LICENCIATURA EN INGENIERÍA EN ANIMACIÓN Y EFECTOS VISUALES,
6673,4071300027,TÉCNICO SUPERIOR UNIVERSITARIO EN OPTOMECATRÓNICA,
6674,5071500073,LICENCIATURA EN INGENIERÍA AERONÁUTICA EN MANUFACTURA,
6675,5051300047,LICENCIATURA EN INGENIERÍA EN MANEJO DE RECURSOS NATURALES,
6676,4051300009,TÉCNICO SUPERIOR UNIVERSITARIO EN PROTECCIÓN Y CONSERVACIÓN AMBIENTAL,
6677,4081100021,TÉCNICO SUPERIOR UNIVERSITARIO EN PRODUCCIÓN Y SANIDAD AGRÍCOLA,
6678,5071700128,LICENCIATURA EN INGENIERÍA EN CALIDAD Y METROLOGÍA,
6679,4071700021,TÉCNICO SUPERIOR UNIVERSITARIO EN SISTEMAS DE CALIDAD Y METROLOGÍA,
6680,4062100018,TÉCNICO SUPERIOR UNIVERSITARIO EN REDES DE COMUNICACIONES,
6681,4072100009,TÉCNICO SUPERIOR UNIVERSITARIO EN AGROINDUSTRIA,
6682,4052000002,TÉCNICO SUPERIOR UNIVERSITARIO EN PERFORACIÓN Y SERVICIOS A POZOS,
6683,4072300006,TÉCNICO SUPERIOR UNIVERSITARIO EN CERÁMICOS,
6684,4071700022,TÉCNICO SUPERIOR UNIVERSITARIO EN MAQUINADOS DE PRECISIÓN,
6685,5081100124,LICENCIATURA EN INGENIERÍA EN PRODUCCIÓN ANIMAL,
6686,4071600005,TÉCNICO SUPERIOR UNIVERSITARIO EN DISEÑO BIOCLIMÁTICO,
6687,5071200060,LICENCIATURA EN INGENIERÍA EN SEGURIDAD PARA LA INDUSTRIA ENERGÉTICA,
6688,4071200026,TÉCNICO SUPERIOR UNIVERSITARIO EN SEGURIDAD PARA LA INDUSTRIA ENERGÉTICA,
6689,5092100033,LICENCIATURA EN PARTERÍA Y SALUD REPRODUCTIVA,
6690,5071500074,LICENCIATURA EN INGENIERÍA AERONÁUTICA EN MANTENIMIENTO,
6691,4041100026,TÉCNICO SUPERIOR UNIVERSITARIO EN SERVICIOS POSVENTA AUTOMOTRIZ,
6692,5071500075,LICENCIATURA EN INGENIERÍA EN TECNOLOGÍA AUTOMOTRIZ,
6693,4062300005,TÉCNICO SUPERIOR UNIVERSITARIO EN MANTENIMIENTO Y PROGRAMACIÓN DE ROBOTS,
6694,5071500076,LICENCIATURA EN INGENIERÍA EN DISEÑO MECÁNICO AERONÁUTICO,
6695,4071500034,TÉCNICO SUPERIOR UNIVERSITARIO EN MODELADO DE ELEMENTOS MECÁNICOS AERONÁUTICOS,
6696,5071300162,LICENCIATURA EN INGENIERÍA EN ELECTRÓNICA Y CONTROL DE SISTEMAS DE AERONAVES,
6697,4062300006,TÉCNICO SUPERIOR UNIVERSITARIO EN SEGURIDAD EN REDES,
6698,5061000032,LICENCIATURA EN INGENIERÍA EN SISTEMAS EMBEBIDOS COMPUTACIONALES,
6699,4061000006,TÉCNICO SUPERIOR UNIVERSITARIO EN MICROCONTROLADORES,
6700,4101600026,TÉCNICO SUPERIOR UNIVERSITARIO EN COORDINADOR DE EVENTOS TURÍSTICOS,
6701,4041100027,TÉCNICO SUPERIOR UNIVERSITARIO EN COMERCIO EXTERIOR,
6702,5031500032,LICENCIATURA EN TRABAJO SOCIAL COMPLEMENTARIA,
6703,5041100203,LICENCIATURA EN INGENIERÍA EN INTELIGENCIA Y ANALÍTICA DE NEGOCIOS,
6704,5061000033,LICENCIATURA EN INGENIERÍA COMPUTACIONAL DE PROCESO,
6705,5041100204,LICENCIATURA EN INGENIERÍA EN LOGÍSTICA COMERCIAL GLOBAL,
6706,4052000003,TÉCNICO SUPERIOR UNIVERSITARIO EN MANTENIMIENTO A PETRÓLEO,
6707,5041100205,LICENCIATURA EN DIRECCIÓN ESTRATÉGICA DE NEGOCIOS,
6708,5041300069,LICENCIATURA EN ADMINISTRACIÓN Y DIRECCIÓN FINANCIERA,
6709,5042100295,LICENCIATURA EN DIRECCIÓN DE EMPRESAS Y NEGOCIOS INTERNACIONALES,
6710,5041200238,LICENCIATURA EN ADMINISTRACIÓN Y MERCADOTECNIA ESTRATÉGICA,
6711,5031300049,LICENCIATURA EN RELACIONES INTERNACIONALES Y ALIANZAS ESTRATÉGICAS,
6712,5061300156,LICENCIATURA EN INGENIERÍA EN DESARROLLO Y GESTIÓN DE SOFTWARE,
6713,5091100026,LICENCIATURA COMO MÉDICO CIRUJANO Y PARTERO,
6714,5072400056,LICENCIATURA EN INGENIERÍA EN MINAS,
6715,5061100022,LICENCIATURA EN INGENIERIA EN TECNOLOGIAS DE LA INFORMACIÓN DIGITAL,
6716,5061300157,LICENCIATURA EN INGENIERÍA EN SOFTWARE Y SISTEMAS EMBEBIDOS,
6717,5101600062,LICENCIATURA EN INNOVACIÓN DE EXPERIENCIAS TURÍSTICAS Y ENTRETENIMIENTO,
6718,5071700129,LICENCIATURA EN INGENIERÍA INDUSTRIAL Y SISTEMAS PRODUCTIVOS,
6719,5061300158,LICENCIATURA EN INGENIERÍA EN TECNOLOGÍAS DIGITALES,
6720,5081100125,LICENCIATURA EN INGENIERÍA EN AGRONÓMICA EN FLORICULTURA,
6721,5042200120,LICENCIATURA DE GESTIÓN E INNOVACIÓN TURÍSTICA,
6722,5071700130,LICENCIATURA EN INGENIERÍA INDUSTRIAL EN MANUFACTURA INTELIGENTE,
6723,5021000132,LICENCIATURA EN ARTES Y CIENCIAS ECUESTRES,
6724,5104100058,"LICENCIATURA EN SEGURIDAD PÚBLICA, PILOTO AVIADOR",
6725,5071700131,LICENCIATURA EN INGENIERÍA INDUSTRIAL EN GESTIÓN DE OPERACIONES,
6726,5071400060,INGENIERÍA QUÍMICA INDUSTRIAL,
6727,5022300048,LICENCIATURA EN PEDAGOGÍA EN EL ÁREA DE LENGUA Y LITERATURA HISPÁNICA,
6728,5052100012,LICENCIATURA EN PEDAGOGÍA EN EL ÁREA DE FÍSICO-MATEMÁTICO,
6729,5011100047,LICENCIATURA EN PEDAGOGÍA EN EL ÁREA DE CIENCIAS SOCIALES,
6730,5012702035,LICENCIATURA EN PEDAGOGÍA EN EL ÁREA DE EDUCACIÓN ESPECIAL,
6731,5031100085,LICENCIATURA EN PEDAGOGÍA EN EL ÁREA DE PSICOLOGÍA EDUCATIVA,
6732,5052300034,LICENCIATURA EN PEDAGOGÍA EN EL ÁREA DE CIENCIAS NATURALES,
6733,5051300048,LICENCIATURA EN CIENCIAS AMBIENTALES Y DEL TERRITORIO,
6734,5071700132,LICENCIATURA EN INGENIERÍA INDUSTRIAL Y DE SISTEMAS 4.0,
6735,5051300049,LICENCIATURA EN CIENCIAS AMBIENTALES Y SUSTENTABILIDAD,
6736,5041100206,LICENCIATURA EN NEGOCIOS Y MERCADOS INTERNACIONALES,
6737,5071500077,LICENCIATURA EN INGENIERÍA EN AERONÁUTICA,
6738,4101600027,TÉCNICO SUPERIOR UNIVERSITARIO EN HOTELERÍA Y RESTAURANTES,
6739,5041200239,LICENCIATURA EN BRANDING Y MERCADOTECNIA,
6740,5041100207,LICENCIATURA EN LOGÍSTICA Y RELACIONES INTERNACIONALES,
6741,5071300163,LICENCIATURA EN INGENIERÍA EN INTELIGENCIA ARTIFICIAL Y CIENCIAS DE DATOS,
6742,5062100098,LICENCIATURA EN INGENIERÍA EN SISTEMAS INFORMÁTICOS,
6743,5042400070,LICENCIATURA EN INGENIERÍA INDUSTRIAL Y PROCESOS ADMINISTRATIVOS,
6744,5041200240,LICENCIATURA EN MERCADOTECNIA Y ESTRATEGIA DE DATOS,
6745,5071500078,LICENCIATURA EN INGENIERÍA AEROESPACIAL Y EXPLORACIÓN DEL ESPACIO,
6746,5011100048,LICENCIATURA EN PEDAGOGÍA Y NEUROTECNOLOGÍA,
6747,5071300164,LICENCIATURA EN DERECHO E INTELIGENCIA ARTIFICIAL,
6748,5073100065,LICENCIATURA EN ARQUITECTURA Y DISEÑO DE ESPACIOS ARQUITECTÓNICOS INTELIGENTES,
6749,5042100296,LICENCIATURA EN ADMINISTRACIÓN E INNOVACIÓN,
6750,5061300159,INGENIERÍA EN TECNOLOGÍAS INMERSIVAS Y VIDEOJUEGOS,
6751,4061300018,TÉCNICO SUPERIOR UNIVERSITARIO EN USER EXPERIENCE,
6752,4041200025,TÉCNICO SUPERIOR UNIVERSITARIO EN INBOUND MARKETING,
6753,4042100037,TÉCNICO SUPERIOR UNIVERSITARIO EN AGILE COACHING,
6754,4062200035,TÉCNICO SUPERIOR UNIVERSITARIO EN CLOUD ADMINISTRATION,
6755,4061300019,TÉCNICO SUPERIOR UNIVERSITARIO EN SOCIAL MEDIA,
6756,4042100038,TÉCNICO SUPERIOR UNIVERSITARIO EN CUSTOMER EXPERIENCE,
6757,4041200026,TÉCNICO SUPERIOR UNIVERSITARIO EN MARKETING DIGITAL,
6758,4042100039,TÉCNICO SUPERIOR UNIVERSITARIO EN ADMINISTRACIÓN DE RECURSOS HUMANOS,
6759,4061300020,TÉCNICO SUPERIOR UNIVERSITARIO EN DATA SCIENCE,
6760,4061300021,TÉCNICO SUPERIOR UNIVERSITARIO EN SEGURIDAD INFORMÁTICA,
6761,4042100040,TÉCNICO SUPERIOR UNIVERSITARIO EN QUALITY ASSURANCE,
6762,4062100019,TÉCNICO SUPERIOR UNIVERSITARIO EN REDES INFORMÁTICAS,
6763,4042100041,TÉCNICO SUPERIOR UNIVERSITARIO EN RECLUTAMIENTO Y ATRACCIÓN DE TALENTO,
6764,5071100061,LICENCIATURA EN INGENIERÍA MECÁNICA ADMINISTRATIVA,
6765,5071200061,LICENCIATURA EN INGENIERO EN INNOVACIÓN SUSTENTABLE Y ENERGÍA,
6766,5071300165,LICENCIATURA EN INGENIERÍA EN ROBÓTICA Y SISTEMAS INTELIGENTES,
6767,5073200058,LICENCIATURA EN INGENIERÍA CIVIL Y AMBIENTAL,
6768,5032100108,LICENCIATURA EN CIENCIAS DE LA INFORMACIÓN Y COMUNICACIÓN,
6769,5012200017,LICENCIATURA EN EDUCACIÓN PRIMARIA (DE NIVELACIÓN PROFESIONAL),
6770,4071500035,PROFESIONAL ASOCIADO EN AUTOTRÓNICA,
6771,4061300022,PROFESIONAL ASOCIADO EN DIGITALIZACIÓN GRÁFICA,
6772,4071300028,PROFESIONAL ASOCIADO EN PROGRAMACIÓN DE ROBOTS,
6773,4042100042,PROFESIONAL ASOCIADO EN ADMINISTRACIÓN Y GESTIÓN DE PEQUEÑAS Y MEDIANAS EMPRESAS,
6774,4041100028,PROFESIONAL ASOCIADO EN COMERCIO INTERNACIONAL,
6775,4062100020,PROFESIONAL ASOCIADO EN SISTEMAS TELEMÁTICOS,
6776,4061300023,PROFESIONAL ASOCIADO EN DESARROLLO DE SISTEMAS DE SOFTWARE Y ADMINISTRACIÓN DE REDES,
6777,4071500036,PROFESIONAL ASOCIADO EN SISTEMAS AUTOMOTRICES,
6778,4071300029,PROFESIONAL ASOCIADO EN AUTOMATIZACIÓN,
6779,5061300160, INGENIERÍA EN DESARROLLO DE SOFTWARE Y SISTEMA INTELIGENTES,
6780,5041200241,LICENCIATURA EN MERCADOTECNIA DIGITAL Y COMERCIO INTERNACIONAL,
6781,5032100109,LICENCIATURA EN COMUNICACIÓN Y TECNOLOGÍAS DIGITALES,
6782,5081100126,LICENCIATURA EN INGENIERÍA AGRONÓMICA EN FLORICULTURA,
6783,5071400061,INGENIERÍA QUÍMICA EN PROCESOS SOSTENIBLES,
6784,5052300035,LICENCIATURA EN METEOROLOGÍA MILITAR,
6785,5061000034,LICENCIATURA EN PROGRAMACIÓN Y TRANSFORMACIÓN DIGITAL,
6786,5081100127,LICENCIATURA EN PRODUCCIÓN SUSTENTABLE,
6787,5094300010,LICENCIATURA EN PODOLOGÍA CLÍNICA,
6788,5042400071,INGENIERÍA INDUSTRIAL Y ADMINISTRACIÓN,
6789,5062200159,LICENCIATURA EN ADMINISTRACIÓN Y GESTIÓN DE EMPRESAS DIGITALES,
6790,5073200059,INGENIERÍA CIVIL E INNOVACIÓN EN CONSTRUCCIÓN,
6791,5042100297,LICENCIATURA EN EMPRENDIMIENTO Y DESARROLLO DE MIPYMES,
6792,5033100120,LICENCIATURA EN DERECHO Y LITIGACIÓN,
6793,5031100086,LICENCIATURA EN PSICOLOGÍA DEL TRABAJO Y LAS ORGANIZACIONES,
6794,5021500169,LICENCIATURA EN DISEÑO DE COMUNICACIÓN MULTIMEDIA,
6795,5072100067,INGENIERO BIOQUÍMICO CON ESPECIALIDAD EN ALIMENTOS,
6796,5071000092,LICENCIATURA EN INGENIERÍA BIOMÉDICO,
6797,5041200242,LICENCIATURA EN PUBLICIDAD DIGITAL,
6798,5041200243,LICENCIATURA EN PUBLICIDAD Y DISEÑO,
6799,5042000060,INGENIERÍA EN LOGÍSTICA Y CIENCIA DE DATOS,
6800,5021400114,LICENCIATURA EN CINEMATOGRAFÍA Y EDICIÓN DIGITAL DE VIDEO,
6801,5021400115,LICENCIATURA EN INGENIERÍA EN AUDIO DIGITAL,
6802,5093100015,LICENCIATURA EN CIRUJANO ESTOMATÓLOGO,
6803,5021500170,LICENCIATURA EN DISEÑO GRÁFICO Y ARTES MULTIMEDIA,
6804,5041200244,LICENCIATURA EN DISEÑO GRÁFICO Y MECADOTECNIA DIGITAL,
6805,5062200160,LICENCIATURA EN TECNOLOGÍAS DE LA INFORMACIÓN Y NEGOCIOS DIGITALES,
6806,5041200245, LICENCIATURA EN DISEÑO DE IMAGEN Y ESTILISMO,
6807,5052300036,INGENIERÍA EN METEOROLOGÍA,
6808,5041200246,LICENCIATURA EN GESTIÓN Y ESTRATEGIAS DE MERCADOTECNIA Y COMUNICACIÓN,
6809,5061300161,INGENIERÍA EN DISEÑO DE SOFTWARE,
6810,5021400116,LICENCIATURA EN ANIMACIÓN 3D,
6811,5021400117,LICENCIATURA EN ANIMACIÓN 2D,
6812,5071000093,LICENCIATURA ENGINEERING MANAGEMENT,
6813,5012603056,LICENCIATURA EN LA ENSEÑANZA Y EL APRENDIZAJE DEL IDIOMA INGLÉS ,
6814,5051100019,LICENCIATURA EN BIOLOGÍA SOSTENIBLE,
6815,5102100031,LICENCIATURA EN CIENCIAS MARÍTIMAS Y PORTUARIA,
6816,5081100128,INGENIERÍA EN BIOTECNOLOGÍA AGROPECUARIA,
6817,5042100298,LICENCIATURA EN GESTIÓN E INNOVACIÓN ORGANIZACIONAL,
6818,5041100208,LICENCIATURA EN COMERCIO INTERNACIONAL Y NEGOCIOS ,
6819,5061300162,LICENCIATURA EN INGENIERÍA EN DISEÑO DE EXPERIENCIAS E INNOVACIÓN,
6820,5042200121,LICENCIATURA EN TURISMO Y ADMINISTRACIÓN HOTELERA,
6821,5041100209,LICENCIATURA EN COMERCIO ELECTRÓNICO Y MERCADOTECNIA ,
6822,5102100032,LICENCIATURA EN CIENCIAS MARÍTIMAS Y PORTUARIAS,
6823,4041200027,TÉCNICO SUPERIOR UNIVERSITARIO EN DISEÑO DE IMAGEN Y ESTILISMO DE MODA,
6824,5061300163,LICENCIATURA EN DISEÑO DE SOFTWARE Y REDES,
6825,5101100088,LICENCIATURA EN PEDAGOGÍA DEL DEPORTE,
6826,5062100099,LICENCIATURA EN ADMINISTRACIÓN ESTRATÉGICA DE LA INFORMACIÓN,
6827,5071700133,LICENCIATURA EN INGENIERÍA DE PROCESOS INDUSTRIALES,
6828,5071700134,INGENIERÍA EN SISTEMAS PRODUCTIVOS SUSTENTABLES,
6829,5042000061,LICENCIATURA EN ADMINISTRACIÓN Y ECONOMÍA SOCIAL,
6830,4032100010,TÉCNICO SUPERIOR UNIVERSITARIO EN COMUNICACIÓN Y MEDIOS DIGITALES,
6831,5021200066,LICENCIATURA EN CREACIÓN-INVESTIGACIÓN DANCÍSTICA,
6832,5071500079,LICENCIATURA EN INGENIERÍA EN ELECTRÓNICA DE AVIACIÓN,
6833,4061300024,TÉCNICO SUPERIOR UNIVERSITARIO EN DISEÑO DE APLICACIONES,
6834,5042200122,LICENCIATURA EN ADMINISTRACIÓN DE EMPRESAS GASTRONÓMICAS Y NUTRICIONALES,
6835,5042000062,"LICENCIATURA EN DISEÑO ESTRATÉGICO, INNOVACIÓN Y CAMBIO",
6836,5021500171,LICENCIATURA EN DISEÑO VISUAL TRANSMEDIA,
6837,5071700135,LICENCIATURA EN INGENIERÍA EN INNOVACIÓN Y DESARROLLO,
6838,5021200067,LICENCIATURA EN ARTES CIRCENSES CONTEMPORÁNEAS CON DOMINIO EN TÉCNICAS AÉREAS,
6839,5021200068,LICENCIATURA EN ARTES CIRCENSES CONTEMPORÁNEAS CON DOMINIO EN HERRAMIENTAS DE HUMOR Y TÉCNICAS CLOWN,
6840,5021200069,LICENCIATURA EN ARTES CIRCENSES CONTEMPORÁNEAS CON DOMINIO EN EQUILIBRÍSTICA,
6841,5102100033, LICENCIATURA EN INGENIERÍA EN LOGÍSTICA Y MOVILIDAD,
6842,5042100299,LICENCIATURA EN GESTIÓN DE LA INNOVACIÓN,
6843,5041100210,LICENCIATURA EN ADMINISTRACIÓN Y RESPONSABILIDAD SOCIALES,
6844,5021300183,LICENCIATURA EN MÚSICA LÍNEA TERMINAL EN CANTO,
6845,5021300184,LICENCIATURA EN MÚSICA LÍNEA TERMINAL EN COMPOSICIÓN,
6846,5021300185,LICENCIATURA EN MÚSICA LÍNEA TERMINAL EN INSTRUMENTO,
6847,5041000037,"COMUNICACIÓN, PUBLICIDAD Y ADMINISTRACIÓN DE EMPRESAS DE ENTRETENIMIENTO",
6848,5042100300,LICENCIATURA EN ADMINISTRACIÓN DE EMPRESAS Y NEGOCIOS,
6849,4042100043,TÉCNICO SUPERIOR UNIVERSITARIO EN GESTIÓN DE NEGOCIOS DIGITALES,
6850,5042100301,LICENCIATURA EN ADMINISTRACIÓN Y DIRECCIÓN DEL TALENTO,
6851,5011100049,LICENCIATURA EN PEDAGOGÍA CON ESPECIALIDAD EN DIRECCIÓN Y ADMINISTRACIÓN EDUCATIVA,
6852,5031100087,LICENCIATURA EN PSICOLOGÍA ORGANIZACIONAL Y EMPRESARIAL,
6853,5033100121,LICENCIATURA EN DERECHO CON ESPECIALIDAD EN JUICIOS ORALES Y JUSTICIA ALTERNATIVA,
6854,5021200070,LICENCIATURA EN FORMACIÓN PARA LA DANZA CLÁSICA,
6855,5011000043,LICENCIATURA EN EDUCACIÓN CON ESPECIALIDAD EN EDUCACIÓN ADMINISTRATIVA,
6856,5042100302,LICENCIATURA EN ALTA DIRECCIÓN CON ESPECIALIDAD EN RECURSOS HUMANOS,
6857,5031100088,LICENCIATURA EN PSICOLOGÍA CON ESPECIALIDAD EN ORGANIZACIONAL,
6858,5041400141,LICENCIATURA EN CONTADURÍA ANALITICA Y FINANZAS CORPORATIVAS,
6859,5071000094,LICENCIATURA EN INGENIERÍA INDUSTRIAL Y EN SISTEMAS INTELIGENTES,
6860,5071300166,LICENCIATURA EN INGENIERÍA MECATRÓNICA Y ROBÓTICA INTELIGENTE,
6861,5061100023,LICENCIATURA EN INGENIERÍA Y CIENCIAS DE LA COMPUTACIÓN,
6862,5041100211,LICENCIATURA EN INGENIERÍA EN NEGOCIOS,
6863,5042100303,LICENCIATURA EN INGENIERÍA EN LOGÍSTICA Y CADENA DE SUMINISTRO,
6864,5012400034,LICENCIATURA EN LA ENSEÑANZA DE LAS CIENCIAS NATURALES,
6865,5012400035,LICENCIATURA EN LA ENSEÑANZA DE LAS CIENCIAS SOCIALES,
6866,5012400036,LICENCIATURA EN LA ENSEÑANZA DE ESPAÑOL Y LITERATURA,
6867,5012500027,LICENCIATURA EN LA ENSEÑANZA DE INGLÉS,
6868,5101100089,LICENCIATURA EN CIENCIAS DE LA ACTIVIDAD FÍSICA Y DEL DEPORTE SOSTENIBLE,
6869,5011100050,LICENCIATURA EN PEDAGOGÍA SOCIAL,
6870,5042200123,LICENCIATURA EN ADMINISTRACIÓN DE EMPRESAS TURÍSTICAS Y SUSTENTABILIDAD,
6871,5041200247,LICENCIATURA EN MERCADOTECNIA E INTELIGENCIA DE MERCADOS,
6872,5031200062,LICENCIATURA EN ESTUDIOS CULTURALES MEXICANOS,
6873,5052300037,LICENCIATURA EN INGENIERÍA EN SISTEMAS HÍDRICOS,
6874,5061300164,INGENIERÍA EN DESARROLLO DE SOFTWARE Y SISTEMAS INTELIGENTES,
6875,5012603057,LICENCIATURA EN ENSEÑANZA DEL INGLÉS COMO IDIOMA EXTRANJERO,
6876,5094100023, LICENCIATURA EN KINESIOLOGÍA Y FISIOTERAPIA,
6877,5072200020,LICENCIATURA EN DISEÑO DE LA MODA E INDUSTRIA DEL VESTIDO,
6878,4061300025,TÉCNICO SUPERIOR UNIVERSITARIO EN TECNOLOGÍAS COMPUTACIONALES,
6879,5072000036,INGENIERÍA EN MANUFACTURA Y GESTIÓN EMPRESARIAL,
6880,5061300165,INGENIERÍA EN PROGRAMACIÓN,
6881,5071700136,INGENIERÍA INDUSTRIAL Y ADMINISTRACIÓN DE RECURSOS HUMANOS,
6882,5042100304,LICENCIATURA EN ADMINISTRACIÓN DE EMPRESAS E INNOVACIÓN DE NEGOCIOS,
6883,5041400142,LICENCIATURA EN CONTABILIDAD PÚBLICA Y FISCALIZACIÓN,
6884,4104100023,TÉCNICO SUPERIOR UNIVERSITARIO EN INVESTIGACIÓN Y OPERACIONES POLICIALES,
6885,5021400118,LICENCIATURA EN ANIMACIÓN Y MULTIMEDIA,
6886,5021500172,LICENCIATURA EN DISEÑO Y GRÁFICOS DIGITALES,
6887,5021500173,LICENCIATURA EN DISEÑO GRÁFICO Y MARKETING DIGITAL,
6888,5033200067,LICENCIATURA EN GRAFOLOGÍA Y CRIMINALÍSTICA,
6889,5031300050,LICENCIATURA EN POLÍTICA PÚBLICA,
6890,5021500174, LICENCIATURA EN DISEÑO GRÁFICO DIGITAL Y MULTIMEDIOS,
6891,5041300070,LICENCIATURA EN INTELIGENCIA FINANCIERA,
6892,5031200063,LICENCIATURA EN SOCIOLOGÍA APLICADA,
6893,5021500175,"INGENIERÍA EN DISEÑO, ANIMACIÓN Y MERCADOTECNIA DIGITAL",
6894,5011100051,LICENCIATURA EN EDUCACIÓN Y DESARROLLO DE PROYECTOS,
6895,4071700023,PROFESIONAL ASOCIADO EN PROCESOS INDUSTRIALES,
6896,5062200161,LICENCIATURA EN INGENIERÍA EN SISTEMAS EN COMPUTACIÓN ADMINISTRATIVA,
6897,5042100305,LICENCIATURA EN ADMINISTRACIÓN Y DESARROLLO DEL TALENTO,
6898,5041100212,LICENCIATURA EN COMERCIO Y LOGÍSTICA DE PUERTO SECO,
6899,5102100034,LICENCIATURA EN INGENIERÍA EN TRANSPORTE Y TRÁNSITO,
6900,5071200062,LICENCIATURA EN INGENIERÍA EN SEMICONDUCTORES,
6901,5031500033,LICENCIATURA EN ADMINISTRACIÓN DE TRABAJO SOCIAL Y DESARROLLO HUMANO,
6902,5071300167, LICENCIATURA INGENIERO EN MECATRÓNICA Y SISTEMAS CIBERFÍSICOS,
6903,5101500069,LICENCIATURA EN GASTRONOMÍA CHEF,
6904,5031500034,LICENCIATURA EN CIENCIAS DE LA FAMILIA Y EDUCACIÓN,
6905,5031100089,LICENCIATURA EN PSICOLOGÍA GENERAL Y APLICADA,
6906,5101600063,LICENCIATURA EN TURISMO ALTA GERENCIA,
6907,4101500025,PROFESIONAL ASOCIADO EN ALIMENTOS Y BEBIDAS,
6908,4031000003,PROFESIONAL ASOCIADO EN DESARROLLO HUMANO,
6909,4011500001,PROFESIONAL ASOCIADO EN EDUCACIÓN,
6910,4101100002,PROFESIONAL ASOCIADO EN ENTRENADOR PERSONAL,
6911,4033100006,PROFESIONAL ASOCIADO EN GESTOR JURÍDICO,
6912,4101600028, PROFESIONAL ASOCIADO EN HOSPEDAJE,
6913,4062200036,PROFESIONAL ASOCIADO EN TECNOLOGÍAS DE LA INFORMACIÓN,
6914,4041200028,PROFESIONAL ASOCIADO EN VENTAS,
6915,5021400119,LICENCIATURA EN ANIMACIÓN EN TERCERA DIMENSIÓN Y EFECTOS VISUALES,
6916,5021500176,LICENCIATURA EN ARTE CONCEPTUAL CON ESPECIALIZACIÓN EN ANIMACIÓN EN SEGUNDA DIMENSIÓN,
6917,5092207001,LICENCIATURA EN ,
6918,5092202002,LICENCIATURA EN ,
6919,5092202003,LICENCIATURA EN ENFERMERÍA CON ESPECIALIDAD EN CUIDADOS INTENSIVOS,
6920,5092207002,LICENCIATURA EN ENFERMERÍA CON ESPECIALIDAD QUIRÚRGICA,
6921,5012603058,LICENCIATURA EN ENSEÑANZA DE LENGUAS INDÍGENAS,
6922,5022400008,LICENCIATURA EN INTERPRETACIÓN Y TRADUCCIÓN EN LENGUAS INDIGENAS,
